code,name,lat,lon
AA,ATARIA,,
AABH,AMBIKA BHAWANI HALT,,
AADR,AMB  ANDAURA,,
AAG,ANGAR,,
AAGH,ANTAGARH,,
AAH,ITEHAR,,
AAL,AMLAI,,
AAM,ANGADIPPURAM,,
AAP,AMBIAPUR,,
AAR,ADESAR,,
AAS,ASRANADA,,
AAY,ARALVAYMOLI,,
AB,AMBUR,,
ABB,ABADA,,
ABD,AMBLI ROAD,,
ABE,AMBIKESHWAR,,
ABFC,AMBARI FALAKATA,,
ABGM,AMBALGRAM,,
ABGT,ARABAGATTA HALT,,
ABH,AMBARNATH,,
ABI,AMBATURAI,,
ABKA,AMBIKA KALNA,,
ABKP,AMBIKAPUR,,
ABLE,AMBALE,,
ABO,ASTHAL BOHAR,,
ABP,AKBARPUR,,
ABR,ABU ROAD,,
ABRV,AMBARI RICHHAVI,,
ABS,ABOHAR,,
ABSA,AMBASA,,
ABT,AMBAGARATTUR,,
ABU,AMBATTUR,,
ABW,ABUTARA,,
ABX,AMBARI,,
ABY,AMBIVLI,,
ACG,ACHEGAON,,
ACH,ACHALGANJ,,
ACK,ACHARAPAKKAM,,
ACL,ANCHELI,,
ACLE,AZIMGANJ CITY,,
ACLN,NEW ANCHELI,,
ACN,ADHICHCHANUR,,
ACRN,ACHIRNE,,
ACU,ACHUARA HALT,,
AD,ADONI,,
ADB,ADILABAD,,
ADD,ADAS ROAD,,
ADE,ADARI ROAD,,
ADF,ADINA,,
ADH,ANDHERI,,
ADHL,ADIHALLI,,
ADHT,ASHOKDHAM,,
ADI,AHMEDABAD JN,,
ADL,ANDUL,,
ADPT,ANDIPATTI,,
ADQ,ADHIKARI,,
ADR,MANDI ADAMPUR,,
ADRA,ADRA,,
ADST,ADI SAPTAGRAM,,
ADT,ADUTURAI,,
ADTL,ADHARTAL,,
ADTP,ADITYAPUR,,
ADVI,ADAVALI,,
ADX,ADAPUR,,
AED,AULENDA,,
AEH,ANANT PAITH,,
AEJ,ARNEJ,,
AEK,ANEKAL ROAD,,
AEL,ATELI,,
AEX,ADDERI,,
AF,AGRA FORT,,
AFK,ANGAMALI,,
AFR,ASAFPUR,,
AG,ARANGHATA,,
AGA,AGRA CITY,,
AGAE,AGRADWIP,,
AGAS,AGAS,,
AGB,AMBAGAON,,
AGC,AGRA CANTT JN,,
AGCI,ANGADI,,
AGD,AGASOD,,
AGI,AMGURI,,
AGM,AGARAM SIBBANDI,,
AGMN,AGOMONI,,
AGN,AMGAON,,
AGP,AGARPARA,,
AGR,AMARGARH,,
AGT,AGTHORI,,
AGTL,AGARTALA,,
AGTR,AGTHORI,,
AGV,ANGUA,,
AGX,AGASTIYAMPALLI,,
AGY,AGORI KHAS,,
AGZ,AMAGURA,,
AH,ACHHNERA JN,,
AHA,ABHAIPUR,,
AHH,AHMADGARH,,
AHJU,AHJU,,
AHL,AJHARAIL,,
AHLR,AHALYAPUR,,
AHM,AHIMANPUR,,
AHMP,ADARSH MANPUR,,
AHN,AHIRAN,,
AHO,ADARSHNAGAR,,
AHQ,AHERA HALT,,
AHT,AMGHATA,,
AHU,AHIRAULI,,
AHZ,ADHINPUR,,
AI,ADIPUR,,
AIA,AJARAKA,,
AIG,ALGAWAN,,
AIH,ALAWALPUR I PUR,,
AII,AJMER JN,,
AILM,AILAM,,
AIP,ATTIPPATTU,,
AIPP,ATTIPATTU PUDU NAGAR.H,,
AIRL,AIROLI,,
AIT,AIT,,
AJ,AJGAIN,,
AJE,ANJAR,,
AJH,AJHAI,,
AJI,ANJHI SHAHABAD,,
AJIT,AJIT,,
AJJ,ARAKKONAM JN,,
AJK,AJAKOLLU,,
AJL,AJITWAL,,
AJN,AJNOD,,
AJNI,AJNI,,
AJP,AJJAMPUR,,
AJR,AJAIBPUR,,
AJRE,AUJARI,,
AJTM,AJITGILL MATTA,,
AJU,ARJUNI,,
AJUG,ABJUGANJ,,
AK,AKOLA JN,,
AKAT,AKKAMPET,,
AKD,AKODIA,,
AKE,AKANAPET,,
AKIP,AKAIPUR HALT,,
AKJ,AKBARGANJ,,
AKK,AKKIHEBBAIU,,
AKLA,AKLERA,,
AKM,ARAMBAKKAM,,
AKN,AKBARNAGAR,,
AKNR,ADHYATMIK NAGAR,,
AKOR,AKALKOT ROAD,,
AKOT,AKOT,,
AKP,ANAKAPALLE,,
AKR,AKOLNER,,
AKRA,AKRA,,
AKRD,AKURDI,,
AKS,ANKUSPUR,,
AKT,AKALTARA,,
AKV,ANKLESHWAR JN,,
AKVD,AKIVIDU,,
AKW,AKONA,,
AKZ,AKASHI,,
AL,ATTILI,,
ALAI,ALAI,,
ALAL,ALAL,,
ALAT,AVULADATLA,,
ALAU,ALAU,,
ALB,ALIA BADA,,
ALER,ALER,,
ALGP,ALGAPUR,,
ALJ,ALIGANJ,,
ALJN,ALIGARH JN,,
ALK,ALAKKUDI,,
ALLP,ALAPPUZHA,,
ALM,ALAMANDA,,
ALMR,ALAMPUR,,
ALMW,ALMAW,,
ALN,ALANDI,,
ALNI,ALNIYA,,
ALNP,AKELAHANSPUR(HALT),,
ALP,ALAPAKKAM,,
ALPD,ADALPAHARI,,
ALPR,ALAMPUR ROAD,,
ALS,AMLORI SARSAR,,
ALU,ARIYALUR,,
ALUH,ALAULI,,
ALW,ALWAL,,
AMA,ATAMANDA,,
AMB,AMBODALA,,
AMBG,ARAMBAG,,
AMC,AMRITAPURA,,
AMD,AMILA,,
AMDI,AMDI P.H.,,
AME,AMETHI,,
AMG,ALAMNAGAR,,
AMGA,AMJONGA,,
AMGU,AMMUGUDA,,
AMH,AZAMGARH,,
AMHA,,,
AMI,AMRAVATI,,
AMIN,AMIN,,
AML,AMALSAD,,
AMLA,AMLA JN,,
AMLI,AMLI,,
AMLO,AMLO,,
AMLP,AMALPUR,,
AMM,ADIRAMPATINAM,,
AMNE,AMALNER B,,
AMNR,AMMANUR,,
AMO,AMOLWA,,
AMP,AHAMADPUR JN.,,
AMPA,AMBALAPPUZHA,,
AMPL,AMMAPALLI HALT,,
AMPR,AMARPURA RATHAN,,
AMQ,AMMUGUDA,,
AMRA,AMHA PIPRA,,
AMRO,AMROHA,,
AMS,AMAUSI,,
AMSA,AMMASANDRA,,
AMT,AMMAPET,,
AMTA,AMTA,,
AMVA,AMARAVILA HALT,,
AMW,AMAN VADI,,
AMY,AKATHUMURI,,
AN,AMALNER,,
ANA,ASLANA,,
ANAH,AUNTA HALT,,
ANAS,ANAS,,
ANB,AMMANABROLU,,
ANC,ANNECHAKANAHALI,,
ANCR,ANCHURI,,
AND,ANDAMPALIAM,,
ANDI,ADARSH NAGAR DELHI,,
ANDN,ANAND NAGAR,,
ANE,ANANTARAJUPET,,
ANF,ANANDAPURAM,,
ANG,AHILYANAGAR,,
ANGL,ANGUL,,
ANGM,AUNGRIDHAN,,
ANGR,ANGADGERI HALT,,
ANH,ANKORAH AKORHA,,
ANI,AJANTI,,
ANK,ANKAI,,
ANKL,ANKOLA,,
ANLG,AMAN LODGE,,
ANM,ANAIMALAI ROAD,,
ANMD,ARANG MAHANADI,,
ANMP,ARJUN NAGAR,,
ANND,ANAND JN,,
ANNR,ANNANUR,,
ANO,ANJANI,,
ANP,ANANDATANDAVAPURAM,,
ANPR,ANPARA,,
ANQ,AMNAPUR,,
ANR,ANARA,,
ANSB,ANANDPUR SAHIB,,
ANT,ANANTNAG,,
ANU,ANANGUR,,
ANV,ANNAVARAM,,
ANVR,ANAND VIHAR,,
ANVT,ANAND VIHAR TERMINAL,,
ANW,ANAWAL,,
ANY,ARUMUGANERI,,
AO,AONLA,,
AON,ARAON,,
AONI,AMONI,,
AOR,ARGORA,,
AP,ASHOKAPURAM,,
APA,AMARPURA,,
APB,ANUPPAMBATTU,,
APD,ALIPUR DUAR,,
APDC,ALIPUR DUAR CRT,,
APDJ,ALIPUR DUAR JN,,
APE,ANDANAPPETTAI,,
APG,ANUPGANJ,,
APH,ANUPGARH,,
API,AKKARAIPPATTI,,
APJ,AMARPUR JORASI,,
APK,ARUPPUKKOTTAI,,
APKH,ASANPUR  KUPHA  HALT,,
APL,APPIKATLA,,
APMR,APPAIPALLI,,
APN,AYODHYAPATTANAM,,
APP,AMBAPENDARPUR HALT,,
APR,ANUPPUR JN,,
APRD,ASHAPURNA DEVI,,
APRH,ALEHPUR HALT,,
APT,ANAPARTI,,
APTA,APTA,,
APU,ANIPUR,,
AQG,ASHAPURA GOMAT,,
ARA,ARA,,
ARAG,ARAG,,
ARCL,ARUNACHAL,,
ARD,AMARDA ROAD,,
ARE,ARNETHA,,
ARG,ANGAR GHAT,,
ARGD,ARIGADA,,
ARGL,ARGUL PH,,
ARGP,ARALAGUPPE,,
ARH,AMHERA,,
ARI,ANTRI,,
ARJ,AUNRIHAR JN,,
ARK,ARAKU,,
ARKA,ARKHA,,
ARL,ARAUL MAKANPUR,,
ARMU,ARMUR,,
ARN,ARAND,,
ARNA,ARNIYA,,
ARNB,AMARUN,,
ARNG,ARUN NAGAR P.H.,,
ARNH,ARJUNAHALLI,,
AROR,AROOR HALT,,
ARP,ATRAMPUR,,
ARPL,AREPALLI HALT,,
ARPR,ALIRAJPUR,,
ARQ,ARARIYA COURT JN.,,
ARR,ARARIYA JN.,,
ARU,ARASALU,,
ARV,ARNI ROAD,,
ARX,ARELI,,
AS,ARJANSAR,,
ASAF,ASIFABAD ROAD,,
ASAN,ASAN,,
ASAR,ASARA HALT,,
ASB,ASANBONI,,
ASCE,ATHSARAI,,
ASD,AMBASAMUDRAM,,
ASE,ASAUDAH,,
ASH,AISHBAGH,,
ASI,ARSENI,,
ASJP,AMAR SAHEED JAGDEO PRASAD HALT,,
ASK,ARSIKERE JN,,
ASKN,ASHOK NAGAR,,
ASKR,ASHOK NAGAR RD,,
ASL,ASLAODA,,
ASLU,ASLU,,
ASN,ASANSOL JN,,
ASO,ASANGAON,,
ASR,AMRITSAR,,
AST,ASAOTI,,
ASV,ASARVA JN,,
AT,ASNOTI,,
ATA,ATA,,
ATB,ALATTAMBADI,,
ATC,ARTS COLLEGE,,
ATE,ATARRA,,
ATG,ATGAON,,
ATH,ANTAH,,
ATKS,ATWA KURSATH,,
ATL,ATHMAL GOLA,,
ATM,ALTAGRAM,,
ATMO,AITHAL,,
ATNR,AWATARNAGAR,,
ATP,ANANTAPUR,,
ATPA,AWANTIPURA,,
ATQ,ARANTANGI,,
ATR,ATTAR,,
ATRI,ATRI PH,,
ATRR,ATRAURA,,
ATRU,ATRU,,
ATS,ATTABIRA,,
ATT,ATARI,,
ATU,ATTUR,,
ATUL,ATUL,,
ATW,ATWA MUTHIA HALT,,
ATWN,ASTHWAN,,
ATX,ALINAGAR TOLA,,
AUB,ALUABARI ROAD,,
AUBR,ANUGRAHA N ROAD,,
AUI,AURAHI,,
AUL,AGSAULI,,
AUN,AURANG NAGAR,,
AUNG,AUNG,,
AUR,ATRAULI ROAD,,
AUS,ANUPSHAHR,,
AUWA,AUWA,,
AV,ASVALI,,
AVC,AMARAVATHI COLONY JN,,
AVD,AVADI,,
AVK,ARAVANKADU,,
AVL,AMRITVEL,,
AVLI,ARAVALLI,,
AVN,ANAVARDIKHANPETTAI,,
AVP,ABHANPUR JN,,
AVRD,ARAVALI ROAD,,
AVS,AUVANESWSAREM,,
AVT,AVATIHALLI  H,,
AWG,AWA GARH,,
AWH,ALEWAHI,,
AWL,ALAWALPUR,,
AWP,AGHWANPUR,,
AWPR,AWAPUR,,
AWR,ALWAR JUNCTION,,
AWS,AWASANI HALT,,
AWT,ALWAR TIRUNAGRI,,
AWY,ALUVA,,
AXA,AMARSAR,,
AXK,ASOKHAR,,
AY,AYODHYA DHAM JN,,
AYC,AYODHYA CANTT,,
AYD,AYANDUR,,
AYI,AYINGUDI,,
AYM,ADIYAKKAMUNGALM,,
AYN,AIYANAPURAM,,
AYR,AYYALUR,,
AYRN,AKSHAYWAT RAI NAGAR,,
AYU,ABHAYAPURI ASAM,,
AYV,ARYANKAVU,,
AYVN,ARYANKAVU NEW BLOCK,,
AZ,AZIMGANJ JN,,
AZA,AZARA,,
AZK,AZHWARKURICHI,,
AZP,AYYAMPET,,
AZR,AZAMNAGAR ROAD,,
BA,BANDRA,,
BAA,BARALA,,
BAAR,BANDAR PH,,
BAB,BABINA,,
BABH,BAHALBA HALT,,
BABR,BALANAGAR,,
BAC,BARGACHIA,,
BAD,BAD,,
BADA,BARDHA HALT,,
BADH,BADHAUNA HALT,,
BADK,BARKA,,
BADR,BHADER,,
BAE,BALIAKHERI,,
BAF,BAP,,
BAGA,BHAGEGA,,
BAGD,BAGWADA,,
BAGJ,BARHARAGANJ,,
BAGL,BARA GOPAL,,
BAH,BHABHAR,,
BAHI,BALENAHALLI,,
BAHL,BANIHAL,,
BAHN,BABHAN GAON HALT,,
BAHP,BAND HAMIRPUR,,
BAHW,BAHIR KHANDA,,
BAI,BASSI,,
BAJ,BHALEJ,,
BAJE,BAJAKARE HALT,,
BAK,BHANKARI,,
BAKA,BANKA,,
BAKK,BAKKAL,,
BAKL,BAKAL,,
BAKT,BARHARA KOTHI,,
BAL,BUDALUR,,
BALR,BAITALPUR,,
BALU,BALUGAN,,
BAM,BRAHMAPUR,,
BAMA,BIRAMBAD,,
BAMR,BAMUR,,
BAND,BANASWADI,,
BANE,BASNI,,
BANI,BANI,,
BANO,BANO,,
BAO,BANMOR,,
BAOL,BAOLI,,
BAP,BELAPUR,,
BAPN,BAIRPUR HALT,,
BAPR,BALLUPUR,,
BAQ,GANJ BASODA,,
BAR,BAR,,
BARA,BARA,,
BARD,DUVRI KALAN,,
BARH,BARH,,
BARJ,BHARATGARH,,
BARL,BARAL,,
BARN,BARANAGAR ROAD,,
BARS,BARSANA,,
BARU,BAHARU,,
BASN,BHAINSWAN,,
BASR,BATESAR,,
BAT,BATALA JN,,
BATL,BAIHATOLA,,
BATM,BATALA SUGAR ML,,
BAU,BURHANPUR,,
BAV,BARUVA,,
BAW,CHIK BANAVAR,,
BAWA,BALWARA,,
BAWD,BHADWAD,,
BAY,BALLARI JN,,
BAZ,BARAN,,
BBA,BABRALA,,
BBAE,BAIDYABATI,,
BBAI,BHADBHUNJA,,
BBC,BHACHHBAR,,
BBD,BABLAD,,
BBDB,BENOY BADAL DINESH BAG,,
BBDE,BABARPUR,,
BBE,BAGHI BARDIHA,,
BBGN,BARUA BAMUNGAON,,
BBHT,BARABAR HALT,,
BBI,BARA BANI,,
BBJ,BABAGANJ,,
BBK,BARABANKI JN,,
BBKR,BABA BAKALARAYA,,
BBL,BALRAI,,
BBLA,BHYABLA HALT,,
BBLK,B L DASPURI,,
BBM,BARABHUM,,
BBMN,BARI BRAHMAN,,
BBN,BARBIL,,
BBO,BABUGARH,,
BBPR,BABUPUR,,
BBQ,BASIN BRIDGE JN,,
BBR,BAGH BAZAR,,
BBRI,BANSHBARI HALT,,
BBS,BHUBANESWAR,,
BBSN,BHUBANESWAR NEW JN,,
BBT,BIRATI,,
BBTR,BARBATPUR,,
BBU,BHABUA ROAD,,
BBW,BODARWAR,,
BBY,BHADROLI,,
BC,BAREILLY CITY,,
BCA,BACHWARA JN,,
BCB,BHOWRA BH,,
BCD,BANSDIH ROAD,,
BCF,BANKAPASI,,
BCGM,BAINCHIGRAM,,
BCH,BERCHHA,,
BCHL,BACHELI,,
BCHN,BOCHASAN JN,,
BCHT,BARH COURT HALT,,
BCJ,BAGAHABISHUNPUR,,
BCK,BALICHAK,,
BCL,MUMBAI CENTRAL(L),,
BCN,BACHHRAWAN,,
BCOB,BHACHAU BG,,
BCP,BICHPURI,,
BCPR,BACHHARPUR HALT,,
BCQ,BARACHAK JN,,
BCRD,BARCHHI ROAD,,
BCU,BHUCHCHU,,
BCW,BHAWI,,
BCY,VARANASI CITY,,
BCYN,BUDHDEVCHAK YADAV NAGAR,,
BD,BADNERA JN.,,
BDAG,BONIDANGA,,
BDBA,BADABANDHA,,
BDBG,BADHAI BALAMGRH,,
BDBP,BASUDEBPUR,,
BDBR,BHOGDBAR HALT,,
BDBS,BINDUBASINI HALT,,
BDC,BANDEL,,
BDCR,BHADRACHALAM RD,,
BDDR,BADODAR,,
BDE,BODELI,,
BDGM,BADGAM,,
BDGP,BADANAGUPPE,,
BDGU,BUDAGUMPA,,
BDH,BHEDIA,,
BDHA,BADHADA,,
BDHL,BADHAL,,
BDHN,BODHAN,,
BDHP,BHUDPUR,,
BDHT,BARDI HALT,,
BDHY,BUDHI,,
BDI,BHADLI,,
BDIN,BHADAIYAN,,
BDJ,VADAKARA,,
BDKD,BHANDARKUND,,
BDKN,BANDHUA KALAN,,
BDKT,BADAKHANDITA,,
BDL,VINDHYACHAL,,
BDLN,BORDOLANI,,
BDM,BADAMI,,
BDMA,BUDHMA,,
BDME,BAIDYANATHDHAM,,
BDMJ,BHODWAL MAJRI,,
BDN,BHADAN,,
BDNH,BHUDEVINAGAR HALT,,
BDNK,BODINAYAKKANUR,,
BDNP,BIDANPUR,,
BDO,BAHALDA ROAD,,
BDPA,BADALPUR PH,,
BDPG,BADA PADAGAON,,
BDPK,BURHAPANKA,,
BDPL,BANDARUPALLE,,
BDPR,BRINDABANPUR,,
BDRI,BHADRAULI,,
BDRL,BYADARAHALLI,,
BDS,BARADIGHI,,
BDSW,BUDHSINGHWALA,,
BDT,BORDUBI ROAD,,
BDTS,BANDRA TERMINUS,,
BDU,BADNAPUR,,
BDUA,BASUDEOPUR CHANDEL H,,
BDVL,BUDVEL,,
BDVR,BODDAVARA,,
BDVT,BHADRAVATI,,
BDW,BANDANWARA,,
BDWA,BADHWA BARA,,
BDWD,BODWAD,,
BDWL,BIRADHWAL,,
BDWS,BADARWAS,,
BDXT,BASAI DHANKOT,,
BDXX,BADEARAPUR,,
BDY,BUDDIREDDIPPATI,,
BDYK,BINDAYAKA,,
BDYP,BIDYADHARPUR,,
BDYR,BIDYADABRI,,
BDZ,BADKULLA,,
BE,BAREILLY(NR),,
BEA,BIHIYA,,
BEAS,BEAS,,
BEB,BELDANGA,,
BEDM,BEDHAM,,
BEE,BEBEJIA,,
BEED,BEED,,
BEF,BHUPDEOPUR,,
BEG,BEHTAGOKUL,,
BEH,BAGDIHI,,
BEHI,BENNEHALLI,,
BEHJ,BEHAJ,,
BEHR,BEOHARI,,
BEHS,BIHAR SHARIF,,
BEHT,BIHAT HALT,,
BEJ,BENIGANJ,,
BEK,BUNDKI,,
BELA,BELA,,
BELD,BELKHERA,,
BELT,BELA,,
BEM,BADAUN,,
BEML,BEML NAGAR,,
BENA,BELONIA,,
BENL,BENL,,
BEO,BIROHE,,
BEP,BHEERPUR,,
BEPR,BELAPUR CBD,,
BEQ,BELUR,,
BER,BEAWAR,,
BERO,BERO,,
BES,BES,,
BET,BARETH,,
BEU,BISHESHWARGANJ,,
BEW,BETAVAD,,
BEX,BELBONI,,
BEY,BUGGANIPALLE,,
BFD,BORHAT,,
BFE,BAHAWAL BASI,,
BFF,BARABHATI,,
BFJ,BHORAS BUDRUKH,,
BFM,BHALUI,,
BFP,BILOCHPURA,,
BFPA,BHOPATPUR,,
BFQ,BENDI,,
BFR,BEKAL FORT,,
BFT,BHABTA,,
BFV,BAHELIA BUZURG,,
BFW,BYATRAYANHALLI,,
BFX,BAGHI GHAUSPUR,,
BFZ,BHANDARTIKURI,,
BG,BHONGIR,,
BGA,BAGALIA,,
BGAE,BALAGARH,,
BGAN,BANGAIN,,
BGAR,BANGARI,,
BGBR,BAGBAHRA,,
BGD,BARA GUDAH,,
BGDI,BAGADIA PH,,
BGDS,BHAGWANPUR DESU,,
BGF,BAGILA,,
BGH,BAGHAULI,,
BGHI,BAGHAI ROAD,,
BGHT,BARKA GAON,,
BGHU,BORRAGUHALLU,,
BGJT,BAGHA JATIN,,
BGK,BAGALKOT,,
BGKA,BANGURKELA,,
BGKT,BHAGAT KI KOTHI,,
BGL,BAGULA,,
BGLI,BARGOLAI,,
BGM,BELAGAVI,,
BGMR,BAGUMRA,,
BGMU,BANGARMAU,,
BGN,BORGAON,,
BGNA,BALGONA,,
BGND,BOGINADI,,
BGNP,BANAGANAPALLE,,
BGNR,B.G.NAGAR,,
BGO,BOGRI ROAD,,
BGP,BHAGALPUR,,
BGPA,BAGESHAPURA,,
BGPL,BAGHUAPAL,,
BGQ,BHONGAON,,
BGRA,BAGHNAPARA,,
BGRD,BELIAGHATA ROAD,,
BGRM,BIGGABAS RAMSARA,,
BGRR,BAGARPUR HALT,,
BGS,BEGUSARAI,,
BGSF,BISUGIRSHARIF,,
BGTA,BAGRA TAWA,,
BGTN,BHAGTANWALA,,
BGU,BAIRAGNIA,,
BGUA,BAIGUDA,,
BGVN,BHIGWAN,,
BGWD,BAGEWADI H,,
BGWI,BEGDEWADI,,
BGY,BANGRIPOSI,,
BGZ,BAHADURGARH,,
BH,BHARUCH JN,,
BHA,BHANDAI JN,,
BHAD,BARHAPUR HALT,,
BHAL,BHATIEL,,
BHAN,BHOYANI,,
BHAS,BHOJRAS,,
BHAT,BHATPURA,,
BHAU,BHALUA,,
BHB,BADLA GHAT,,
BHBK,BODHADI BUJRUG,,
BHBR,BATHUA BAZAR HALT,,
BHBV,BLOCK HUT B (BHB),,
BHC,BHADRAKH,,
BHCL,BAHORA CHANDIL,,
BHD,BADLI,,
BHDH,BAHADURPUR H.,,
BHDR,BHADRI,,
BHEL,BHEL HALT,,
BHET,BHESTAN,,
BHG,BHATON KI GALI,,
BHGH,BHAIRGACHHI,,
BHGJ,BIHARIGANJ,,
BHGN,BHILGAON,,
BHGP,BHAGIRATHPUR,,
BHHT,BARHARA,,
BHHZ,BEHTA HAZIPUR HALT,,
BHI,BAHERI,,
BHID,BHIDI,,
BHJ,BARHAJ BAZAR,,
BHJA,BHEJA,,
BHK,BADHARI KALAN,,
BHKA,BAHIRA KALIBARI (HAL,,
BHKD,BHURKUNDA,,
BHKH,BAGHOI KUSA,,
BHKL,BHAKRAULI,,
BHL,BHILWARA,,
BHLA,BEHULA,,
BHLE,BARAHAT,,
BHLK,BHALKI,,
BHLP,BHULANPUR,,
BHM,BAHRAM,,
BHMA,BAGHMARA HALT,,
BHME,BHANDARIDAH,,
BHMW,BHAMBHEWA,,
BHN,BHULI,,
BHNA,BHAYNA,,
BHNE,BHONE,,
BHNG,BHALUKPONG,,
BHNP,BISHANPUR HALT,,
BHNS,BHANSI,,
BHP,BOLPUR S NIKTN,,
BHPA,BAHRUPIYA HALT,,
BHPI,BICHHUPALI,,
BHR,BHADRESHWAR,,
BHRB,BHAIRABI,,
BHRL,BHAROLI JN,,
BHRM,BISHRAMGANJ,,
BHS,VIDISHA,,
BHSA,BHISA HALT,,
BHT,BHATTU,,
BHTA,BHATIYA,,
BHTH,BHAIROPATTI HALT,,
BHTK,BHANWAR TONK,,
BHTL,BHATEL,,
BHTN,BHITONI,,
BHTR,BHATPAR RANI,,
BHTS,BHATASA,,
BHUA,BHUA,,
BHUJ,BHUJ,,
BHUN,NEW MOTIDAU,,
BHV,BHOMA,,
BHW,BARHARWA JN,,
BHWA,BECHHIWARA,,
BHWR,BHITIHARWA ASHRAM,,
BHX,BULLUANA,,
BHY,BHAYAVADAR,,
BHZ,BIHARA,,
BI,BARI SADRI,,
BIA,BHILAI,,
BIB,,,
BIC,BICHIA,,
BICI,BARKICHANPI,,
BID,BIDADI,,
BIDD,BIDIYAD,,
BIDR,BIDAR,,
BIG,BELGAHNA,,
BIGA,BIGGA,,
BIGH,BAGRIGRAM HALT,,
BIGJ,BIBIGANJ,,
BIGN,10510461,,
BIJ,BIRNAGAR,,
BIJR,BIJOOR,,
BIK,BHIRA KHERI,,
BILA,BHESLANA,,
BILD,BILDI,,
BILK,BILKHA,,
BILP,BHILPUR,,
BIM,BILIMORA JN,,
BIML,BHIMAL,,
BINA,BINA JN,,
BINR,BRIJ NAGAR,,
BIO,BORDI,,
BIP,BAHILPURWA,,
BIPR,BHEEMPURA,,
BIQ,BANSI PAHARPUR,,
BIR,BIR,,
BIRA,BIRA,,
BIRD,BHIVANDI ROAD,,
BIRL,BIRAUL,,
BIRP,BIRARAJPUR,,
BIS,BISWA BRIDGE,,
BISH,BISHENGARH,,
BIV,BAMHNI BANJAR,,
BIWK,BISALWAS KALAN,,
BIX,BHIND,,
BIY,BARDOLI,,
BIYA,BANIYANA,,
BIZ,BAIHATA,,
BJ,BAHJOI,,
BJA,BIJROTHA,,
BJBA,BIJBIARA,,
BJD,BAREJADI,,
BJE,BHOJUDIH JN.,,
BJF,BIJNI,,
BJG,BAJRANGARH,,
BJI,BIJAULI,,
BJIH,BIJULI HALT,,
BJK,BIJORA,,
BJKN,BAJEKAN,,
BJL,BRAHMAJAN,,
BJLP,BARAI JALALPUR,,
BJM,BHAGAVATHIPURAM,,
BJMA,BURJ MOHAR,,
BJMD,BARA JAMDA,,
BJNR,BIJAINAGAR,,
BJO,BIJNOR,,
BJP,VIJAYAPURA,,
BJPD,BAJIPADA,,
BJPL,BAIJNATHPAPROLA,,
BJPR,,,
BJQ,BAGHORA,,
BJR,BARRAJPUR,,
BJRA,BHAJERA,,
BJRI,BIJURI,,
BJT,BAJPATTI,,
BJU,BARAUNI JN,,
BJUD,BAJUD,,
BJV,BIJAURIA,,
BJW,BAJVA,,
BJWS,BOJAWAS,,
BJY,BANGALBAREE,,
BK,BAKRA ROAD,,
BKC,BHIKAMKOR,,
BKD,BHANKODA,,
BKDE,BUDHAKHERA,,
BKDR,BEGUNKODAR,,
BKG,BANKA GHAT,,
BKH,BANKHEDI,,
BKHR,BAKHRI,,
BKI,BANDIKUI JN,,
BKJ,BARKUR,,
BKKA,BHUKARKA,,
BKKI,BAKARKUDI,,
BKKS,BAKAS,,
BKL,BONA KALU,,
BKLA,BAKULHA,,
BKLE,BAKUDI,,
BKN,BIKANER JN,,
BKNA,BAKAINA HALT,,
BKNG,BHAKTI NAGAR,,
BKNM,BANKRA NAYABAJ,,
BKNO,BIKNA,,
BKO,BINDKI ROAD,,
BKP,BAKHTIYARPUR JN,,
BKPR,BAKASPUR,,
BKPT,BHAKARAPET,,
BKRD,BHALUKA ROAD F,,
BKRH,BRIJ KISHOR HALT,,
BKRL,BAKROL,,
BKRO,BOKARO THERMAL,,
BKS,BALIKOTIA,,
BKSA,BAKHSHA,,
BKSC,BOKARO STEEL CITY,,
BKSL,BIKRAMSHILA,,
BKT,BAKSHI KA TALAB,,
BKTB,BINDUKURI,,
BKTH,BAIKUNTH,,
BKTL,BAKTAL,,
BKTS,BAKOTHIKHAS HALT,,
BKTU,BARI KHATU,,
BKU,BHIKNUR,,
BKWA,BAKAYANWALA,,
BL,VALSAD,,
BLA,BAJALTA,,
BLAE,BALARAMBATI,,
BLAX,BARLAI,,
BLC,BOLDA,,
BLD,BHILAD,,
BLDA,BELDA,,
BLDI,BHILDI JN,,
BLDK,BALAUDA TAKUN,,
BLDL,BALLE-DA-PIR-LARATH,,
BLG,BILHAR GHAT,,
BLGA,BELAGULA,,
BLGH,BISHALGARH,,
BLGR,BALANGIR,,
BLGT,BALURGHAT,,
BLH,BELGHARIA,,
BLHI,BISALEHALLI,,
BLHR,BALAHAPUR HALT,,
BLK,BELAKOBA,,
BLKR,BALLEKERE HALT,,
BLL,BANTANAHAL,,
BLLI,BALLI,,
BLM,BALAMU JN,,
BLME,BHOLLDIH,,
BLMK,BHALUMASKA,,
BLMR,BHALUKMARA,,
BLN,BALLYGUNGE JN,,
BLND,BOLINNA DOABA,,
BLNG,BARLANGA,,
BLNI,BHALWANI,,
BLNK,BELANKI,,
BLNR,BIRLANAGAR JN,,
BLO,BHULON,,
BLP,BALRAMPUR,,
BLPA,BILASIPARA,,
BLPE,BALAPALLE,,
BLPR,BADULIPAR,,
BLPU,BILPUR,,
BLQR,BILASPUR ROAD,,
BLR,BALGANUR,,
BLRA,BILARA,,
BLRE,BELSIRI,,
BLRG,BALASIRING,,
BLRI,BELARI HALT,,
BLRR,BELANDUR ROAD,,
BLS,BALASORE,,
BLSA,BOLSA,,
BLSD,BALSAMAND,,
BLSN,BELSONDA,,
BLSR,BELASAR,,
BLT,BALOTRA JN.,,
BLTR,BELTHARA ROAD,,
BLU,BILHAUR,,
BLV,BHELWA,,
BLW,BALAWALI,,
BLX,BOLAI,,
BLY,BALLY,,
BLYC,BALLY CHORD,,
BLYG,BALLY GHAT,,
BLYH,BALLY HALT,,
BLZ,BUDHLADA,,
BMAE,BELMURI,,
BMB,BAMRA,,
BMBE,BIMBARI,,
BMC,BHIMALGONDI,,
BMCK,BISSAMCUTTACK,,
BMD,BHIMADOLU,,
BME,BARMER,,
BMF,BASMAT,,
BMG,BAMANGACHHI,,
BMGA,BHIMGARA,,
BMGN,BAMUNIGAON,,
BMGR,BAMANGRAM,,
BMH,BETAMCHERLA,,
BMHR,BAMANHERI,,
BMHT,BARAW MORE,,
BMI,BAMNIA,,
BMJ,BRIDGMANGANJ,,
BMK,BIRANG KHERA,,
BMKD,BELLAMKONDA,,
BMKI,BAPUDM MOTIHARI,,
BMKJ,BHIMKHOJ,,
BMLL,BAMLA,,
BMN,BHIMANA,,
BMNL,BAMAN WALI HALT,,
BMO,BOLARUM,,
BMP,BRAMHAPURI,,
BMPL,BRAHMANPALLI,,
BMPR,BADAMPAHAR,,
BMPT,BANNI MAHAMMAN PATTI,,
BMQ,BHIMARLAI,,
BMR,BIKRAMPUR,,
BMRN,BHIMRANA,,
BMSB,BHIMASAR BG,,
BMSN,BAMSIN,,
BMT,BEGAMPET,,
BMU,BAMHRAULI,,
BMWS,BAMANWAS,,
BMY,BAMIANA,,
BMZ,BAMOUR GAON,,
BN,BIBINAGAR,,
BNA,BANNI KOPPA,,
BNAA,BIBHUTI BHUSHAN  H,,
BNAR,BINAUR,,
BNB,BANSTOLA,,
BNBH,BANI BIHAR,,
BNBR,BAHANAGA BAZAR,,
BNC,BANGALORE CANT,,
BNCE,BANGALORE EAST,,
BNCR,BANCHARI,,
BND,BHANDUP,,
BNDA,BANDA JN,,
BNDI,BARUNDINI,,
BNDM,BONDAMUNDA,,
BNDP,BUNIADPUR,,
BNE,BOHANI,,
BNF,BANDHUA,,
BNG,BARNAGAR,,
BNGL,BHANGALA,,
BNGM,BANGURGRAM,,
BNGN,BONGAIGAON,,
BNGY,BABHANJYOTIYA HALT,,
BNH,BHIMNATH,,
BNHR,BANBIHARI - GWALIPUR,,
BNI,BUDNI,,
BNJ,BANGAON JN,,
BNJL,BINJHOL HALT,,
BNK,BANASANKARAI HALT,,
BNKA,BANKIM NAGAR,,
BNKH,BHAIRANAYAKANAHALLI,,
BNKI,BANMANKHI JN.,,
BNKJ,BANKE GANJ,,
BNKM,VINAEKMA HALT,,
BNL,BEVINAHALU,,
BNLS,BANGI NIHALSNGH,,
BNLW,BANASTHALI NIWAI,,
BNLY,BHANUPLI,,
BNM,BARAGAON,,
BNN,BARNALA,,
BNNR,BHINDAR,,
BNO,BANAR,,
BNOD,BENODA,,
BNOI,BINDORI,,
BNP,BHANAPUR,,
BNPH,BASANTPUR,,
BNPR,BANIKPUR HALT,,
BNPT,BENIPATI PIRAPUR,,
BNQ,BANARHAT,,
BNQL,BHANKALA HALT,,
BNR,BHAGWANPUR,,
BNRD,BALANGIR ROAD,,
BNRS,BANARAS,,
BNS,BANAS,,
BNSA,BANBASA,,
BNSL,BANSINALA HALT,,
BNSP,BANSAPAHAR JN,,
BNSR,BHAGWAN SAR,,
BNT,BHARTHANA,,
BNTH,BANDHNATH,,
BNTL,BANTAWALA,,
BNU,BANDAKPUR,,
BNV,BINNAGURI,,
BNVD,BHANVAD,,
BNW,BHIWANI JN.,,
BNWC,BHIWANI CITY,,
BNXR,BIDHAN NAGAR,,
BNY,BARHNI,,
BNZ,BADSHAHNAGAR,,
BO,,,
BOBS,BOBAS,,
BOD,BANGROD,,
BODG,BODAGRAM PH,,
BOE,BARSOI JN,,
BOF,BAROG,,
BOG,BHAIRONGARH,,
BOI,BAINCHI,,
BOJ,BHOJO,,
BOK,BORKHEDI,,
BOKA,BOKRA,,
BOKE,BHOKE,,
BOKO,BOKO,,
BOKR,BHOKAR,,
BOM,BOMADRA,,
BOMN,BOMMAGUNDANAKERE,,
BON,BHOnra,,
BONA,BOINDA,,
BOP,BHOGPUR,,
BOR,BOISAR,,
BORA,BAGHDOGRA,,
BORT,BOLAGARH TOWN PH,,
BOT,BOROTI,,
BOTI,BAORI THIKARIA,,
BOTR,BHAVDHARI,,
BOUH,BOUDH,,
BOW,BORAWAR,,
BOY,BHADOHI,,
BOYA,BOTHIA P.H.,,
BOZ,BOLARUM BAZAR,,
BP,BARRACKPORE,,
BPA,BELAMPALLI,,
BPAE,BEGUMPUR,,
BPAH,BENIPUR A HALT,,
BPB,BADARPUR JN,,
BPBS,BALLALPUR,,
BPC,BERHAMPORE CRT,,
BPD,BAHADURPUR,,
BPE,BENAPUR,,
BPF,BANAPURA,,
BPGJ,BHARPURA PAHLEJAGHAT JN.,,
BPGR,BENIPURGRAM HALT,,
BPH,BELPAHAR,,
BPHB,BHILAI POWER HOUSE,,
BPJ,BARA HAPJAN,,
BPK,BHUGAON,,
BPKA,BHOPALKA,,
BPKH,BUDHA PUSHKAR,,
BPL,BHOPAL JN,,
BPM,BAGPAT ROAD,,
BPMH,BISHUNPUR MAHUARI,,
BPN,BANPUR,,
BPO,BARIPADA,,
BPP,BAPATLA,,
BPQ,BALHARSHAH,,
BPR,BHOJIPURA JN,,
BPRA,BARIPURA,,
BPRD,BARPETA ROAD,,
BPRH,BALPUR HALT,,
BPRS,BHOGPUR SIRWAL,,
BPS,BANPAS,,
BPTP,BHANUPRATAPPUR,,
BPU,BHAUPUR,,
BPUR,BAIDPUR,,
BPV,BHOTEPATTI,,
BPW,BURHPURA,,
BPZ,BAZPUR,,
BQA,BANKURA,,
BQE,BAKANIAN BHAUNRI,,
BQG,BHAGWANGOLA,,
BQI,BOMMIDI,,
BQM,BARELIPAR,,
BQN,BAGRI NAGAR,,
BQP,BIGHAPUR,,
BQQ,BAKHLETA,,
BQR,BHILAINAGAR,,
BQSP,BASUCHAK HALT,,
BQU,BHATTIPROLU,,
BQW,BARAKALAN,,
BQY,BELERHAT,,
BR,BANDH BARETA,,
BRA,BIRSOLA,,
BRAG,BARANG JN.,,
BRAM,BALARAMPURAM,,
BRBD,BORABANDA,,
BRBG,BARBIGHA,,
BRBL,BIRAHALLI,,
BRBS,BIRBANS PH,,
BRC,VADODARA JN,,
BRCK,BARUA CHAK,,
BRD,BHANDARA ROAD,,
BRDB,BARDA,,
BRDT,BERIA DAULAT,,
BRDV,BARADEV,,
BRE,BHARWARI,,
BRG,BARGARH,,
BRGA,BARGARH ROAD,,
BRGJ,BARGAON GUJAR,,
BRGL,BURGULA HALT,,
BRGM,BARAIGRAM JN,,
BRGT,BHERAGHAT,,
BRGW,BARGAWAN,,
BRH,BAIKUNTHPUR RD,,
BRHD,BABA RAGHUNI HALT DWARIKA,,
BRHI,BARHI,,
BRHL,BARYAL HIMACHAL,,
BRHU,BARAHU,,
BRI,BHIRINGI,,
BRIP,BAROGOPINATHPUR,,
BRJ,BRACE BRIDGE,,
BRJN,BRAJRAJNAGAR,,
BRK,BAHRAICH,,
BRKA,BARKA KANA,,
BRKB,BHARAT KHAND,,
BRKH,BISAPUR KALAN HALT,,
BRKP,BARKIPONA,,
BRKY,BORAKI,,
BRLA,BARAYALA CHAURASI,,
BRLF,BARLONGFER,,
BRLY,BIROLIYA,,
BRM,BARABAMBO,,
BRMA,BARMASIA,,
BRMD,BIRAMDIH,,
BRMH,BELUR MATH,,
BRMI,BRAHMANI PH,,
BRML,BARAMULA,,
BRMO,BERMO,,
BRMP,BIRMITRAPUR,,
BRMR,BHARMAR,,
BRMT,BARAMATI,,
BRMX,BARMI,,
BRN,BARHAN JN,,
BRNA,BERAWANYA,,
BRND,BORIDAND,,
BRNI,BARWASNI HALT,,
BRNR,BARUANAGAR,,
BROR,BERORE,,
BRP,BARUIPUR JN,,
BRPA,BARUIPARA,,
BRPK,BISHARPARA KODALIA,,
BRPL,BARPALI,,
BRPS,BARAPALASI,,
BRPT,BIRAPATTI,,
BRQ,BAGRAKOT,,
BRR,BARAKAR,,
BRRD,BORDI ROAD,,
BRRG,BIYAVRA RAJGARH,,
BRRI,BIRARI,,
BRRZ,BARARA BUZURG,,
BRS,BIRSINGHPUR,,
BRSA,BARWA KALAN,,
BRSQ,BRAR SQUARE,,
BRSR,BIRANARSINGHPUR,,
BRST,BIRPURUSOTHAMPR,,
BRT,BRAHMAVART,,
BRTA,BARTARA,,
BRTG,BARITHENGARH,,
BRTK,BHORTEX,,
BRU,BHAIROGANJ,,
BRUD,BARUD,,
BRVR,BORVIHIR,,
BRW,BARIWALA,,
BRWD,BARWADIH JN,,
BRWH,BAHERWA HALT,,
BRY,BAREILLY JN,,
BRYA,BARHIYA,,
BRYC,BAREILLY CANTT,,
BRZ,BARETA,,
BS,BENISAR,,
BSA,BHAINSA,,
BSAE,BANSH BARIA,,
BSB,VARANASI,,
BSBH,BHAINSBODH P.H.,,
BSBP,BIR SHIBPUR,,
BSBR,BANSLOI BRIDGE,,
BSC,BULANDSHAHR,,
BSCK,BASUCHAK,,
BSCP,BASKATWA B. H.,,
BSD,BASULDANGA,,
BSDA,BANIYA SANDA DH,,
BSDL,BHARSENDI,,
BSDP,BHUSANDPUR,,
BSDR,BANSADHARA PH,,
BSE,BADSHAHPUR,,
BSGN,BASUGAON,,
BSGR,BHAGSAR,,
BSHT,BASIRHAT,,
BSI,BASBARI,,
BSJ,BHUPALSAGAR,,
BSKH,BASUKINATH,,
BSKO,BANSKHO,,
BSKR,BASI KIRATPUR,,
BSL,BHUSAVAL JN,,
BSLA,BHASILA,,
BSLE,BATASPUR,,
BSM,BISANATTAM,,
BSMH,BIRSHAMUNDA HALT,,
BSN,BANASANDRA,,
BSNP,BISHUNPUR,,
BSP,BILASPUR JN.,,
BSPH,BISHANPUR HRYNA,,
BSPL,BASAMPALLE,,
BSPN,BASSI PATHANAM,,
BSPR,BISHRAMPUR,,
BSPX,BANSPANI,,
BSQ,BARSI TAKLI,,
BSQP,BANSIPUR,,
BSR,VASAI ROAD,,
BSRA,BASARHIA HALT,,
BSRI,BASARI,,
BSRL,BESROLI,,
BSRX,BASAVANA BAGEWADI ROAD,,
BSS,BAHADUR SINGH W,,
BSSL,BASI BERIASAL,,
BST,BASTI,,
BSTP,BASANTAPUR,,
BSUR,BISALPUR,,
BSW,BANESWAR,,
BSWA,BAISWARA,,
BSWD,BHEMSWADI,,
BSX,BASAR,,
BSY,BARSATHI,,
BSYA,BARKISALALYA,,
BSZ,BHARWA SUMERPUR,,
BT,BARASAT,,
BTA,BIHTA,,
BTBR,BUTI BORI,,
BTC,BALAGHAT JN,,
BTD,BOTAD JN,,
BTDR,BATADROWA ROAD,,
BTE,BHARATPUR JN,,
BTF,BATHNAHA,,
BTG,BASHARATGANJ,,
BTGH,BETTADNAGENHALI,,
BTH,BETTIAH,,
BTHL,BITHAULI,,
BTHN,BITHAN,,
BTI,BATHINDA,,
BTIC,BATINDA CANTT,,
BTJL,BHATKAL,,
BTK,BANKATA,,
BTKB,BATHNA KRITTI BAS,,
BTKD,BHARATKUND,,
BTKP,BHARAT KUP,,
BTL,BORTALAO,,
BTNR,BHARATNAGAR,,
BTO,BHITAURA,,
BTP,BABATPUR,,
BTPD,BETHAMPURDI,,
BTPG,BETHERIA GHOLA,,
BTPH,CHAKIA THERMAL HALT,,
BTQ,BETNOTI,,
BTR,BUTARI,,
BTRA,BANTHRA,,
BTRB,BETUR,,
BTRH,BHATAR,,
BTRI,BITROI,,
BTRO,BASTOI HALT,,
BTS,BASTA,,
BTSD,BHATISUDA,,
BTSI,BATASI,,
BTSR,BHUTESHWAR,,
BTT,BHATNI JN,,
BTTN,BHATIAN,,
BTTR,BITRAGUNTA,,
BTU,BARAUT,,
BTV,BAITARANI ROAD,,
BTVA,BATUVA,,
BTW,BARSI TOWN,,
BTX,BELA TAL,,
BTY,BETHUADAHARI,,
BTYA,BHATARIYA,,
BTZ,BALIMARA,,
BU,BASWA,,
BUA,BARADWAR,,
BUB,BISSAU,,
BUBA,BIJUBIGHA HALT,,
BUBR,BHUTAKIA BHIMSA,,
BUBT,BURAHA  BHARTHARA,,
BUD,BADLAPUR,,
BUDA,BHUDA,,
BUDI,BUNDI,,
BUDM,BADMAL,,
BUE,BARUNA,,
BUF,BIMALGARH JN.,,
BUG,BAGAHA,,
BUGL,BUGLANWALI,,
BUGM,BERUGRAM,,
BUGN,BHURJIHA BARAGN,,
BUGY,BUGIA HALT,,
BUH,BURHAR,,
BUI,BALLIA,,
BUJ,BARAUNI FLAG,,
BUJA,BHUJIA,,
BUL,BHALULATA,,
BUM,BOMMASAMUDRAM,,
BUP,BARIARPUR,,
BUPH,BABUPETH,,
BUQ,BARGI,,
BUR,BINDAURA,,
BURA,BAHUARA HALT,,
BURN,BURNPUR,,
BUS,BADAUSA,,
BUT,BAYTU,,
BUTA,BHADUTALA,,
BUTN,BUTANA HALT,,
BUU,BHADANPUR,,
BUW,BURHWAL JN,,
BUX,BHANDAK,,
BV,BABHNAN,,
BVA,BAURIA,,
BVB,BHADBHADAGHAT,,
BVC,BHAVNAGAR TERMINUS,,
BVH,BALLABGARH,,
BVI,BORIVALI,,
BVL,BIKKAVOLU,,
BVN,BISWAN,,
BVNR,BHAVANI NAGAR,,
BVO,BOGOLU,,
BVP,BHAVANAGAR PARA,,
BVQ,BHILAVDI,,
BVR,BANAVAR,,
BVRM,BHIMAVARAM JN,,
BVRT,BHIMAVARAM TOWN,,
BVS,BHIVPURI ROAD,,
BVU,BALIPARA,,
BVV,BEDETTI,,
BVW,BAHMINIWALA,,
BVZ,NALOI BARWA,,
BW,BIWAI,,
BWA,BHINWALIYA,,
BWB,BAGWALI,,
BWBN,BEWAR BHOJAN,,
BWC,BANWALI,,
BWCN,BOWAICHANDI,,
BWD,BELVANDI,,
BWF,BUTEWALA,,
BWH,BHADAURA,,
BWI,BILWAI,,
BWIP,BHAWANIPATNA,,
BWK,BAWANI KHERA,,
BWL,BAWAL,,
BWM,BHAWANI MANDI,,
BWN,BARDHAMAN,,
BWO,BURAMARA,,
BWP,BHAWANIPUR KALN,,
BWPB,BHAWANIPUR BIHAR,,
BWPL,BALWANT PURA,,
BWR,BARWA SAGAR,,
BWRA,BHARATWADA,,
BWS,BADWASI,,
BWSN,BIJWASAN,,
BWT,BANGARAPET JN,,
BWX,BAHMAN DIWANA,,
BWZ,BADDOWAL,,
BXA,BALOD,,
BXB,BANGA,,
BXC,BARWALA,,
BXF,BARSUAN,,
BXG,BHANGA,,
BXHT,BOXIRHAT,,
BXJ,BOKAJAN,,
BXK,BANDARKHAL,,
BXL,BHEDUASOL,,
BXLL,BILLI,,
BXM,BELRAYAN,,
BXN,BAYANA JN,,
BXO,BOPARAI,,
BXP,BARPATHAR,,
BXQ,BRUNDAMAL,,
BXR,BUXAR,,
BXS,PICHCHANDARKOVL,,
BXT,BAMANHAT,,
BXY,BORDHAI,,
BY,BYCULLA,,
BYC,BALLARI CANTT. HALT,,
BYCH,BELLARYCANT HALT,,
BYD,BYADGI,,
BYE,BANSI BOHERA,,
BYH,BHITI,,
BYHA,BARYA RAM,,
BYL,BELHA,,
BYN,BANAHI,,
BYNR,MOOKAMBIKA ROAD BYNDOOR (H),,
BYP,BAIJNATHPUR,,
BYPL,BAIYYAPPANAHALLI,,
BYQ,BAHAI,,
BYR,BHAYANDAR,,
BYS,BARSALI,,
BYSA,BASULYASUTAHATA,,
BYT,BHATAPARA,,
BYXA,BETGARA,,
BYY,BYREE,,
BYZA,BEGUNIA,,
BZ,BHARUR,,
BZA,VIJAYAWADA JN,,
BZB,BARRA BAZAR,,
BZC,BELIATOR,,
BZE,BASERIA,,
BZG,BILGA,,
BZGT,BAZURGHAT,,
BZJT,BAZIDA JATAN,,
BZK,BHAINI KHURD,,
BZL,BELANAGAR,,
BZLE,BAZARSAU,,
BZM,BHIMSEN,,
BZN,BAGNAN,,
BZO,BARSOLA,,
BZR,BISRA,,
BZS,BANSJORA,,
BZU,BETUL,,
BZY,BASAI,,
CAA,CHAKIA,,
CAC,CHAND PIPAR HALT,,
CAER,CHHANERA,,
CAF,CHANDA FORT,,
CAG,CHHABRA GUGOR,,
CAI,CHANPATIA,,
CAJ,CHAKRAJ MAL,,
CAM,CHHOTA AMBANA,,
CAMU,CHAMUA,,
CAN,KANNUR,,
CAO,CHAURADANO,,
CAP,CHATRAPUR,,
CAPC,CHATRAPUR COURT,,
CAPE,KANNIYAKUMARI,,
CAPG,CHAPAGURI,,
CAR,CHUNAR,,
CAS,CHAS ROAD,,
CASA,CHHANSARA,,
CAT,CHATTAR HAT,,
CATA,CHHATA ASCHAURA,,
CAZ,CHAUHANI,,
CBCC,CHANDLODIYA B CABIN,,
CBD,CHANGRABANDHA,,
CBDH,CBD P.H.,,
CBE,COIMBATORE JN,,
CBF,COIMBATORE NORTH JN,,
CBH,CHAUBE,,
CBJ,CLUTTERBUCKGANJ,,
CBK,CHACHURA BINAGANI,,
CBM,CUMBUM,,
CBN,CHIT BARAGAON,,
CBP,CHIK BALLAPUR,,
CBR,CHAUBEPUR,,
CBSA,CHAIBASA,,
CBT,CHARBATIA,,
CBU,CHINNABABUSAMUDRAM,,
CBX,CHAND BHAN,,
CBY,KHAMBHAT,,
CBZ,CHURAIBARI,,
CC,CHAURI CHAURA,,
CCA,CHIGICHERLA,,
CCAB,BMY C CABIN,,
CCBG,CHICHOLI BUZURG P.H.,,
CCD,CHICHONDA,,
CCG,BMBY CHURCH GTE,,
CCH,CHINCHVAD,,
CCI,CHINNEKUNTAPALI,,
CCK,CHICHAKI,,
CCL,CHANCHELAV,,
CCO,CHICHOLI P.H.,,
CCP,CHHUCHHAPURA JN,,
CCR,CHINCHURIA,,
CCT,KAKINADA TOWN,,
CD,CHANDRAPUR,,
CDA,CHUDA,,
CDAE,CHANDANPUR,,
CDB,CHAUDHRIBANDH,,
CDBN,CHEDHABANNI HALT,,
CDD,CHANDOD,,
CDG,CHANDIGARH,,
CDGR,CHANDRAKONA ROAD,,
CDH,CHAKDAHA,,
CDK,CHANDKHERA ROAD,,
CDL,CHODIALA,,
CDM,CHIDAMBARAM,,
CDMA,CHANDESHWARSTHAN,,
CDMR,CHANDAULI MJHWR,,
CDNR,CHANDANAGAR,,
CDP,CHANDPARA,,
CDRA,CHANDERA,,
CDRL,CHHANDRAULI,,
CDS,CHANDISAR,,
CDSL,CHANDRESAL,,
CDV,CHANDARWA,,
CE,CHHARODI,,
CEL,CHEBROL,,
CEM,CHEEKATEEGALPLM,,
CEME,CHEGRO,,
CEU,CHIHERU,,
CFG,CHAKITING,,
CG,CANNING,,
CGA,CHENGEL,,
CGF,CHARALI,,
CGH,CHOLANG,,
CGHD,CHINNADAGUDIHDI,,
CGI,CHANDRAGIRI,,
CGKR,CHANDAGIRIKOPAL,,
CGL,CHENGALPATTU JN,,
CGLA,CHANGOTOLA,,
CGN,CHIRGAON,,
CGON,CHAYGAON,,
CGR,CHANDAN NAGAR,,
CGS,CHANGSARI,,
CGTA,CHEGUNTA,,
CGV,CHINGAVANAM,,
CGX,CHARGOLA,,
CGY,CHANGANASSERI,,
CH,CHANDAUSI JN,,
CHA,CHAWAPALL,,
CHAA,CHAPAR,,
CHAF,CHAF HALT,,
CHAH,CHAILAHA HALT,,
CHAR,CHARMAL,,
CHB,CHABUA,,
CHBN,CHANDKHIRA BAGN,,
CHBR,CHAURE BAZAR,,
CHBS,CHAUBISI,,
CHBT,CHAKARBHATHA,,
CHC,CHANCHAI,,
CHCR,CHACHER,,
CHD,CHANDIA ROAD,,
CHDX,CHHADA,,
CHE,SRIKAKULAM ROAD,,
CHF,CHUNNABHATTI,,
CHG,BBY CHINCHPKILI,,
CHGA,CHIRUGODA,,
CHH,CHAUKHANDI,,
CHI,CHIPLUN,,
CHIB,CHIRAI BG,,
CHIT,CHITHARI HALT,,
CHJ,CHATA,,
CHK,CHAKERI,,
CHKE,CHALLAKERE,,
CHL,CHOLA,,
CHLK,CHAVALKHEDE,,
CHLR,CHHALESAR,,
CHM,CHALTHAN,,
CHMG,CHINTPURNI MARG,,
CHN,CHHINA,,
CHNN,CHANNANI,,
CHNR,CHHAN ARORIAN,,
CHNU,CHHANUA,,
CHP,CHHAPI,,
CHPD,CHEPPAD,,
CHPT,CHATRAPPATTI,,
CHR,CHILKAHAR,,
CHRA,CHHARRA,,
CHRG,CHORGI,,
CHRI,CHARHI,,
CHRM,CHIRMIRI,,
CHRU,CHAMRUA,,
CHSM,CHINNA SALEM,,
CHT,CHAMPAHATI,,
CHTL,CHURARU TAKRALA,,
CHU,CHAMPION,,
CHUA,CHOURAI,,
CHV,CHARVATTUR,,
CHWT,CHHAPRAWAT,,
CHZ,CHARLAPALLI,,
CI,CHHAPRA KACHERI,,
CIA,CHHEHARTA,,
CID,CHIRAIDONGRI,,
CIH,CHILHIA,,
CII,CHETTIYAPATTI,,
CIK,CHIKSANA,,
CIKR,CHANDIKHOLE ROAD,,
CIL,CHILBILA JN,,
CIO,CHIKHLI ROAD,,
CIRL,CHIRULA,,
CIT,CHITALI,,
CIV,CHINNARAVURU,,
CJ,KANCHIPURAM,,
CJA,CHONGAJAN,,
CJE,KANCHIPURAM EAST,,
CJL,CHAJLI,,
CJM,CHINNA GANJAM,,
CJN,CHHATNA,,
CJQ,CHAMPAJHARAN,,
CJS,CHARAMULA KUSUM,,
CJW,CHAJAWA,,
CK,CHIKSUGAR,,
CKA,CHAK PAKHHEWALA,,
CKB,CHAUTH KA BARWARA,,
CKBK,CHIKKABENAKAL,,
CKD,CHARKHI DADRI,,
CKDL,CHAKDAYALA,,
CKE,CHOKI SORATH,,
CKG,CHOWKA GHAT,,
CKH,CHAKAND,,
CKI,CHALAKUDI,,
CKK,CHAKARPUR,,
CKKD,CHARKHERA KHURD,,
CKLA,CHAK BANWALA,,
CKLT,CHAK KALI LAIT,,
CKM,CHAUKI MAN,,
CKMI,CHHOTAKI MASAUDHI HALT,,
CKN,CHINTA KANI,,
CKNA,CHIKNA,,
CKNI,CHIKNI ROAD,,
CKOD,CHAKROD,,
CKP,CHAKARADHARPUR,,
CKR,CHIKODI ROAD,,
CKRD,CHAKMAKRAND,,
CKS,CHAKSU,,
CKSR,CHAK SAFAURA HALT,,
CKTD,CHITRAKUT DHAM KARWI,,
CKU,CHAKULIA,,
CKV,CHERUKUVADA,,
CKVD,CHIKKANDAWADI,,
CKW,CHALKHOA,,
CKX,CHAKUR,,
CKYD,CHAKRA ROAD,,
CLA,KURLA JN,,
CLC,CHALALA,,
CLD,CHALSA JN,,
CLDR,CHILIKIDARA,,
CLDY,CHANDLODIYA,,
CLE,CHINTALPALLI,,
CLF,CHHULHA,,
CLG,KAHALGAON,,
CLI,CHALGERI,,
CLJ,COLONELGANJ,,
CLKA,CHILKA,,
CLKN,CHUCHELA KALAN HALT,,
CLN,KOLLIDAM,,
CLO,CHILO,,
CLPE,CHALLAVARIPALLI,,
CLR,CASTLE ROCK,,
CLT,KOZHIKKODE,,
CLU,CHILAKALAPUDI,,
CLVR,CHILUVUR,,
CLW,CHILWARIYA,,
CLX,CHIRALA,,
CM,CAMPIERGANJ,,
CMA,CINNAMARA,,
CMBR,CHEMBUR,,
CMC,CHEMANCHERI,,
CMDG,CHAMARDIGHI,,
CMDP,CHIMIDIPALLI,,
CMGR,CHIKKAMAGALURU,,
CMJ,CHAMARAJAPURAM,,
CMMG,CHAMUNDA MARG,,
CMNR,CHAMARAJANAGAR,,
CMP,CHROMEPET,,
CMR,CHAMROLA,,
CMU,CHAU MAHLA,,
CMW,CHIMA PAHAD,,
CMX,CHAMAGRAM,,
CMY,CHINTAMANI,,
CNA,CHANDERIA,,
CNB,KANPUR CENTRAL,,
CNBI,CHANDARI,,
CNC,CHINCHLI,,
CND,CHANDUR,,
CNDB,CHANDUR BAZAR,,
CNDI,CHANDI HALT,,
CNDM,CHANDI MANDIR,,
CNDN,CHANDAN,,
CNE,CHANDRANATHPUR,,
CNF,CHIANKI,,
CNGR,CHENGANNUR,,
CNH,CHAUNRAH,,
CNI,CHANDIL JN.,,
CNJ,CHANDER NAGAR HALT,,
CNK,CHANDOK,,
CNKH,CHINNAKOTE,,
CNKP,CHANAKYAPURI,,
CNL,CHANDAWAL,,
CNN,CHINTAMAN GANES,,
CNO,CANACONA,,
CNPA,CHANNARAYAPATNA,,
CNPI,CHANDANPAHARI,,
CNPR,CHAINPUR,,
CNR,CHANDAR,,
CNRF,CHANDRA,,
CNS,CHUCHURA,,
CNV,KINATTUKKADAVU,,
CNX,CHANDAUNA HALT,,
COA,KAKINADA PORT,,
COB,COOCH BEHAR,,
COD,CHHOTA GUDHA,,
COE,CHITROD,,
COL,COROMANDEL,,
COM,CHOMUN SAMOD,,
COO,CHHOTI ODAI,,
COR,CHITTAURGARH JN,,
CP,CHITPUR,,
CPA,KANPUR ANWRGANJ,,
CPB,KANPUR BGE L BK,,
CPBH,CHIRAILA,,
CPD,CHINCHPADA,,
CPDR,CHHIPADOHAR,,
CPE,CHANDIPOSI,,
CPH,CHAMPA,,
CPHT,COOPERS HALT,,
CPJ,KAPTANGANJ JN,,
CPK,CHAPARMUKH JN,,
CPL,CHAKARLAPALLI,,
CPLE,CHINPAI,,
CPN,CHAMPANER RD JN,,
CPP,CHIPURUPALLE,,
CPPR,CHAMPAPUR HALT,,
CPQ,CHAPRAKATA,,
CPR,CHHAPRA,,
CPS,CHAND SIAU,,
CPSN,CHHATRAPATI SAMBHAJINAGAR,,
CPT,CHANNAPATNA,,
CPU,CHOPAN,,
CQA,CHERUKARA,,
CQL,CHIRAKKAL,,
CQR,CHAMPAPUKUR,,
CQS,CAPPER QUARRY,,
CRAE,CHERAGRAM BH.,,
CRC,CHARKHARI ROAD,,
CRD,BMBY CURREY RD,,
CRDA,CHAKARDAHA HALT,,
CRE,CHORGHATPIPARIYA,,
CRG,CHURAMAN NAGRI,,
CRJ,CHITTARANJAN,,
CRK,CHARKHERA,,
CRKR,CHAURAKHERI,,
CRLM,KARMELARAM,,
CRN,CHAREGAON,,
CROA,CHAUTARA,,
CRP,CHANDRAPURA,,
CRQ,CHARPOKHARI HALT,,
CRR,KARAGOLA ROAD,,
CRU,CHUDAWA,,
CRV,CHUREB,,
CRW,CHARAUD,,
CRWA,CHIRAWA,,
CRWL,CHAKRAKWALA,,
CRX,CARRON,,
CRY,CHIRAYINKEEZH,,
CS,KANNUR SOUTH,,
CSA,CHAUSA,,
CSB,SHIVAJI BRIDGE,,
CSM,CANSAULIM,,
CSMT,C SHIVAJI MAH T,,
CSN,CHALISGAON JN,,
CSR,CHAK SIKANDAR,,
CSZ,COSSIMBAZAR,,
CT,CHITTAPUR,,
CTA,CHITRADURG,,
CTC,CUTTACK,,
CTD,CHHOTA UDEPUR,,
CTF,CHITGIDDA,,
CTGN,COTTON GREEN,,
CTH,CHIKALTHAN,,
CTHR,CHITAHRA,,
CTHT,CHATAR HALT,,
CTJ,CHHATAINI,,
CTKT,CHHOTI KHATU,,
CTL,CHITAL,,
CTM,KATTANGULATUR,,
CTMP,CHHIT MAKANDPUR,,
CTND,CHETTINAD,,
CTO,CHITTOOR,,
CTPE,CHANDANATTOP HALT,,
CTQ,CHETAR,,
CTR,CHATRA,,
CTRD,CHITRAWAD,,
CTRE,CHITTERI,,
CTS,CHHATARIPUT,,
CTT,CHITRASANI,,
CTTP,CHITRAPUR (H),,
CTU,CHHATAPUR ROAD,,
CTW,CHHINTANWALA,,
CTYL,CHITYALA,,
CUE,CHOUPALE,,
CUK,CHURK,,
CUPJ,CUDDALORE PORT JN.,,
CUR,CHURU,,
CUX,CHAURA,,
CV,CAUVERY,,
CVB,CAVALRY BARRACKS,,
CVD,CHAVADIPALAIYAM,,
CVJ,CHAVAJ,,
CVP,KOVILPATTI,,
CVR,CHORVAD ROAD,,
CVV,CHERUVU MADHWRM,,
CW,CHAINWA,,
CWA,CHHINDWARA JN,,
CWDA,CWDA,,
CWI,CHONDI,,
CWLE,CHOWRIGACHA,,
CWN,CHARAWAN,,
CWR,CHOVVARA,,
CWT,CHOWHATTA,,
CXA,CHANDSARA,,
CYI,CHHAYAPURI,,
CYN,CHERIYANAD,,
CYR,BMBY CHARNI RD,,
D,DEULA,,
DAA,DATIA,,
DAB,DHARMABAD,,
DABN,DHABAN,,
DAD,DEVARGUDDA,,
DADN,DR. AMBEDKAR NAGAR,,
DAE,DAHEGAON,,
DAG,DHANG,,
DAJ,DAROJI,,
DAKE,DAKHINESWAR,,
DAL,DALIGANJ JN.,,
DANE,DANRE,,
DAO,DAGHORA,,
DAP,DAGMAGPUR,,
DAPD,DAPODI,,
DAQ,DAUD KHAN,,
DAR,DANWAR,,
DARA,DARA,,
DARI,DHARI JN,,
DAS,DHASA JN,,
DAU,DAGRU,,
DAV,DEVALGAON AUCHR,,
DAVC,DAV COLLEGE (JALALAB,,
DAVJ,D.A.V.C.H. JALANDHER,,
DAVM,DHANU VACHA PURAM HA,,
DAYG,DARIYAGANJ,,
DAZ,DELHI AZADPUR,,
DB,DABHOI JN,,
DBA,DABRA,,
DBB,DHUBRI,,
DBD,DEOBAND,,
DBEC,DEVBALODA CHARODA P.H.,,
DBF,DABPAL,,
DBG,DARBHANGA JN,,
DBHL,DOBH BAHALI,,
DBI,DABLI RATHAN,,
DBL,DODBELE,,
DBLA,DABLA,,
DBLG,DIBOLONG,,
DBLI,DEORA BANDHAULI HALT,,
DBM,DABOLIM,,
DBN,DHABLAN,,
DBNK,DERABABA NANAK,,
DBNR,DIBNAPUR,,
DBO,DABHODA,,
DBP,DEBIPUR,,
DBR,DABHAURA,,
DBRG,DIBRUGARH,,
DBS,DOBBSPET,,
DBSI,DAYABASTI,,
DBT,DAKSHIN BARASAT,,
DBU,DODBALLAPUR,,
DBV,DABILPUR,,
DBW,DUBIA,,
DBY,DIGBOI,,
DBZ,DHING BAZAR,,
DC,MAGUDANCHAVADI,,
DCA,DAMCHARA,,
DCAB,BMY D CABIN,,
DCH,DINHATTA CLGE H,,
DCK,DHANDHUKA,,
DCP,DAL CHAPRA,,
DCU,DAMALCHERUVU,,
DCX,DHANICHHA,,
DD,DAUND JN,,
DDA,DURAUNDHA JN,,
DDC,DUM DUM CANT,,
DDCC,DAUND CHORD LINE,,
DDCE,DUNDI,,
DDD,DHONDHA DIH,,
DDDA,DUDDEDA,,
DDDM,DEEN DAYAL DHAM,,
DDE,DONDAICHA,,
DDGA,DUGDA,,
DDGJ,DEEDAR GANJ,,
DDJ,DUM DUM,,
DDK,DHINDSA,,
DDL,DHANDARI KALAN,,
DDM,DAM DIM,,
DDMT,DARIMETA,,
DDN,DEHRADOON,,
DDNA,DUDHAUNDA,,
DDNI,DUDHNOI,,
DDP,DAUDPUR,,
DDR,DADAR,,
DDU,PT.DEEN DAYAL UPADHYAYA JN,,
DDV,DADHDEVI,,
DDW,DUDWA,,
DDWA,DEEDWANA,,
DDX,DHAMDHAMIA,,
DDY,DUDWINDI,,
DEA,DIARA,,
DEB,DEBAGRAM,,
DEC,DELHI CANTT,,
DED,DANDELI,,
DEE,DELHI SARAI ROHILLA,,
DEEG,DEEG,,
DEG,DELANG,,
DEHR,DEHU ROAD,,
DEIA,DEORIA,,
DELI,DEOLI,,
DELO,DEORAKOT,,
DEMU,DEMU,,
DEO,DEOKALI,,
DEOR,DIYODAR,,
DEOS,DEORIA SADAR,,
DEP,DEPALSAR,,
DEPI,DEENAPATTI,,
DER,DADRI,,
DERN,NEW DADRI JN,,
DES,DESARI,,
DET,DET,,
DEV,DEVARAYI,,
DEW,DEWALGAON,,
DFR,DEOGAN ROAD,,
DG,DINDIGUL JN,,
DGA,DIGHWARA,,
DGB,DINDU G PURAM H,,
DGBH,DIGHA BRIDGE HALT,,
DGBZ,DONGRI BUZURG P.H.,,
DGD,DANGIDHAR,,
DGDG,DURGADA GATE,,
DGF,DHAGARIA,,
DGG,DONGARGARH,,
DGHA,DIGHA,,
DGHL,DIGHAL,,
DGHR,DEOGHAR,,
DGI,DUNGRI,,
DGJ,DUNGAR JN,,
DGLE,DHULIAN GANGA,,
DGN,DONGARGAON,,
DGNH,DARGAON HALT,,
DGNR,DURGANAGAR,,
DGO,DURGAUTI,,
DGPP,DHENGLI PP GOAN,,
DGQ,DUGDOL,,
DGR,DURGAPUR,,
DGS,DAGORI,,
DGU,DIGARU,,
DGW,DHIGAWARA,,
DGX,DAGAON,,
DGZ,DEVIGANJ,,
DH,DIAMOND HARBOUR,,
DHA,DHEENA,,
DHAE,DAINHAT,,
DHBI,DHABAULI HALT,,
DHD,DAHOD,,
DHE,DOBHI,,
DHG,DHRANGADHRA,,
DHH,DINHATA,,
DHI,DHULE,,
DHJ,DHINOJ,,
DHK,DHAKURIA,,
DHKR,DHODA KHEDI,,
DHL,DEVANAHALLI,,
DHMZ,DHOLA MAZRA,,
DHN,DHANBAD JN,,
DHNA,DHACHANA,,
DHND,DHINDA,,
DHNE,DHONE JN,,
DHNR,DHANORA DECCAN,,
DHO,DHAULPUR,,
DHP,DICHPALLI,,
DHPD,DHAPARA DHAM,,
DHPR,DAPPAR,,
DHR,DHARNAODA,,
DHRJ,DHIRGANJ,,
DHRN,DHURANA,,
DHRR,DHIRERA,,
DHRY,DHALPUKHURI,,
DHT,DHAMARA GHAT,,
DHU,DHUBULIA,,
DHW,DHARIWAL,,
DHWN,DANIAWAN,,
DHY,DHARODI,,
DI,DOMBIVLI,,
DIA,DIDWANA,,
DIB,DIBAI,,
DIBL,DHOLI (BHAL),,
DIC,DAHISAR,,
DIG,DUGGIRALA,,
DIGH,,,
DIH,DHARUADIHI,,
DIL,DILAWARNAGAR,,
DIM,DHANSIMLA,,
DING,DING,,
DINR,DIVINE NAGAR HALT (F,,
DIR,DHANAPUR ORISSA,,
DISA,DISA,,
DIT,DOHRIGHAT,,
DIU,DHING,,
DIVA,DIVA,,
DIW,DHILWAN,,
DIWR,DIGWAR HALT,,
DJ,DARJEELING,,
DJA,DAOTUHAJA,,
DJD,DIDARGANJ ROAD,,
DJG,DULIAJAN,,
DJHR,DEOJHAR,,
DJI,DHORAJI,,
DJL,DODJALA H,,
DJR,DOMJUR,,
DJS,DHURANI JWAS HALT,,
DJX,DUNGRIPADI,,
DK,DAKOR,,
DKAE,DANKUNI,,
DKB,DAKSHIN BARI,,
DKBJ,DAHAR KA BALAJI,,
DKC,DEVARKADRA,,
DKD,DONAKONDA,,
DKDE,DANKAUR,,
DKDP,DAKSHIN DURGAPR,,
DKE,DIHAKHO,,
DKGN,DEKARGAON,,
DKGS,DINKAR GRAM SIMARIA,,
DKI,DHARMKUNDI,,
DKJ,DORNAKAL JN,,
DKJR,DHEKIAJULI ROAD,,
DKLU,DOIKALLU,,
DKM,DIKOM,,
DKMN,DEORIA KURHMA NARESH HALT,,
DKN,DEVANGONTHI,,
DKO,DEVAKOTTAI ROAD,,
DKR,DEKPURA HALT,,
DKRA,DHUANKHERI,,
DKRD,DOCKYARD ROAD,,
DKS,DAREKASA,,
DKT,DHULKOT,,
DKU,DUMRI KHURD P.H.,,
DKW,DHANAKWADA,,
DKWA,DOKWA,,
DKX,DUDHWAKHARA,,
DKY,DHOKI,,
DKZ,DELHI KISHANGNJ,,
DL,DALADI,,
DLB,DAULATABAD,,
DLC,DULMERA,,
DLCR,DULLABCHERRA,,
DLD,DALAUDA,,
DLDE,DALDALI,,
DLF,DALAN,,
DLGN,DHALGAON,,
DLI,DELHI JN.,,
DLJ,DHOLA JN,,
DLK,DALKOLHA,,
DLM,DASKALGRAM,,
DLMH,DHAULIMUHAN,,
DLN,DILDARNAGAR JN,,
DLO,DALGAON,,
DLP,DALPATPUR,,
DLPC,DAULATPUR CHAUK,,
DLPH,DAULATPUR HALT,,
DLPI,DELHI INDRAPURI,,
DLPR,DAYALPUR,,
DLPT,DULAKHAPATNA,,
DLQ,DALELNAGAR,,
DLR,DULLAHAPUR,,
DLSR,DALHOGI ROAD,,
DLW,DILWA,,
DLX,DALIMGAON,,
DLZ,DHOLBAJA,,
DMA,DAMODAR JN.,,
DMBR,DUMRI BIHAR(E),,
DMC,DHEMAJI,,
DMD,DHARMADAM,,
DME,DAMNAGAR,,
DMF,DUMERTA,,
DMG,DOMINGARH,,
DMGN,DHAMALGAON,,
DMH,DAURAM MADHPURA,,
DMJR,DOMJUR ROAD,,
DMK,DILMILI,,
DML,DHARAMTUL,,
DMLE,DUMURDAHA,,
DMM,DHARMAVARAM JN,,
DMN,DHAMANGAON,,
DMNJ,DAMAN JODI,,
DMO,DAMOH,,
DMP,DHARAMPUR HIMACHAL,,
DMPR,DHARAMPUR,,
DMR,DHARMANAGAR,,
DMRT,DUMURIPUT,,
DMRX,DUMRI,,
DMSR,DHIMSIRI,,
DMT,DIGUVAMETTA,,
DMU,DHAMUA,,
DMV,DIMAPUR,,
DMW,DALMAU JN,,
DMYA,DAMOY,,
DMZ,DUMDANGI,,
DN,DHANARI,,
DNA,DEGANA JN,,
DNDI,DHONDI,,
DNDL,DANDI MAL,,
DNE,DHAMNI,,
DNEA,DANEA,,
DNGD,DUNGARDA,,
DNGI,DANGARI,,
DNH,DEONAGAR,,
DNHK,DHINDHORA HKMKD,,
DNHL,DHANIAKHALI  HALT,,
DNI,DANSI,,
DNJ,DAUNDAJ,,
DNK,DHANAKYA,,
DNKL,DHENKANAL,,
DNL,DHANOLI P.H.,,
DNM,DHANMANDAL,,
DNN,DINA NAGAR,,
DNQ,DANDKHORA,,
DNR,DANAPUR,,
DNRA,DHANDHERA,,
DNRE,DHANAURI,,
DNRP,DUNGARPUR,,
DNT,DANTAN,,
DNU,DALSANUR,,
DNV,DONKINAVALASA,,
DNW,DANGARWA,,
DNWH,DANIYAWAN BZR H,,
DNWR,DHANWAR,,
DNX,DHANSU,,
DO,DAUSA JUNCTION,,
DOA,DORAHA,,
DOB,DUNDLOD MUKANDGARH,,
DOBH,DEOBAHAL,,
DOC,DAUN KALAN,,
DOD,DHODHAR,,
DODH,DODH,,
DOE,DEORI,,
DOH,DHODRA MOHAR,,
DOI,DOMOHANI,,
DOK,DHOLKA,,
DOKM,DOKRA HALT,,
DOKY,DUKHERI,,
DOL,DHOLI,,
DOLK,DHOLIKUA,,
DOR,DUNDARA,,
DORD,DEO ROAD,,
DOS,DEHRI ON SONE,,
DOT,DHAKIA TIWARI,,
DOTL,DEOTALA,,
DOX,DOHNA,,
DOY,DORNAHALLI,,
DOZ,DAURAI,,
DPA,DURGAPURA,,
DPC,DARLIPUT,,
DPD,DOSAPADU,,
DPDH,DHANPATDIH,,
DPDP,DHAPDHAPI,,
DPE,DEVARAPALLE,,
DPH,DADHAPARA,,
DPI,DODDAMPATTI,,
DPJ,DHARMAPURI,,
DPK,DHOLIPAL,,
DPL,DANAULI PHLWRIA,,
DPLN,DIPLANA,,
DPNR,DEEPNAGAR HALT,,
DPP,DHIRPUR,,
DPR,DHAMPUR,,
DPRA,DHUPDHARA,,
DPS,DANGOAPOSI,,
DPSR,DAPSAURA,,
DPT,DALPAT SINGHPUR,,
DPU,DIPHU,,
DPUR,DEPUR PH,,
DPW,DHAPEWARA,,
DPX,DADPUR,,
DPZ,DEVPURA,,
DQG,DHUPGURI,,
DQL,DHALAIBIL,,
DQN,DHANERA,,
DQR,DABIRPURA,,
DR,DADAR,,
DRA,DULARIA,,
DRB,DEBARI,,
DRBR,DEORAHA BABA RD,,
DRD,DAHANU ROAD,,
DRGM,DEORAGRAM,,
DRGU,DAMRUGHUTU,,
DRH,DHARHARA,,
DRHI,DAGAR KHEDI,,
DRI,DUMRI JUARA,,
DRL,DEROL,,
DRLA,DAURALA,,
DRN,DEORANIAN,,
DRO,DARYAOGONJ,,
DRPH,DEVRI P.H.,,
DRQ,DHARMINIYA,,
DRR,DHARUR,,
DRS,DHARESHWAR,,
DRSN,DHURWASIN,,
DRSV,DHARASHIV,,
DRTP,DASHARATHPUR,,
DRU,KADUR,,
DRV,DARAULI,,
DRWN,DEROWAN,,
DRZ,DALLI RAJHARA,,
DS,DASNA,,
DSA,DELHI SHAHDARA,,
DSB,SADAR BAZAR,,
DSJ,DELHI SAFDARJUNG,,
DSKG,DR SRIKRISHNA SINGH NAGAR GARHPURA,,
DSL,DESWAL,,
DSM,DARASURAM,,
DSME,DASARA,,
DSNI,DAUSNI,,
DSNR,DASHNAGAR,,
DSO,DESHNOK,,
DSPL,DASPALLA,,
DSPN,DESHPRAN PH,,
DSPT,DANISHPET,,
DSR,DHANSIRI,,
DSS,DALSINGH SARAI,,
DST,DASAMPATTI,,
DSVS,D.SAMUDRAVALLI,,
DSX,DESANG,,
DTAE,DHATRIGRAM,,
DTAP,DHATURA ALIPUR P.H.,,
DTC,DITOKCHERRA,,
DTE,DEULTI,,
DTF,DANTLA,,
DTG,DIGNAGAR,,
DTJ,DETROJ,,
DTK,DATTAPUKUR,,
DTL,DARRITOLA,,
DTN,DHAMTAN SAHIB,,
DTO,DALTONGANJ,,
DTP,DIVITIPALLI,,
DTRA,DANTRA,,
DTRD,DIYATRAROAD,,
DTT,DODAANATTA HALT,,
DTV,DHUTRA,,
DTVL,DATIVALI CABIN,,
DTW,DATEWAS,,
DTX,DANGTAL,,
DUA,DHAURA,,
DUAN,DUAN,,
DUB,DABTARA,,
DUBH,DUBAHA,,
DUD,DUDHANI,,
DUE,DUDAHI,,
DUGA,DUGGA,,
DUI,DHURI JN,,
DUJ,DUBRAJPUR,,
DUK,DUDIA,,
DULP,DAULATPUR HRYNA,,
DUM,DHAURMUI JAGHNA,,
DUMK,DUMKA,,
DUMR,DUMRA,,
DUO,DHAURSALAR,,
DUR,DESUR,,
DURE,DUMRAON,,
DURG,DURG,,
DUS,DULRASAR,,
DUSI,DUSI,,
DUT,DUM DUMA TOWN,,
DUTR,DURIATANR HALY,,
DUU,DUPADU,,
DVA,DELVADA,,
DVD,DUVVADA,,
DVG,DAVANGERE,,
DVGM,DEVGAM,,
DVH,DEVI HALT,,
DVJ,DILLI DEWAN GANJ,,
DVL,DEVLALI,,
DVM,DALBHUMGARH,,
DVN,DEVTHANA,,
DVR,DORAVARICHATTRAM,,
DWA,DAILWARA,,
DWD,DHEKVAD,,
DWDI,DIGHWA DUBAULI,,
DWG,DEWANGANJ,,
DWI,DINGWAHI,,
DWJ,DWARKAGANJ,,
DWK,DWARKA,,
DWL,DHUWALA,,
DWLE,DHAUNI,,
DWNA,DIWANA,,
DWO,DOIWALA,,
DWP,DWARAPUDI,,
DWR,DHARWAR,,
DWT,DEWAN HAT,,
DWV,DIWANKHAVATI,,
DWX,DEWAS,,
DWZ,DANTE WARA,,
DXD,DIGOD,,
DXG,DHARANGAON,,
DXH,DUHAI,,
DXK,DHANA KHERLI,,
DXN,DUDDHINAGAR,,
DXR,DIGSAR,,
DXU,DUHRU,,
DY,DUMARIYA,,
DYD,DARYABAD,,
DYE,DAYANAND NAGAR,,
DYK,DUDHIYAKHURD,,
DYP,DARYAPUR,,
DYU,DIYURI,,
DYW,DIYAWAN HALT,,
DZA,DASUYA,,
DZB,DAHINA ZAINABAD,,
DZK,DURGACHAK,,
DZKT,DURGA CHAK TOWN,,
DZL,DHANA LADANPUR,,
DZP,DARAZPUR,,
ED,ERODE JN,,
EDD,EDDULADODDI,,
EDG,EDEN GARDENS,,
EDN,EDAMANN,,
EDP,EDAPALAYAM,,
EDU,ERIODU,,
EE,ELURU,,
EGT,EGATTUR,,
EKC,EKCHARI,,
EKH,EKSARI HALT,,
EKI,EKLAKHI,,
EKL,EKDIL,,
EKM,EKAMBARAKUPPAM,,
EKMA,EKMA,,
EKN,EZHUKONE,,
EKNR,EKTA NAGAR,,
EKR,EKANGARSARAI,,
EL,ELAMANUR,,
ELL,ERALIGU,,
ELM,ELIMALA,,
ELR,ELAVUR,,
ENB,ELLENABAD,,
ENR,ENNORE,,
ERC,ERICH ROAD,,
ERL,ERANIEL,,
ERN,ERNAKULAM TOWN,,
ERS,ERNAKULAM JN,,
ET,ITARSI JN,,
ETAH,ETAH,,
ETK,ETAKKOT,,
ETM,ETTUMANUR,,
ETMD,ETTIMADAI,,
ETP,ETTAPUR ROAD,,
ETR,ELATTUR,,
ETUE,ETMADPUR JN,,
ETW,ETAWAH JN,,
EVA,EDAVAI,,
EZP,EZHUPPUNNA,,
FA,FALNA,,
FAB,FATEHABAD,,
FAH,FATEHA HALT,,
FAN,FATEHNAGAR,,
FAP,FAKHARPUR HALT,,
FAR,FARAH,,
FBD,FARRUKHABAD,,
FBG,FORBESGANJ JN,,
FDB,FARIDABAD,,
FDK,FARIDKOT,,
FDN,FARIDABAD NW TN,,
FGCN,FETEHGARH CHURN,,
FGH,FATEHGARH HRYNA,,
FGR,FATEHGARH,,
FGSB,FATEHGARH SAHIB,,
FK,FEROK,,
FKA,FAZILKA,,
FKB,FAKHRABAD,,
FKG,FURKATING JN,,
FKM,FAKIRAGRAM JN,,
FL,PHULERA,,
FLCK,FAZALCHAK,,
FLD,PHULAD,,
FLK,FALAKATA,,
FLM,FALIMARI,,
FLR,FULESWAR,,
FLU,PHULIA,,
FM,FALAKNUMA,,
FN,FARUKHNAGAR,,
FNB,FATEHNAGAR BRIDGE,,
FNO,FANGO,,
FPAW,FATEHPUR ATWA HALT,,
FPMP,FATEHPUR MAKRANDPUR,,
FPS,FATEHPUR-SHEKHAWATI,,
FRD,FARHEDI,,
FRDH,FARIDAHA,,
FRH,FARHATNAGAR,,
FSG,PHURSUNGI,,
FSP,FATEH SINGHPURA,,
FSR,FAQARSAR,,
FSW,FATEH SINGHWALA,,
FTC,FATEHPUR CHURSI,,
FTD,FATEHABAD CH. JN,,
FTG,FURSATGANJ,,
FTH,FATUHI,,
FTP,FATEHPUR,,
FTS,FATEHPUR SIKRI,,
FUT,FATUHA,,
FYZ,FAIZULLAPUR,,
FZD,FIROZABAD,,
FZGH,FEROZGUDA HALT,,
FZL,FAZALPUR,,
FZP,FIROZPUR CITY,,
FZR,FIROZPUR CANT,,
G,GONDIA JN,,
GA,GUDHA,,
GAA,GALAN,,
GAD,GEVRA ROAD,,
GADH,GOALDIH,,
GADJ,GANDHINAGAR JAIPUR,,
GADM,GANGA DHAM,,
GAE,GAIPURA,,
GAG,GANGAGHAT,,
GAGA,GALGALIA,,
GAH,GAWNAHA,,
GAI,GAUCHHARI,,
GAJ,GANESHGANJ,,
GAJB,GAJARA BAHARA,,
GAJU,GAJU HALT,,
GAL,GHATLA,,
GALE,GANKAR,,
GAM,GANJAM,,
GAMI,GOGAMERI,,
GANG,GANGAGANJ,,
GANL,GHANAULI,,
GAO,GAIGAON,,
GAP,GURPA,,
GAQ,GANJ KHAWAJA,,
GAR,GADARWARA,,
GARA,GARHA,,
GATD,GAUTAMDHARA,,
GATL,GATL,,
GAUR,GAUR,,
GAW,GAINJAHWA,,
GAYA,GAYA JN,,
GB,GAURI BAZAR,,
GBA,GARBETA,,
GBB,GUBBI,,
GBD,GAURIBIDANUR,,
GBE,GAYABARI,,
GBG,GOBARDANGA,,
GBHA,GAROBIGHA HALT,,
GBK,GOPALPUR BALKDA,,
GBN,GARH BANAILI,,
GBP,GULABPURA,,
GBPM,GADHI BERI,,
GBQ,GODBHAGA,,
GBRA,GOBRA,,
GBRI,GOBARWAHI,,
GBX,GOVINDPUR ROAD,,
GC,GHAT KOPAR,,
GCAB,BMY G CABIN,,
GCH,GACHHIPURA,,
GCN,GOCHARAN,,
GCT,GHAZIPUR CITY,,
GD,GONDA JN,,
GDA,GODHRA JN,,
GDB,GIDDARBAHA,,
GDBR,GOONDA (BIHAR),,
GDD,GADRA ROAD,,
GDE,GARLADINNE,,
GDG,GADAG JN,,
GDGN,GAUDGAON,,
GDH,GIDNAHALI,,
GDHA,GODHA,,
GDI,GUDGERI,,
GDK,GONDA KACHAHRI,,
GDKP,GHUNDANKHAPA,,
GDL,GONDAL,,
GDM,GUDMA,,
GDN,GANGAIKONDAN,,
GDO,GOVERDHAN,,
GDP,GUDUPULLI,,
GDPL,GUNDLA POCHAMPALLI,,
GDQ,GODAMGURA,,
GDR,GUDUR JN,,
GDRA,GANGADHARA,,
GDU,GUDRU HALT,,
GDV,GUDIVADA JN,,
GDW,GADHWALA,,
GDX,GHOKSADANGA,,
GDY,GUINDY,,
GDYA,GHORADONGRI,,
GDZ,GUNDARDEHI,,
GEA,GHATERA,,
GEB,GARH BARUARI,,
GEBL,GOREBAL,,
GED,GULEDAGUDDA RD,,
GEDE,GEDE,,
GEG,GIR GADHARA,,
GEK,GEGAL AKHRI,,
GELA,GHADELA HALT,,
GEOR,GUNJARIA,,
GER,GERATPUR,,
GFAE,GARIFA,,
GG,GANDHIGRAM,,
GGA,GHOGA,,
GGAR,GANGADHRA,,
GGB,GARHMUKTESAR BR,,
GGC,GANGAPUR CITY JN,,
GGD,GULLAGUDA,,
GGG,GANGAGARH HALT,,
GGGS,GARHA GOODS SHED,,
GGH,GHOGARDIHA,,
GGJ,GOSHAINGANJ,,
GGKR,GOVINDGARH KHKR,,
GGLE,GANGATIKURI,,
GGN,GURGAON,,
GGO,GORAM GHAT,,
GGP,GANGNAPUR,,
GGR,GANGRAR,,
GGSY,GANGA SAHAI HALT,,
GGT,GHUNGHUTI,,
GGTA,GHORAGHATA,,
GGV,GHOVARASH GHONA,,
GGVT,GANGAVATHI,,
GGWA,GANGWARA HALT,,
GGY,GAGARIYA,,
GH,GHUGHULI,,
GHA,GOLEHWALA,,
GHAA,GHAGHRA,,
GHAI,GHATIGAON,,
GHB,GAHRI BHAGI,,
GHD,GARWA ROAD JN,,
GHDA,GHOLBAGDA,,
GHE,GHEVRA,,
GHG,GHAGGHAR,,
GHGL,GHAGWAL,,
GHH,GARHI HARSARU,,
GHJ,GURSAHAIGANJ,,
GHL,GOLHALLI,,
GHLE,GADADHARPUR,,
GHLU,GHALLU,,
GHN,GHORPARAN,,
GHNA,GOHANA,,
GHNH,GHANTIKHAL NDPR,,
GHPU,GANDHIPURAM HALT,,
GHQ,GARHWA,,
GHR,GIDHAUR,,
GHRI,GHORI HALT,,
GHS,GURU HARSAHAI,,
GHSR,GHASARA HALT,,
GHT,GHAGHARA GHAT,,
GHUM,,,
GHX,GARHARA,,
GHY,GUWAHATI,,
GI,GUDUVANCHERI,,
GIA,GARIA,,
GIBP,GHOGI BARIARPUR,,
GID,GIDDALUR,,
GIF,GANI DHAM HALT,,
GIG,GOHRIGAON HALT,,
GIHT,GAIGHAT HALT,,
GII,GIDHNI,,
GIL,GAISAL,,
GILA,GHIALA,,
GILL,GILL,,
GIMB,GANDHIDHAM BG,,
GIN,GINIGERA,,
GIO,GORIYAN,,
GIR,GAINSARI JN,,
GIZ,GIDAM,,
GJ,GANGAJHARI,,
GJD,GUJHANDI,,
GJH,GOLDINGANJ,,
GJJ,GAJJELAKONDA,,
GJL,GAJRAULA JN,,
GJMB,GANJMURADABAD,,
GJN,GAJNER,,
GJS,GAJSINGHPUR,,
GJT,GANNAGHATTA,,
GJTA,GURUDIJHATIA,,
GJUT,GANGSAR JAITU,,
GJW,GAJUWALA,,
GJWL,GAJWEL,,
GK,GK,,
GKA,GOKHULA,,
GKB,GHATAKA VARANA,,
GKC,GORAKHPUR CANT,,
GKD,GADHAKDA,,
GKG,GOKULGARH,,
GKH,GUSKARA,,
GKHT,GRAM KHARIKA HALT,,
GKJ,GOLAKGANJ JN,,
GKK,GOKAK ROAD,,
GKL,GOKULPUR,,
GKM,GUNDALUKAMMA,,
GKP,GORAKHPUR JN,,
GKT,GANKHERA HALT,,
GKV,GOOTIHALLI,,
GKX,GHAI KALAN,,
GLA,GARLA,,
GLBA,GOLABAI,,
GLBN,GUJRAN BALWA,,
GLG,GULABHGANJ,,
GLGT,GOLAGHAT,,
GLH,GULAOTHI,,
GLI,GALSI,,
GLKN,GUGALWA KIRTAN,,
GLMA,GULMA,,
GLNA,GULANA,,
GLP,GOLLAPROLU,,
GLPT,GOALPARA TOWN,,
GLTA,GEHLOTA,,
GLU,GULLIPADU,,
GLY,GOLLAPALLI,,
GM,GARMADI,,
GMAN,GUMANI,,
GMD,GURAMKHEDI,,
GMDA,GUMADA,,
GMDN,GIRIMAIDAN,,
GMDP,GRAMDADPUR,,
GMG,GUMGAON,,
GMGM,GOMANGALAM,,
GMH,GAMHARIA,,
GMI,GOND UMRI,,
GMIA,GUMIA,,
GMM,GUMMAN,,
GMO,NSC BOSE J GOMO,,
GMR,GAHMAR,,
GMS,GARHMUKTESAR,,
GMTO,GUMTO,,
GMU,GAURIYAMAU,,
GMX,GURMURA,,
GN,GOPAL NAGAR,,
GNA,GONEANA,,
GNB,JNANA BHARATI HALT,,
GNBA,GAON BARODA,,
GNC,GANDHINAGAR CAPITAL,,
GND,GOVINDGARH MALIKPUR,,
GNDM,BAHUARA HALT,,
GNG,GAURIGANJ,,
GNGD,GANGADHARPUR,,
GNGL,GANGAULI,,
GNGT,GANGATOLA,,
GNH,GANGAKHER,,
GNHI,GANDHI HALT,,
GNJ,GUNJI,,
GNJB,GOPINATHJEW BANIKUNDA PH,,
GNJP,GOKULNAGAR JOYPUR,,
GNK,GARHNOKHA,,
GNL,GONGLE,,
GNN,GANGINENI,,
GNNA,GANGANIYAN,,
GNND,JNANDAS KANDRA,,
GNO,GOREGAON ROAD,,
GNP,GHANPUR,,
GNPR,GUNUPUR,,
GNQ,GODHANI,,
GNR,GADIGANURU,,
GNRL,GANGRAUL HALT,,
GNS,GHONSOR,,
GNSL,GHANSOLI,,
GNST,GANDHI SMRITI,,
GNT,GUNTUR JN,,
GNTR,GAUNTRA HALT,,
GNU,GANAUR,,
GNV,GANDEVI,,
GNVR,GONDWANAVISAPUR,,
GNW,GANGIWARA,,
GNWA,GHUNWARA,,
GO,GHOTI,,
GOA,GOHAD ROAD,,
GOC,PONMALAI,,
GOD,GIDARPINDI,,
GODA,GODDA,,
GOE,GHOGRAPAR,,
GOF,GHUTIARI SHARIF,,
GOG,GHORGHAT,,
GOGH,GOSSAIGAON HAT,,
GOGT,GOGHAT,,
GOH,GAROT,,
GOK,GOKARNA ROAD,,
GOL,GOILKERA,,
GOLE,GOLE,,
GOM,GOGAMUKH,,
GOP,GOP JAM,,
GOPG,GOPALGANJ,,
GOR,GOPINATHPUR,,
GOS,GHOSRANA,,
GOT,GOT,,
GOTN,GOTAN,,
GOVR,GOVINDNAGAR,,
GOX,GOBINDPUR DUGLI,,
GOY,GOVINDPURI,,
GOZ,GOLSAR,,
GP,RAJ GANGPUR,,
GPAE,GUPTIPARA,,
GPB,GHATPRABHA,,
GPBN,GANDHI PARK BODHAN,,
GPC,GHATPINDRAI,,
GPD,GUMMIDIPUNDI,,
GPE,GOGIPOTHIA HALT,,
GPH,GARPOS,,
GPI,GAJAPATINAGARAM,,
GPJ,GORAPUR,,
GPLG,GOPALPURGRAM,,
GPNB,GOPINATHPUR NILGIRI,,
GPSA,GHATPARSIA HALT,,
GPSL,GOKULPUR SABOLI HALT,,
GPU,GULAPALYAMU,,
GPX,GAUTAMPURA ROAD,,
GPY,GANGAYAPALLE,,
GPZ,GOHPUR,,
GQD,GOURDAHA (HALT),,
GQL,GURLA JN,,
GQN,GARHANI,,
GRA,GHARAUNDA,,
GRAE,GURAP,,
GRAK,GARKHA,,
GRB,GARH DHRUBBESWAR,,
GRBH,GAREA BIHAR,,
GRBL,GARUDUBILLI,,
GRCP,G RAMCHANDRAPUR PH,,
GRD,GIRIDIH,,
GRE,GOLA ROAD,,
GRF,GAMBHIRI ROAD,,
GRG,GUWARIGHAT,,
GRH,GHORASAHAN,,
GRHI,GARHI,,
GRHM,GIR HADMATIYA,,
GRHX,GARRA,,
GRI,GURIYA,,
GRJ,GATRA HALT,,
GRKA,GURHA KEMLA,,
GRKN,GORAKHNATH,,
GRL,GORAUL,,
GRM,GARHMAU,,
GRMA,GHORMARA,,
GRMP,GANGA RAMPUR,,
GRMR,GARHI MANIKPUR,,
GRN,GURNAY,,
GRNA,GURHANWA,,
GRO,GURRA,,
GRP,GANGPUR,,
GRR,GORPHAR,,
GRRG,GURLI RAMGARHWA,,
GRRU,GURARU,,
GRU,GAROPARA,,
GRWD,GHORAWADI,,
GRX,GAURA,,
GRY,GORAYA,,
GRZ,GURTHURI,,
GS,GODHANESHWAR,,
GSA,GUAGACHHA,,
GSB,GARNA SAHIB,,
GSD,GHOSUNDA,,
GSDH,GARSANDA HALT,,
GSGB,GOSAINGRAM,,
GSGJ,GHAUSGANJ,,
GSI,GHOSI,,
GSK,GHUSIA KALAN HALT,,
GSL,GODAPEASAL,,
GSO,GHASO,,
GSP,GURDASPUR,,
GSPR,GOSALPUR,,
GSPU,GAUSPUR HALT,,
GSQ,GUIR SARANGA,,
GSR,GARHSHANKAR,,
GSRM,GAURI SRIRAM,,
GSW,GURSAR SHNEWALA,,
GSX,GANDHI SMRAK RD,,
GT,GHATKESAR,,
GTA,GOLANTHRA,,
GTBN,GURU T B NAGAR,,
GTD,GOURINATHDHAM,,
GTE,GOTHAJ,,
GTF,GUMTHAL,,
GTHT,GHATARO HALT,,
GTI,GHUTAI,,
GTJT,GETOR JAGATPURA,,
GTK,GHUTKU,,
GTL,GUNTAKAL JN,,
GTLM,GOTLAM,,
GTM,GHATAMPUR,,
GTNR,GOMTI NAGAR,,
GTP,GHATPURI,,
GTQ,GUMTALI HALT,,
GTR,BOMBAY GRNT RD,,
GTRA,GOTRA HALT,,
GTS,GHATSILA,,
GTST,GAUTAMSTHAN,,
GTT,GOMTA,,
GTU,GHAT NANDUR,,
GTW,GATORA,,
GTX,GOTHANGAM,,
GTY,GOLA PATI,,
GUA,GUA,,
GUB,GULARBHOJ,,
GUD,GALUDIH,,
GUDM,GUDUM P.H.,,
GUG,GARH JAIPUR,,
GUH,GULDHAR,,
GUJ,GUNJA,,
GUK,GUNTAKONDURU,,
GULR,GULER,,
GUMA,GUMA,,
GUMI,GORUMAHISANI,,
GUNA,GUNA,,
GUNS,GHUNAS,,
GUP,GAURIPUR,,
GUR,GANAGAPUR ROAD,,
GURN,GURUDAS NAGAR,,
GUU,GUNDRATIMADUGU,,
GUV,GURUVAYUR,,
GUZ,GUMANI HAT,,
GV,GOVANDAI,,
GVA,GANGUVADA PH,,
GVB,GUNERU BAMORI,,
GVD,GHOLVAD,,
GVDP,GOVINDPUR PH,,
GVG,GOVINDGARH,,
GVH,GOVIND GARH,,
GVI,GARIVIDI,,
GVL,GUDLAVALLERU,,
GVMR,GOVINDI MARWAR,,
GVN,GODAVARI,,
GVR,GORESWAR,,
GW,GIRWAR,,
GWA,GANJ DUNDWARA,,
GWD,GADWAL,,
GWH,GHOSHAWAR,,
GWL,GWALIOR JN,,
GWM,GANNAVARAM,,
GWP,GANGAWAPUR HALT,,
GWS,GAUSHALA,,
GWSB,GOINDWAL SAHIB,,
GWV,GOWDAVALLI,,
GWYR,GREENWAYS ROAD,,
GXG,GEONG,,
GY,GOOTY,,
GYF,GOOTY FORT,,
GYL,GHARYALA,,
GYM,GUDIYATTAM,,
GYN,GYANPUR ROAD,,
GZA,GURUJALAS,,
GZB,GHAZIABAD,,
GZH,GULZARBAGH,,
GZKA,GAZIKA,,
GZL,GAZULAPALLI,,
GZM,GOUR MALDA,,
GZN,NAYA GHAZIABAD,,
GZO,GAZOLE,,
GZS,GZ SANDHWAN,,
GZT,GHAZIPUR GHAT,,
HA,HARGAON,,
HAA,HARWADA,,
HAB,BAH,,
HAD,HARIPAD,,
HAG,HALLIGUDI,,
HAH,HOSA AGRAHARA,,
HAM,HAMIRHATI,,
HAN,HINDAUN CITY,,
HAPA,HAPA,,
HAPR,HANAMAPUR,,
HAQ,HASTAVARAMU,,
HAR,HAMIRPUR ROAD,,
HAS,HASSAN,,
HAT,HATHURAN,,
HATB,HATIBARI,,
HATI,HATI,,
HAUR,HAUR,,
HB,HABRA,,
HBB,HENDLASO BHOKTA BAGICHA,,
HBE,HABIBPUR,,
HBF,HADOBHANGI,,
HBI,HGRIBOMANAHALLI,,
HBL,HOMBAL,,
HBLN,HBL NAGAR,,
HBN,HAIBARGAON,,
HBP,HARPAR BOCHAHA,,
HBS,HEBSUR,,
HBSH,HASAN BAZAR STATION HALT,,
HBU,HALBARGA,,
HBW,HABIBWALA,,
HC,HINDU COLLEGE,,
HCM,HRSCHNDRAPURAM,,
HCNR,HARI CHANDANPUR,,
HCP,HARCHANDPUR,,
HCR,HARISCHANDRPUR,,
HD,HARDA,,
HDA,HIRNODA,,
HDB,HALDIBARI,,
HDC,HARISHDADPUR  PH,,
HDD,HADDINAGUNDU,,
HDE,HARDAS BIGHA,,
HDGR,HADGAON ROAD,,
HDK,HANDIA KHAS,,
HDL,HODAL,,
HDM,HIRDAMALI,,
HDN,HAIDARNAGAR,,
HDP,HADAPSAR,,
HDS,HARIDASPUR,,
HDT,HARDATTPUR,,
HDU,HARDUA,,
HDW,HALDWANI,,
HDWL,HARDORAWAL,,
HEB,HEBBAL,,
HEI,HEGGERE HALT,,
HEM,HIMAYATNAGAR,,
HEN,HENRIA PH,,
HER,HER,,
HET,HETAMPUR,,
HFZ,HAFIZPET,,
HG,HOTGI,,
HGA,HOGLA,,
HGH,HAIDERGARH,,
HGI,HAGARI,,
HGJ,HARDUAGANJ,,
HGL,HARANGUL,,
HGR,HIMGIR,,
HGT,HINGANGHAT,,
HGY,HOOGHLY,,
HHD,HUNSIHADGIL,,
HHG,HEHEGARA HALT(E),,
HHL,HIREHALI,,
HHP,HARISHPUR,,
HHR,HRIDAYPUR,,
HHT,HABANGHATA,,
HIH,HAJIGARH,,
HIJ,HIJLI,,
HIKD,HALLIKHED K,,
HIL,HILSA,,
HIND,HIND,,
HIP,HALDIPADA,,
HIR,HARINAGAR,,
HIS,HISUA,,
HISE,HIRISAVE,,
HJI,HOJAI,,
HJL,HEJJALA,,
HJLI,HUGRAJULI,,
HJP,HAJIPUR JN,,
HK,HELAK,,
HKD,HAILAKANDI,,
HKG,HIRAKUD,,
HKH,HARANYA KHERI,,
HKL,HARKIA KHAL,,
HKP,HAKIMPUR,,
HLAR,HOLE ALUR,,
HLB,HADALA BHAL,,
HLD,HALUDPUKUR,,
HLDD,HALDI ROAD,,
HLDR,HALDAUR,,
HLE,HEELALIGE,,
HLG,HILLIGROVE,,
HLK,HOLALKERE,,
HLKH,HALLIKHED,,
HLN,HOLE NARSIPUR,,
HLP,HALDHARPUR,,
HLR,HALISAHAR,,
HLV,HALIYURU,,
HLW,HIRNAWALI,,
HLX,HILARA,,
HLZ,HALDIA,,
HM,HADMATIYA JN,,
HMA,HUMMA,,
HMBD,HUMNABAD,,
HME,HAMRE,,
HMG,HAMIRGARH,,
HMH,HANUMANGARH JN,,
HMI,HIMMATANA,,
HMK,HINDUMALKOTE,,
HML,HELEM,,
HMO,HANUMANGARHTOWN,,
HMP,HEMPUR,,
HMPR,HURMUJPUR HALT,,
HMQ,HIMMATPURA,,
HMR,HAMIRA,,
HMRR,HAMARAPUR,,
HMT,HIMMATNAGAR,,
HMY,HARMUTI,,
HMZ,HIND MOTOR,,
HN,HATHBANDH,,
HNA,HONNAVAR,,
HNB,HASANABAD,,
HND,HINDOL ROAD,,
HNDR,HENDEGIR,,
HNG,HIRANGAON,,
HNH,HANUMANAHALLI,,
HNHL,HARNAHALLI,,
HNK,HANAKERE,,
HNL,HINGOLI DECCAN,,
HNM,HINAUTARAMBAN,,
HNMN,HANUMAN STATION,,
HNN,HARANA KALAN,,
HNPA,HANDAPA,,
HNR,HANSARA,,
HNS,HANSI,,
HNSL,HASLANG P.H.,,
HOD,HALDITA BIHAR,,
HOH,HONAGANAHALLI,,
HOJ,HAMITONGANJ,,
HOL,HOL,,
HP,HARIPUR,,
HPA,HAMPAPURA,,
HPG,HUPPUGUDA,,
HPGM,HARIPUR GRAM,,
HPH,HANUMAPURA,,
HPHI,HARAPANAHALLI,,
HPI,HARPATTI HALT,,
HPKA,HINOTIA PIPALKHERA,,
HPL,HARIPAL,,
HPLE,HATPURAINI,,
HPM,HAMPAPATNAM,,
HPO,HASANPUR ROAD JN,,
HPP,HARPALPUR,,
HPR,HIRAPUR,,
HPRD,HAPA ROAD,,
HPT,HOSAPETE JN,,
HPU,HAPUR,,
HPUR,HAMRAPUR,,
HQR,HIRENANDURU,,
HR,HARPALU,,
HRB,HARRI,,
HRBR,HARUBERA,,
HRDR,HARSAR DEHRI,,
HRE,HIRODIH,,
HRF,HARHRAS QILAH,,
HRG,HIRDAGARH,,
HRGR,HARNAGAR,,
HRH,HARTHALA,,
HRI,HARDOI,,
HRLI,HARLAYA,,
HRLT,HARLATANR,,
HRM,HADMADIYA,,
HRN,HARAUNI,,
HRNG,HARPUR NAG(HALT),,
HRNR,HIRA NAGAR,,
HRNS,HARISING,,
HRO,HARUA ROAD,,
HRPG,HARPALGANJ,,
HRR,HARIHAR,,
HRS,HATHRAS JN,,
HRSB,HILLAR SHAHABAD HALT,,
HRSG,HARSINGRA HALT,,
HRSN,HARISINGA,,
HRSR,HARISH NAGAR HALT,,
HRT,HARNAUT,,
HRTK,,,
HRV,HARRAD,,
HRW,HARRAWALA,,
HSA,HASIMARA,,
HSB,HASANBAZAR HALT,,
HSD,HOSDURGA ROAD,,
HSDA,HANSDIHA,,
HSI,HARSAULI,,
HSK,HARISHANKER RD,,
HSP,HASANPARTI ROAD,,
HSQ,HUSAINPUR,,
HSR,HISAR,,
HSRA,HOSUR,,
HSWS,HANSIAWAS,,
HSX,HOSHIARPUR,,
HSY,HARSINGPUR GOBA,,
HT,HOTAR,,
HTC,HATHRAS CITY,,
HTCY,HIGH TECH CITY,,
HTD,HATUNDI,,
HTE,HATIA,,
HTGR,HATHIGADH,,
HTJ,HATHRAS ROAD,,
HTK,HATKANANGALE,,
HTL,HATIKHALI,,
HTLA,HATOLA,,
HTN,HATNA PUR,,
HTNL,HITNAL,,
HTT,HATRA ROAD,,
HTW,HATHUA,,
HTZ,HATHIDAH JN,,
HTZU,HATHIDAH JN UPPER,,
HUD,HUDUKULA,,
HUDU,HUNDUR HALT,,
HUFP,HARAULI FATEHPUR,,
HUK,HOLAMBI KALAN,,
HUN,HUNSENAHALLI,,
HUP,HINDUPUR,,
HVD,HALVAD,,
HVL,HONNAVALLI RD,,
HVR,HAVERI,,
HW,HARIDWAR,,
HWH,HOWRAH JN,,
HWR,HATWAR,,
HWT,HANWANT,,
HWX,HABAIPUR,,
HX,CUDDAPAH,,
HYA,HADIAYA,,
HYB,HYDERABAD,,
HYG,HOOGHLY GHAT,,
HYL,HADYAL,,
HYT,HAYAGHAT,,
HZBN,HAZARIBAGH TOWN,,
HZD,HAZARIBAGH RD,,
HZR,HAFIZPUR,,
IAA,INDARA JN,,
IAM,MAI HALT,,
IB,IB,,
IBL,INDRABIL,,
ICG,ICHCHANGADU,,
ICGH,ICHANGADU HALT,,
ICL,ICHAULI,,
IDAR,,,
IDG,INDARGARH,,
IDGJ,IRADATGANJ,,
IDH,IDGAH AGRA JN,,
IDJ,IDALHOND,,
IDL,INDALVAI,,
IDM,INDEMAU,,
IDP,INDUPALLI,,
IDR,INDI ROAD,,
IDS,ISHARDASPUR,,
IDT,SIDLAGHATTA,,
IGL,IRINGAL,,
IGP,IGATPURI,,
IGR,INGUR,,
IGRL,INGORALA,,
IGTA,INGOHTA,,
IGU,IRUGUR,,
IHP,INCHHAPURI,,
IJ,ITAUNJA,,
IJK,IRINJALAKUDA,,
IK,IKRAN,,
IKI,ITIKYALA,,
IKK,IKKAR,,
IKR,IKLEHRA,,
IKRA,IKRA JN,,
ILA,SILAIMAN,,
ILO,ILLOO,,
IMAM,IMAMPURAM,,
IMBG,IMLIBHAGA HALT,,
IMGE,ISMAILPUR,,
IMLI,IMLI,,
IMR,IBRAHIMPUR,,
INCI,ISHAN CHANDI HALT,,
INDB,INDORE JN,,
INDR,INDRANAGAR,,
INJ,INNANJE,,
INK,INTAKANNE,,
INP,INDAPUR,,
INS,INDAS,,
IP,ICHHAPUR,,
IPG,IPPUGUDA,,
IPL,IDAPALLI,,
IPM,ICHCHPURAM,,
IPPM,IPURUPALEM,,
IPR,ISLAMPUR,,
IPRA,ISLAMPARA HALT,,
IQB,IQBALPUR,,
IQG,IQBAL GADH,,
IRA,ISRANA,,
IRN,IRGAON,,
IRP,IRAVIPURAM,,
ISA,ISARDA,,
ISH,ISARWARA,,
ISHN,ISHANAGAR,,
ISM,ISMAILA HARYANA,,
ISRI,ISHAPUR KHERI HALT,,
ITA,ITOLA,,
ITE,INTIYATHOK,,
ITKY,ITKY,,
IZN,IZZATNAGAR JN,,
J,JALNA,,
JA,JALIYA,,
JAA,JHALIDA,,
JAB,YAMUNA BRIDGE JN,,
JAC,JALSU,,
JACN,JALSU NANAK,,
JAG,JALALGARH,,
JAIS,JAIS,,
JAJ,JHAJHA,,
JAKA,JUNAKHERA,,
JAL,JAWALI,,
JALD,JALIYA DEVANI,,
JAM,JAMNAGAR,,
JAMA,JAMA,,
JAN,JARANGDIH,,
JAO,JAORA,,
JAPN,JHALRAPATAN,,
JAQ,JANDRAPETA,,
JAR,JUNAIR HALT,,
JARI,JARI,,
JASH,JORASHANKH HALT,,
JAT,JAMMUTAVI,,
JATP,JAITPURA,,
JAU,JHAUA,,
JAUA,JAMUA,,
JBB,JAMBUR,,
JBD,JALLALABD,,
JBG,JUNG BAHADURGNJ,,
JBGD,JABBALGUDDA,,
JBK,JAGGAMBHOTLA KRISHNAPURAM,,
JBN,JOGBANI,,
JBO,JAMADOBA PH,,
JBP,JABALPUR,,
JBR,JAHANGIRABAD RJ,,
JBS,JADOLI KA BAS,,
JBU,JAABUGAM,,
JBW,JHABELWALI,,
JBX,JABRI,,
JCH,JETHA CHANDAN,,
JCL,JADCHERLA,,
JCN,JUNICHAVAND,,
JCNR,JUCHANDRA,,
JCU,JAICHOLI,,
JCY,JIND CITY,,
JDA,JASODA,,
JDB,JAGDALPUR,,
JDD,JERTHI DADHIA,,
JDDA,JETHA,,
JDGP,JAMALDAHA GOPALPUR,,
JDH,JAM JODHPUR JN,,
JDHH,JANDHERA HALT,,
JDI,JHARRADIH,,
JDL,JAGDEVWALA,,
JDN,JAGUDAN,,
JDNX,JOGINDER NAGAR,,
JDP,JADABPUR,,
JDPR,ORO,,
JDPT,JAGDISHPUR,,
JDR,JIWDHARA,,
JDW,JARUDA NARAA,,
JEA,NAKAHA JUNGLE,,
JEN,JENAPUR,,
JEP,JEONATHPUR,,
JER,JALESWAR,,
JES,JAITSAR,,
JET,SECBAD JAMES ST,,
JEUR,JEUR,,
JFD,JIADHAL,,
JGA,JOGIARA,,
JGBR,JOGESHWAR BIHAR,,
JGD,JAGADISHPUR,,
JGDL,JAGADAL,,
JGE,JGNTH TMPL GTE,,
JGF,JOGIDIH,,
JGG,JANGIGANJ,,
JGJ,JAGESHARGANJ,,
JGJN,JUGIJAN,,
JGKS,JIGNI KHAS,,
JGLP,JATINGA LUMPUR,,
JGM,JHARGRAM,,
JGN,JAGRAON,,
JGNR,JOGENDRA NAGAR,,
JGP,JALALPUR,,
JGR,JASWANTNAGAR,,
JGW,JOGIWALA,,
JGWL,JAGJIVAN HALT,,
JGZ,JAMGOAON HALT,,
JHA,JAKHAURA,,
JHBN,JMTPUR BAHARAN,,
JHD,JEHANABAD,,
JHDC,JAHANBAD COURT,,
JHG,JHINGURA,,
JHH,JHALRA,,
JHIR,JHIR,,
JHJ,JHAJJAR,,
JHK,JETHUKE,,
JHL,JAKHAL JN,,
JHMR,JHIMRI,,
JHN,JAKHIM,,
JHT,JUNEHTA,,
JHW,JHALAWAR ROAD,,
JHWR,JHAWAR,,
JI,JHUSI,,
JIA,JIGNA,,
JIBI,JOLAIBARI,,
JID,JAGI ROAD,,
JIGT,JIRIGHAT,,
JIL,JALILA ROAD,,
JIND,JIND JN,,
JIR,JIRA ROAD,,
JIT,JIRAT,,
JITE,JITE,,
JJ,JAJAU,,
JJA,JAJAN PATTI,,
JJBR,JHANJHARPUR BAZAR HA,,
JJG,JIAGANJ,,
JJJ,JAIJON DOABA,,
JJK,JHINJHAK,,
JJKR,JAJPUR K ROAD,,
JJN,JHUNJHUNU,,
JJP,JHANJHARPUR,,
JJR,JEJURI,,
JJT,JAI JAI WANTI,,
JJTI,JHANJHITOLI HALT,,
JJW,JOJWA,,
JK,JAKOLARI,,
JKA,JAKHVADA,,
JKAR,JAKLAIR,,
JKB,JAKHALABANDHA,,
JKDK,JHARKHAND DHAM,,
JKDP,JANKIDAIPUR,,
JKE,JUKEHI,,
JKH,JAHANIKHERA,,
JKHI,JAKHOD KHERA,,
JKI,KAURIAA JUNGLE,,
JKL,JALALKHALI HALT,,
JKM,JANKAMPET JN,,
JKN,JAKHANIAN,,
JKNI,JHARKHANDI,,
JKO,JAKKALACHERUVU,,
JKP,JHAREKAPUR,,
JKPR,JAKHAPURA,,
JKR,JAULKHERA,,
JKS,JAKSI,,
JKT,JEKOT,,
JKZ,JITAKHERI,,
JL,JALGAON JN,,
JLBR,JHALLURBAR,,
JLD,JARWAL ROAD,,
JLF,JULMI,,
JLG,JULGAON DECCAN,,
JLHI,JHILAHI,,
JLI,JALASI PH,,
JLL,JALALGANJ,,
JLLO,JHILO,,
JLM,JALIYA MATH,,
JLN,JAKHALAUN,,
JLPH,JALALPUR HALT,,
JLQ,JALPUR,,
JLR,JETALSAR JN,,
JLS,JALESAR ROAD,,
JLT,JHAMAT,,
JLW,JHALWARA,,
JLWC,JHALAWAR CITY,,
JLY,JHILMILI,,
JM,JALAMB JN,,
JMA,JAMURIA,,
JMBL,JAMBHALI  HALT,,
JMD,JAMDHA,,
JMDG,JAMMALAMADUGU,,
JME,JAMSHER KHAS,,
JMG,JAMGA,,
JMI,JAMGURI,,
JMIR,JAMIRA HALT,,
JMK,JAMUNAMUKH,,
JMKR,JAWLMUKHI ROAD,,
JMKT,JAMIKUNTA,,
JML,JUMNAL,,
JMM,JAIMURTINAGAR,,
JMN,JAMUAWAN,,
JMP,JAMALPUR JN,,
JMPT,JIMIDIPETA,,
JMQ,JAMIRGHATA,,
JMRA,JAMIRA,,
JMS,JAMSAR,,
JMT,JAMTARA,,
JMU,JAMUI,,
JMV,JAMBARA,,
JNA,JULANA,,
JND,JUNAGADH JN,,
JNE,JANIYANA,,
JNH,JANGHAI JN,,
JNJ,JUI NAGAR,,
JNK,JHINKPANI,,
JNKR,JANAKINAGAR,,
JNL,JANDIALA,,
JNM,JAYNGR MAJLIPUR,,
JNN,JAMUNIATANR HALT (E),,
JNNA,JAMUNIATANR HALT (FOR SHCDDULE),,
JNO,JUNNOR DEO,,
JNP,JAGAN NATHAPUR,,
JNR,JANAKPUR ROAD,,
JNRD,JUNAGARH ROAD,,
JNRI,JALANDARI,,
JNT,JAINTIPURA,,
JNTR,JINTI ROAD,,
JNU,JAUNPUR JN,,
JNX,JAGNATHJI ROAD,,
JNZ,JENAL,,
JO,JO JAGABOR,,
JOA,JANWAL,,
JOB,ASALPURJOBNER,,
JOBA,JOBA,,
JOBT,JOBAT,,
JOC,JOYCHANDI PAHAR,,
JOH,JUHARPURA,,
JOK,JODHKA,,
JOL,JOGAL,,
JOM,JOGI MAGRA,,
JON,JOHNA,,
JONR,JEONARA P.H.,,
JOO,JAMAI OSMANIA,,
JOP,JAUNPUR CITY,,
JOQ,JORAI,,
JOR,JALOR,,
JOX,JANAI ROAD,,
JP,JAIPUR JN,,
JPAH,JAGDISHPUR A HALT,,
JPD,JALALPUR DHAI,,
JPE,JALPAIGURI ROAD,,
JPG,JALPAIGURI,,
JPH,JHANTIPAHARI,,
JPI,JHADUPUDI,,
JPL,JAPLA,,
JPM,JIYAPURAM,,
JPML,JAI PRAKASH MAHULI HALT,,
JPO,JORA ALAPUR,,
JPP,JLALPR PANWARA,,
JPQ,JHAPANDANGA,,
JPR,JAKPUR,,
JPRD,JENAPUR ROAD PH,,
JPS,JMLPR SHAIKHAN,,
JPV,JMTRA PARASWARA,,
JPZ,JOGIGHOPA,,
JRA,JARAIKELA,,
JRAE,JAUGRAM,,
JRBI,JAYRAMBATI,,
JRBM,JIRIBAM,,
JRC,JALANDHAR CANT,,
JREA,JHAREDA,,
JRG,JUGPURA P.H.,,
JRJ,JARGAON,,
JRJE,GARJEE,,
JRK,JERUWA KHERA,,
JRKN,JORKIAN,,
JRKT,JADARAMA KUNTE,,
JRL,JHARILI,,
JRLE,JANGIPUR ROAD,,
JRLI,JAROLI,,
JRMA,JHARAMUNDA,,
JRMG,JAIRAMNAGAR,,
JRNA,JIRNIA,,
JRO,JIRON,,
JRPD,JARAPADA,,
JRQ,JHAROKHAS,,
JRR,JUGAUR,,
JRS,JORAVASAN,,
JRT,JARATI,,
JRTB,झारतरभा,,
JRTR,JURTARA HALT,,
JRU,CHIKJAJUR JN,,
JRW,JORAMOW,,
JRX,JURIAGAON,,
JRZ,JORANDA ROAD,,
JSA,JASAI,,
JSB,YAMUNA SOUTH BK,,
JSC,JALESAR CITY,,
JSD,JAISINGDER,,
JSE,JAMSOLE,,
JSG,JHARSUGUDA JN,,
JSGR,JHARSUGUDA ROAD,,
JSI,JASALI,,
JSKA,JATAULA JAURI SAMPKA,,
JSM,JAISALMER,,
JSME,JASIDIH JN,,
JSP,JAYASINGPUR,,
JSPR,JASHAPAR,,
JSR,JASRA,,
JSRD,JHANKAD SARALA ROAD,,
JSS,JASIA,,
JSV,JARANDESHWAR,,
JTB,JAGATBELA,,
JTDM,JAT DUMRI JN,,
JTH,JHOKTAHAL SING,,
JTI,JAITHARI,,
JTIN,JTIN,,
JTJ,JOLARPETTAI JN,,
JTK,JHITKIA,,
JTKN,JAITPUR KALAN,,
JTL,JHAPATER DHAL,,
JTN,JOTANA,,
JTNU,JATNANDUR,,
JTO,JUTOGH,,
JTP,JETPUR,,
JTR,JATKANHAR,,
JTRD,JATH ROAD,,
JTS,JATUSANA,,
JTT,JUMMA PATTI,,
JTTN,JORHAT TOWN,,
JTU,JAITIPUR,,
JTV,JETALVAD,,
JTW,JAITWAR,,
JTY,JETHI,,
JU,JODHPUR JN,,
JUA,JARAUNA,,
JUBS,JUBBASAHANI,,
JUC,JALANDHAR CITY,,
JUCT,JODHPUR CANTT,,
JUDW,JAGADHRI WSHOP,,
JUJA,JUJOMURA,,
JUK,JAULKA,,
JUL,JHULASAN,,
JUNX,JUNONA HALT,,
JUP,JHUNPA,,
JUR,JUTURU,,
JVA,JAVALE,,
JVL,JAMWALA,,
JVN,JORAWARNAGAR JN,,
JVT,JIBANTI,,
JW,JATWARA,,
JWK,JWHRPUR KAMSAN,,
JWKA,JANDWALA KHARTA,,
JWL,JAJIWAL,,
JWLS,JAWANWALA SHAHR,,
JWN,JIWA ARAIN,,
JWNR,JAWAHARNAGAR,,
JWO,JAWAD ROAD,,
JWP,JWALAPUR,,
JWS,JHARWASAA,,
JXN,JIRONA,,
JYG,JAYNAGAR,,
JYM,JAI SAMAND ROAD,,
JYP,JEYPORE,,
KAA,KAURARA,,
KAC,KASAP,,
KAD,KHANDALA,,
KADA,KHANDALA(M.P.),,
KADI,KADI,,
KADL,KUMRADOL,,
KAG,KODAGANUR,,
KAGA,KURHAGADA,,
KAGJ,KALIAGANJ,,
KAGR,KAGANGARH,,
KAH,KALHAR,,
KAHL,KARHAL,,
KAI,KAIRLA,,
KAJ,KALIYANGANJ,,
KAJG,KARANJGAON,,
KAKI,KAKNI,,
KAKN,,,
KAL,KALLAL,,
KALI,KAILI,,
KALM,KALAMB,,
KALN,KALANA,,
KALS,KALAS HALT,,
KAMA,KAMTA HALT,,
KAMG,KAMAKHYAGURI,,
KAMP,KAMALPUR,,
KAMR,KAMR,,
KAN,KHANA JN,,
KANJ,KANIL,,
KANO,KANOH,,
KANR,KUKANUR,,
KANS,KANSIYA NES,,
KAO,KALUBATHAN,,
KAOT,KAOTHA,,
KAP,KALIANPUR,,
KAPE,KAKAPORA,,
KAPG,KALUPARA GHAT,,
KAPP,KHARIAPIPRA  HALT,,
KAPU,KIRATPUR,,
KAR,KARNA,,
KARD,KAMAN ROAD,,
KARH,KAKRAHA RST HSE,,
KARI,KHARI,,
KARJ,KARJHAUSA,,
KARK,KARAIKKURICHI,,
KARO,KHARIO,,
KARR,KHARAR,,
KART,KIRATPUR SAHIB,,
KASA,KANSA,,
KASH,KULTHAMABDULLASHAH H,,
KASR,KANAS ROAD,,
KASU,KASU,,
KAT,KHATAULI,,
KATB,KHATKURA PH,,
KATI,KATHI,,
KATL,KATOL,,
KAU,KACHNA,,
KAUA,KATHAUTIA,,
KAV,KALUMNA,,
KAVM,KATHIVAKKAM,,
KAVR,KALAVUR HALT,,
KAW,KHAJRI,,
KAWL,KANDWAL HALT,,
KAWR,KARWAR,,
KAWT,KANWAT,,
KAY,KARAIMADAI,,
KAYI,KAYDI P.H.,,
KB,KHAIRATABAD,,
KBA,KURABALAKOTA,,
KBE,KUREBHAR,,
KBGB,KOMAGATA MARU BUDGE BUDGE,,
KBGH,KAREA KDMBGACHI,,
KBH,KHANDBAARA,,
KBI,KAMBARGANVI,,
KBJ,KANTABANJI,,
KBK,KHAMBLI GHAT,,
KBKN,KHABRA KALAN,,
KBL,KOPPAL,,
KBM,KOTABOMMALI,,
KBN,KARBIGWAN,,
KBP,KUBERPUR JN,,
KBPR,KABAKA PUTTUR,,
KBQ,KUMRABAD ROHINI,,
KBR,KABRAI,,
KBRV,KANJARI BORIYAVI,,
KBSH,KRISHNA BALLABH SAHA,,
KBSN,KASBE SUKENE,,
KBT,KADAMBATTUR,,
KBU,KASU BEGU,,
KBY,KHOIRABARI,,
KCA,KUCHMAN,,
KCC,KRISHNA CANAL,,
KCD,KURICHEDU,,
KCF,KALCHINI,,
KCG,KACHEGUDA,,
KCHV,KACHCHANVILAI,,
KCI,KALLKIRI,,
KCJ,KASIMPUR,,
KCKI,KECKHI,,
KCLA,KENCHANALU HALT,,
KCM,KALASUMUDRAM,,
KCN,KARCHANA,,
KCO,KACHHIA BRIDGE,,
KCP,KALGUPUR,,
KCR,KHONKER,,
KCT,KIRAKAT,,
KCU,KACHHIAA,,
KCV,KRISHNA CH PURA,,
KCY,KAICHAR,,
KCYN,KACHHIYANA HALT,,
KCZ,KAIRON,,
KD,KUNDARKHI,,
KDAA,KADA,,
KDBA,KODIMBALA HALT,,
KDBM,,,
KDBR,KHADKI BAZAR,,
KDE,KORADACHERI,,
KDER,KUNDER HALT,,
KDF,KHUNDAUR,,
KDG,KEDGAON,,
KDGH,KODIGEHALLI,,
KDGI,KUDGI,,
KDGO,KADOGAON HALT,,
KDH,KHARDAHA,,
KDHA,KARCHHA,,
KDHI,KALADEHI P.H.,,
KDHL,KUNDHELA,,
KDHN,KANDHARAN HALT,,
KDI,KUNDLI,,
KDJ,KHUDAGANJ,,
KDJB,KHUDAGANJ BAZAR,,
KDJR,KENDUJHAR,,
KDKL,KODAKANDLA,,
KDKN,KENDUKANA,,
KDLG,KUNDALGARH,,
KDLR,KANDEL ROAD,,
KDM,KESAMUDRAM,,
KDMD,KANDAMBAKKAM,,
KDMR,KHODIYAR MANDIR,,
KDN,KUDATINI,,
KDNL,KADAYANALLUR,,
KDO,KADAKOLA,,
KDP,KONDAPURAM,,
KDPA,KHADAPA,,
KDPR,KUMEDPUR,,
KDPS,KADIPUR SANI HALT,,
KDQ,KADIPUR,,
KDRA,KADAMPURA,,
KDRI,KENDRI,,
KDRP,KANDARPUR,,
KDS,KUSUNDA JN,,
KDSB,KHADUR SAHIB,,
KDT,KHADARPETT,,
KDTN,KADETHAN,,
KDTR,KIRODIMALNAGAR,,
KDTY,KADUTURUTTI HALT,,
KDU,KADAMBUR,,
KDV,KHADAVLI,,
KDVI,KADAVAI,,
KDX,KADABARI HAT,,
KDY,KETTANDAPATTI,,
KDZ,KANDAGHAT,,
KE,KHARDI,,
KEA,KATRA,,
KEB,KARAMBELI,,
KED,KENDUAPADA,,
KEE,KASEETAR,,
KEF,KRISHNAMMAKONA,,
KEG,KARENGI,,
KEH,KAPSETI,,
KEI,KASHI,,
KEJ,KATHLEEGHAT,,
KEK,KARKHELI,,
KEM,KEM,,
KEMK,KHEM KARAN,,
KEMR,KEMRI HALT,,
KEN,KOTALA,,
KENP,KENDRAPARA,,
KEP,KELANPUR,,
KEPR,KOIRIPUR,,
KER,KIRIHRAPUR,,
KES,KESRI,,
KESR,KESRI SINGHPUR,,
KETI,KEOTI,,
KEU,KETTUR,,
KEV,KELA DEVI,,
KEX,KHEKRA,,
KEY,KAGANKARAI,,
KEZ,KELZAR,,
KFA,KOPARIA,,
KFC,KALPATTICHATRAM,,
KFD,KARANJADI,,
KFE,CHOTTANIKKARA ROAD,,
KFF,KOLDA,,
KFH,KATPHAL,,
KFI,KAPPIL,,
KFK,KATKA,,
KFN,KANOR,,
KFP,KUKRA KHAPA,,
KFPR,KAFURPUR,,
KFQ,KUMARANALLUR,,
KFT,KAJRI,,
KFU,KOHAND,,
KFV,KUNDARA EAST,,
KFX,KOCHEWAHI P.H.,,
KGA,KHAGA,,
KGB,KARGI ROAD,,
KGBP,KHONGSANG,,
KGBS,KISHANGARH BALAWAS,,
KGD,KALLIGUDI,,
KGE,KATANGI,,
KGF,KATHGHAR,,
KGG,KHAGARIA JN.,,
KGI,KENGERI,,
KGIH,KALGURKI .H,,
KGK,KANKURGACHHI ROAD JN,,
KGKD,KANG KHURD,,
KGL,KUPGAL,,
KGLE,KHAGRAGHAT ROAD,,
KGM,KATHGODAM,,
KGMR,KANGRA MANDIR,,
KGN,KURSEONG,,
KGP,KHARAGPUR JN,,
KGQ,KASARAGOD,,
KGRA,KANGRA,,
KGS,KHONGSARA,,
KGV,KONAGAYALLI,,
KGX,KANGINHAL,,
KGY,KULGACHIA,,
KGZ,KARUNGUZHI,,
KH,KAHILIYA,,
KHA,KHAIGAON,,
KHAA,WETALWADI,,
KHAG,KHARGHAR,,
KHAI,KHIRAI,,
KHAT,KHAT,,
KHBJ,KHANNA BANJARI,,
KHBV,KHARBAO,,
KHDB,KHODIYAR,,
KHDH,KARAHDIH HALT,,
KHDP,KHUDLAPUR,,
KHDR,KHANDARI HALT,,
KHE,KANKATHER,,
KHED,KHED,,
KHF,KHANTAPARA,,
KHGP,KHARGAPUR,,
KHGR,KASHINAGAR HALT,,
KHH,KICHHA,,
KHHJ,KHATKAR KALAN J,,
KHI,KURHANI,,
KHJ,KHAJRAHA,,
KHJA,KHANJA HALT,,
KHKN,KHERA KALAN,,
KHKT,KHOTKHOTI,,
KHLL,KETOHALLI,,
KHM,KUSMHI,,
KHMA,KHATIMA,,
KHN,KHANYAN,,
KHNM,KUNDA HARNAMGNJ,,
KHNP,KHANAPUR DECCAN,,
KHNR,KACHNARA,,
KHOH,KHOH,,
KHPL,KHALIPALI,,
KHPR,KHALIPUR,,
KHQ,KHARIK,,
KHR,KHAIREE HALT,,
KHRA,KACHERA,,
KHRI,KHARKHARI,,
KHRJ,KHUMBARAJ,,
KHRK,KHARAK,,
KHRY,KHAIRAHI,,
KHS,KHARSIA,,
KHSN,KHHERA SANDHAN,,
KHT,SRI KALAHASTI,,
KHTG,KHATGAON,,
KHTI,KUSHTAGI,,
KHTN,KHUTAUNA,,
KHTX,KHED TEMPLE HLT,,
KHU,KHURHAND,,
KHUH,KHARUARA HALT,,
KHUT,KHUNTALA,,
KHV,KARAINTHI,,
KHW,KHERODA,,
KI,KONDAPALLI,,
KIA,KHARI AMRAPUR,,
KIAD,KEMPEGOWDA INTERNATIONAL AIRPORT STATION,,
KIAT,KYATSANDRA,,
KIB,KIZHA AMBUR,,
KIC,KALLIDAIKURICHI,,
KID,KHAIRAR JN,,
KIE,KHIRIA KHURD,,
KIF,KURI,,
KIGL,KUNIGAL,,
KII,KILLE,,
KIJ,KULDIHA,,
KIK,KARAIKAL,,
KIKA,KURWAI KETHORA,,
KIM,KIM,,
KIN,KAPASAN,,
KIP,KHALILPUR,,
KIPK,KOMURAVELLI PUNYAKSHETRAM,,
KIQ,KHAI PHEMEKI,,
KIR,KATIHAR JN,,
KIRP,KHIDIRPUR,,
KIS,KAPILAS ROAD,,
KISN,KALISEN PH,,
KIT,KHALLIKOT,,
KITA,KITA,,
KITN,KHIRI TOWN,,
KIU,KINANA,,
KIUL,KIUL JN,,
KIV,KAILSA,,
KIW,KANWALPURA,,
KIY,KALAYAT,,
KIZ,KANSUDHI,,
KJ,KAJGAON,,
KJA,KHAJURHAT,,
KJC,KASGANJ CITY,,
KJG,KARAJGI,,
KJH,KAJRA,,
KJI,KHAJAULI,,
KJJ,KODAVALURU,,
KJKD,KANJIKODE,,
KJL,KHUMGAON BURTI,,
KJLU,KHARI JHALU,,
KJM,KRISHNARAJAPURM,,
KJME,KAJORAGRAM,,
KJN,KANNAUJ,,
KJNC,KANNAUJ CITY,,
KJPD,KURINJIPADI,,
KJRA,KARJANA,,
KJRD,KANJUR MARG,,
KJRG,KESHRA-KATJURIDANGA,,
KJRM,KARJANAGRAM,,
KJS,KRISHNARAJASGRA,,
KJT,KARJAT,,
KJTW,KAJGAON TERHWAN,,
KJU,KUNTIGHAT,,
KJV,KHIJADIYA JN,,
KJW,KHAJWANA,,
KJY,KHURJA CITY,,
KJZ,KARONJI,,
KK,KHADKI,,
KKA,KANKI,,
KKAE,KAIKALA,,
KKAH,KANKAHA,,
KKAS,KATKAMASANDI,,
KKB,KARAK BEL,,
KKBA,KAKBARA,,
KKD,KALKUND,,
KKDE,KURUKSHETRA JN,,
KKDI,KARAIKKUDI JN,,
KKET,KAMRUP KHETRI,,
KKF,KANKARIA,,
KKG,KEKATUMAR,,
KKGM,KAKRI GUMA,,
KKGT,KALKALIGHAT,,
KKHT,KAKARGHATTI JN,,
KKI,KARKELI,,
KKJ,KAKORI,,
KKK,KHAKHARIA,,
KKL,KALA BAKRA,,
KKLR,KAIKOLUR,,
KKLU,KAKLUR,,
KKM,KAMALAPURAM,,
KKMB,KASTLA KASAMBAD,,
KKN,KHIRKIYA,,
KKNA,KHUNKHUNA,,
KKNH,KARUKHIRHAR NAGAR HALT,,
KKP,KOT KAPURA,,
KKPM,KALLAKKUDI PALANGANATHAM,,
KKPR,KOKPARA,,
KKQ,KALAIKUNDA,,
KKRD,KIKAKUI ROAD,,
KKRH,KARAHIA,,
KKRL,KAKRALA,,
KKS,KURASTI KALAN,,
KKT,KATH KUIYAN,,
KKTA,KOLLIKHUTAHA,,
KKTI,KUTTAKUDI,,
KKU,KANAKPURA,,
KKV,KUNKAVAV JN,,
KKW,KANKAVLI,,
KKY,KILA KADAIYAM,,
KKZ,KOTTARAKARA,,
KL,KHERLI,,
KLA,KULWA,,
KLAD,KALANAD HALT,,
KLAR,KULPAHAR,,
KLB,KIRAOLI,,
KLBA,KALAMBHA,,
KLBG,KALABURAGI,,
KLBN,KALAMBANI BUDRUK,,
KLCR,KATLICHERA,,
KLD,KHALILABAD,,
KLDI,KALDHARI,,
KLE,KAITHAL,,
KLG,KALUNGA,,
KLGA,KALAGAR,,
KLGD,KOLLENGODE,,
KLGM,KALLAGAM,,
KLGN,KALANGANI,,
KLGR,KHALAIGRAM,,
KLH,KHEMLI,,
KLHD,KOLHADI,,
KLI,KAULI,,
KLJ,KAMALGANJ,,
KLJI,KALIJAI,,
KLK,KALKA,,
KLKA,KOILAKUNTLA,,
KLKR,KALIKAPUR,,
KLL,KALOL,,
KLM,KADLIMATTI,,
KLMG,KALAMBOLI GOODS,,
KLMR,KALAMASSERI,,
KLNA,KOLHANA HALT,,
KLNK,KALANAUR KALAN,,
KLNP,KALINARYNPUR JN,,
KLNT,KALINAGAR,,
KLOD,KELOD,,
KLP,KOTALPUKUR,,
KLPG,KAMALPUR GRAM,,
KLPM,KAILASAPURAM,,
KLQ,KILIKOLLUR,,
KLRE,KHALARI,,
KLRS,KOLARAS,,
KLS,KOLATUR,,
KLSP,KUSHALPURA,,
KLSX,KAULSERI,,
KLT,KULITALAI,,
KLTR,KALMITAR,,
KLU,KALLURU,,
KLV,KELVA ROAD,,
KLVA,KALVA,,
KLW,KULPI FLAG,,
KLWD,KALITALAVDI,,
KLWL,KILANWALI PUNJB,,
KLWN,KALWAN,,
KLX,KOLAKALUR,,
KLYG,KALYANI GHOSHPARA,,
KLYH,KALLUR YEDAHLI,,
KLYM,KALYANI SIMANTA,,
KLYN,KHILERIYAN,,
KLYS,KALYANI SILPANCHAL,,
KLYT,KOLAYAT,,
KLZ,KEOLARI,,
KM,KALEM,,
KMA,KAIMA JN,,
KMAE,KHAMARGACHHI,,
KMAH,KAMATHE,,
KMB,KALV AMBA,,
KMBL,KHAMBHALIYA,,
KMC,KAMAREDDI,,
KMD,KODUMUDI,,
KMDC,KURMADANGA HALT,,
KMDR,KARIMUDDIN PUR,,
KMEZ,KUMAR MARANGA,,
KMGE,KUMAHU,,
KMGH,KAMARGANJ,,
KMH,KALAMALIA,,
KMHN,KAMTHAN,,
KMHT,KARMAHAT,,
KMI,KUMHARI,,
KMJ,KAIMGANJ,,
KMK,KOMAKHAN,,
KMKD,KHAMKHED,,
KML,KAMTAUL,,
KMLM,KELAMANGALAM,,
KMLR,KAMALUR,,
KMM,KANNAMANGALAM,,
KMMD,KIRMITI MENDHA,,
KMME,KUMARDUBI,,
KMN,KHAMGAON,,
KMNC,KUCHAMAN CITY,,
KMND,KUMENDI,,
KMNG,KAMRANGA,,
KMNN,KHAMANON,,
KMNP,KISHAN MANPURA,,
KMNR,KAMALNAGAR,,
KMP,KAMLAPUR,,
KMPH,KAMALPUR HALT,,
KMPR,KOMARPUR,,
KMPU,KAMALAPUR,,
KMQ,KUMBLA,,
KMQA,KOMALI,,
KMRA,KAMNARA,,
KMRD,KALAMB ROAD,,
KMRJ,KUMARGANJ,,
KMRL,KUMRUL,,
KMS,KARAMNASA,,
KMSD,KUMAR SADRA,,
KMSI,KUMSI,,
KMST,KAMSHET,,
KMT,KHAMMAM,,
KMTI,KUMARHATTI,,
KMU,KUMBAKONAM,,
KMV,KARMAD,,
KMX,KOMATI PALLI,,
KMZ,KATNI MURWARA JN,,
KMZA,KANKRA MIRZANGR,,
KN,KADALUNDI,,
KNAD,KANAD,,
KNAG,KANAJI HALT,,
KNAR,KHANPUR AHIR,,
KNB,KANIYAMBADI,,
KNBR,KANAIBAZAR,,
KNC,KANCHANPUR ROAD,,
KND,KANDRA,,
KNDG,KANHADGAON P.H.,,
KNDI,KANDRORI,,
KNDL,KHANDEL,,
KNDP,KHANDIP,,
KNDS,KHANDESHWAR,,
KNDV,KRISHNADEVARAYA HALT,,
KNE,KISHANGANJ,,
KNF,KHANODIH,,
KNG,KATHUNANGAL,,
KNGN,KANHEGAON,,
KNGR,KASHINAGAR,,
KNH,KONCH,,
KNHE,KANHE,,
KNHN,KANHAN JN,,
KNHP,KANHAIPUR,,
KNHR,KIRNAHAR,,
KNJ,KRISHNGR CTY JN,,
KNJI,KARANJALI  HALT,,
KNJJ,KANNJARA HALT,,
KNKT,KANAKOT,,
KNL,KALANWALI,,
KNLI,KANGALI HALT,,
KNLP,KANAMALO PALLE,,
KNLS,KANALAS JN,,
KNM,KANIMAHULI PH,,
KNN,KHANNA,,
KNNA,KHINANIYAN,,
KNNK,KANINA KHAS,,
KNNT,KUNNATHUR,,
KNO,KUNDGOL,,
KNP,KHANAPUR,,
KNPL,KANDANUR PUDUVAYAL,,
KNPR,KENDRAPARA ROAD,,
KNPS,KENDPOSI,,
KNR,KANKINARA,,
KNRG,KANHARGAON NAKA,,
KNRI,KUNURI,,
KNRN,KANAROAN,,
KNRT,KUNERU,,
KNS,KANCHAUSI,,
KNSN,KARNA SUBARNA,,
KNSR,KANASAR,,
KNT,KANTH,,
KNVH,KANIVEHALLI,,
KNVT,KINWAT,,
KNW,KHANDWA JN,,
KNYR,KANIURU HALT,,
KNZ,KALANOUR,,
KO,KOSGI,,
KOA,KARONDA,,
KOAA,KOLKATTA TERMINAL,,
KODI,KODI,,
KOF,MARWAR KORI,,
KOG,KONNAGAR,,
KOHL,KOHLI,,
KOHR,KOHIR DECCAN,,
KOI,KHODRI,,
KOJ,KOKRAJHAR,,
KOK,KORUKKUPET JN,,
KOKA,KOKA,,
KOL,KOLAD,,
KOLA,KOTLA,,
KOLE,KOLE,,
KOLI,KESHOLI,,
KOLR,KOLNUR,,
KON,KUDAL NAGAR,,
KONA,KONA,,
KONN,KONNUR,,
KONY,KISONI,,
KOO,KHUSROPUR,,
KOP,KOLHAPUR,,
KOPR,KOPAR,,
KOQ,KUTHUR,,
KORI,KHORI,,
KORU,KOPAR UPPER LEVEL,,
KOTA,KOTA JN,,
KOTI,KOTI,,
KOTR,KORATTUR,,
KOTT,KOTTUR HALT,,
KOU,KODURU,,
KOV,KIRLOSKARVADI,,
KOWN,KHOWANG,,
KOX,KACHUJOR,,
KOY,KHEROL,,
KOZ,KOSMA,,
KP,KAMPTEE,,
KPA,KANCHRAPARA,,
KPB,KHARPOKHRA,,
KPCM,KUNWARPUR CHINTAMANPUR,,
KPD,KATPADI JN,,
KPDH,KAPURDHA HALT,,
KPE,KAUWAPUR,,
KPG,KOPARGAON,,
KPGM,KARPOORIGRAM,,
KPHH,KUSHALPUR HARNAHA HALT,,
KPHN,KOPAR KHAIRNA,,
KPI,KALPI,,
KPJ,KOPAGANJ,,
KPJG,KEREJANGA,,
KPK,KALIPAHARI,,
KPKD,KHAPRI KHEDA,,
KPKI,QASIMPUR KHERI,,
KPL,KANTAKAPALLE,,
KPLD,KAPALI ROAD,,
KPLE,KOPAI,,
KPLL,KOTTA PNDLPALLI,,
KPLR,KOPARLAHAR,,
KPN,KUPPAM,,
KPNA,KAPAN,,
KPO,KARANPURA,,
KPP,KALAPIPAL,,
KPPR,KARUPPUR,,
KPQ,KANNAPURAM,,
KPRD,KALYANPUR ROAD,,
KPRR,KOTAPAR ROAD,,
KPS,KOPA SAMHOTA,,
KPTM,KANJIRAMITTAM,,
KPTN,KESHORAI PATAN,,
KPTO,KARANPURATO,,
KPU,KRISHNAPURAM,,
KPV,KASHIPUR,,
KPXR,KAIPADA ROAD,,
KPY,KARUNAGAPPALLI,,
KPZ,KAPREN,,
KQA,KONDAGUNTA,,
KQD,KHAIRATABAD DCN,,
KQE,KALA AKHAR,,
KQI,KALACHAND,,
KQK,KOTIKULAM,,
KQL,KANDHLA,,
KQLS,KAMARKUNDU (LOWER),,
KQN,KODAIKANAL ROAD,,
KQQ,KAUKUNTLA,,
KQR,KODERMA,,
KQRT,KODERMA TOWN,,
KQS,KAILARAS,,
KQT,KURGUNTA,,
KQU,KAMARKUNDU,,
KQW,KHEDULI,,
KQZ,KOLAR,,
KRA,KAREPALLI,,
KRAI,KAHET,,
KRAN,KORATTI ANGADI,,
KRAR,KHARIAR ROAD,,
KRBA,KORBA,,
KRBP,KHUDIRAM BOSE PUSA,,
KRC,KIRODA,,
KRCD,KHARWA CHANDA,,
KRD,KARAD,,
KRDH,KORADIH,,
KRDL,KIRANDUL,,
KRDN,KARAUNDHANA,,
KRE,KARTARPUR,,
KRG,KOREGAON,,
KRH,KHAIRTHAL,,
KRHA,KORAHIA,,
KRHT,KHARAHAT,,
KRI,KHAPRI,,
KRIH,KORAI HALT,,
KRJ,KHURJA JN,,
KRJD,KARJODA,,
KRJR,KARJARA,,
KRKD,KARAKAD,,
KRKH,KHARKARA HALT,,
KRKN,KARKEND,,
KRKP,KYARKOP,,
KRKR,KURKURA,,
KRL,KOTARLIA,,
KRLA,KORATLA,,
KRLI,KURALI,,
KRLR,KARAILA ROAD JN,,
KRLS,KURLASI,,
KRMA,KARAMTOLA,,
KRMB,KARMABAD BH,,
KRMD,KUARMUNDA,,
KRMG,KUMARAMANGALAM,,
KRMI,KARMALI,,
KRMP,KUMARIPUR HALT,,
KRMR,KARIMNAGAR,,
KRND,KHORASON ROAD,,
KRNH,KARANAHALLI,,
KRNI,KRISHNAI,,
KRNN,KARNAUTI HALT,,
KRNR,KRISHNARAJNAGAR,,
KRNT,KURNOOL CITY,,
KRNU,KONANUR,,
KRON,KARONA HALT,,
KRP,KRISHNAPUR,,
KRPN,KHAREPATAN ROAD,,
KRPP,KURUPPANTARA,,
KRPU,KORAPUT JN.,,
KRQ,KARARI,,
KRR,KARUR JN,,
KRRA,KARRA,,
KRRI,KHAIRRANJI,,
KRS,KARISATH,,
KRSA,KHARSALIYA,,
KRSL,KRISHNASHILLA,,
KRSW,KOHAR SINGHWALA,,
KRT,KHURAHAT,,
KRTA,KARKATA,,
KRTH,KIRATGARH,,
KRTL,KARTAULI,,
KRTN,KIRTINAGAR,,
KRTP,KARTOLI PUNJAB,,
KRTR,KAROTA PATNER,,
KRU,KHERALU,,
KRUR,KEERANUR,,
KRV,KARAVADI,,
KRW,KHARWA,,
KRXA,KHARA MP,,
KRXM,KRISHNAMOHAN (HALT),,
KRY,KADIRI,,
KRYA,KURRAIYA,,
KRYP,KADIRIDEVARAPALLI,,
KRYR,KARAMSAD,,
KRZ,KHARAWAR,,
KS,KHETA SARAI,,
KSA,KHASA,,
KSAE,KOSAI,,
KSAR,KUDALA SANGAM,,
KSB,KOSAMBA JN,,
KSBI,KASHIABARI,,
KSBP,KESHABPUR,,
KSC,KASHI CHAK,,
KSD,KESHOD,,
KSDE,KARSINDHU,,
KSE,KOSAD,,
KSF,KHALISPUR,,
KSG,KISHANGARH,,
KSH,KALI SINDH,,
KSHR,KESHWARI,,
KSHT,KHETIA,,
KSI,KOSLI,,
KSIH,KHODSEONI,,
KSJ,KASGANJ,,
KSK,KASIMKOTA,,
KSM,KAMASAMUDRAM,,
KSMB,KUSUMBHA HALT,,
KSN,KRISHNA,,
KSNA,KANASAR NAWADA,,
KSNG,KESINGA,,
KSNR,KHUSHAL NAGAR,,
KSO,KHEMASULI,,
KSP,KISHANPUR,,
KSPR,KASHIPURA SARAR,,
KSQ,KANSPUR GUGAULI,,
KSR,KASTURI,,
KSRA,KASARA,,
KSTA,KASTHA,,
KSTH,KASHTI,,
KSU,KUSTAUR,,
KSV,KOSI KALAN,,
KSVR,KESHAV NAGAR HALT,,
KSW,KHERI SALWA,,
KSWD,KASAR WADI,,
KSWR,KALMESHWAR,,
KSX,KOTSHILA,,
KSY,KUSIARGAON,,
KT,KUMTA,,
KTA,KUSHTALA,,
KTBR,KASTURBA NAGAR,,
KTCE,KATOGHAN,,
KTCH,KAITHALKUCHI,,
KTD,KANTADIH,,
KTDD,KATAIYA DANDI,,
KTE,KATNI,,
KTES,KATNI SOUTH JN,,
KTF,KOT FATTEH,,
KTGA,KEUTIGUA,,
KTGD,KOTH GANGAD,,
KTGG,KARATAGI,,
KTGM,KAYASTHAGRAM,,
KTH,KATRASGARH,,
KTHA,KHUTAHA,,
KTHD,KOTHARI ROAD,,
KTHL,KATHOLA,,
KTHN,KATHOUN,,
KTHY,KALTHURUTHY HALT,,
KTI,KANTI,,
KTJ,KHALTIPUR,,
KTJI,KATHA JORI,,
KTK,KYATANEAKERI RD,,
KTKA,KOTAKADRA,,
KTKD,KATANGI KHURD JN,,
KTKH,KOTLAKHERI,,
KTKL,KOTLI KALAN,,
KTKS,KANTAKOSH HALT,,
KTLA,KATKOLA JN,,
KTLP,KATALPUR(HALT),,
KTLR,KANTHALIYA ROAD,,
KTM,KUTTALAM,,
KTMA,KOTMA,,
KTNA,,,
KTNR,KIRTYANAND NGR,,
KTO,KATORA,,
KTOA,KOTANA,,
KTOR,KATORIYA,,
KTP,KATEPURNA,,
KTPK,KOTHA PAKKI,,
KTPM,KOTTURPURAM,,
KTPR,KATHALPUKHURI,,
KTQ,KUDRA,,
KTRA,KOTRA,,
KTRD,KATOSAN ROAD,,
KTRH,KATAREAH,,
KTRI,KATARI,,
KTRK,KUTURUKHAMAR PH,,
KTRR,KATHARA ROAD,,
KTSH,KOTMI SONAR HALT,,
KTT,KHUTBAV,,
KTTR,KATTUR,,
KTU,KUTTIPPURAM,,
KTV,KOTTAVALASA,,
KTW,KOTDWARA,,
KTWS,KATHUWAS,,
KTX,KATAKHAL JN,,
KTY,KOTTURU,,
KTYM,KOTTAYAM,,
KTYR,KOTTAIYUR,,
KU,KULIKARAI,,
KUA,KULHARIA,,
KUB,KASBA,,
KUC,KARUKKUTTY,,
KUCE,KUCHAI,,
KUD,KUDACHI,,
KUDA,KUNDAPURA,,
KUDL,KUDAL,,
KUDN,KUDNI,,
KUE,KURSELA,,
KUF,KAURHA,,
KUG,KUSUGALI,,
KUGT,KUMAR GHAT,,
KUH,KHACHROD,,
KUI,KULALI,,
KUJU,KUJU,,
KUK,KORUKONDA,,
KUKA,KUKA,,
KUKT,KURUKOTTA,,
KUL,KALLAYI,,
KULH,KULHA-HALT,,
KUM,KURAM,,
KUMB,KUMARBAGH,,
KUMM,KUMPBALAM,,
KUMT,KURMAHAT,,
KUN,KARNAL,,
KUND,KUND,,
KUP,KUP,,
KUPR,KHURDPUR,,
KUQ,KURETHA,,
KUR,KHURDA ROAD JN,,
KURJ,KHAJURAHO,,
KURN,KHUKRANA,,
KURO,KORARI,,
KURT,KHURDA TOWN,,
KURV,KURVA,,
KUT,KANAUTA,,
KUTI,KHUMTAI,,
KUU,KUHURI,,
KUV,KUNDARA,,
KUW,KANWAR,,
KV,,,
KVA,KAVAS,,
KVC,KAPARPURA,,
KVD,KHURMABAD ROAD,,
KVDU,KADAVAKUDURU,,
KVE,KAVALANDE,,
KVG,KUNEANGANJ,,
KVGM,KOLVAGRAM,,
KVJ,KESHAVGANJ,,
KVK,KAVATHE MAHANKAL,,
KVL,KIZHVELUR,,
KVLK,KAVAL KINARU,,
KVLR,KARUVALLI,,
KVLS,KARAKAVALASA,,
KVM,KAVUTARAM,,
KVN,KAVANUR,,
KVO,KEVDI ROAD,,
KVP,KAVARAIPPETTAI,,
KVPT,KARAI KOVIL PATHU,,
KVQ,KOSIARA,,
KVR,KOVVUR,,
KVS,KALSUR,,
KVTA,KARUVATTA HALT,,
KVU,KADAKAVUR,,
KVV,KURAVAPPULAM,,
KVX,KUSUMBHI,,
KVZ,KAVALI,,
KW,KHERVADI,,
KWAE,KATWA,,
KWAR,KAWAR,,
KWB,KANIWARA,,
KWC,KUNDWA CHAINPUR,,
KWD,KARWANDIA,,
KWDP,KWAKDWIP,,
KWE,KHURIAL,,
KWGN,KAWARGAON,,
KWH,KACHHWA ROAD,,
KWI,KIVARLI,,
KWJ,KHOJEWALA,,
KWM,KAMPUR,,
KWMD,KUMBHAWAS MUNDALIA D,,
KWN,KACHEWANI,,
KWNI,KAWNPAI,,
KWO,KARAUTA,,
KWP,KHATIPURA,,
KWPR,KHAWASPUR,,
KWR,KOELWAR,,
KWV,KURDUVADI JN,,
KWW,KUSWA,,
KXB,KANJAI,,
KXE,KALIAN CHAK,,
KXF,KAMPIL ROAD,,
KXG,KHARIA KHANGAR,,
KXH,KAPURTHALA,,
KXI,KURUMURTHI,,
KXJ,KARIMGANJ JN,,
KXK,KHARKHAUDA,,
KXL,KAMARBANDHA ALI,,
KXM,KITHAM,,
KXN,KANSHBAHAL,,
KXO,KUDIKADU,,
KXP,KANIYAPURAM,,
KXRA,KURIA HALT,,
KXT,KETTI,,
KXX,KATA ROAD,,
KXY,KARIYAPATTINAM,,
KY,KARELI,,
KYA,KAURIYA,,
KYB,KALYAR,,
KYBR,KHAIRATIYA BH R,,
KYE,KHURAI,,
KYF,KAJRAT NAWADIH,,
KYG,KIDIYANAGA,,
KYH,KHAIRAH,,
KYI,KALYANI,,
KYJ,KAYANKULAM JN,,
KYM,KADIYAM,,
KYN,KALYAN JN,,
KYND,KALYANDURGA,,
KYNT,KALYANKOT,,
KYO,KHANDIKAR,,
KYP,KALYANPUR,,
KYQ,KAMAKHYA,,
KYS,KUSUMKASA,,
KYT,KAILAHAT,,
KYV,KOYILVENNI,,
KYW,KARCHHUE,,
KYX,KARHIYA BHADELI,,
KYY,KARIHA,,
KYZ,KIZHA PULIYUR,,
KZA,KHADA,,
KZB,KURUMBUR,,
KZC,KULUKKALUR,,
KZE,KANHANGAD,,
KZH,KILA ZAFARGARH,,
KZI,KHANDRAWALI,,
KZJ,KAZIPET JN,,
KZK,KAZHAKUTTAM,,
KZPE,KAZIPARA HALT,,
KZPR,KAZIPARA,,
KZQ,KHIMEL,,
KZS,KUAKHERA HALT,,
KZT,KULITTHURAI,,
KZTW,KULITTURAI WEST,,
KZU,KUNKI,,
KZW,KATAR SINGHWALA,,
KZX,KHUDDA KORALA,,
KZY,KAYALPATTINAM,,
LAA,LAKHPAT,,
LAD,LOHARDAGA  BS,,
LAE,LAKHOLI,,
LAK,LAKHO,,
LAL,LUSHALA,,
LAP,LOHAPUR,,
LAR,LALITPUR,,
LAT,LATHI,,
LATH,LATH HALT,,
LAU,LADNUN,,
LAV,LABHA,,
LB,LAINE BAZAR(HALT),,
LBA,LAMBHUA,,
LBG,LIMBGAON,,
LBI,LILABARI,,
LBN,LABAN,,
LBO,LATABOR,,
LBP,LABPUR,,
LBT,LALGARH BIHAR HALT,,
LBTL,LEBUTALA,,
LBW,LAIBURWA HALT,,
LBZ,LALBAG BH,,
LC,LUCKNOW CITY,,
LCAE,LALBAGH CRT RD,,
LCH,LINCH,,
LCK,LAKHOCHAK HALT,,
LCR,LOKUR,,
LCT,LANGCHOLIET,,
LD,LONDA JN,,
LDA,LIDHORA KHURD,,
LDCY,LODI COLONY,,
LDE,LOKDHIKHERA,,
LDH,LUDHIANA JN,,
LDK,LADHUKA,,
LDM,LEDARMER,,
LDP,LODIPUR BISHNPR,,
LDR,LANDAURA,,
LDU,LUNIDHAR,,
LDW,LADHOWAL,,
LDX,LADDA,,
LDY,LAKKITI,,
LEB,LEMUABAD,,
LEDO,LEDO,,
LEK,LAKHAKHERA,,
LER,LEHRA,,
LGCE,LAGARGAWAN,,
LGDH,LALAGUDA GATE,,
LGH,LALGARH JN,,
LGI,LANGAL,,
LGL,LALGOLA,,
LGO,LALGOPALGANJ,,
LGRE,LINGIRI,,
LGT,LANGTING,,
LGTR,LINGARAJ TMP RD,,
LHA,LEHRA GAGA,,
LHB,LAHABON,,
LHBK,LOTHAL BHURKHI,,
LHD,LOHOGAD,,
LHL,LAHOAL,,
LHLL,LAHLI,,
LHM,LEHRA MUHABBAT,,
LHN,LACHYAN,,
LHNA,LOHANDA HALT,,
LHNR,LAKSHMANPUR HALT,,
LHU,LOHARU,,
LHW,LOHARWARA,,
LIG,LINGA,,
LIJ,LAKSHMIGANJ,,
LIL,LILMA,,
LIR,LACHMIPUR,,
LJN,LUCKNOW LJN,,
LJR,LANJIGARH ROAD,,
LKA,LANKA,,
LKB,LAKSHMIPUR BHORANG,,
LKBL,LAKHABAWAL,,
LKD,LAKODARA,,
LKDM,LAKHUDARAM,,
LKDU,LANKALAKODERU,,
LKE,LAKHERI,,
LKF,LAKE GARDENS,,
LKG,LAMSAKHANG,,
LKK,LYALLPUR KC HLT,,
LKKD,LAKKAD KOT,,
LKMN,LOKMANYA NAGAR,,
LKMR,LAKSHMIPUR ROAD,,
LKN,LAKHMINIA,,
LKNA,LAKHNA,,
LKNR,LAKHPAT NAGAR,,
LKO,LUCKNOW JN.,,
LKPL,LAKDI KA PUL,,
LKPR,LAKSHMIKANTPUR,,
LKQ,LAUKAHA BAZAR,,
LKR,LUCKEESARAI JN,,
LKS,LUNKARANSAR,,
LKSH,L NARAYANAPURAM,,
LKT,HULKOTI,,
LKU,LALKUA JN,,
LKW,LAKHEWALI,,
LKX,LAKSHMIPUR,,
LKY,LAKHMAPUR,,
LKZ,LAKADIYA,,
LLBR,LALABAZAR,,
LLD,LALAVADI,,
LLGM,LELIGUMMA,,
LLH,LILUAH,,
LLI,LALGUDI,,
LLJ,LALGANJ,,
LLJP,LALGANJ PAKRI,,
LLKN,LAL KALAN,,
LLP,LALITGRAM,,
LLPR,LALIT LAKSHMIPUR,,
LLR,LALPUR,,
LLST,LALSOT,,
LLTG,LALITAGIRI,,
LLU,LALRU,,
LM,LIMBDI,,
LMA,LAMBIYA,,
LMD,LINGANENIDODDI,,
LMG,LUMDING JN,,
LMK,LIMKHEDA,,
LMM,LAILAKH MAMLKHA,,
LMN,LACHHMANPUR,,
LMNR,LAKSHMIBAI NGR,,
LMO,LILIYA MOTA,,
LMP,LAKHIMPUR,,
LMT,ALMATTI,,
LMU,LIMARUA,,
LNBI,LINGANABANDI,,
LNH,LACHHMAN GARH SIKAR,,
LNK,LOHIAN KHAS JN,,
LNL,LONAVALA,,
LNMA,LAKHAN MAJRA HALT,,
LNN,LONAND,,
LNO,LOHNA ROAD,,
LNP,LANGARPETH,,
LNR,LUNI RICHHA,,
LNS,LUNSU HALT,,
LNW,LAKHANWARA P.H.,,
LNWT,LKO ALAMBAGH W CABIN,,
LO,LOLIYA,,
LOA,LORHA,,
LOG,LOHGARA,,
LOGH,LOTTEGOLLAHALLI,,
LOHA,LOHA,,
LOK,LOKNATH,,
LOL,LOLIEM,,
LOM,LODHMA,,
LONI,LONI,,
LOT,LOHTA,,
LOV,LOVEDALE,,
LP,LALAPET,,
LPG,LAPANGA,,
LPH,LOTAPAHAR,,
LPI,LINGAMPALLI,,
LPJ,LALPUR JAM,,
LPJL,LINGAMPET JAGITYAL,,
LPK,LEPETKATA,,
LPNR,LAJPAT NAGAR,,
LPTA,LONGPATIA,,
LPW,LOHARPURWA,,
LR,LADPURA,,
LRB,LARABAD,,
LRD,LAR ROAD,,
LRI,LIHURI,,
LRJ,LAKSAR JN,,
LRU,LALPUR UMRI,,
LS,LASALGAON,,
LSD,LUSADIYA,,
LSE,LASERI,,
LSGS,LAVAN SATYAGRAHA SMARAK P.H,,
LSI,LAHERIA SARAI,,
LSMP,LAKSHMAPUR,,
LSR,LASUR,,
LSX,LOISINGHA,,
LT,LAHAVIT,,
LTA,LAMTA,,
LTD,LATHIDAD,,
LTG,LATAGURI JN,,
LTHR,LATEHAR,,
LTI,LATTERI,,
LTK,LATHIKATA,,
LTKR,LALIT KHERA HALT,,
LTMD,LATEMDA,,
LTR,LAKHTAR,,
LTRR,LATUR ROAD,,
LTT,LOKMANYATILAK,,
LUA,LALURI KHERA,,
LUBA,LACHHUBIGHA HALT,,
LUNI,LUNI JN,,
LUR,LATUR,,
LUSA,LUSA,,
LVR,LOKVIDYAPTH NGR,,
LW,LORWADA,,
LWR,ALNAVAR JN,,
LWS,LUKWASA,,
LXA,LAKSWA,,
LXD,LAKSHANNATH RD,,
LXMP,LAKXMIPUR,,
LYD,LAYABAD,,
MA,MADHA,,
MAA,MAVAL,,
MAAR,MALHAR,,
MABA,MANDI BAMORA,,
MABB,MABBI HALT,,
MABD,MAHBUBABAD,,
MABN,MABAN,,
MACI,MARACHI HALT,,
MACR,MANGULI CHOWDWAR,,
MAD,MADDUR,,
MADA,MAONDA,,
MADM,MATRADHAM,,
MADR,MADURE,,
MADU,MADDURU,,
MAE,MATHERAN,,
MAEL,MAEL,,
MAF,MANAVUR,,
MAG,MANGALAGIRI,,
MAGH,MANIKGARH,,
MAH,MADHOGANJ,,
MAHE,MAHE,,
MAHI,MAHIPUR,,
MAHM,MEHAM,,
MAHO,MAHOLI,,
MAI,MEHSI,,
MAJ,MAJHERGRAM,,
MAJN,MANGALORE JN,,
MAK,MALLIKPUR,,
MAKG,MUALKHANG,,
MAKH,MOKHAMPURA,,
MAKM,MARARIKULAM,,
MAKP,MANIKPURA,,
MAKR,BINA MALKHERI JN,,
MALA,MALA,,
MALB,MALIYA MIYANA JN,,
MALK,MALKAPUR ROAD,,
MALM,MANTHRALAYAM RD,,
MALR,MALLUR,,
MAM,MANGAL MAHUDI,,
MAN,MANINAGAR,,
MANA,MANA,,
MANE,MANESWAR,,
MANI,MANI HALT,,
MANK,MANKI,,
MANR,MANSAROVAR,,
MANU,MANU,,
MANW,MANWA,,
MAO,MADGAON JN,,
MAP,MORAPPUR,,
MAQ,MANGALORE CENTRAL,,
MAR,MULANUR,,
MARD,MAVUR ROAD,,
MAS,PURATCHI THALAIVAR DR. MGR CTL,,
MASK,MAISAR KHANA,,
MASS,CHENNAI CENTRAL SUBURBAN STATION,,
MATL,MATLA,,
MAU,MAU JN,,
MAUL,MAULI BLOCK HUT,,
MAUR,MAUR,,
MAX,MANGUDI,,
MAY,MARIAHU,,
MAYP,MAYAPUR,,
MAYR,MAYAR,,
MAZ,MANGRA,,
MB,MORADABAD,,
MBA,MAHOBA,,
MBAH,MIRABIGHA HALT,,
MBB,MURSHIDABAD,,
MBC,MAHANANDA BGE,,
MBDD,MAA BARAHI DEVI DHAM,,
MBDP,MAA BELHA DEVI DHAM PRATAPGARH,,
MBE,MIRZAPUR BANKIPUR,,
MBF,MUNABAO,,
MBG,MAIBANG,,
MBGA,MARWAR BAGRA,,
MBI,MADHUBANI,,
MBL,MANUBOLU,,
MBM,MAMBALAM,,
MBNL,MARWAR BHINMAL,,
MBNR,MAHBUBNAGAR,,
MBO,MAIRABARI,,
MBP,MOHIBULLAPUR,,
MBQ,MUMBRA,,
MBS,MADHOSINGH,,
MBSK,MARWAR BALIA,,
MBT,MARWAR BITHRI,,
MBU,MELPATTAM BAKKAM,,
MBV,MIRZAPUR BACHHOD,,
MBW,MALWARA,,
MBY,MANDI DABWALI,,
MC,MANDAPAM CAMP,,
MCA,MECHEDA,,
MCDA,MAA CHANDIKA DEVI DHAM ANTU,,
MCF,MANIK CHOWREE P.H.,,
MCI,MANCHERAL,,
MCJ,MANJATTIDAL,,
MCL,MADIMANGALAM,,
MCLA,MACHERLA,,
MCLE,MANCHILI,,
MCN,MUKUNDARAYAPURM,,
MCO,MOTIHARI COURT,,
MCPE,MARWAR CHAPRI,,
MCPK,CHEPAUK,,
MCPT,CHINTADARIPET,,
MCQ,MIRCHADHORI,,
MCRD,MECHERI ROAD,,
MCS,MANCHESWAR,,
MCSC,MAHARAJA CHHATRASAL STATION CHHATARPUR,,
MCTM,MARTYR CAPTAIN TUSHAR MAHAJAN,,
MCU,MULACALACHERUVU,,
MCV,MACHARYA,,
MCVM,MACHAVARAM,,
MCY,MACHHRIAWAN HALT,,
MCZ,MAHABUANG,,
MDA,MANDHANA JN,,
MDAK,MEDAK,,
MDB,MANDOR,,
MDBP,MADHABPUR,,
MDC,MAKARDAHA,,
MDCR,MASAUDHI COURT HALT,,
MDDG,MALAD GAON,,
MDDP,MANDI DIP,,
MDE,MAKHDUMPUR GAYA,,
MDF,MURADI,,
MDG,MANDAL GHAT,,
MDGB,MADHABNAGAR HALT,,
MDGR,MANENDRAGARH,,
MDH,MANDHAR,,
MDHA,MADHADA,,
MDJ,MUHAMMADGANJ,,
MDJN,MADAR JN,,
MDKD,MADHUKUNDA,,
MDKI,MADUKARAI,,
MDKM,MADATTUKULAM,,
MDKU,MODUKURU,,
MDL,MANDAL,,
MDLA,MUNDLANA,,
MDLE,MANDAR HILL,,
MDLL,MUDDALINGAHALLI,,
MDN,MIDNAPORE,,
MDNR,MODINAGAR,,
MDP,MADHUPUR JN,,
MDPA,MANDPIYA,,
MDPB,MADHOPUR PUNJAB,,
MDPJ,MADANAPUR HALT,,
MDPR,MODPUR,,
MDR,MADHIRA,,
MDRA,MEDRA,,
MDRR,MADHAVNAGAR ROAD,,
MDS,MANDASOR,,
MDSE,MADHU SUDANPUR,,
MDT,MADARIHAT,,
MDU,MADURAI JN,,
MDUN,MADHRANAGAR,,
MDVB,MANDAR VIDYAPITH HALT,,
MDVK,MAHADEOKHEDI,,
MDVL,MANDAVALLI,,
MDVR,MADHAVNAGAR,,
MDW,MARWAR MUNDWA,,
MDWI,MANDAWARI,,
MDXR,MUDARIA,,
ME,MASAIPET,,
MEC,MERTA CITY,,
MED,MEDCHAL,,
MEE,METHAI,,
MEH,MELALATHUR,,
MEJ,VANCHI MANIYACHCHI JN,,
MEKM,MELAKKONNAKKULM,,
MEL,BMBY MARINE LNS,,
MELH,MELUSAR,,
MEM,MAU AIMMA,,
MENP,MEENAPUR,,
MEP,MAHIDPUR ROAD,,
MEQ,MALETHU KANAK,,
MER,METPANJRA,,
MES,MADURAI EAST,,
MESR,MESRA,,
MET,MALERKOTLA,,
METR,METHI TIKUR,,
MEU,MENDU,,
MEW,MARHAURA,,
MEX,MUKERIAN,,
MFA,MUKURIA,,
MFB,MUSTAFABAD,,
MFC,MONABARI,,
MFCK,MUSTAPHA CHAK,,
MFH,MAHRAULI,,
MFJ,MUFTIGANJ,,
MFKA,MUSAFIR KHANA,,
MFL,MISRAULI,,
MFM,MAHALAM,,
MFP,MUZAFFARPUR JN,,
MFQ,MAHROI,,
MFR,MANDLA FORT,,
MFX,MADARAHA,,
MFZ,MALAHAR,,
MG,MODELGRAM,,
MGAE,MORGRAM,,
MGB,MUDIGUBBA,,
MGC,MUGAT,,
MGD,MUGAD,,
MGDR,MAGARDARRA,,
MGE,MIGRENDISA,,
MGF,MANDAGERE,,
MGG,MANGLIYA GAON,,
MGI,MANIGACHI,,
MGK,MULAGUNNATHUKAVU,,
MGKM,MUNGIYAKAMI,,
MGKP,MANISINGH KA PURA,,
MGL,MUGALALLI HALT,,
MGLE,MANIGRAM,,
MGLP,MANGOLPURI,,
MGM,MURAGACHA,,
MGME,MCCLUSKIEGANJ,,
MGN,MEGHNAGAR,,
MGPA,MUNDA GOPAL ASH,,
MGPI,MANGARPATTI HALT,,
MGR,MONGHYR,,
MGRD,MAGARDOH,,
MGRP,MEGH RAJ PURA,,
MGRR,MAGARPUR,,
MGT,MAGRAHAT,,
MGV,MOLAGAVALLI,,
MGVK,MALEGAON VYENKU,,
MGW,MAGARWARA,,
MGWD,MAHNGARWL DOABA,,
MGZ,MAHARAJ GANJ,,
MH,MAHURI HALT,,
MHA,MARAHRA,,
MHAD,MOHADI PRGN LNG,,
MHBA,MATHABHANGA,,
MHBG,MAHADEVA BUZRUG,,
MHBT,MAHBUB NAGAR TOWN HA,,
MHBZ,MAHTHA BAZAR,,
MHC,MASRAKH,,
MHD,MAHEMADAVAD KHEDA ROAD,,
MHDB,MAHADIA PH,,
MHH,MAGHAR,,
MHHR,MAHESRA,,
MHI,MANIHARI,,
MHJ,MAHAJAN,,
MHKT,MOHKHUTI,,
MHL,MAHWAL,,
MHLN,MAHENDRALALNAGAR PH,,
MHLT,MAHESH LETA HALT,,
MHMB,MAHIMBA,,
MHN,MAHANADI,,
MHNR,MAHESH NAGAR HALT,,
MHO,MAHPUR,,
MHP,MUHAMMADPUR,,
MHPR,MAHIYARPUR,,
MHQ,MOHUDA,,
MHRG,MAHENDRAGARH,,
MHRI,MACHHRAULI,,
MHRL,MAHRAIL,,
MHRN,MAHENDRANATH,,
MHSA,MAHESHPUR,,
MHT,MANJHI F,,
MHTR,MALIHATI TBR RD,,
MHU,MANHERU,,
MHUL,MEHUWALA HALT,,
MHUR,MOHANPUR,,
MHV,MAHUVA JN,,
MIA,MANIA,,
MIAN,MIANGRAM,,
MID,MADHI,,
MIH,MIHRAWAN,,
MIJ,MAJHDIA,,
MIK,MANIKUI,,
MIKD,MAHIKHAND HALT,,
MIL,MILAK,,
MIM,MANIRAM,,
MIN,MIHINPURWA,,
MINA,MIYANA,,
MINJ,MAIKALGANJ,,
MIO,MOLISAR,,
MIPM,MARRI PALEM HALT,,
MIQ,MIRHAKUR,,
MIR,MAIJAPUR,,
MIRA,MIRA ROAD,,
MITA,MITHA,,
MIU,MARIPAT,,
MIW,MIGHAUNA,,
MIYN,MANIYAN,,
MJ,MARWAR JN,,
MJA,MEJA ROAD,,
MJBK,MANJARI BUDRUK,,
MJBT,MAJBAT,,
MJE,MUJNAI,,
MJF,MALKAJGIRI,,
MJG,MAJHAGAWAN,,
MJH,MAJU PH,,
MJHL,MAJADA HALT,,
MJHR,MAJHIARI,,
MJL,MAJHOWALIA,,
MJM,MANJHAULIGRAM HALT,,
MJN,MAKUM JN,,
MJNL,MAJRI NANGAL,,
MJNS,MAA JAGDAMBA NAWADA HALT,,
MJO,MAJORDA JN,,
MJP,MOHARAJPUR,,
MJPB,MANJHRA PURAB,,
MJR,MINJUR,,
MJRI,MAJRI JN,,
MJS,MANJESHWAR,,
MJT,MAJERHAT,,
MJTA,MAJITHA,,
MJV,MANJHAGARH,,
MJY,MARAMJHIRI,,
MJZ,MAJHOLA PAKARYA,,
MK,MIRANPUR KATRA,,
MKA,MOKAMA,,
MKAK,MUNDAKAKANNI AMMAN KOIL,,
MKB,MANKATHA,,
MKBH,MANWALA KOT BAK,,
MKC,MAKSI JN,,
MKD,MARKUNDI,,
MKDD,MUKUNDWADI HALT,,
MKDI,MAKUDI,,
MKDN,MARKADHANA,,
MKG,MANAK NAGAR,,
MKGD,MANIKAGODA,,
MKH,MALAKHERA,,
MKHI,MAKHI,,
MKHR,MARWAR KHARA,,
MKJ,MAKKAJIPALLI,,
MKK,KODAMBAKKAM,,
MKL,MAKALIDURGA,,
MKLI,MAKRAULI,,
MKM,MARIKUPPAM,,
MKMN,MOKHRA MADINA,,
MKN,MAKRANA JN,,
MKO,MARKONA,,
MKP,MANIKPUR JN,,
MKPR,MUKTAPUR,,
MKPT,MALIKPETH,,
MKR,MADDIKERA,,
MKRD,MACHHAKUNDA,,
MKRH,MALLICHPURHAT,,
MKRN,MAKRONIA,,
MKS,MUKTSAR,,
MKSP,MUKHASA PARUR,,
MKSR,MOKALSAR,,
MKTL,MAKTHAL,,
MKTP,MUKETASHWAR,,
MKU,MALKAPUR,,
MKWI,MAKARWADI HALT,,
MKX,MORAK,,
MKZ,MAHKEPAR ROAD P.H.,,
ML,MALHOUR,,
MLAR,MALANPUR,,
MLB,MODLIMB,,
MLBZ,MAL BAZAR,,
MLC,MALKISAR,,
MLD,MALIHABAD,,
MLDE,MADLAUDA,,
MLDT,MALDA TOWN,,
MLFC,MALDA COURT,,
MLG,MALHARGARH,,
MLGH,MANDAL GARH,,
MLHA,MALIYA HATINA,,
MLHS,LIGHT HOUSE,,
MLI,MANGALIYAWAS,,
MLJ,MOHANLALGANJ,,
MLK,MALKAPURAM,,
MLKA,MALUKA,,
MLKH,MULEWAL KHAIHRA,,
MLKN,MUNDHAL KALAN,,
MLKP,MALIKPUR,,
MLM,MALTHAN,,
MLMG,MALLEMADUGU,,
MLMR,MELMARUVATHUR,,
MLN,MAILANI,,
MLND,MULUND,,
MLNH,MALANCHA,,
MLO,MALUR,,
MLP,MALLAPUR,,
MLPR,MALIPUR,,
MLQ,MALKERA JN.,,
MLR,MALKHED,,
MLS,MALASA,,
MLSA,MALLASANDRA,,
MLSU,MALSAILU,,
MLT,MALATIPATPUR,,
MLTI,MALTI,,
MLTR,MELATTUR,,
MLU,MALUGUR,,
MLV,MALLARPUR,,
MLW,MALLANWAN,,
MLX,MULLANPUR,,
MLY,MAULA ALI,,
MLYA,MALIYA   HALT,,
MLYR,MELNARIYAPANUR,,
MLZ,MALARNA,,
MMA,MUHAMMADABAD,,
MMB,MAHMUDABAD AVDH,,
MMC,MAHAMANDIR,,
MMCT,MUMBAI CENTRAL,,
MMD,MAHESHMUNDA,,
MMDA,MUTHALAMADA,,
MMDL,MOHINI MANDAL(HALT),,
MMDP,MOHAMADPUR,,
MME,MUL MARORA,,
MMG,MADHYAMGRAM,,
MMH,MAHADANAPURAM,,
MMI,MARIYAMANAHALLI,,
MMK,MADURANTAKAM,,
MMKB,MEKRA MEMERKHABAD HALT,,
MML,MADAN MAHAL,,
MMLN,MAHUAMILAN,,
MMM,MANDAPAM,,
MMNK,MARAIMALAI NAGAR KAMARAJAR,,
MMP,MAMBALAPPATTU,,
MMPL,MANTAPAMPALLE,,
MMR,MANMAD JN,,
MMS,MANDASA ROAD,,
MMU,MUGMA,,
MMV,MAHALI MARUP,,
MMVR,MURGA MAHADEV ROAD,,
MMY,MARWAR MATHANIYA,,
MMZ,MANDAMARI,,
MN,MINAMBAKKAM,,
MNAE,MANKAR,,
MNC,MADANKATA,,
MNCR,MONACHERRA,,
MND,MUNDERWA,,
MNDH,MANDIR HASAUD,,
MNDK,MAGANOOR,,
MNDP,MENDIPATHAR,,
MNDR,MANDI DHANAURA,,
MNDU,MANDU HALT,,
MNDY,MANDAVELI,,
MNE,MANSI JN,,
MNF,MANDA ROAD,,
MNGD,MUNIGUDA,,
MNGR,MOHAN NAGAR,,
MNH,MUNSHIRHAT PH,,
MNHA,MINDHA,,
MNHL,MAJHAIRAN HMCHL,,
MNI,MANGAON,,
MNJ,MANOHARGANJ,,
MNJR,MANJHLEPUR,,
MNKD,MANKHURD,,
MNL,MINCHNAL,,
MNLI,MANALI HALT,,
MNM,MANAMADURAI JN,,
MNMA,MANDAN MISHRA,,
MNMU,MANI MAU,,
MNO,MEHNAR ROAD,,
MNP,MANANPUR,,
MNPR,MIANPUR,,
MNQ,MAINPURI,,
MNR,MAKKHANPUR,,
MNS,MANSHAHI,,
MNSR,MANAKSAR,,
MNTT,MULANTURUTTI,,
MNU,MUNDIKOTA,,
MNUR,MANNANUR,,
MNV,MUNGAOLI,,
MNWL,MANWAL,,
MNY,MANKARAI,,
MNZ,MANANI,,
MO,MOHOL,,
MOA,MANOPAD,,
MOAR,MONIPUR BAGAN,,
MOB,MANOHARABAD,,
MOBD,MOABUND,,
MOF,MONDH,,
MOG,MOHIUDDINNAGAR,,
MOGA,MOGA,,
MOHR,MOHANA HARYANA,,
MOI,MORI BERA,,
MOJ,MOHANA,,
MOL,MULI ROAD,,
MOMU,MOLAKALMURU,,
MON,MODRAN,,
MONJ,MONGLAJHORA,,
MONR,MOHANUR,,
MOO,MUDDANURU,,
MOP,MOHITNAGAR,,
MOPR,MOHANPURA,,
MOR,MOR,,
MORA,MORAIYA,,
MOT,MALOUT,,
MOTA,MOTA,,
MOTC,MOTICHUR,,
MOTG,MOTIGANJ,,
MOTH,MOTH,,
MOU,MANOHARPUR,,
MOW,MANANWALA,,
MOX,MORAN,,
MOY,MOHRI,,
MOZ,MUZAFFARNAGAR,,
MP,MELAPPALAIYAM,,
MPA,MANAPARAI,,
MPC,MUTTAMPATTI,,
MPD,MADPUR,,
MPE,MALATIPUR,,
MPF,MUIRPUR ROAD,,
MPG,MANPUR NAGARIA,,
MPH,MUNDHA PANDE,,
MPI,MELPATTI,,
MPJ,MADANPUR,,
MPK,CHENNAI PARK,,
MPKT,CHENNAI PARK TOWN,,
MPL,MADANAPALLE RD,,
MPLE,MAHIPAL,,
MPLI,MINNAMPALLI,,
MPLM,MURTHIPALAIYAM,,
MPLR,MAHIPAL ROAD,,
MPML,MOHAPANI MAL,,
MPN,MADHYAMPUR,,
MPNH,MAJNUPUR NAVADA HALT,,
MPO,MANPUR JN,,
MPR,MAKAR PURA,,
MPRA,MAHAMMAD PUR,,
MPRD,MATHURAPUR RD,,
MPT,MANGALAMPETA,,
MPU,MEDAPADU,,
MPUE,MAINPURI KACHRI,,
MPUR,NEW MADANPUR,,
MPY,MURARPUR,,
MQ,MANNARGUDI,,
MQA,MATODA,,
MQC,MUNDKA,,
MQE,MOHAMMADKHERA,,
MQG,MILANGARH,,
MQL,MIRKHAL,,
MQN,MANYAMKONDA,,
MQO,MUNROTURUTTU,,
MQP,MAKRANDPUR,,
MQQ,MARKAHANDI U HT,,
MQR,MALKHAID ROAD,,
MQS,MALSIAN SHAHKHT,,
MQU,MURUKKAMPUZHA,,
MQW,MALLANNAGAR,,
MQX,MERALGRAM,,
MQZ,MOTA JADRA,,
MR,MARTUR,,
MRA,MORENA,,
MRB,MUNIRABAD,,
MRBD,MOINARBAND,,
MRBL,MURIBAHAL,,
MRC,MARICHETHAL,,
MRDA,MARODA P.H.,,
MRDG,MARADANGA,,
MRDL,MERAMANDOLI,,
MRDP,MURADPUR(HALT),,
MRDW,MURDESHWAR,,
MRE,MANAURI,,
MRF,MARPALLI,,
MRG,MARGHERITA,,
MRGA,MIRYALAGUDA,,
MRGM,MAURIGRAM,,
MRHA,MURAHARA,,
MRHT,MORANHAT,,
MRIJ,MURLIGANJ,,
MRJ,MIRAJ JN,,
MRJD,MARAJDWA,,
MRJN,MIRJAN,,
MRK,MARKAPUR ROAD,,
MRKL,MARIKAL,,
MRL,MAROLI,,
MRLA,MARIYAL GANGAVADI HA,,
MRLI,MURLI HALT,,
MRM,MAMANDURU,,
MRN,MORWANI,,
MRND,MORINDA,,
MROA,MORA,,
MRPR,MAU RANIPUR,,
MRQ,MATARI,,
MRR,MURARAI,,
MRSH,MORSHI,,
MRT,MATHURA CANT,,
MRTA,MURAITHA,,
MRTD,MORTAD,,
MRTL,MIRTHAL,,
MRV,MARSUL,,
MRWS,MARWAR RANAWAS,,
MRX,MURUD,,
MRYA,MERIYANA,,
MRZA,MIRZA,,
MS,CHENNAI EGMORE,,
MSAE,MASAGRAM,,
MSB,CHENNAI BEACH,,
MSC,CHENNAI CHETPAT,,
MSD,MUMBAI MASJID,,
MSDG,MHASOBA DONGARGAON,,
MSDH,MASNADIH,,
MSDL,MAHISADAL,,
MSDN,MASUDAN,,
MSDR,MURSHADPUR,,
MSF,CHENNAI FORT,,
MSGR,MARSHAGHAI ROAD,,
MSH,MAHESANA JN,,
MSHW,MUSHARWA HALT,,
MSK,MAHES KHUNT,,
MSKT,MSKT KATHUA,,
MSL,MACHCHALANDAPUR,,
MSMD,MAHASAMUND,,
MSMI,MISAMARI,,
MSN,MURSAN,,
MSOD,MASODHA,,
MSP,MANSURPUR,,
MSQ,MARWAR RATANPUR,,
MSR,MASUR,,
MSRP,MURHESI RAMPUR,,
MSS,MASARAHALLI,,
MSSD,MAHESHARI SNDHN,,
MSSN,MAISHASHAN,,
MST,MASIT,,
MSTH,MISRIKH TIRATH,,
MSU,MOSUR,,
MSV,MUSTRA,,
MSW,MASKANWA,,
MSWA,MASANIWALA,,
MSZ,MANSA,,
MT,MATERA,,
MTA,MATHELA,,
MTAP,MATANIA ANANTPUR,,
MTB,MATLABPUR,,
MTBG,MATHIA BARGHAT HALT,,
MTBH,MAHATBANIA HALT,,
MTC,MEERUT CITY,,
MTCN,TIRUVALLIKENI,,
MTD,MERTA ROAD JN,,
MTDB,MERTA ROAD BYPASS,,
MTDI,MALTEKDI,,
MTDM,METTUR DAM,,
MTE,METTUR,,
MTFA,MERTALA PHALEYA HALT,,
MTGE,MUTHANI,,
MTH,MATAUNDH,,
MTHP,MITHAPUR,,
MTI,MITAWALI,,
MTIP,MATHNASHIPUR,,
MTJ,MATHURA JN,,
MTJR,MOTERJHAR,,
MTKR,MATOKHAR,,
MTL,MAILAM,,
MTLP,MITHILA DEEP,,
MTM,MACHILIPATNAM,,
MTMI,MOTIMARI,,
MTMY,THIRUMAYILAI,,
MTN,MUMBAI MATUNGA,,
MTND,MATTAGAJPUR,,
MTNL,MUTTARASANALLUR,,
MTO,MAITHA,,
MTP,METUPALAIYAM,,
MTPC,MOTIPURA CHAUKI,,
MTPI,METAPALLI,,
MTPR,RAIMAHTPUR,,
MTR,MOTIPUR,,
MTSI,MOTISADHLI,,
MTT,MUTUPET,,
MTU,MATMARI,,
MTUR,MATHUR,,
MTV,MATALKUNTA,,
MTWN,MITEWANI P.H.,,
MTY,MULTAI,,
MU,MAKANSAR,,
MUA,MUSRA,,
MUBR,MANU BAZAR,,
MUC,MULLURCARAI,,
MUD,MURADNAGAR,,
MUE,MUDKHED,,
MUG,MAGRA,,
MUGA,MAHUGARA,,
MUGN,MAHUTGAON,,
MUGR,MANUGURU,,
MUH,MURTHIHA,,
MUHI,MURHARI HALT,,
MUK,MUNUMAKA,,
MUKE,MUKKALI,,
MULK,MULKI,,
MUM,MANGAPATNAM,,
MUP,MURHIPAR,,
MUPA,MUPA,,
MUQ,MARUDUR,,
MUR,MANKAPUR JN,,
MURD,MANDAWAR M RD,,
MURI,MURI JN,,
MUT,MEERUT CANT,,
MUU,MANKUNDU,,
MUUA,MAHUAWA KHURD,,
MUW,MATHURAPUR,,
MUZ,MOHIUDDINPUR,,
MV,MAYILADUTURAI JN,,
MVA,MALAKA VEMALA,,
MVC,MAVINKERE,,
MVD,MULVAD,,
MVE,MUNDHEWADI,,
MVF,MANABAR,,
MVG,MALIGURA,,
MVH,MANTATTI,,
MVI,MORBI,,
MVJ,MAVLI JN,,
MVKR,MAHAVANKHOR HALT,,
MVL,MALAVLI,,
MVLK,MAVELIKARA,,
MVN,MILAVITTAN,,
MVO,MANWATH ROAD,,
MVP,MOKHASA KALVPDI,,
MVPM,MAVELIPALAIYAM,,
MVRD,MAIVADI ROAD,,
MVV,MAHESHI,,
MVW,MALLIVIDU,,
MVY,MALAVI,,
MW,MAIRWA,,
MWAD,MOWAD,,
MWAI,MAWAI,,
MWC,MANDAWALI CHANDER VIHAR HALT,,
MWD,MHASAVAD,,
MWE,MEWA NAWADA,,
MWG,MINDALA,,
MWH,MALWAN,,
MWJ,MARWASGRAM,,
MWK,MORDAD TANDA,,
MWM,MALLESWARAM,,
MWP,MAHRANI PACHHIM,,
MWQ,MOTARI HALT,,
MWR,MAHANSAR,,
MWRN,MADWARANI,,
MWT,MARWAR LOHAWAT,,
MWUE,MAHRAWAL,,
MWW,MAHWA,,
MWX,MALLANWALA KHAS,,
MWZ,MAHISHADAHARI,,
MXA,MARAUDA,,
MXH,MAKHU,,
MXJ,MANGURJAN,,
MXK,MANDRAK,,
MXL,MOKHOLI,,
MXM,MINATCHIPURAM,,
MXN,MARIANI JN,,
MXO,MORTHALA,,
MXP,MALUPOTA,,
MXR,MAHUR,,
MXS,MOHASA,,
MXT,MALAKPET,,
MXY,MAHUARIYA,,
MYA,MANDYA,,
MYD,MANDERDISA,,
MYG,MIYAGAM KARJAN,,
MYGD,MAYNAGURI ROAD,,
MYHT,MAYURHAT,,
MYJ,MAHEJI,,
MYK,MAYAKONDA,,
MYL,MALLIYALA,,
MYM,MEMARI,,
MYO,MORIDHAL,,
MYP,MUNDIYAMPAKKAM,,
MYPR,MAYNAPUR,,
MYR,MAIHAR,,
MYS,MYSORE JN,,
MYU,MAYANOOR,,
MYX,METYALSAHAR HALT,,
MYY,MAYYANAD,,
MZA,MEZENGA S,,
MZC,MIRZA CHEUKI,,
MZGI,MANZURGARHI,,
MZH,MAUHARI,,
MZHL,MAJHAOLI,,
MZL,MIRZAPALLI,,
MZM,MUZZAMPUR NRYN,,
MZMA,MAZHOM,,
MZP,MIRZAPUR,,
MZQ,MAJGAON ASSAM,,
MZR,MURTAJAPUR JN.,,
MZU,MARANDAHALLI,,
MZW,MANJHWE,,
MZX,MATATILA,,
MZY,MACHAPUR,,
MZZ,MANJURI ROAD,,
NAB,NAGBHIR JN,,
NAC,NAWA CITY,,
NACC,NEW ALIPUR (CALCUTTA,,
NAD,NAGDA JN,,
NAHT,NEW ASHTI,,
NAI,NANGI,,
NAK,NAKSALBARI,,
NAKD,NAIK DIH,,
NAL,NAL HALT,,
NALR,NALPUR,,
NAM,NAMRUP,,
NAN,NANDGAON ROAD,,
NANA,NANA,,
NAND,NANDIKOOR,,
NANR,NARANPUR,,
NARA,NARA HALT,,
NARD,NAIKA ROAD HALT,,
NAS,NASRALA,,
NASP,NARASINGAPALLI,,
NAT,NATHNAGAR,,
NAU,NADAPURAM ROAD,,
NAVI,NEW AMRAVATI,,
NAW,NAWANDGI,,
NAWN,NAWAN,,
NAZJ,NAZIRGANJ,,
NB,NIMBHORA,,
NBA,NABHA,,
NBAE,NABAGRAM,,
NBD,NAJIBABAD JN,,
NBE,NEW BARRACKPORE,,
NBG,NABINAGAR ROAD,,
NBH,NIMBAHERA,,
NBI,NADBAI,,
NBJU,NEW BARAUNI JN.,,
NBK,NUNGAMBAKKAM,,
NBKH,NABA GRAM KANKURHATI,,
NBL,NIMBAL,,
NBP,NIBHAPUR,,
NBPH,NEW BALRAMPUR HALT,,
NBQ,NEW BONGAIGAON,,
NBR,NAMBURU,,
NBRN,NABA RAYNAGAR HALT,,
NBS,NEW BANESWAR,,
NBT,NAYABAGIRTHIPUR,,
NBU,NARASAMBUDHI,,
NBUE,NIBKARORI,,
NBX,NIZBARGANJ,,
NCA,NIZCHATIA,,
NCB,NEW COOCH BEHAR,,
NCBD,NEW CHANGRABANDHA,,
NCE,NLACHRVURU EAST,,
NCH,NAKACHARI,,
NCHS,NATURE CURE HOSPITAL,,
NCJ,NAGERCOIL JUNCTION,,
NCN,NACHINDA PH,,
NCP,NISCHINDAPUR,,
NCPM,NISCHINDAPUR MARKET HALT,,
NCR,NAGORE,,
NCRM,NACHARAM,,
NCTP,,,
NCU,NALLACHERUVU,,
ND,NADIAD JN,,
NDAE,NABADWIP DHAM,,
NDAM,NADIGAM HALT,,
NDB,NANDURBAR,,
NDBT,NANDPR BHATAULI,,
NDD,NIDADAVOLU JN,,
NDE,NANDRE,,
NDGJ,NANDAIGAJAN P.H.,,
NDH,NINDHAR BENAR,,
NDIM,NANDAIGRAM HALT,,
NDJ,NANDGANJ,,
NDK,NANKHAS,,
NDKD,NADIKODE,,
NDKR,NANDAKUMAR PH,,
NDL,NANDYAL,,
NDLH,NANDLALEE HALT,,
NDLS,NEW DELHI,,
NDM,NIDAMANURU,,
NDMH,NEREDMET HALT,,
NDN,NARDANA,,
NDNI,NIDHANI,,
NDNR,NEW DHANORA,,
NDO,NIDUBROLU,,
NDON,NADAON HALT,,
NDPM,NARMADAPURAM,,
NDPR,NANDAPUR,,
NDPU,NUDURUPADU,,
NDR,NANDESARI,,
NDRT,NANGAL DEGROTA,,
NDT,NATHDWARA,,
NDU,NADAUL,,
NDV,NIDVANDA,,
NDW,NADWAN,,
NDY,NANDI HALT,,
NDZ,NIDIGALLU,,
NEC,NEMILICHERRY HALT,,
NED,NANDED,,
NEMA,NEMA HALT,,
NEO,NEORA,,
NEP,NENPUR,,
NERH,NER HALT,,
NERI,NERI,,
NES,NATESAR,,
NEU,NERUL,,
NEUA,NEMUA HALT,,
NEW,NIVARI,,
NFK,NEW FARAKKA JN,,
NG,NAGARI,,
NGA,NINGALA,,
NGAN,NAGAON,,
NGB,NAWABGANJ GONDA,,
NGD,NAGARDEVLA,,
NGDM,NAGRA DHAM P.H.,,
NGE,NAGAR,,
NGF,NAGARNABI,,
NGG,NAGINA,,
NGI,NAGARI,,
NGIM,NAGRI GRAM,,
NGL,NAGAL,,
NGLT,NAGLATULA,,
NGM,NAGASAMUDRAM,,
NGMP,NEW GARH MADHOPUR,,
NGN,NANDGAON,,
NGNT,NEW GUNTUR,,
NGO,NAGAUR,,
NGP,NAGPUR JN.,,
NGR,ANNIGERI,,
NGRD,NILGIRI ROAD,,
NGRH,NEW GIRIDIH,,
NGRI,NEW GARIA,,
NGRS,NAGROTA SURIYAM,,
NGRT,NAGROTA,,
NGS,NAGANSUR,,
NGT,NAGAPPATTINAM JN,,
NGTG,NEW GITLDADA JN,,
NGTN,NAGOTHANE,,
NGW,NAUGANWAN,,
NGWN,NOGANWAN,,
NGX,NIGAN,,
NGY,NATH GANJ,,
NGZ,SHRI-KSHETRA NAGJHARI,,
NH,NAIHATI JN,,
NHB,NOH BACHHAMDI,,
NHF,NIHASTA HALT,,
NHGJ,NEW HARANGAJAO,,
NHH,NIHALGARH,,
NHK,NAHARKATIYA,,
NHLG,NEW HAFLONG,,
NHLN,NAHARLAGUN,,
NHM,NANDOL DEHEGAM,,
NHN,NIGOHAN,,
NHR,NOHAR,,
NHT,NALHATI JN,,
NHU,NAHUR,,
NHX,NARTHAR,,
NHY,NAGANAHALLI,,
NI,NAYDONGRI,,
NIA,JANJGIR NAILA,,
NID,NIDUR,,
NIDI,NIDI,,
NIG,NAIGAON,,
NIIJ,NILAJE,,
NIL,NILAMBUR ROAD,,
NILE,NIMITITA,,
NIM,NIMDIH,,
NIN,NIMKANA,,
NIP,NIZAMPUR,,
NIQ,NIGAURA,,
NIR,NAINPUR JN,,
NIRA,NIRA,,
NIT,NAIKOT,,
NITR,NETAJI SUBHASH,,
NIU,NABIPUR,,
NIV,NIVASAR,,
NJA,NAGJUA FS,,
NJAJ,NEW JHAJHA JN,,
NJN,NAOJAN,,
NJP,NEW JALPAIGURI,,
NJT,NAGER COIL TOWN,,
NK,NASIK ROAD,,
NKB,NAGRAKATA,,
NKBR,NARKATIA BAZAR HALT,,
NKD,NEKONDA,,
NKDO,NAKKANADODDI,,
NKE,NARKATIAGANJ JN,,
NKH,NATHUKHERI,,
NKI,NAIKHERI,,
NKK,NARIKKUDI,,
NKL,NALIKUL,,
NKLE,NEW KAITHAL HALT,,
NKM,NAMKOM,,
NKMG,NEW KARIMGANJ,,
NKN,NYOLI KALAN,,
NKOT,NEW KOTA,,
NKP,NIRAKARPUR,,
NKPU,NEKPUR,,
NKR,NIMAR KHERI,,
NKRA,NOKHRA,,
NKU,NAKARDEI,,
NKW,NILAKANTHESWAR ASTHAN,,
NKX,NAKATI SEMRA,,
NLBR,NILAMBAZAR,,
NLD,NALANDA,,
NLDA,NALGONDA,,
NLDM,NANGAL DAM,,
NLE,NILESHWAR,,
NLH,NAULTHA,,
NLI,NAMLI,,
NLKR,NILOKHERI,,
NLKT,NALKATA,,
NLN,NAILALUNG,,
NLNI,NEW LONI,,
NLNR,NULEMURU,,
NLP,NORTH LAKHIMPUR,,
NLPD,NALLAPADU,,
NLQ,NANGAL PATHANI HALT,,
NLR,NELLORE,,
NLRD,NECKLACE ROAD,,
NLS,NELLORE SOUTH,,
NLSF,NIYALISH PARA,,
NLV,NALBARI,,
NM,NAIMISHARANYA,,
NMA,NIRMALI,,
NMBR,N MAYURBHANJ RD,,
NMD,NOMODA,,
NMDA,NEW MORINDA,,
NMDR,NIMDANRI,,
NMF,NIMO,,
NMG,NIMIAGHAT,,
NMGA,NELEMANGALA,,
NMGT,NMG TAMDALGE,,
NMGY,NUMOLIGARH,,
NMH,NIMACH,,
NMHI,NEW MANJHI,,
NMJ,NIDAMANGALAM JN.,,
NMK,NIM KA THANA,,
NMKA,NAMKHANA,,
NMKL,NAMAKKAL,,
NML,NELLIMARIA,,
NMM,NEW MISAMARI,,
NMN,NAMANASAMUDRAM,,
NMT,NAMTIALI,,
NMX,NEW MAYNAGURI,,
NMZ,NEW MAL JN,,
NN,NANDURA,,
NNA,NAUGACHIA,,
NNE,NONERA,,
NNGE,NARANGI,,
NNHT,NONIHAT,,
NNKR,NANAKSAR,,
NNL,NARNAUL,,
NNM,NANNILAM,,
NNN,NANGUNERI,,
NNNL,NANDANI LAGUNIA,,
NNO,NANGLOI,,
NNP,NANPARA JN,,
NNPR,NONAPAR,,
NNR,NARAYANPUR,,
NNU,NANGAL MUNDI,,
NNW,NARAYANPUR TATWARA,,
NNWH,NEW NAWADIH,,
NNX,NANAUTA,,
NOA,NOSARIA,,
NOB,NOBANDA,,
NOH,NIGOHI,,
NOI,NARIAOLI,,
NOK,NOKHA,,
NOLB,NOLBARI,,
NOLI,NOLI,,
NOMD,NOAMUNDI,,
NON,NONAR HALT,,
NOQ,NEW ALIPURDUAR,,
NOR,NEORA NADDI,,
NOSM,NOSSAM,,
NPBR,NARAYANPUR BAZAR,,
NPD,NAWAPARA ROAD,,
NPI,NIPANIA,,
NPJE,NICHITPUR,,
NPK,N. PANAKUDI,,
NPKM,NANDIYAMPAKKAM,,
NPL,NAGALAPALLE,,
NPM,NELLIKUPPAM,,
NPML,MALLIAL(NUKAPALLI),,
NPMR,NARAYAN PAKURIA MURA,,
NPNR,NEPANAGAR,,
NPR,NEPALGANJ ROAD,,
NPRD,NAGPUR ROAD PH,,
NPS,NAPASAR,,
NPT,NARASINGAMPET,,
NPU,NADIAPUR,,
NPV,NARPATGANJ,,
NPX,NARINDARPURA,,
NPZ,NAWAPATRA,,
NQH,NEW DOMOHANI,,
NQR,NARAJ MARATHAPUR,,
NR,NIPHAD,,
NRA,NUNKHAR,,
NRD,NARODA,,
NRDP,NAGIREDDIPALLI,,
NRE,NANDALUR,,
NRF,NERALAKATTE HALT,,
NRG,NERGUNDI,,
NRGO,NARGANJO HALT,,
NRGR,NARANJIPUR,,
NRI,NARAINA,,
NRJ,NARIMOGARU,,
NRK,NARAIKKINAR,,
NRKE,NARI KHETRI,,
NRKP,NARKOPI,,
NRKR,NARKHER,,
NRL,NERAL,,
NRLN,NERAL (NG),,
NRLR,NORLA ROAD,,
NRM,NURMAHAL,,
NRN,SINGHIAGHAT,,
NRNR,NURNAGAR,,
NRO,NAKODAR JN,,
NRP,NARSIPATNAM RD,,
NRPA,NARAYNPUR ANANT,,
NRPM,NRP MURLI HALT,,
NRPR,NARENDRAPUR HALT,,
NRR,NAGARUR,,
NRS,NAGARIA SADAT,,
NRSD,NEW RUNNISAIDPUR HALT,,
NRSI,NOORSARAI HALT,,
NRT,NARASARAOPET,,
NRV,NARIYAR,,
NRVR,NARAINA VIHAR,,
NRW,NARWANA JN,,
NRWI,NARWASI,,
NRWN,NANGAL RAJAWATAN,,
NRX,NOADAR DHAL,,
NRY,NYORIYA HUSENPUR,,
NRYP,NARAYANAPURAM,,
NRZB,NOWROZABAD,,
NS,NARASAPUR,,
NSA,NISHANGARA,,
NSBG,NEW SISIBORGAON,,
NSCL,NEW SILCHAR,,
NSD,NASIRABAD,,
NSF,NASIBPUR,,
NSGR,NARASINGHGARH,,
NSI,NIKURSINI,,
NSKL,NASKHAL,,
NSL,NAGARSOL,,
NSP,NALLA SOPARA,,
NSRH,NIZ-SARIHA-HALT,,
NSS,NAWASHAHR DOABA JN,,
NSU,NISUI,,
NSVP,NATIONAL POLICE ACADEMY SHIVAR,,
NSX,NARSIPURAM HALT,,
NSZ,NISHATPURA,,
NTA,NETRA,,
NTG,NURSRATABAD KHARKHAR,,
NTN,NAR TOWN,,
NTR,NITTUR,,
NTSK,NEW TINSUKIA,,
NTT,NATHAPETTAI,,
NTU,NIGATPUR,,
NTV,NAUTANWA,,
NTW,NANJANGUD TOWN,,
NTWL,NETAWAL,,
NTZ,NATHWANA,,
NU,NARSINGHPUR,,
NUA,NUA,,
NUB,NURABAD,,
NUD,NAVAGADH,,
NUGN,NUAGAN,,
NUIH,NEURI HALT,,
NUJ,NUJELLA,,
NUPR,NURPUR ROAD,,
NUQ,NAGAR UNTARI,,
NUR,NARELA,,
NVA,NINDRA,,
NVC,NAGALWANCHA,,
NVF,NAGAVANGALA,,
NVG,NAWAGAON,,
NVK,NEYVILAKKU,,
NVL,NEYVELI,,
NVLN,NAWALGOHAN,,
NVRD,NAVADE ROAD,,
NVS,NAVSARI,,
NVT,NAVIPET,,
NVU,NAVALUR,,
NW,NALWAR,,
NWA,NAGARWARA,,
NWB,NIWAS ROAD,,
NWC,NAYA NAGAR,,
NWD,NAWADAH,,
NWDH,NAWADIH,,
NWH,NAWALGARH,,
NWMS,NOAPARA MAHISHASUR H,,
NWN,NANWAN,,
NWP,NAUPADA JN,,
NWR,NIWAR,,
NWSI,NAWAL SAHI HALT,,
NWU,NAVAPUR,,
NXL,NIROL HALT,,
NXN,NUAGAON,,
NXNR,NUAGAON ROAD,,
NXR,NAGSAR,,
NYA,NARAYANGARH,,
NYDO,NARAYANDOHO,,
NYG,NAYAGARH,,
NYGT,NAYAGARH TOWN,,
NYH,NAYANDAHALLI,,
NYI,NELLAYI,,
NYK,NAYA KHARADIA,,
NYM,NEYAMATPUR,,
NYN,NAINI,,
NYO,NAYAGAON,,
NYP,NAYUDUPETA,,
NYRH,NAYARHAT,,
NYY,NEYYATTINKARA,,
NZB,NIZAMABAD JN.,,
NZD,NUZVID,,
NZG,NAZARBAG,,
NZH,NIDAGHATTA HALT,,
NZM,HAZRAT NIZAMUDDIN JN,,
NZP,NIYAZIPUR HALT,,
NZR,NAZIRA,,
NZT,NAZARETH,,
OBM,OBALAPURAM,,
OBR,OBRA DAM,,
OBVP,OBULAVARIPALLI,,
OCH,ODHANIYA CHACHA,,
OCR,OCHIRA,,
OD,OD,,
ODB,OODLABARI,,
ODC,ODDANCHATRAM,,
ODG,OBAIDULLA GANJ,,
ODM,ONDAGRARM,,
ODUR,ODUR,,
OEA,ODELA,,
OEL,OEL,,
OGL,ONGOLE,,
OGM,OORGAUM,,
OHV,ODHAVA,,
OKA,OKHLA,,
OKD,OKHA MADHI,,
OKHA,OKHA,,
OKL,OTTAKKAL,,
OLA,OLAKUR,,
OLP,OLAPUR,,
OLR,OLLUR,,
OMB,OOMBERMALI,,
OML,OMALUR,,
OMLF,OLD MALDA,,
ON,UNNAO JN,,
OND,AUNLAJORI JN,,
ONR,COONOOR,,
OPL,UPPAL,,
OPM,ONNUPURAM,,
ORAI,ORAI,,
ORC,ORCHHA,,
OREH,ORE  HALT,,
ORGA,ORGA,,
ORH,ODDARAHALLI,,
ORKI,ORKI,,
ORR,ORR,,
ORW,ORWARA,,
OSA,AUSA ROAD,,
OSN,OSIYAN,,
OSRA,OSRA,,
OTD,OOTWAR,,
OTK,OTTAKOVIL,,
OTP,OTTAPPALAM,,
OTR,MOTURU,,
OV,OTTIVAKKAM,,
OYR,WARIA,,
PAA,PATAS,,
PAB,PATTABIRAM,,
PAD,PARDI,,
PADH,PIPRADIH,,
PAE,PALANA,,
PAHB,PURA HALT,,
PAI,PABAI,,
PAIL,PALI A,,
PAJ,PARAJ,,
PAK,PAKALA JN,,
PAKI,PAWAKHALI,,
PAL,PALASNER,,
PALM,PALAIYAM-I,,
PALR,PALUR,,
PAM,PANAPAKAM,,
PAN,PANAGARH,,
PANP,PANDAVAPURA,,
PAO,PANOLI,,
PAP,PITHAPURAM,,
PAQ,PADIYA NAGLA,,
PAR,PANDHURNA,,
PARD,PATHRAD,,
PARH,PADARKHEDA,,
PAS,PASUR,,
PASA,PARASSALA,,
PASG,PANISAGAR,,
PASR,PANDURANGA SWAMY ROAD,,
PATA,PATA,,
PATI,PARSA TEWARI,,
PATL,PATEL HALT,,
PATM,PATAM,,
PATR,PARAMJEEVAR TARAJEEVAR,,
PAU,PURNA JN,,
PAV,PEDANA,,
PAVI,PAVI,,
PAW,PANDABESWAR,,
PAX,PATTI,,
PAY,PAYYANUR,,
PAZ,PAYANGADI,,
PB,PUNTAMBA,,
PBA,PIARDOBA,,
PBB,PARBATONIA,,
PBC,PARVATSAR CITY,,
PBE,PILIBHIT JN,,
PBJM,PBNWA JASMHNDAR,,
PBKS,PAMBAKOVIL SHANDY,,
PBL,PATHSALA,,
PBM,PAMBAN JN,,
PBN,PARBHANI JN,,
PBP,PEMBARTI,,
PBR,PORBANDAR,,
PBV,PALIBA,,
PBW,PANTNAGAR,,
PBZ,PORABAZAR,,
PC,PACHORA JN,,
PCC,PRACHI ROAD JN,,
PCD,PATTAKKUDI,,
PCDR,PANCHDEORI HALT,,
PCH,PACHHAPUR,,
PCHA,,,
PCK,PACHRUKHI,,
PCKM,PACHCHAKUPPAM,,
PCL,PULICHERLA,,
PCLI,PALACHAURI,,
PCM,PAVURCHATRAM,,
PCMK,PACHAR MALIKPUR,,
PCN,PANCH PIPLIA,,
PCO,PALAYANKOTTAI,,
PCOI,PRAYAGRAJ CHHEOKI,,
PCQ,PICHKURIRDHAL,,
PCR,PANCHRA,,
PCT,PANCHTALAVDA RD,,
PCU,PUTLACHERUVU,,
PCV,PALAKKODU,,
PCW,PERAMBUR CARRIAGE WORKS,,
PCX,PAGLA CHANDI,,
PCY,PIPAR CITY,,
PCZ,POCHARAM,,
PD,PHARADAHAN,,
PDA,PUNDOOAH,,
PDD,PADUBIDRI,,
PDE,PINDRAI,,
PDF,PADAMPUR,,
PDG,PARADGAON,,
PDGL,PONDUGULA,,
PDGM,PUDUNAGARAM,,
PDGN,PADHEGAON,,
PDGP,PDGM GANESHPURA,,
PDH,PADADHARI,,
PDI,PALASDHARI,,
PDJ,PHIDING,,
PDKM,PEDDANAYAKKANPALAIYAM,,
PDKN,PEDAKAKANI HALT,,
PDKT,PUDUKKOTTAI,,
PDL,PENDEKALLU JN,,
PDMA,PADMA,,
PDNA,PEDDADINNE,,
PDNR,PADNUR,,
PDO,POODOOR,,
PDP,PADSE,,
PDPK,PADMAPUKAR,,
PDPL,PEDDAPALLI,,
PDPR,PURANDARPUR,,
PDQ,PADLA,,
PDR,PAYAGPUR,,
PDRD,PINDRA ROAD,,
PDS,PINDARSI,,
PDSN,PEDDASANA,,
PDT,PENDURTI,,
PDU,PONDURU,,
PDV,PANDARAVADAI,,
PDW,PANDAUL,,
PDWA,PINDWARA,,
PDX,PAYRADANGA,,
PDY,PONDICHERRY,,
PDZ,PILODA,,
PEA,PETTAI,,
PEC,PENCHARTHAL,,
PED,PIPARDAHI,,
PEE,PATERHI,,
PEH,PATHARDIH JN,,
PEI,PERANI,,
PEL,POLIREDDIPALEM,,
PEM,PERALAM JN,,
PEN,PEN,,
PEP,PHEPHNA JN,,
PER,PERAMBUR,,
PERN,PERNEM,,
PES,PHESAR,,
PETA,PANDETOLA,,
PEW,PERAMBUR LOCO WORKS,,
PFL,PIPRALA,,
PFM,PHAPHAMAU JN,,
PFR,PACHOR ROAD,,
PFT,POTHAHI,,
PFU,PADUA,,
PG,PERGAON,,
PGA,PAGARA,,
PGC,PANCHGACHIA,,
PGDI,PAGIDIRAI,,
PGI,PARPANANGADI,,
PGK,PILI BANGAN,,
PGL,PAGDHAL,,
PGMD,PRAGATI MAIDAN,,
PGN,PERUGAMANI,,
PGR,PUGALUR,,
PGRL,PIDUGURALLA,,
PGT,PALAKKAD JN,,
PGTN,PALGHAT TOWN,,
PGU,PADUGUPADU,,
PGW,PHAGWARA JN,,
PGZ,PERUNGUZHI,,
PH,PANOH,,
PHA,PATHARIA,,
PHD,PHAPHUND,,
PHE,PAHALEJA HALT,,
PHI,PANIKHAITI,,
PHK,PUNARAKH,,
PHM,PATAPATNAM,,
PHN,POKHRAYAN,,
PHOP,PHOOP,,
PHQ,PARDHANDE,,
PHR,PHILLAUR JN,,
PHRH,PANCH RUKHI,,
PHS,FEROZESHAH,,
PHV,PIRTHIGANJ,,
PHWR,PEHOWA ROAD,,
PHX,PATHAKPUR,,
PHY,PHARIHA,,
PI,PADLI,,
PIA,PIPRAIGAON,,
PIC,PARICHA,,
PIGT,PILIGHAT,,
PIH,PARHIHARA,,
PIL,PILER,,
PIO,PILOL,,
PIP,PIPLIA,,
PIRO,PIRO,,
PIS,PISKA FS,,
PIT,PALITANA,,
PIZ,PINGLI,,
PJ,PEPPEGANJ,,
PJA,PAJIAN,,
PJB,PANIAJOB,,
PJGM,PANJGAM,,
PJH,PIRJHALAR,,
PJK,PANJ KOSI,,
PJLE,PANJWARA ROAD,,
PJP,PANJIPARA,,
PJPT,PRAJAPATI(HALT),,
PJR,PANGRI,,
PJY,PARA JANI HALT,,
PK,PAKNI,,
PKA,PRADHANKHUNTA,,
PKB,PATHARKHOLA,,
PKBS,PEEPLEE KA BAS,,
PKC,PAKRA,,
PKD,PENUKONDA,,
PKDE,PILU KHERA,,
PKF,POKLA,,
PKGM,PHAKHOAGRAM,,
PKK,PAKKI,,
PKM,PERIYANAYAKANPALAYAM,,
PKNA,PAKHNA,,
PKNS,POKHARNI NARASINHA,,
PKO,PALAKOLLU,,
PKPU,PEDDAKURAPADU,,
PKQ,PATTIKKAD,,
PKR,PAKUR,,
PKRD,PAKARIA ROAD,,
PKRH,PARSA KERWAN HALT,,
PKT,PATTUKKOTTAI,,
PKU,PANSKURA,,
PKW,PILKHUA,,
PKX,PAKHRULI,,
PKY,PILKHANI,,
PKZ,PPLI PKHI KALAN,,
PLA,PALIA,,
PLAE,PALSIT,,
PLCJ,PHALODI JN,,
PLD,PALDHI,,
PLE,PIPLEE,,
PLF,PIALI,,
PLG,PALGHAR,,
PLGH,PALIGARH,,
PLH,PARALAKHEMUNDI,,
PLHW,PALHAWAS,,
PLI,PETTAIVAYATALAI,,
PLJ,PALEJ,,
PLJE,PHULWARTANR,,
PLK,PLK,,
PLL,PARLI,,
PLLD,PHALTAN,,
PLM,PANELI MOTI,,
PLMD,PILAMEDU,,
PLMG,PULIYAMANGALAM,,
PLMX,PALAMPUR HMCHL,,
PLNI,PALANI,,
PLO,PULGAON JN,,
PLP,PHULPUR,,
PLRD,PADALIYA ROAD,,
PLS,PIPALSANA,,
PLSG,PALASINGI,,
PLSN,PALSANA,,
PLT,PIRTHALA LLAUDA,,
PLU,PATAKOTTACHERUVU,,
PLV,PALSI,,
PLVA,PALLEVADA,,
PLW,PINGLESHWAR,,
PLWR,PHULWARIA,,
PLY,PLASSEY,,
PM,PALAM,,
PMB,PULLAMBADI,,
PMD,PAMIDI,,
PMH,PARAO MAHNA,,
PMI,PAIMAR,,
PMK,PARAMAKKUDI,,
PMKT,PIMPALKHUTI,,
PML,PAPANASAM,,
PMM,PARSEHRA MAL,,
PMN,PAMAN,,
PMO,PANDOLI,,
PMP,PIMPRI,,
PMPE,PAMPORA,,
PMPR,PREMPUR,,
PMQ,PARNA NAND,,
PMR,PITAMBARPUR,,
PMS,PARMALKASA,,
PMT,PULLAMPET,,
PMU,PARMANANDPUR,,
PMY,PALI MARWAR,,
PMYA,PARMINIYA HALT,,
PNB,PANBARI,,
PNBE,PATNA JN,,
PNC,PATNA SAHEB,,
PNCB,PANCHEBERIA,,
PND,PENDRA ROAD,,
PNDI,PACHANDI,,
PNDM,PENNADAM,,
PNDP,PANDILLAPALLI,,
PNDR,PANDORI,,
PNE,PRANTIK,,
PNF,PANGAON,,
PNGI,PANANGUDI,,
PNGM,PANCHGRAM,,
PNGR,PINGORA,,
PNHI,PANHAI,,
PNHR,PANIHAR,,
PNI,PURAINI,,
PNJ,PADRIGANJ,,
PNKD,PANKI DHAM,,
PNM,PANYAM,,
PNME,PARASNATH,,
PNP,PANIPAT JN,,
PNPI,PURUNAPANI,,
PNPL,PANPALI,,
PNPN,PANPANA,,
PNPR,PUNNAPRA,,
PNQ,PUNKUNNAM,,
PNRA,PANIARA,,
PNSA,PUNSIA,,
PNSD,PANGRA SHINDE HALT,,
PNT,PANITOLA,,
PNTR,PENNATHUR H,,
PNU,PALANPUR JN,,
PNUG,PUNPUN GHAT HALT,,
PNV,PANEVADI,,
PNVL,PANVEL,,
PNVT,PANCHARATNA,,
PNW,PUNDAG,,
PNWN,PACHWAN,,
PNYA,PANIYA HAWA,,
PO,PARANGIPETTAI,,
POA,PALIKONA,,
POE,PAWAPURI ROAD,,
POF,PIPARSAND,,
POI,PONPADI,,
POK,POKRAN,,
POKL,PEOKOL,,
POM,PUNTHOTTAM,,
PON,PONNERI,,
POO,POTLAPADU,,
POR,PIPALDA ROAD,,
PORA,PORA,,
POT,POTHIA,,
POTI,POTHERI HALT,,
POU,PADRAUNA,,
POX,POLA-PATTHAR,,
POY,POLLACHI JN,,
POZ,POTUL,,
PP,PURANPUR,,
PPA,PIPRA,,
PPB,PARTABPURA,,
PPC,PIPRAICH,,
PPCK,,,
PPD,PIPLOD JN,,
PPDA,PANCHPATIA DEORIA HALT,,
PPDE,PANDU PINDARA,,
PPDI,PIPRADIH,,
PPE,PAINTEPUR,,
PPEA,PAPRERA,,
PPG,PIPLODA BAGLA,,
PPGT,PRINCEP GHAT,,
PPH,PIPRI DIH,,
PPI,PIPARIYA,,
PPJ,POPHLAJ,,
PPK,PACHPOKHARIA,,
PPLA,PIPLAI,,
PPLI,PIPLI,,
PPM,PHIRANGIPURAM,,
PPN,PUNPUN,,
PPNS,PAPPINISSERI,,
PPO,PANPOSH,,
PPR,PIPAR ROAD JN,,
PPRH,PIPRAHAN,,
PPT,PIRPAINTI,,
PPTA,PATLIPUTRA,,
PPTN,PIPRITHAN,,
PPTR,PUSHPATTUR,,
PPU,PIPARPUR,,
PPV,PRATAPGANJ,,
PPW,PACHPERWA,,
PPY,PAPATAPALLI,,
PPZ,PEDDEMPET,,
PQA,PIPLA HALT,,
PQD,PRANPUR ROAD,,
PQH,PINDKEPAR HALT,,
PQL,PINDLAI,,
PQN,PARIAWAN KALAKANKAR RD,,
PQS,PARK CIRCUS,,
PQT,PUNIYAVANT,,
PQU,PARHANA MAU,,
PQY,PABLI KHAS,,
PR,MUMBAI PAREL,,
PRAE,PALLA ROAD,,
PRAR,PAROR,,
PRB,PARBATI,,
PRBG,PRATAP BAGH,,
PRBR,PARSA BASUARI HALT,,
PRBZ,PARSA BAZAR,,
PRCA,PERECHERLA,,
PRDG,PORADANGA HALT,,
PRDL,PARADOL,,
PRDP,PARADEEP,,
PRDT,PRODDATUR,,
PRE,PAHARA,,
PRES,PATTABIRAM E DEPOT,,
PRF,PARSIPUR,,
PRG,PRAYAG,,
PRGA,PAHARJAGANGAUR HALT,,
PRGD,PERUNGUDI,,
PRGL,PERUNGALATTUR,,
PRGR,PINARGARIA,,
PRH,POWERPET,,
PRI,PATHRI,,
PRJ,PRANTIJ,,
PRK,PARKHAM,,
PRKE,PURUA KHERA,,
PRKH,PARKANHATTI,,
PRKL,PARIKKAL,,
PRL,POLUR,,
PRLI,PARLI VAIJNATH,,
PRM,PIRUMADARA,,
PRN,PARAUNA,,
PRNA,PURNIA JN,,
PRNC,PURNIA COURT,,
PRND,PERINAD,,
PRNG,PRITAM NAGAR,,
PRNR,PORJANPUR,,
PRNT,PERIYANAGATHUNAI,,
PRP,PAHARPUR,,
PRR,PURULIA JN.,,
PRRB,PRAYAGRAJ RAMBAG,,
PRSL,PANDRASALI,,
PRSN,PARSA NAGAR,,
PRSP,PRASADPUR,,
PRSR,PAHARSAR,,
PRT,PANRUTI,,
PRTL,PIRTALA,,
PRTN,PRATAPNAGAR,,
PRTP,PARTAPUR,,
PRTR,PUTARRA P.H.,,
PRU,PARLU,,
PRUR,PRITHWIRAJPUR,,
PRV,PUKKIRIVARI,,
PRWA,PARWAKHURD HALT,,
PRY,PARAIYA,,
PRYJ,PRAYAGRAJ JN,,
PRZ,PARSA,,
PS,PARAS,,
PSA,PALASA,,
PSAE,PURBASTHALI,,
PSB,PARSABAD,,
PSD,PARSODA,,
PSDA,PASIVEDALA,,
PSE,PUSAULI,,
PSF,PATRASAYER PH,,
PSJ,PATASAHI,,
PSK,PARADSINGA HALT,,
PSL,PARISAL,,
PSLI,PARSOLI,,
PSLP,PASALAPUDI,,
PSN,PARSENDI,,
PSO,PALSORA MAKRAWA,,
PSPH,PURUSHOTAMPUR HALT,,
PSPY,PRASANNAYA PALLI,,
PSR,PASRAHA,,
PST,POSOITA,,
PSV,PARSNEU,,
PSX,PTNSNGI TWN HLT,,
PSZ,PARSAUNI,,
PT,PATLI,,
PTA,PATIALA,,
PTAB,PATIA HALT,,
PTAE,PATULI,,
PTB,PATTAMBI,,
PTD,PETLAD JN,,
PTE,PATIALA CANT,,
PTF,PALTA,,
PTH,PATRANGA,,
PTHD,PATOHAN,,
PTHL,PANTIHAL PH,,
PTI,PATIALI,,
PTJ,PODANUR JN,,
PTK,PATHANKOT,,
PTKC,PATHANKOT CANTT,,
PTKD,PATHARKANDI,,
PTKP,POTKAPALLI,,
PTKR,PATIPUKUR,,
PTLD,PATILADAHA,,
PTLI,PATHAULI,,
PTLR,PUTLUR HALT,,
PTMS,PATTABIRAM MILITARY SIDING,,
PTN,PATAN,,
PTNR,PATELNAGAR,,
PTP,PATAL PANI,,
PTPR,PRATABPUR HALT,,
PTRA,PATRA,,
PTRD,PATAUDI ROAD,,
PTRE,PATARA,,
PTRJ,PATTI RAJPURA HALT,,
PTRL,PATHRALA,,
PTRU,PATRATU,,
PTS,PATANSAONGI,,
PTT,PUTALAPATTU,,
PTTN,PATTAN,,
PTU,PARTUR,,
PTWA,PATWARA,,
PTYR,PATIYARA,,
PTZ,PATSUL,,
PU,PATCHUR,,
PUA,PULLA,,
PUC,PUDUCHATTIRAM,,
PUD,PHANDA,,
PUDI,PUDI,,
PUE,PALARI,,
PUF,PAUTA,,
PUG,PUNGGUDI,,
PUHT,PUSHKAR TERMINUS,,
PUK,PUDUKAD,,
PUKK,PURUNAKATAK,,
PUKS,PARU KHAS,,
PUL,RAMPURA PHUL,,
PUM,PALLIPPURAM,,
PUMU,PENUMARRU,,
PUN,PUNDI,,
PUNA,PAUNIA,,
PUNE,PUNE JN,,
PUO,PIR UMROD,,
PUQ,PURANIGUDAM,,
PURI,PURI,,
PUS,PHUSRO,,
PUSA,PUSLA,,
PUT,PUTTUR,,
PUU,PUNALUR,,
PUW,PATUWAS MEHRANA,,
PUWA,PAUWARA P.H.,,
PUX,PARASIA,,
PUY,PHULAGURI,,
PV,PALLAVARAM,,
PVD,PEDDAVADIAPUDI,,
PVI,PERAVURANI,,
PVL,PASUPATIKOVIL,,
PVM,PATTARAVAKKAM,,
PVN,PUVANUR,,
PVP,PARVATIPURAM,,
PVPT,PARVATIPURAM TN,,
PVR,PANDHARPUR,,
PVRD,PIRAVAM ROAD,,
PVU,PARAVUR,,
PVZ,PARVEZPUR,,
PW,PIRWA,,
PWBN,PAWAI BROHMASTHAN  HALT,,
PWK,PIPARIYA KALAN,,
PWL,PALWAL,,
PWS,PHULWARI SHARIF,,
PWU,PARANUR,,
PWXP,PAWANI KUMARPUR HALT,,
PXR,PALPARA,,
PY,PERUNDURAI,,
PYA,PEDAPARIYA,,
PYD,PALLIYADI,,
PYGS,PRAYAGRAJ SANGAM,,
PYHT,PRAYAHAT HALT,,
PYI,PAYLI HALT,,
PYK,PERIYAKOTTAI,,
PYOL,PAYYOLI,,
PYV,PALAYASIVARAM,,
PYX,PEYANAPALLI,,
PZA,PALAVANTHANGAL,,
PZV,PUZHUTHIVAKKAM,,
QDN,QADIAN,,
QG,QUAZIGUND,,
QGT,KOLAGHAT,,
QLD,QUILANDI,,
QLM,KULEM,,
QLN,KOLLAM JN,,
QLR,KALLAR,,
QMRS,KAYAMSAR,,
QRP,KILA RAIPUR,,
QSR,KANSRAO,,
QTP,QUATABPUR,,
QXR,KUCHESAR ROAD,,
R,RAIPUR JN.,,
RA,RAMPARDA,,
RAA,BARARA,,
RABE,RABALE,,
RAGM,RAJAGAMBIRAM,,
RAH,RAMGARH,,
RAHA,RAHA,,
RAI,RAIBHA,,
RAIR,RAIRAKHOL,,
RAJP,RAJAPUR ROAD,,
RAK,RAMKOT,,
RAKD,RADHAKUND,,
RAKL,RETHORAKALAN,,
RAL,REPALLE,,
RAM,RAMAPURAM,,
RAMA,RAMVA,,
RAMP,RAMPURI P.H.,,
RAMR,RAMAIPUR,,
RANI,RANI,,
RAPU,RAMPURA,,
RASP,RASIPURAM,,
RAU,RAU,,
RAY,RAY,,
RAYA,RAYA,,
RBA,RAMBHA,,
RBD,RAHIMABAD,,
RBG,RAYBAG,,
RBH,RAJBANDH,,
RBHR,RABHRA HALT,,
RBJ,RAIBOJHA,,
RBK,REOTI B KHERA,,
RBL,RAE BARELI JN,,
RBN,RAGHUBANS NAGAR,,
RBQ,RAM BISHANPUR,,
RBR,RIBADA,,
RBS,RUPBAS,,
RBZ,RAMBHADDARPUR,,
RC,RAICHUR,,
RCA,RENTACHINTALA,,
RCD,RAJCHANDRAPUR,,
RCF,RAIL COACH FACTORY,,
RCGT,RICHUGHUTU,,
RCJ,RANAYALA JASNIA,,
RCP,RAMACHANDRAPUR,,
RCPT,RAMACHANDRAPURAM TS,,
RCR,RATAR CHATTAR,,
RCRA,RAMCHAURA,,
RCTC,RAGHUNATHPUR,,
RD,RAM DAYALU NAGAR,,
RDBR,RANDIA BAUDPUR,,
RDD,RIKHABDEV ROAD,,
RDDE,RATHDHANA,,
RDE,RUNDHI,,
RDF,RADHAGAON,,
RDG,RAYADURG,,
RDHP,RADHANPUR,,
RDHR,RIDDHAPUR,,
RDI,KARDI,,
RDK,RASHIDPUR KHORI,,
RDL,RUDAULI,,
RDM,RAMGUNDAM,,
RDN,RUDAIN,,
RDP,RADHIKAPUR,,
RDRA,RAMDEVRA,,
RDS,RAMDAS,,
RDT,RAVTHA ROAD,,
RDU,RADHAMOHANPUR,,
RDUM,RAMPUR DUMRA,,
RDV,RADHA BALAMPUR,,
RDY,REDDIPALAYAM,,
RE,REWARI JN.,,
REAI,REASI,,
RECH,RECHNI ROAD,,
REG,REGUPALEM,,
REI,RITHI,,
REJ,REJINAGAR,,
REM,REDDIGUDEM,,
REMA,REMA,,
REN,REN,,
RENH,RENHAT,,
RES,RASAULI,,
RET,RENTIA,,
REWA,REWA,,
RF,RAFALESHWAR,,
RFJ,RAFIGANJ,,
RFR,RAFINAGAR,,
RG,RAJGHAT NARORA,,
RGA,RAJGODA,,
RGB,RAMGANGA,,
RGBP,RANI GAIDINLIU,,
RGD,RAJGIR,,
RGDA,RAYAGADA,,
RGG,RADOGARH,,
RGH,RAMGARHWA,,
RGI,RAMGIRI,,
RGJ,RAIGANJ,,
RGJI,RANGJULI,,
RGL,RENGALI,,
RGLI,RAGHOULI HALT,,
RGM,RANGAPURAM,,
RGNH,RAGHUNATHGARH,,
RGO,ROTEGAON,,
RGP,RAGHUNATHPALLI,,
RGPM,RAGHAVAPURAM,,
RGQ,RAIGADH ROAD,,
RGS,RINGAS JN,,
RGT,RAJGHAT HALT,,
RGU,RAGAUL,,
RGV,RAGHOPUR,,
RGX,RAGHUNATHBARI,,
RHA,RANAGHAT JN,,
RHBH,RAKESH BAGH HALT,,
RHE,RAKHA MINES,,
RHG,RAJGARH,,
RHI,RAKHI,,
RHMA,RAHAMA,,
RHMP,RAHAMATPUR,,
RHN,ROSHANPUR,,
RHR,RAJHURA,,
RHU,RAHON,,
RHW,RHRA GHALUGHRA,,
RIBP,RAMAKUNDA IBP (HALT),,
RIG,RAIGARH,,
RIGA,RIGA,,
RIKA,RATIKHEDA,,
RIKD,RISHIKUND,,
RIM,RAJIM,,
RIS,RISHRA,,
RJ,RAWAT GANJ,,
RJA,RAJNAGAR,,
RJAK,RAJ NAGAR K HALT,,
RJAP,RAJAPUR,,
RJB,RAJABERA,,
RJG,RAJGRAM,,
RJGR,RAJ ATHGARH,,
RJI,RAJAWARI,,
RJIN,RAJURI,,
RJJN,RAJAJAN HALT,,
RJK,RAJA KA SAHASPR,,
RJL,RAJMAHAL,,
RJLA,RAJLA,,
RJLK,RAJALUKAH,,
RJMP,RAJMALPUR ROAD,,
RJN,RAJNANDGAON,,
RJO,RAJENDRA PUL,,
RJP,RAZAMPETA,,
RJPB,RAJENDRA NAGAR TERMINAL,,
RJPM,RAJAPALAYAM,,
RJQ,RAJENDRANAGAR,,
RJR,RAJALDESAR,,
RJS,RAJIYASAR,,
RJT,RAJKOT,,
RJW,RAJEVADI,,
RJY,RAJAMUNDRY,,
RK,ROORKEE,,
RKB,RAIKA BAGH,,
RKD,RUKADI,,
RKG,RATTOKE GUDWARA,,
RKH,RAKHIYAL,,
RKI,RAMKANALI JN.,,
RKJE,RAKHITPUR,,
RKK,RATANGRH KNKWAL,,
RKL,RAMKOLA,,
RKM,RAJA KI MANDI JN,,
RKMP,RANI KAMALAPATI,,
RKN,RATI KA NAGLA,,
RKO,RAMAKISTAPURAM GATE,,
RKR,RANIKUND RARAH,,
RKS,SARAI RANI,,
RKSH,RISHIKESH,,
RKSN,RAJKHARSAWAN JN.,,
RKX,RUKHI,,
RKY,KOTHARIYA,,
RKZ,RAJKIAWAS,,
RLA,RAJULA JN,,
RLD,RANDALA,,
RLE,RAILEY ENGLISH HALT,,
RLG,RELANGI,,
RLK,ROHAL KHURD,,
RLL,REGADIPALLI,,
RLO,RAYALCHERUVU,,
RLP,HARLAPUR,,
RLR,RAILA ROAD,,
RLS,RMNA ALBEL SNGH,,
RM,RAJMANE,,
RMA,RAMGANJ MANDI JN,,
RMB,RAMPURA BERI,,
RMBG,RAMGHAT  HALT,,
RMC,RAM CHAURA ROAD,,
RMD,RAMANATHAPURAM,,
RMF,RAMNA,,
RMGJ,RAMGANJ,,
RMGM,RAMANAGARAM,,
RMH,RANGMAHAL,,
RMJ,RAMRAJATALA,,
RMJK,RAM NAGAR,,
RMM,RAMESWARAM,,
RMN,RAMAN,,
RMNP,RAMANNAPET,,
RMNR,RAHMATNAGAR,,
RMO,RAMAKONA,,
RMOA,RAIMOHA,,
RMP,RAHIMATPUR,,
RMPB,RAMPUR.,,
RMPH,,,
RMPR,RAMPUR  HALT,,
RMR,RAMNAGAR,,
RMRB,RAMNAGAR BENGAL,,
RMSR,RAMSINGHPUR,,
RMT,RAMGARH CANTT,,
RMTR,RE-MOUNT  ROAD,,
RMU,RAMPUR,,
RMV,RAMAVARAPPADU,,
RMW,ROSHAN MAU,,
RMX,RAMSAR,,
RMY,RUKMAPUR,,
RMZ,ROUTHPURAM HALT,,
RN,RATNAGIRI,,
RNA,ROHANA KALAN,,
RNBD,RANA BORDI,,
RNBT,RAHEN BATA,,
RNC,RANCHI,,
RNE,RANJANI,,
RNG,RANIGANJ,,
RNGG,RANGALITING,,
RNGN,RANIGAON,,
RNGR,RAINAGAR PH,,
RNH,RUNKHERA,,
RNI,RANGAPANI,,
RNIS,RANOLISHISHU,,
RNJ,RUNIJA,,
RNJD,RANJANGAON RD,,
RNKA,RUNKUTA,,
RNL,RANALA,,
RNN,RAJANKUNTI,,
RNO,RANOLI,,
RNPR,RUPNARAYANPUR,,
RNQ,RENUKUT,,
RNR,RANIBENNUR,,
RNRD,RANIPUR ROAD,,
RNT,RANTHAMBHORE,,
RNTE,RAMANAND TIWARI HALT,,
RNTL,RANITAL,,
RNV,RANIWARA,,
RNW,RENWAL,,
RNX,RANIPATRA,,
RNY,RANGIYA JN,,
ROA,RUSERA GHAT,,
ROB,ROBERTSON,,
ROHA,ROHA,,
ROHN,ROHEDNAGAR HALT,,
ROI,REOTI,,
ROK,ROHTAK JN,,
ROL,RAJULI,,
ROP,RUPSA JN,,
RORA,RORA,,
ROS,RAJOSI,,
ROU,ROURKELA,,
ROZA,ROZA JN,,
RPAN,RANGAPARA NORTH,,
RPAP,RATNIPORA HALT,,
RPAR,RUPNAGAR,,
RPB,RUPASIBARI,,
RPD,RUPAUND,,
RPGU,RASULPURGOGAMAU,,
RPH,RAMPUR HAT,,
RPHR,RAIPUR HARIYANA JN,,
RPI,RUPAHELI,,
RPJ,RAJPURA JN,,
RPLY,RUPAULI,,
RPM,ROYAPURAM,,
RPMN,RAMPURMANI HARAN,,
RPO,RAWATPUR,,
RPR,RAGHUNATHPUR,,
RPRD,RUPRA ROAD,,
RPRL,RAPARLA HALT,,
RPSC,RUDRAPUR SIDCUL HALT,,
RPUR,RATANPUR,,
RPV,RAJAPATTI,,
RPWN,RPWN,,
RPY,RUPAI,,
RPZ,RANA PRATAP NAGAR,,
RQJ,RANINAGAR JALPAIGURI,,
RQP,RADHAKISHOREPUR,,
RR,RICHHA ROAD,,
RRAL,RURE ASAL,,
RRB,BIRUR JN,,
RRD,REAY ROAD,,
RRE,RAHUI ROAD,,
RRGA,RANGAREDDY GUDA,,
RRI,RAHURI,,
RRL,REWRAL,,
RRME,RANCHI ROAD,,
RRNH,RAMROOP NAGAR HALT,,
RRP,RAIRANGPUR,,
RRS,RAGHURAJ SINGH,,
RRU,RAYARU,,
RRW,RORANWALA,,
RS,RISIA,,
RSA,RISAMA,,
RSG,RAMSAGAR,,
RSH,RATANSHAHAR,,
RSI,RAISI,,
RSJ,RAYSER,,
RSKA,RAJSUNAKHALA,,
RSLR,RASULPUR,,
RSM,RASMARA,,
RSMN,RAMGOVINDSINGH MAHULI HALT,,
RSNR,RAI SINGH NAGAR,,
RSR,RASRA,,
RSWN,NARAYANPUR TATWARA,,
RSWT,RAMGARH SHEKHAWATI,,
RSYI,RASAYANI,,
RT,ROHAT,,
RTA,RUTHIYAI JN,,
RTB,RAJA TALAB,,
RTBR,RATABARI,,
RTG,RANGTONG,,
RTGH,RATANGARH JN,,
RTGN,RATANGAON,,
RTI,RAOTI,,
RTK,RAMTEK,,
RTM,RATLAM JN,,
RTN,RETANG,,
RTP,RATANPURA,,
RTR,RAMNATHPUR,,
RTRA,NEW RAMNATH PUR,,
RTU,RATAN SARAI,,
RTWS,RAHATWAS,,
RTZ,RATONA,,
RU,RENIGUNTA JN,,
RUB,RASULABAD,,
RUG,RAJLU GARHI,,
RUI,RUKNI,,
RUJ,RANUJ,,
RUKH,RUKHAI HALT,,
RUL,RAVLI,,
RUM,RUPAMAU,,
RUP,RUPAHIGAON,,
RUPC,RUDRAPUR CITY,,
RUR,RANPUR,,
RURA,RURA,,
RUSD,RUNNISAIDPUR,,
RV,RAVER,,
RVG,REVELGANJ GHAT,,
RVK,RAJA BHAT KHAWA,,
RVKH,RAVINDRAKHANI,,
RVS,RAVANASAMUDRAM,,
RW,RANKUA,,
RWA,RAUTARA,,
RWJ,RAWANIA DUNGAR,,
RWL,RAIWALA,,
RWO,RANAVAV,,
RWTB,ROWTA BAGAN,,
RXL,RAXAUL JN,,
RXM,ROOMA,,
RXN,RAMSAN,,
RXR,RANGAPAHAR,,
RY,RAYAKA,,
RYC,RAYAKKOTTAI,,
RYP,RAYANAPAD,,
RYS,RASURIYA,,
RYT,RAYAT PURA,,
RZJ,RAZAGANJ,,
RZN,RAUZAGAON,,
S,SHRIRANGAPATNA,,
SA,SALEM JN,,
SAA,SATHIAON,,
SAB,SANTAMAGULUR,,
SABD,SALABAD,,
SAC,SANICHARA,,
SACH,SUCHITRA CENTRE HALT,,
SAD,SONADA,,
SADP,SAIDAPUR,,
SAF,SALKHAPUR,,
SAG,SANGRUR,,
SAGM,SAGMA JN,,
SAGR,SHRIRAJNAGAR,,
SAH,SAPHALE,,
SAHA,SARAHULA,,
SAHI,SATHI,,
SAHP,SAHIJPUR,,
SAHR,SAHERI,,
SAI,SARAI,,
SAJH,SAHJA HALT,,
SAK,SAK BAHADURPUR,,
SAKA,SIMARIYA  KAJANWADA,,
SAKD,SUPRAKANDI HALT,,
SAL,SALWA,,
SALE,SALAR,,
SALI,SAHELI,,
SAMT,SALEM MARKET,,
SAN,SANDILA,,
SANG,SAIRANG,,
SANH,SANHA HALT,,
SANI,SHANKI,,
SANK,SANK,,
SANR,SARDARNAGAR,,
SAO,SAGONI,,
SAP,SATTENAPALLE,,
SAPD,SANAPADAR PASSENGER HALT (PH),,
SAPE,SAPE WAMANE,,
SAPR,SARANGPUR ROAD,,
SAPT,TP NO. 7/11 (SUGAPAHARI HALT),,
SARR,SIDHAOUNA RAMPUR HALT,,
SARY,SARAIYA HALT,,
SAS,SHEODASPURA PADAMPURA,,
SASG,SASAN GIR,,
SASN,SAHIBZADA AJIT SINGH NAGAR,,
SASR,SAUSAR,,
SAT,SANT ROAD,,
SATR,SATAR HALT,,
SAU,SANAND,,
SAV,SAVDA,,
SAW,SURIAWAN,,
SAWN,SOHANSRA,,
SAY,SAYAMA,,
SB,SARAI BHOPAT,,
SBB,SAHIBABAD,,
SBBJ,SRI BALA BRAMARESHWARA JOGULAMBA,,
SBBP,SARDARBALLABH BHAI PATEL,,
SBC,KSR BENGALURU,,
SBD,SLEEMANABAD RD,,
SBDP,SABDALPUR JN,,
SBDR,SONBHADRA,,
SBE,SORBHOG JN,,
SBG,SAHIBGANJ JN,,
SBGA,SHRAVANABELAGOLA,,
SBGB,SUTEI BADEGAN,,
SBGN,SISIBARGAON,,
SBGR,SUBHAS GRAM,,
SBH,SULEBHAVI,,
SBHN,SHRI BHAVNATH,,
SBHR,SUBRAHMANYA ROAD,,
SBIB,SABARMATI BG,,
SBJ,SARAI BANJARA,,
SBK,SHAHBAZ KULI,,
SBL,,,
SBLJ,SHRI BALAJI,,
SBLT,SHRI BHADRIYA LATHI,,
SBM,SONBARSA KCHERI,,
SBNM,SUBARNAMRIGI,,
SBNR,SHRI VIJAINAGAR,,
SBO,SABAUR,,
SBP,SAMBALPUR JN.,,
SBPY,SAMBALPUR CITY,,
SBR,SAMBHAR LAKE,,
SBRA,SARBAHARA,,
SBRM,SABROOM,,
SBT,SABARMATI JN,,
SBTJ,SHANIDEV DHAM BISHNATHGANJ,,
SBV,S BHAKHTIYARPUR,,
SBW,SHEWBABUDIH,,
SBZ,SISWA BAZAR,,
SC,SECUNDERABAD JN,,
SCA,SALCHAPRA,,
SCE,SENCHOA JN,,
SCH,SACHIN,,
SCI,SANCHI,,
SCKR,SALICHAUKA ROAD,,
SCL,SILCHAR,,
SCM,SIMHACHALAM,,
SCMN,SIMHACHALAM NORTH,,
SCN,SONDHA ROAD,,
SCO,SATUNA,,
SCP,SIRNAPALLI,,
SCPD,SUCHIPIND,,
SCPR,SHYAMA CHARANPUR HAL,,
SCQ,SHAM CHAURASI,,
SCT,SENGOTTAI,,
SCV,SUKHCHAIN,,
SCY,SACHIWALAY(HALT),,
SD,SIDHAULI,,
SDAH,SEALDAH,,
SDAM,SUNDHIAMAU,,
SDB,SHAHABAD,,
SDBH,SINDRI B.H,,
SDC,SAIDABAD,,
SDD,SINDHAWADAR,,
SDDN,SIDDHARTH NAGAR,,
SDE,SADISOPUR,,
SDF,SUDSAR,,
SDG,SAHADAI BUZURG,,
SDGH,SRI DUNGARGARH,,
SDGM,SARDARGRAM,,
SDH,SARADHNA,,
SDHA,SIDHARI HALT,,
SDHS,SIDHIRSAI,,
SDI,SAGARDIGHI,,
SDL,SHAHDOL,,
SDLE,SWADINPUR,,
SDLK,SUNDLAK,,
SDLP,SADULPUR JN,,
SDM,SURAREDDIPALEM,,
SDMD,SUDAMDIH,,
SDMK,SIDMUKH,,
SDN,SHOLAVANDAN,,
SDNR,SEYDUNGANALLUR,,
SDPH,SARDAR PATEL HALT,,
SDPR,SARDAR PATEL RD,,
SDPT,SEDARAMPATTU,,
SDRA,SUDHARANA,,
SDS,SADULSHAHR,,
SDT,SADAT,,
SDUA,SADURA,,
SDV,SOMIDEVIPALLE,,
SDVL,SOLDEVANAHALLI,,
SDWR,SIDHWAR,,
SDY,SADHOO GARH,,
SDZ,SINDHAR,,
SEB,SON NAGAR,,
SED,SHEDBAL,,
SEE,SONPUR,,
SEG,SHEGAON,,
SEGM,SEVAGRAM,,
SEH,SEHORE,,
SEI,SHENDRI,,
SEJ,SARKHEJ,,
SEL,SANKRAIL,,
SELU,SELU,,
SEM,SEDAM,,
SEN,SENAPURA,,
SEO,SEOHARA,,
SEP,SODPUR,,
SEPN,SEPON,,
SEPR,SHERPUR,,
SEQ,SEKHA,,
SER,SAMAYANALLUR,,
SES,SEMARI,,
SET,SETTIHALLY,,
SEU,SENDRA,,
SEV,SITHALAVAI,,
SEW,SEHAL,,
SEY,SEONI,,
SF,SETTIGUNTA,,
SFA,SANHERA HALT,,
SFC,SAINTALA,,
SFDE,SAFIDON,,
SFE,SANODIYA,,
SFG,SUBEDARGANJ,,
SFH,SAFEDABAD,,
SFK,SIKIR,,
SFMU,SUNAM UDHAM SINGH WALA,,
SFNR,SAIFINAGAR HALT,,
SFPR,SAFIPUR,,
SFR,SAFRAI,,
SFW,SARANGPUR,,
SFX,SAFILGUDA,,
SFY,SHAJAPUR,,
SFZ,SHINDURIYA KACHARI,,
SG,SHAHGARH,,
SGA,SHERGARH,,
SGAC,SOGARIYA,,
SGAM,SAREIGRAM,,
SGBA,SIR GURUDAS BANERJEE,,
SGBJ,SURGAON BANJARI,,
SGC,SAONGI,,
SGD,SONGADH,,
SGDM,SIGADAM,,
SGDN,SANGALDAN,,
SGDP,SAGADAPATA,,
SGE,SANKARIDURG,,
SGF,SANGAT,,
SGG,SULTANGANJ,,
SGJ,SAFDARGANJ,,
SGKM,SRUNGAVRUKSHAM,,
SGL,SAGAULI JN,,
SGLA,SANGOLA,,
SGLM,SENGULAM,,
SGM,SOLAGAMPATTI,,
SGND,SHRIGONDA ROAD,,
SGNL,SANGANAL,,
SGNR,SHRI GANGANAGAR,,
SGO,SAUGOR,,
SGP,SOHAGPUR,,
SGPA,TP NO. 6/3 (SUGAPAHARI HALT),,
SGR,SANGAMESHWAR ROAD,,
SGRA,SANGARIA,,
SGRD,SARAGAON ROAD  HALT,,
SGRE,SALGARE,,
SGRL,SINGRAULI,,
SGRM,SINGARAM,,
SGRP,SINGHIRAMPUR,,
SGRR,SANGER,,
SGS,SHOGHI,,
SGTY,SANKRAIL GOODS TERMINAL,,
SGUJ,SILIGURI JN,,
SGUT,SILIGURI TOWN,,
SGV,SARAGCHNI,,
SGW,SINGHAWAL,,
SGYW,SINGRIYAWAN HALT,,
SGZ,SHAMGARH,,
SHAD,SHAHAD,,
SHAN,SRINIVASA NAGAR,,
SHBA,SAHEBTALA HALT,,
SHBC,SIBAICHANDI,,
SHBL,SHIBLUN,,
SHC,SAHARSA JN,,
SHDM,SHAHBAD MARKNDA,,
SHDR,SHADHORAGAON,,
SHE,SEORAPHULI,,
SHEO,SHISHO JN,,
SHER,SHER,,
SHF,SHIRUD,,
SHG,SHAHGANJ JN,,
SHGN,SHRI GHASINAGAR,,
SHH,SHAPUR,,
SHHT,SINGHAUL HALT,,
SHI,SINGANALLUR,,
SHIH,SARHARI,,
SHIT,SALHAITOLA P.H.,,
SHIV,SHINDAWANE,,
SHJ,SAHASPUR ROAD,,
SHJP,SAHAJIPUR HALT,,
SHK,SHEIKPURA,,
SHKL,SHANKRUL,,
SHKY,SAHARSA KUTCHERY HAL,,
SHLK,SHOLAKA,,
SHLT,SHALASHAH THANA,,
SHLU,SHELU,,
SHLV,SELAVI,,
SHM,SHALIMAR,,
SHMI,SHIROOR,,
SHMR,SHYAMSUNDER,,
SHN,SUCHAN KOTLI,,
SHNG,SHIVNAGAR,,
SHNR,SHADNAGAR,,
SHNX,SHEOSINGH PURA,,
SHR,SIHORA ROAD,,
SHRG,SRI RAMGARH HALT,,
SHRM,SHARMA,,
SHRN,SANT HIRDARAM NAGAR JN,,
SHSK,SAHARSRAKUND,,
SHT,SAHRI HALT,,
SHTS,SAMBHAL HTM SAR,,
SHTT,SILGHAT TOWN,,
SHU,SHOLINGHUR,,
SHV,SHIVANI,,
SHW,SAMHON,,
SHWL,SAHUWALA,,
SHX,SHUKARULLAHPUR,,
SHYP,SAKARAYAPATNA,,
SHZ,SUMMER HILL,,
SI,SONALLI,,
SIA,SHIVLANKHA,,
SIBR,SHRIBAR,,
SIC,SONIK,,
SICY,SAHEED ISHWAR CHOWDHARY HALT,,
SID,SIDDHPUR,,
SIDG,SIDDAPUR,,
SIE,SIDDAMPALLI,,
SIF,SIRLI,,
SIGA,SHANTIGRAMA,,
SIHI,SHIHORI,,
SIHO,SIHO,,
SIHT,SAMELI HALT,,
SII,SITIMANI,,
SIJU,SIJU,,
SIKD,SIKRODA KWANRI,,
SIKR,SIKAR JN,,
SIL,SAKHI GOPAL,,
SILO,SILAO,,
SILR,SILARI,,
SIM,SHRI AMIRGADH,,
SIMR,SRIRAMPUR F,,
SINA,SRI NAGAR,,
SINI,SINI JN,,
SIOB,SAMAKHIALI B G,,
SION,SION,,
SIP,SURAIMANPUR,,
SIPA,SINGHPOKHARIA,,
SIPI,SAIPHAI,,
SIPR,SIHAPAR,,
SIPT,SIDDIPET,,
SIQ,SARKONI,,
SIR,SIRHIND JN,,
SIRA,SIRHILTARA,,
SIRD,SIRD,,
SISN,SISAUNA,,
SIU,SINGUR,,
SIVN,SIVNAR HALT,,
SIW,SHIRAVADE,,
SIZ,SHRIKHANDA,,
SJA,SIJUA,,
SJDA,SANJUJE DA AREY,,
SJDR,SRI JHADESHWAR ROAD,,
SJER,SANJARPUR,,
SJF,SAJANVAR ROAD,,
SJGH,SARAI JAGDISH,,
SJGM,SANJAY GRAM,,
SJHG,SHAHEED JITENDRA HALT GOPALPUR,,
SJJ,SANJHA,,
SJKL,SURJA KAMAL,,
SJL,SGM JAGARLAMUDI,,
SJM,SAJUMA,,
SJMA,SANJAMALA,,
SJN,SANJAN,,
SJNP,SUJANPUR,,
SJP,SHUJALPUR,,
SJPA,SUJALPUR PH,,
SJPM,SUJATA PURAM HALT,,
SJPR,SURJYAPUR,,
SJQ,SURAJPUR ROAD,,
SJS,SHAMLAJI ROAD,,
SJSM,SALEMGARHMASANI,,
SJT,SHUJAATPUR,,
SJV,SAJHAULI HALT,,
SJVP,SANJIVAIH PARK,,
SJWB,SUMERPUR JAWAI BANDH,,
SK,SAAKHUN,,
SKA,SIKANDRA RAO,,
SKAP,S.K.PARA,,
SKAR,SAKARIYA,,
SKB,SHIKOHABAD JN,,
SKBR,SHANKARPUR BHADAURA,,
SKDM,SIKRODA MINA,,
SKEN,SUKHSHENA HALT,,
SKF,SAKHOTI TANDA,,
SKG,SAKTIGARH,,
SKGH,SAKTESGARH,,
SKHK,SUKHASAN KOTHI HALT,,
SKHV,SUKHOVI,,
SKI,SAKRI JN,,
SKIP,SHIKARIPARA,,
SKJ,SAHIBPUR KAMAL JN,,
SKK,SIKKAL,,
SKKE,SEKERKOTE,,
SKL,SINGAPERUMAL KOIL,,
SKLI,SUKLI,,
SKLP,SHANKARPUR,,
SKLR,SAKLESHPUR,,
SKM,SINGARAYAKONDA,,
SKN,SRIKRISHN NAGAR,,
SKND,SUKINDA ROAD,,
SKNP,SARKANPUR,,
SKP,SHANKARPALLI,,
SKPA,SRI KALYANPURA,,
SKPI,SIKRIPAI,,
SKPR,SIKARPUR P.H.,,
SKPT,SOMANAYAKKANPTI,,
SKQ,SIKANDARPUR,,
SKR,SAKHPUR,,
SKRI,SIKARIA,,
SKS,SALEKASA,,
SKSO,SIKOSA P.H.,,
SKT,SAKTI,,
SKTN,SHAKTINAGAR,,
SKVL,SANKVAL,,
SKW,SHEIKHUPUR,,
SKX,SARKARA,,
SKY,SHIKARA,,
SKZR,SIRPUR KAGHAZNAGAR,,
SL,SURATHKAL,,
SLB,SALBONI,,
SLBN,SALAI BANWA,,
SLD,SAKALDIHA,,
SLF,SILLI,,
SLG,SIMLAGARH,,
SLGE,SULERJAVALGE,,
SLGH,SHELGAON,,
SLGR,SIMALUGURI JN,,
SLH,SILIARI,,
SLHA,SALHANA,,
SLHI,SHILHAURI HALT,,
SLHP,SULAH HMCHL PDH,,
SLI,SANGLI,,
SLIA,SALAIYA,,
SLJ,SAKRIGALI JN,,
SLKN,SANDAL KALAN,,
SLKR,SALKA ROAD,,
SLKX,SALAKATI,,
SLM,SOMALAPURAM,,
SLN,SULTANPUR,,
SLNA,SALAUNA,,
SLNG,SULTANPUR GRAM,,
SLO,SAMALKOT JN,,
SLON,SALONA,,
SLOR,SELOO ROAD,,
SLP,SALPA,,
SLR,SALOGRA,,
SLRA,SARALA,,
SLRD,SURLA ROAD,,
SLRP,SALARPUR,,
SLS,SALANPUR,,
SLT,SILAUT,,
SLTH,SILLAKKUDI,,
SLU,SASALU,,
SLW,SOHWAL,,
SLWR,SILAWAR,,
SLX,SELENG HAT,,
SLY,SAMALPATTI,,
SLZ,SOLARI,,
SM,SAMSI,,
SMAE,SAMUDRA GARH,,
SMAP,SHAMNAPUR,,
SMBH,SALIM PUR BIHAR(H),,
SMBL,SIMBHOOLI,,
SMBR,SUMBAR,,
SMBX,SAMBA,,
SMC,SAMNAPUR,,
SMCK,SHYAM CHAK,,
SMD,CHERAN MAHADEVI,,
SMDM,SAMUDRAM,,
SMDP,SHAHABAD MD.PUR,,
SMDT,SEMMANDAPPATTI,,
SME,SHIMOGA,,
SMET,SHIMOGA TOWN,,
SMF,SAMAR GOPALPUR,,
SMGR,SAMAGURI,,
SMH,SIMRAHA,,
SMI,SITAMARHI JN,,
SMK,SAMALKHA,,
SMKR,SHAM KAURIA,,
SMKT,SOMANKATTI,,
SML,SHIMLA,,
SMLA,SAMLAYA JN,,
SMLG,SHIMILI GUDA,,
SMLT,SAMLOTI,,
SMM,SALIYAMANGALAM,,
SMND,SARMATANR,,
SMNE,SOMATNE,,
SMNN,SHRI MAKRI NATH NAGA,,
SMO,SEMAPUR,,
SMP,SHAMBHUPURA,,
SMPA,SHYAMPURA,,
SMPR,SHRI MADHOPUR,,
SMQL,SHAMLI,,
SMR,SAMDHARI JN,,
SMRL,SAMARALA,,
SMRR,SUMRERI,,
SMSR,SAMASWARA,,
SMT,SALAMATPUR,,
SMTA,SAMUKTALA ROAD,,
SMTG,SAHEED MATANGINI,,
SMTL,SIMARIATAL,,
SMU,SAMBHU,,
SMV,SUMAOLI,,
SMVB,SMVT BENGALURU,,
SMVJ,SHRI MAHAVEERJI,,
SMWA,SOMESHWARA,,
SMX,SIMURALI,,
SMZ,SARAI MIR,,
SN,SUKNA,,
SNA,SADANAPURA,,
SNAP,SONA ARJUNPUR,,
SNAR,SRINAGAR,,
SNB,SATNAUR BADESRON,,
SNBD,SUNDERABAD,,
SNBR,SONUABARY,,
SNC,S NARAYAN CHHAPIA,,
SNCA,SINGRA,,
SNCR,SANPADA,,
SND,SONDIMRA,,
SNDD,SINDHUDURG,,
SNDI,SENDURAI,,
SNDT,SINDRI TOWN,,
SNDY,SANDAI,,
SNE,SHENOLI,,
SNF,SANATNAGAR,,
SNGN,SANGANER,,
SNGP,SINGHPUR,,
SNGR,SANGANAPUR,,
SNH,SAUNSHI,,
SNHR,SANKHAI,,
SNHT,SANHATI,,
SNI,SINDI,,
SNIE,SATH NARAINI,,
SNK,SINDKHEDA,,
SNKB,SONKHAMB,,
SNKE,SUNEHTI KHARKHR,,
SNKG,SANKARAGUMMANUR HALT,,
SNKL,SANKARANKOVIL,,
SNKR,SANKA,,
SNL,SANAHWAL,,
SNLR,SANTALPUR,,
SNM,SITANAGARAM,,
SNMY,SINDRI MARSHALLING Y,,
SNN,SONEGAON,,
SNNR,SINDHANUR,,
SNO,SOMANUR,,
SNP,SONIPAT,,
SNPR,SINGARPUR,,
SNPU,SONEPUR,,
SNQ,SANKARPUR,,
SNR,SHYAMNAGAR,,
SNRA,SANWARA,,
SNRD,BY SANDHURST RD,,
SNRR,SANSARPUR,,
SNS,SASNI,,
SNSI,SAINAGAR SHIRDI,,
SNSL,SONSHELU,,
SNSN,SONASAN,,
SNT,SAINTHIA,,
SNTD,SANTALDIH,,
SNTH,SONTHALIYA,,
SNTR,SHANTINAGAR HALT,,
SNU,SANGRAMPUR,,
SNV,SONDAD,,
SNX,SANEH ROAD,,
SNYN,SONIANA,,
SNZ,SHERGANJ,,
SOA,SANOSARA,,
SOAE,SOMRA BAZAR,,
SOB,SILANIBARI,,
SOD,SOJAT ROAD,,
SOF,SAOTA,,
SOG,SURATGARH JN,,
SOGR,SAGRA,,
SOHL,SOHAL,,
SOJ,SAROJINI NAGAR,,
SOJN,SIHOR GUJARAT,,
SOL,SOLAN,,
SOLA,SOVABAZAR-AHIRITOLA,,
SOLR,SOLUR,,
SOM,SOMNA,,
SONA,SONAMUKHI PH,,
SONH,SEONAN HALT,,
SONI,SONI,,
SONR,SAONER JN,,
SONW,SONWARSA  HALT,,
SOP,SHIUPUR,,
SOPR,SONMA PRANPUR(HALT),,
SOQ,SOMPUR ROAD,,
SOR,SONAGIR,,
SORO,SORO,,
SOS,SOMESAR,,
SOT,SHOHRATGARH,,
SOU,SUPAUL JN,,
SOW,SOHSARAI,,
SOY,SUKRIMANGELA,,
SP,SAIDAPET,,
SPAK,SALEMPUR ARNIYA KHURD,,
SPAM,SENJI PANAMBAKKAM,,
SPBK,SUNDERPUR (BARAH KALAN),,
SPC,SITAPUR CITY,,
SPD,SUPEDI,,
SPDM,SINGHPUR DUMRA,,
SPDR,SHEOPARSAD NAGAR,,
SPE,SULLURUPETA,,
SPF,STUARTPURAM,,
SPGL,SARAI GOPAL,,
SPGR,SAMPIGE ROAD,,
SPHL,SHAMPURHALLI,,
SPJ,SAMASTIPUR JN,,
SPJB,SAIDPUR JALALABAD HA,,
SPK,SAPEKHATI,,
SPL,SUNDARAPERUMALKOIL,,
SPLE,SUJNIPARA,,
SPN,SHAHJAHANPUR JN.,,
SPO,SURPURA,,
SPP,SHAHPUR PATOREE,,
SPPA,SHERPUR DHIPURA,,
SPPR,SHUDNIPUR,,
SPQ,SORUPETA,,
SPR,SONARPUR JN,,
SPRD,SINGAPUR ROAD (SPRD),,
SPRM,SITAPURAM,,
SPRN,SALEMPUR HALT,,
SPS,SHRIPAT SHRKHND,,
SPSR,SREEJHADESWAR PH,,
SPT,SOMPETA,,
SPTR,SILAPATHAR,,
SPV,SIVAPUR,,
SPWI,SOLAPURWADI,,
SPX,SAPATGRAM,,
SPYA,SIPAYA,,
SPZ,SAMPLA,,
SQD,SATTIRAKKUDI,,
SQE,SAMRLA,,
SQF,SUKRITIPUR,,
SQJ,SAILA KHURD,,
SQK,SHANKAR,,
SQL,SONTALAI,,
SQN,SARAI KANSRAI,,
SQQ,SALAGAON,,
SQR,SULTANPUR LODI,,
SQS,SIGSIGI,,
SQW,SIDHWALIA,,
SRA,SEMRA,,
SRAS,SIRAS,,
SRB,SAROBAG,,
SRBA,SARAGBUNDIA,,
SRBH,SHAHID RAMPHAL,,
SRBZ,SEHARA BAZAR PH,,
SRC,SANTRAGACHI JN,,
SRDR,SARDARSHAHR,,
SRDW,SHRIMAD DWKPURI,,
SRE,SAHARANPUR JN,,
SRF,SAGAR JAMBAGARU,,
SRGH,SURAJGARH,,
SRGM,SRIRANGAM,,
SRGP,SARAGIPALI,,
SRGR,SARAYGARH JN,,
SRGT,SURENDRANAGAR G,,
SRI,SALMARI,,
SRID,SRIDHAM,,
SRJ,SHANKARGARH,,
SRJK,SURAJ KUNDA,,
SRJM,SIRJAM,,
SRJN,SIRAJNAGAR,,
SRJR,SARSA JAMALPUR,,
SRKI,SEMARKHERI,,
SRKN,SHEREKAN,,
SRKR,SALARKHURD,,
SRL,SAROLA,,
SRM,SARNA,,
SRMP,SIRSI MUKHDUMPR,,
SRMR,SRIRAMPURAM,,
SRNK,SORON SHUKAR KSHETRA,,
SRNM,SRIRAMNAGAR H,,
SRNR,SRIRAMNAGAR,,
SRNT,SARNATH,,
SRO,SIRATHU,,
SRP,SERAMPORE,,
SRPB,SRIRAMPUR ASSAM,,
SRPJ,SWARUPGANJ,,
SRPM,SIRIPURAM,,
SRPN,SRIPANI,,
SRPR,SARUPSAR JN,,
SRPU,SRIPUR HALT,,
SRR,SHORANUR JN,,
SRRG,SURERGOTH,,
SRSI,SARSI,,
SRSL,SIRSALA,,
SRSO,SARSOO,,
SRT,SATUR,,
SRTL,CHERTHALA,,
SRTN,SIBSAGAR TOWN,,
SRU,SALEMPUR JN,,
SRUR,SIRPUR TOWN,,
SRVN,SRAVANUR,,
SRVT,SIRUVATTUR,,
SRVX,SURAVALI (H),,
SRW,SHRI KARANPUR,,
SRWN,SARASWATI NAGAR,,
SRX,SURA NUSSI,,
SRY,SIRARI,,
SRZ,SARDARGARH,,
SS,SHIRSOLI,,
SSA,SIRSA,,
SSB,SHAKURBASTI,,
SSC,SHAHI,,
SSCR,SSCR,,
SSD,SHAMSABAD,,
SSDT,SHAMSHABAD TOWN,,
SSG,SHIU SAGAR ROAD,,
SSGJ,SURSARAIGHAT JHARA,,
SSGR,SISAI GULABRAI HALT,,
SSHT,SAGHAR SUTANPUR,,
SSI,SHIRSAI,,
SSIA,SUISA,,
SSKA,SISARKA,,
SSKI,SARSOKI,,
SSKL,SUSKAL,,
SSL,SIRSAUL,,
SSM,SASARAM,,
SSN,SASON,,
SSNH,SHRI SHARADA NAGAR,,
SSNR,SATSANG NAGAR HALT,,
SSNS,SHAEED SURAJ NARYAN SINGH,,
SSNT,SIRSA NUNTHAR HALT,,
SSP,SANTOSHPUR,,
SSPD,SADASHIVAPET RD,,
SSPH,SATISH SAMANTA P.H.,,
SSPN,SAI P NILAYAM,,
SSPR,SADASHIBAPUR,,
SSR,SARERI,,
SSRD,SHASAN ROAD,,
SSRH,SHASAN HALT,,
SSU,SASA MUSA,,
SSV,SASVAD ROAD,,
SSW,SARSAWA,,
SSZ,SADDA SINGHWALA,,
ST,SURAT,,
STA,SATNA,,
STB,SHANTIPUR,,
STBB,SATBERIA   H,,
STBD,SULTANABAD,,
STBJ,SITABINJ,,
STD,SATROD,,
STDR,SATADHAR,,
STE,SAGARKATTE,,
STF,SIKTA,,
STH,SETHAL,,
STJT,SATHAJAGAT,,
STKT,SASTHANKOTTA,,
STKW,SULTANPUR KALIAWAS H,,
STL,SIMULTALA,,
STLB,SITALAPUR PH,,
STLI,SITHOULI,,
STLR,SITALPUR,,
STM,ST THOMAS MOUNT,,
STMM,ST THOMAS MOUNT(MRTS),,
STN,SITARAMPUR,,
STNL,SATNALI,,
STNR,SITALNAGAR,,
STP,SITAPUR JN,,
STPD,SITAFAL MANDI,,
STR,SATARA,,
STRB,SANTIR BAZAR,,
STRK,SITAPUR KUTHCERY HAL,,
STSN,SHAITANSINGHANAGAR,,
STUR,SATULUR,,
STVA,SATYAVADA,,
STW,SAHATWAR,,
STZ,SATRAON,,
SUA,SARDIHA,,
SUAL,SAUNDAL (H),,
SUBR,SUBHAGPUR,,
SUC,SUNAK,,
SUD,SUDHANI,,
SUDR,SUNDERPUR HALT,,
SUDV,SUMMADEVI,,
SUH,SULEHALLI,,
SUI,SUI,,
SUIA,SURAINCHA HALT,,
SUJ,SARJU,,
SUJH,SUJANGARH,,
SUJR,SUJRA,,
SUKU,SUKU,,
SUL,SULDHAL,,
SULH,SULHANI,,
SUMR,SUMER,,
SUNM,SUNAMAI HALT,,
SUNR,SURENDRANAGAR,,
SUP,SHRUNGAVARPUKTA,,
SUPP,SUPPALAPADU,,
SUR,SOLAPUR JN,,
SURI,SIURI,,
SURL,SURELI,,
SURP,SURATPURA,,
SURR,SURERA,,
SUT,SUTLANA,,
SUU,SULUR ROAD,,
SUW,SUKHISEWANIYAN,,
SUX,SUDIYUR,,
SUZ,SUBANSIRI,,
SV,SIWAN JN,,
SVA,SUWASRA,,
SVB,SAVNI,,
SVC,SIWAN KACHARI,,
SVD,SARWARI,,
SVDK,SHRI MATA VAISHNO DEVI KATRA,,
SVE,SEWRI,,
SVG,SAWALGI,,
SVGA,SIVAGANGA,,
SVH,SONADANGA,,
SVHE,SISVINHALLI,,
SVI,SAGARPALI,,
SVJR,SHIVAJI NAGAR,,
SVKD,SAVARKUNDLA,,
SVKS,SIVAKASI,,
SVL,SEVALIYA,,
SVM,SANVORDEM (KUDCHADE),,
SVN,SIVUNGAON,,
SVNR,SAVANUR,,
SVO,SANVRAD,,
SVPI,SHIVPURI,,
SVPR,SRIVILLIPUTTUR,,
SVQ,SIVOK,,
SVR,SEVVAPET ROAD,,
SVRP,SHIVANARAYANPUR,,
SVS,SRINIVASPUR,,
SVT,SHIVPURA,,
SVUR,SEVUR,,
SVV,SRIVAIKUNTAM,,
SVW,SHIVNI SHIVAPUR,,
SVX,SAWARDA,,
SVZ,SARAI HARKHU,,
SW,SEHRA MAU,,
SWA,SAHJANWA,,
SWAR,SEWAR,,
SWC,SHIVRAMPUR,,
SWD,SANAWAD,,
SWDE,SIWAHA,,
SWDK,SEAWOODS DARAVE KARAVE,,
SWE,SIWAITH,,
SWF,SATHIN ROAD,,
SWG,SIDHWAN,,
SWI,SWAMIMALAI,,
SWJ,SIAJULI,,
SWKE,SAWALKOTE,,
SWLN,SURWADI,,
SWM,SAWAI MADHOPUR JN,,
SWNI,SIWANI,,
SWNR,SEWA NAGAR,,
SWO,SONWARA,,
SWPR,SEWAPURI,,
SWR,SONUA,,
SWRT,SAHAWAR TOWN,,
SWS,SUWANSA,,
SWT,SHIVWALA TEHU,,
SWV,SAWANTWADI ROAD,,
SWW,SHAHNAGAR TMNS,,
SWX,SAIDANWALA,,
SXA,SAGPHATA,,
SXB,SAMBRE,,
SXC,SONDALIA,,
SXD,SIDULI,,
SXE,SILA KHERI HALT,,
SXK,SHAJAHANPURCORT,,
SXN,SONAKHAN,,
SXP,SANKOPARA,,
SXQ,SUAHERI,,
SXR,SERNDANUR,,
SXT,SALEM TOWN,,
SXX,SALBARI,,
SXZM,SOPORE,,
SY,SIRKAZHI,,
SYA,SALAIA,,
SYC,SARAI CHANDI,,
SYE,SINDEWAHI,,
SYF,,,
SYH,SAIYEDPUR BHTRI,,
SYJ,SAIDRAJA,,
SYK,SAIDKHANPUR,,
SYL,SALPURA,,
SYM,SAVALYAPURAM,,
SYN,SAYAN,,
SYU,SARAYAN,,
SYW,SINDURWA,,
SYWN,SAIYID SARAWAN,,
SYZ,SONAI,,
SZ,SALAWAS,,
SZA,SAROTRA ROAD,,
SZB,SARONA CABIN,,
SZE,SONARDIH,,
SZF,SATBAHINI,,
SZH,SAONGA HALT,,
SZK,SUR KHAND KA KHERA,,
SZM,SUBZI MANDI,,
SZN,SHAHBAZNAGAR,,
SZR,SARUPATHAR,,
SZV,SIVADI,,
SZY,SILAK JHORI,,
SZZ,SABIRA,,
TA,TANUR,,
TAA,TADLA PUSAPALLI,,
TABU,TALABURU,,
TAC,TATICHERLA,,
TADA,TADA,,
TAE,TADALI,,
TAK,TARAKESWAR,,
TAKU,TAKU,,
TALA,TALA,,
TALL,TALL JN.,,
TAM,TILLAIVILAGAM,,
TAN,TARANA ROAD,,
TAO,TAMNA,,
TAP,TAPANG,,
TAPA,TAPA,,
TAR,THARSA,,
TAS,THASRA,,
TASA,THIPPASANDRA,,
TAT,TUMMANAMGUTTA,,
TATA,TATANAGAR JN,,
TATI,TATI,,
TAV,TALALA JN,,
TAY,TALAIYUTHU,,
TAZ,TARGAON,,
TB,THARBITIA,,
TBA,TIMBA ROAD,,
TBAE,TRIBENI,,
TBB,TILBHITA,,
TBDM,TUNGABHADRA DAM,,
TBH,TATIBAHAR,,
TBL,TARCHERRA BRLRM,,
TBM,TAMBARAM,,
TBMS,TAMBARAM SANATORIUM,,
TBN,TIMARNI,,
TBR,TAIABPUR,,
TBT,TALBAHAT,,
TBTN,THANA BHAWAN TN,,
TBU,THARBAN,,
TBV,TIMBARVA,,
TBX,TILBHUM,,
TCH,TIRUCHCHULI,,
TCL,TYAKAL,,
TCN,TIRUCHENDUR,,
TCNR,TIRUCHANUR,,
TCR,THRISUR,,
TCT,OTTANKADU,,
TDD,TADEPALLIGUDEM,,
TDE,THUDIYALUR,,
TDH,TINDHARIA,,
TDK,TADUKU,,
TDL,TUNDLA JN,,
TDLE,TILDANGA,,
TDN,TIRUPARANKUNDRAM,,
TDO,TANDA URMAR,,
TDOK,TADOKI,,
TDP,TODARPUR,,
TDPM,TODIKKAPULAM HALT,,
TDPR,TIRUPPADIRIPULIYUR,,
TDR,TIRUVIDALMARUDR,,
TDU,TANDUR,,
TDV,THONDEBHAVI,,
TDW,TANDWAL,,
TEA,TAREGNA,,
TEG,TIRBEDIGANJ,,
TEK,TEKKALI PH,,
TEL,TENALI JN,,
TELO,TELO,,
TELY,TELIA,,
TEN,TIRUNELVELI JN,,
TENI,TENI,,
TEO,TEEGAON,,
TERH,TERHA HALT,,
TET,TETULMARI,,
TETA,TELTA,,
TFGN,TUFANGANJ,,
TGA,TEGHRA,,
TGB,TANGRABASULI BS,,
TGBP,THINGOU,,
TGCH,TERAGACHH,,
TGDE,THANGUNDI,,
TGE,THEKERAGURI,,
TGH,TITAGARH,,
TGL,TUGGALI,,
TGLN,TARADGAON,,
TGM,TANGARMUNDA,,
TGN,TALEGAON,,
TGP,TULJAPUR,,
TGQ,TENGANMADA,,
TGRL,TANGIRI APAL,,
TGT,TINAI GHAT,,
TGU,TARIGOPPULA,,
TH,TINICH,,
THA,TEHTA,,
THAN,THAN JN,,
THB,THANA BIHPUR JN,,
THBN,THANA BHAWAN,,
THDR,THANDLA RD,,
THE,THAWE JN,,
THEA,THALERA,,
THJ,TALHERI BUZURG,,
THK,THAKURLI,,
THKU,THALAKU,,
THL,TIRUVALAM,,
THM,THAIYAT HAMIRA,,
THMR,THATHANA MITHRI,,
THN,TOLAHUNSE,,
THO,TULIN,,
THP,TAHERPUR,,
THPR,TIPPAPUR,,
THS,THANSIT,,
THTW,THAILIK TWISA,,
THUR,THURIA,,
THV,THERUBALI,,
THVM,THIVIM,,
THW,THARWAI,,
THX,TOVALAI,,
TI,TIRUNINRAVUR,,
TIA,TILAYA,,
TIBI,TIBI,,
TIC,TIMMACHIPURAM,,
TID,TAGDI,,
TIG,TITLAGARH,,
TIGJ,TRIVENIGANJ,,
TIHU,TIHU,,
TII,TINGRAI,,
TIK,TIK,,
TIL,TILRATH,,
TILA,TILA,,
TIM,TIMMANACHERLA,,
TIP,TATTAPPARAI,,
TIR,TIRUR,,
TIS,TATISILWAI,,
TISI,TISI,,
TIT,TALIT,,
TIU,TILARU,,
TIW,TIVARI,,
TJ,THANJAVUR JN.,,
TJD,TAJPUR DEHMA,,
TJH,TAJGADH,,
TJM,TURINJAPURAM,,
TJP,TAJPUR,,
TJSP,TAJ SULTANPUR,,
TJW,TEJPURWA HALT,,
TK,TUMKUR,,
TKA,TEHARKA,,
TKB,TUPKADIH,,
TKBG,TEKA BIGHA,,
TKBN,TSAKIBANDA,,
TKC,THAKURKUCHI,,
TKD,TUGLAKABAD,,
TKE,TARIKERE JN,,
TKF,TAKI ROAD,,
TKG,THAKURGANJ,,
TKH,THAKURTOTA,,
TKHA,TAKHA,,
TKHE,TAKARKHEDE,,
TKI,TAKLI,,
TKJ,TILAK BRIDGE,,
TKLB,TAKLI BHANSALI,,
TKLE,TIKANI,,
TKMG,TIKAMGARH,,
TKN,TANKUPPA,,
TKND,TRIVIKRAMDEO NAGAR,,
TKNG,TILAKNAGAR,,
TKNR,THAKURNAGAR,,
TKO,TAKKOLAM,,
TKP,TAKIPUR,,
TKPH,TAKIPUR HALT,,
TKPL,TIKIRAPAL HALT,,
TKPY,TURKAPALLI H,,
TKQ,TRIKARPUR,,
TKR,TAKARI,,
TKRA,TIKRA  PH,,
TKRI,TIKIRI,,
TKRP,TIKAULI RAWATPR,,
TKRU,TAKHRAU,,
TKS,TOKISUD,,
TKT,TIKKOTTI,,
TKTB,THAKURBARI,,
TKU,TANAKALLU,,
TKUR,TAPPA KHAJURIA,,
TKV,TEKANWAS,,
TKWD,TIKEKARWADI,,
TKYR,TIKARIA,,
TL,TILONIYA,,
TLA,TITVALA,,
TLAM,TULSI ASHRAM,,
TLB,TALWA BAZAR,,
TLC,TALCHHAPAR,,
TLD,TILDA,,
TLE,TALGARIA,,
TLG,TOLLY GANJ,,
TLGI,TELIGI,,
TLGP,TALGUPPA,,
TLH,TILHAR,,
TLHD,TALCHER ROAD,,
TLHR,TALCHER,,
TLI,TALWARA JHIL,,
TLJ,TALJHARI,,
TLKH,TALAKHAJURI,,
TLKL,TALAKAL,,
TLL,TALAP,,
TLM,TIRUSULAM,,
TLMD,TRILOCHAN MAHDO,,
TLMG,TALAMAGUDI,,
TLMR,TELIAMURA,,
TLN,TALNI,,
TLNH,TILAUNCHI,,
TLNR,TALANALLUR,,
TLO,TALANDU,,
TLPH,TALPUR HALT,,
TLPR,TELAPUR,,
TLR,TULSIPUR,,
TLRA,TALARA,,
TLS,BETTAHALSOOR,,
TLSI,TULSIA HALT,,
TLT,TILATI,,
TLU,TARLUPADU,,
TLV,TALVADYA JN,,
TLWA,THALWARA,,
TLX,TALDI,,
TLY,THALASSERY,,
TLZ,TALAVLI,,
TMA,TAMURIA,,
TMB,TEMBURU,,
TMD,TALMADLA,,
TME,TUTI MELUR,,
TMH,TIN MILE HAT,,
TMHA,THUMHA,,
TMKA,TOMKA,,
TML,TENMALAI,,
TMLP,TIRUMALPUR,,
TMLU,TUMMALACHERUVU,,
TMP,TAMARAIPADI,,
TMPT,TIRUMALAIRAYAN PATTINAM H,,
TMPY,TUMBOLI,,
TMQ,TIRUMANGALAM,,
TMR,TUMSAR ROAD,,
TMS,TUMSAR TOWN P.H.,,
TMT,TIMTALA,,
TMU,TIRUMANTHIKUNAM,,
TMUR,TENUA DUMARIA HALT,,
TMV,TINDIVANAM,,
TMVL,TIRUMULLAIVAYIL,,
TMX,TIMMAPUR,,
TMZ,TAMLUK,,
TN,TUTICORIN,,
TNA,THANE,,
TNDE,THANESAR CITY,,
TNGI,TUNGI HALT,,
TNGL,TORANAGALLU,,
TNGM,TONDALAGPAVARAM,,
TNGN,TANGANI,,
TNGR,THONGANUR,,
TNH,TINKHEDA,,
TNI,TANDARAI,,
TNJR,TAJNAGAR,,
TNK,TIRUNELLIKAVAL,,
TNKU,TANUKU,,
TNL,TANGLA,,
TNM,TIRUVANNAMALAI,,
TNNH,TAPASWINARAYAN NAGAR HALT,,
TNP,TONDIARPET,,
TNPR,TEJNARAYANPUR,,
TNR,TANGUTURU,,
TNRI,TENERI HALT,,
TNRU,TENNERU,,
TNT,TINNAPPATTI,,
TNUE,TINDAULI,,
TNW,THAPAR NAGAR,,
TNX,TARAK NAGAR,,
TO,TIRUVALANGADU,,
TOD,TALOD,,
TOI,TAMKUHI ROAD,,
TOK,THOKUR,,
TOM,TONDAMANPATTI,,
TOP,TAPASI,,
TORA,TORNIYA,,
TORI,TORI,,
TOY,TOPPUTURAI,,
TP,TIRUCHCHIRAPPALLI FORT,,
TPB,TRILOKPUR,,
TPC,TIRUPPACHETTI,,
TPE,TIRUCHRPLI PLKI,,
TPF,TARAPITH ROAD,,
TPG,TIPLING,,
TPH,TINPAHAR JN,,
TPJ,TIRUCHCHIRAPPALLI JN.,,
TPK,TIPKAI,,
TPKR,TIKIAPARA,,
TPM,TOTIYAPALAYAM,,
TPND,TALOJA PANCHAND,,
TPP,TOPPUR,,
TPPI,TIPPARTHI,,
TPQ,TOKOPAL,,
TPSA,TOP SARTHUA,,
TPT,TIRUPATTUR JN,,
TPTN,TIRUCHRPALI TWN,,
TPTY,TIRUPATI,,
TPU,TANAKPUR,,
TPV,TINPHERIA,,
TPW,TIRUPATI W HLT,,
TPY,TADAKALPUDI,,
TPZ,TAPRI,,
TQA,TAKIA,,
TQL,THEH QALANDAR,,
TQN,TIQUNIA,,
TQR,TEKTAR,,
TR,TARUR,,
TRA,TANGRA,,
TRAN,TORANG,,
TRB,TIRUVERUMBUR,,
TRBE,TARABARI,,
TRBI,TARABOI PASSENGER HALT,,
TRDI,TIRODI,,
TRE,TIKRI,,
TRG,TARIGHAT,,
TRJ,TARIASUJAN,,
TRK,TIRUKKOVILUR,,
TRKR,TUREKALA ROAD,,
TRL,TIRUVALLUR,,
TRM,TIRUNAGESVARAM,,
TRMN,THARAMANI,,
TRN,TARAON,,
TRO,TIRORA,,
TRP,TARAPUR JN,,
TRPL,TRIPAL HALT,,
TRR,TARAORI,,
TRS,TARSARAI,,
TRSR,TARSAI,,
TRT,TIRUTTANI,,
TRTR,TRIPUNITTURA,,
TRVL,TIRUVALLA,,
TRVZ,TIRUVIZHA,,
TRWT,TARAVATA,,
TRZ,TOLRA,,
TSA,TISUA,,
TSAH,TATASIGUA,,
TSD,TAHSIL BHADRA,,
TSF,TAHSIL FATEHPUR,,
TSI,TENKASI JN,,
TSK,TINSUKIA JN.,,
TSL,TAKSAL,,
TSR,TSUNDURU,,
TSS,TALLI SAIDASAHU,,
TT,TITTE,,
TTB,TITABAR,,
TTI,TURTIPAR,,
TTL,TIRUTTANGAL,,
TTLA,TETELIA,,
TTO,TARN TARAN,,
TTP,TIRUTURAIPUNDI JN,,
TTPT,TALCHER THERMAL PH,,
TTQ,THATHANKULAM,,
TTR,TIPTUR,,
TTU,TETTU,,
TTW,TITWA,,
TU,TADIPATRI,,
TUA,TIRUNNAVAYA,,
TUD,TALODHI ROAD,,
TUG,THALANGAI,,
TUH,TURBHE,,
TUJ,TANIJAN,,
TUL,TIRALDIH,,
TUN,TOHANA,,
TUNG,TUNG,,
TUNI,TUNI,,
TUP,TIRUPPUR,,
TUR,TURKI,,
TUV,TUVVUR,,
TUVR,TURAVUR,,
TUWA,TUWA,,
TUX,TUNIA,,
TUY,THIRUTHURAIYUR,,
TVC,THIRUVANANTHAPURAM CENTRAL,,
TVCN,THIRUVANANTHAPURAM NORTH,,
TVCS,THIRUVANANTHAPURAM SOUTH,,
TVG,TAVARGATTI,,
TVI,TARADEVI,,
TVL,TADWAL,,
TVN,TIRUPPUVANAM,,
TVNL,TIRUVENNAINALLUR ROAD,,
TVP,THIRUVANANTHAPURAM PETTAH,,
TVR,THIRUVARUR JN,,
TVS,TALAIVASAL,,
TVT,TIRUVOTTIYUR,,
TWB,TALWANDI,,
TWG,TWINING GANJ,,
TWI,TOTEWAHI HALT,,
TWL,TILWARA,,
TWV,THUWAVI,,
TXM,TANDAVAPURA,,
TXR,TIRUNALLARU,,
TY,TULUKAPATI,,
TYAE,TENYA,,
TYK,THABALKE,,
TYM,TIRUMAYAM,,
TYMR,TIRUVANMIYUR,,
TYT,TIRUNELVELI TWN,,
TZD,TOZHUPPEDU,,
TZH,TAKAZHI,,
TZR,TURKI ROAD,,
UA,UPLETA,,
UAA,UPPALA,,
UAM,UDAGAMANDALAM,,
UB,USKA BAZAR,,
UBC,AMBALA CITY,,
UBL,SSS HUBBALLI JN,,
UBN,UBARNI,,
UBR,UMBARGAM ROAD,,
UCA,UCHANA,,
UCB,UNCHI BASSI,,
UCH,UNCHAULIA,,
UCP,UCHIPPULI,,
UCR,UNCHAHAR JN,,
UD,UDUPI,,
UDGR,UDGIR,,
UDK,UDYAN KHERI,,
UDKL,UDAI KALAN,,
UDKN,UDAIYAPUR KHURD,,
UDL,ANDAL JN,,
UDM,UNDASA MADHAWPU,,
UDMR,UDI MOR JN,,
UDN,UDHNA JN,,
UDPR,UDAIPURA,,
UDPU,UDAIPUR,,
UDR,AMDARA,,
UDS,UDASAR,,
UDT,UDUMALAIPPETTAI,,
UDZ,UDAIPUR CITY,,
UGD,UPPUGUNDURU,,
UGN,UGAON,,
UGNA,UGNA HALT,,
UGP,UGARPUR,,
UGR,UGAR KHURD,,
UGU,UGU,,
UGWE,UGWE,,
UHL,UNA HIMACHAL,,
UHR,UNCHHERA,,
UIH,UMARIA ISPA HLT,,
UJ,UJALVAV,,
UJA,UNJHA,,
UJH,UJHANI,,
UJN,UJJAIN JN,,
UJP,UJIARPUR,,
UKA,UKHRA,,
UKC,UKSHI,,
UKD,ULINDAKONDA,,
UKE,UTTARKATHANI,,
UKH,UKHALI,,
UKL,UTTUKULI,,
UKLR,UKILERHAT HALT,,
UKN,UKLANA,,
UKR,UDALKACHHAR,,
UKV,UTTAMARKOVIL,,
ULA,UMRA NALA,,
ULB,ULUBARIA,,
ULD,ACHALDA,,
ULG,UDALGURI,,
ULL,ULLAL,,
ULM,URLAM,,
ULNR,ULHASNAGAR,,
ULT,KULTI,,
ULU,ULUNDURPET,,
UM,UMARDASHI,,
UMB,AMBALA CANTT,,
UMED,UMED,,
UMG,UTTANGAL MANGALAM,,
UMH,UMRETH,,
UMM,UMRAM,,
UMN,AMBLIYASAN,,
UMNR,UMESHNAGAR,,
UMR,UMARIA,,
UMRA,UMRA,,
UMRI,UMRI,,
UMS,UDRAMSAR,,
UNA,UNA,,
UND,UNCHDIH,,
UNDI,UNDI,,
UNI,UNAI VANSADA RD,,
UNK,UNKAL,,
UNL,UNHEL,,
UNLA,UNAULA,,
UOI,UMROLI,,
UPA,UTTARPARA,,
UPD,ULAVAPADU,,
UPL,UPPALUR,,
UPM,URAPPAKKAM,,
UPR,USMANPUR,,
UPRD,USMANPUR DEHAT HALT,,
UPW,UPPALAVAI,,
UR,UMDANAGAR,,
URD,UNTARE ROAD,,
UREN,UREN,,
URG,USARGAON,,
URGA,URGA,,
URGR,URGR,,
URI,URULI,,
URK,URKURA,,
URL,UNJALUR,,
URMA,URMA,,
URML,UPRAMAL,,
URN,UTRAN,,
URP,UDAIRAMPUR,,
URPR,UGRASENPUR,,
USD,UKAI SONGADH,,
USK,USIA KHAS,,
USL,USLAPUR,,
USLP,USILAMPATTI,,
USRA,USRA,,
UTA,UMAR TALI,,
UTD,UTARSANDA,,
UTL,UTARLAI,,
UTN,UTTAR RADHANAGAR HALT,,
UTP,UTRIPURA,,
UTR,UTRAHTIA,,
UVD,UDVADA,,
UWAN,URWAN,,
VAA,BHAGA JN,,
VAJ,VADAPALANJI HALT,,
VAK,VARKALA,,
VAL,VADAL,,
VAN,VADHVANA,,
VAPI,VAPI,,
VAPM,VALAPATTANAM,,
VAR,VIDYANAGAR,,
VARD,VAIKAM ROAD,,
VAY,VAYALAR,,
VB,VILLIYAMBAKKAM,,
VBH,VISHNUPUR BATHUA HALT,,
VBL,BOBBILI,,
VBN,VALLABHNAGAR,,
VBR,VAMBORI,,
VBW,VAIBHAVWADI ROAD,,
VC,VYASA COLONY,,
VD,VAGDIYA,,
VDA,VASAD JN,,
VDD,VENDODU,,
VDE,VEDAYAPALEM,,
VDG,VADNAGAR,,
VDH,VEDCHHA,,
VDI,VELDURTI,,
VDKS,VADANAM KURUSHSHI HA,,
VDL,VAITHISVARANKOIL,,
VDLR,VADALA ROAD BBY,,
VDM,VADAMADURA,,
VDN,VADGAON,,
VDNP,BAIJNATH ANDOLI,,
VDP,VADIPPATTI,,
VDR,VANDALUR,,
VDS,VIDYASAGAR,,
VDV,VADIYA DEVLI,,
VDY,VEDARANNIYAM,,
VEER,VEER,,
VEI,VELLIYANAI,,
VEK,VELLARAKKAD,,
VEL,VELLANUR,,
VELI,VELI,,
VEN,VERNA,,
VER,VELLUR HALT,,
VEU,VEPPAMPATTU,,
VG,VIRAMGAM JN,,
VGA,VEPAGUNTA,,
VGE,VALAPPADI G HLT,,
VGI,VANGANI,,
VGLJ,VIRANGANA LAKSHMIBAI JHANSI JN,,
VGM,VINNAMANGALAM,,
VGN,VANGAON,,
VI,VILLIANUR,,
VID,VILAVADE,,
VINH,VINHERE,,
VJ,VIRINCHIPURAM,,
VJA,VEJANDLA,,
VJD,VIJPADI ROAD,,
VJK,VEJALKA,,
VJM,VYASARPADI JEEVA,,
VJP,VIJAYPUR,,
VJPJ,VIJIYPUR JAMMU,,
VJR,VIJAYANAGAR,,
VK,VIKHROLI,,
VKA,VERKA JN,,
VKB,VIKARABAD JN,,
VKD,BAKHRABAD,,
VKDH,VEER KUNWAR SINGH DHARAULI HALT,,
VKG,VAVADI KHURD,,
VKH,VIKHRAN,,
VKI,VENKATAGIRI,,
VKM,VENKATESAPURAM,,
VKN,VINUKONDA,,
VKNR,VALMIKINAGAR RD,,
VKP,VARAKALPATTU,,
VKR,VENKATNAGAR,,
VKT,VENKATACHALAM,,
VKZ,VENKATANARASIMHARAJUVARIPETA,,
VL,VILAD,,
VLA,BAVLA,,
VLCY,VELACHERRY,,
VLD,VAYALPAD,,
VLDE,VALADI,,
VLDI,VITHALWADI,,
VLDR,VALADAR,,
VLE,VELLALCHERUVU HALT,,
VLG,VALLIGONDA,,
VLI,VALLIKUNNU,,
VLK,VILLIVAKKAM,,
VLL,VELLAYIL,,
VLNK,VELLANKANNI,,
VLR,VELLORE CANTONMENT,,
VLT,VALATHOOR,,
VLU,VADALUR,,
VLY,VALLIYUR,,
VLYN,VALLABH VDYANGR,,
VM,VILLUPURAM JN,,
VMA,VIKRAMGARH ALOT,,
VMD,VADLAMANNADU,,
VML,VEMULAPADU,,
VMM,VALARAMANIKKAM,,
VMP,VALLAMPADUGAI,,
VMU,VEMURU,,
VN,VANIYAMBADI,,
VNA,VARANGAON,,
VNB,VANIYAMBALAM,,
VND,VENDRA,,
VNE,VISHWANATH CHARIALI,,
VNG,VISNAGAR,,
VNGP,VANGAICHUNGPAO,,
VNJ,VANJIPALAIYAM,,
VNK,BINAIKI,,
VNM,ONTIMITTA,,
VNN,BHANAUR,,
VNR,DEVANUR,,
VNTD,VANTADA,,
VNUP,VISHNUPURAM,,
VNWI,VIGHANWADI,,
VOC,VOC NAGAR,,
VONB,VONDH,,
VP,VIRAPUR,,
VPDA,VIDYAPATIDHAM,,
VPG,VENTRAPRAGADA,,
VPH,VACHASPATINAGAR,,
VPJ,VAIYAMPATTI,,
VPL,VENKATAMPALLE,,
VPO,BHUPIA MAU,,
VPR,VISAPUR,,
VPT,VIRUDUNAGAR JN,,
VPU,VELPURU,,
VPY,VYASARPADI,,
VPZ,VALLAPUZHA,,
VR,VIRAR,,
VRA,VALAVANUR,,
VRB,VISHRAMBAG,,
VRBD,VRINDABAN ROAD,,
VRE,VAREDIYA,,
VRG,VIKRAMNAGAR,,
VRH,VIRBHADRA,,
VRI,VRIDDHACHALAM JN,,
VRL,VERAVAL,,
VRLI,VERAVALI,,
VRLR,VIRANI ALUR,,
VRM,VARNAMA,,
VRN,VANGANUR,,
VRPD,VIRAPANDY ROAD,,
VRQ,VIRARAKKIYAM,,
VRR,VIRPUR,,
VRT,VRIDDHACHALM TN,,
VRX,VARAHI,,
VS,VISHVAMITRI JN.,,
VSD,VASIND,,
VSG,VASCO DA GAMA,,
VSH,VASHI,,
VSHI,VAISHALI,,
VSKP,VISAKHAPATNAM,,
VSPR,BISHNUPRIYA,,
VSR,VASUNDHARA,,
VST,BIJAYSOTA,,
VSU,BISHNUPUR,,
VSW,VISAVADAR,,
VT,VELLORE TOWN,,
VTA,VATVA,,
VTDI,VARETHA,,
VTE,VENKATAGIRIKOTE HALT,,
VTG,BHETAGURI,,
VTJ,VARTEJ,,
VTK,VALLATHOL NAGAR,,
VTM,VETAPALEMU,,
VTN,VAITARNA,,
VTP,VASTRAPUR,,
VTV,VALANTARAVAL,,
VU,VAGHPURA,,
VV,VALIVADE,,
VVB,VIVEKA VIHAR,,
VVD,VAVDI,,
VVG,V.V.GIRI HALT,,
VVH,VIDYAVIHAR,,
VVKP,VIVEKANAND PURI HALT,,
VVM,VIRAVASARAM,,
VVN,VIKRAVANDI,,
VVR,VIRAVANALLUR,,
VVV,VAVERA,,
VWA,VIDURASWATTHA,,
VXD,VADOD,,
VXM,VELLPAPALYAM,,
VYA,VYARA,,
VYK,VILAYATKALAN RD,,
VYN,VYASNAGAR,,
VYS,VYASANAKERI,,
VZ,VIJAYAMANGALAM,,
VZM,VIZIANAGRAM JN,,
VZPH,VAZEERPUR HALT,,
VZR,BHANJPUR,,
WAAD,WAYAD,,
WAB,BALWA,,
WADI,WADI JN.,,
WADO,WADODA,,
WAIR,WAIR,,
WANI,WANI,,
WC,WADHWAN CITY,,
WCN,WIMCO NAGAR,,
WDA,WADRENGDISA,,
WDG,WADEGAON,,
WDJ,WANDERJATANA,,
WDL,WANDAL,,
WDLN,WADWAL NAGNATH,,
WDM,WYNDHAMGANJ,,
WDN,VADGAON NILA,,
WDR,WADIARAM,,
WDS,WADSINGE,,
WEL,WELLINGTON,,
WENA,WENA,,
WFD,WHITEFIELD,,
WG,WAGHOLI,,
WGA,WAGHODA,,
WGI,WAGHAI,,
WGJ,WARIS GANJ (HALT),,
WH,WEST HILL,,
WHM,WASHIM,,
WIRR,WIRUR,,
WJ,WALAJABAD,,
WJR,WALAJAH ROAD,,
WKA,VAKAV,,
WKI,WADAKANCHERI,,
WKND,WANAWAR KOTESHWARNATH DHAM,,
WKR,WANKANER JN,,
WL,WARANGAL,,
WLA,VALTOHA,,
WLGN,WALGAON,,
WLH,VALHA,,
WNG,WANEGAON,,
WOC,WARUD ORANGE CITY,,
WP,WANGAPALLI,,
WPR,WANPARTI ROAD,,
WR,WARDHA JN,,
WRA,WALAYAR,,
WRC,WRS COLONY,,
WRGN,WARIGAON NEWADA,,
WRI,WARASEONI,,
WRR,WARORA,,
WRS,WARIS ALEGANJ,,
WSA,WADSA,,
WSB,WASHIMBE,,
WSD,WASUD,,
WSJ,WANSJALIYA,,
WST,WASHERMANPET,,
WTJ,JAM WANTHALI,,
WTP,WATER PIPE,,
WTR,WATHAR,,
WTWI,WETALWADI,,
WZJ,WAZERGANJ,,
XBKJ,BIKRAMGANJ,,
XGN,GOKULNAGAR HALT,,
XSAD,SADIPUR HALT,,
XSAN,SARVODAYA HALT,,
Y,YELIYUR,,
YA,YERRAGUNTLA,,
YAD,YEULKHED,,
YADD,YADADRI,,
YAG,YAQUTGANJ,,
YDD,YADUDIH,,
YDLP,YADALAPUR,,
YDM,YEDAMANGALA,,
YDV,YADVENDRANAGAR,,
YEAM,YOGENDRA DHAM HALT,,
YFP,YUSUFPUR,,
YG,YADGIR,,
YGA,YERRA GOPPA HALT,,
YGD,YERRAGUDIPADU,,
YGL,YELGUR,,
YGM,YADUGRAM BH,,
YJUD,YAMUNANAGAR JAGADHRI,,
YKA,YAKUTPURA,,
YL,YEOLA,,
YLBA,YELBURGA,,
YLG,YALVIGI,,
YLK,YELLAKARU,,
YLM,ELAMANCHILI,,
YNG,YENUGONDA,,
YNK,YELAHANKA JN,,
YNRK,YOG NAGARI RISHIKESH,,
YP,ERRUPALEM,,
YPD,YERPEDU,,
YPR,YESVANTPUR JN,,
YSI,YEDSHI,,
YT,YEVAT,,
YVP,YAWARPURA,,
YY,YEDIYURU,,
ZARP,ZARAP,,
ZB,ZAHIRABAD,,
ZBD,ZAFARABAD JN,,
ZN,JANGAON,,
ZNA,ZAMANIA,,
ZNP,ZINDPURA,,
ZP,ZERPUR PALI,,
ZPI,ZAMPANI HALT,,
ZPL,ZANGALAPALLE,,
ZPR,ZORAWAR PURA HALT,,
ZRDE,JIRADEI,,
ZW,ZAWAR,,
