number,name,type,type_label,runs_days,source_code,source,dest_code,destination,distance_km,travel_time,num_stops
00112,SGTY-AJNI RAPID PARCEL,PEXP,Premium Express,Tue,SGTY,SANKRAIL GOODS TERMINAL,AJNI,AJNI,1118,26:50,3
00113,BIRD-MIRZA JPP-RCS SPL,PEXP,Premium Express,Sun,BIRD,BHIVANDI ROAD,MRZA,MIRZA,2541,58:00,3
00114,MIRZA-NGSM JPP-RCS SPL,PEXP,Premium Express,Thu,MRZA,MIRZA,MLND,MULUND,2545,55:50,3
00132,MMM-SWM BGVNTYY SPL,TRST,Tourist,"Tue,Thu",MMM,MANDAPAM,SWM,SAWAI MADHOPUR JN,2660,63:20,5
00169,AYC-SNSI FTR SPL,TRST,Tourist,"Tue,Sat",AYC,AYODHYA CANTT,SNSI,SAINAGAR SHIRDI,1984,111:35,5
00290,PALACE ON WHEEL,TRST,Tourist,Wed,DSJ,DELHI SAFDARJUNG,DSJ,DELHI SAFDARJUNG,2679,154:25,10
00391,BHARAT GAIRAV,TRST,Tourist,Tue,BTH,BETTIAH,MMR,MANMAD JN,2328,98:30,17
00392,BHARAT GAURAV,TRST,Tourist,Sun,MMR,MANMAD JN,BTH,BETTIAH,2174,79:30,18
00412,DSJ-DSJ BHGV SPL,TRST,Tourist,"Mon,Thu",MLT,MALATIPATPUR,RMM,RAMESWARAM,2072,55:00,3
00441,CP-PTNR VP SPL,PEXP,Premium Express,"Mon,Sun",CP,CHITPUR,PTNR,PATELNAGAR,1459,41:50,2
00442,PTNR-CP VP SPL,PEXP,Premium Express,"Thu,Fri",PTNR,PATELNAGAR,CP,CHITPUR,1459,35:30,2
00461,ANDI-BDGM SPL,PEXP,Premium Express,Daily,ANDI,ADARSH NAGAR DELHI,BDGM,BADGAM,845,29:45,5
00462,BDGM-ANDI PEXP SPL,PEXP,Premium Express,Daily,BDGM,BADGAM,ANDI,ADARSH NAGAR DELHI,845,23:15,4
00629,YPR-ICOD TKD  PCET,PEXP,Premium Express,"Wed,Sun",YPR,YESVANTPUR JN.,TKD,TUGLAKABAD,2329,72:35,3
00630,ICOD TKD -YPR PCET,PEXP,Premium Express,"Thu,Sun",TKD,TUGLAKABAD,YPR,YESVANTPUR JN.,2329,75:55,3
00761,RU-NZM,PEXP,Premium Express,"Mon,Wed,Fri,Sat",RU,RENIGUNTA JN,NZM,HAZRAT NIZAMUDDIN JN,2120,48:30,7
00762,NZM-RU,PEXP,Premium Express,"Tue,Wed,Fri,Sun",NZM,HAZRAT NIZAMUDDIN JN,RU,RENIGUNTA JN,2120,49:05,6
00763,RU-NCTP,PEXP,Premium Express,Thu,RU,RENIGUNTA JN,NCTP,,3829,136:10,12
00764,NCTP-RU,PEXP,Premium Express,Thu,NCTP,,RU,RENIGUNTA JN,3829,140:45,12
00901,ST-NRPA PARCEL SPL,PEXP,Premium Express,Fri,ST,SURAT,NRPA,NARAYNPUR ANANT,1801,37:00,7
00902,NRPA-ST PARCEL SPL,PEXP,Premium Express,Sun,NRPA,NARAYNPUR ANANT,ST,SURAT,1801,44:55,6
00907,KKF-SGTY RAPID CARGO,PEXP,Premium Express,Sun,KKF,KANKARIA,SGTY,SANKRAIL GOODS TERMINAL,2075,54:45,6
00908,SGTY -KKF PARCEL TRAIN,PEXP,Premium Express,Wed,SGTY,SANKRAIL GOODS TERMINAL,KKF,KANKARIA,2075,47:15,6
00909,DFCR JPPRCS  ,PEXP,Premium Express,Daily,DERN,NEW DADRI JN.,ACLN,NEW ANCHELI,1199,23:00,3
00910,DFCR JPPRCS,PEXP,Premium Express,Daily,ACLN,NEW ANCHELI,DERN,NEW DADRI JN.,1199,23:00,3
00951,BHARAT GAURAV EX RJT,TRST,Tourist,Sat,RJT,RAJKOT,RJT,RAJKOT,6862,295:25,30
00961,VALLEY QUEEN SPL,TRST,Tourist,"Mon,Wed,Thu,Sat,Sun",MJ,MARWAR JN,KBK,KHAMBLI GHAT,47,03:00,3
00962,VALLEY QUEEN SPL,TRST,Tourist,"Mon,Wed,Thu,Sat,Sun",KBK,KHAMBLI GHAT,MJ,MARWAR JN,47,03:00,3
00965,SJWB-HW-BSB-SJWB,TRST,Tourist,Thu,SJWB,SUMERPUR JAWAI BANDH,SJWB,SUMERPUR JAWAI BANDH,3346,133:40,9
01001,CSMT-SWV INAUGERAL SPL,INGL,INGL,Thu,CSMT,C SHIVAJI MAH T,SWV,SAWANTWADI ROAD,509,13:15,23
01002,SWV-SUR TOD SPECIAL,TOD,Special,Fri,SWV,SAWANTWADI ROAD,SUR,SOLAPUR JN,879,19:00,21
01003,LTT MAO SPL,TOD,Special,Mon,LTT,LOKMANYATILAK,MAO,MADGAON JUNCTION,572,15:55,24
01004,MAO LTT SPECIAL,TOD,Special,Sun,MAO,MADGAON JUNCTION,LTT,LOKMANYATILAK,572,14:05,24
01007,CSMT-MAO SPL,TOD,Special,"Fri,Sun",CSMT,C SHIVAJI MAH T,MAO,MADGAON JUNCTION,588,14:50,26
01008,MAO-CSMT SPL,TOD,Special,"Fri,Sun",MAO,MADGAON JUNCTION,CSMT,C SHIVAJI MAH T,588,19:20,26
01023,PUNE KOP SPECIAL,TOD,Special,Daily,PUNE,PUNE JN,KOP,KOLHAPUR,326,07:28,22
01024,KOP PUNE SPECIAL,TOD,Special,Daily,KOP,KOLHAPUR,PUNE,PUNE JN,326,07:35,22
01053,DVL-DNR SPL,TOD,Special,Sat,DVL,DEVLALI,DNR,DANAPUR,1509,33:00,19
01054,DNR-MMR SPL,TOD,Special,Mon,DNR,DANAPUR,MMR,MANMAD JN,1430,36:30,14
01103,CSMT-SWV SPL,TOD,Special,Daily,CSMT,C SHIVAJI MAH T,SWV,SAWANTWADI ROAD,509,12:30,27
01104,SWV-CSMT SPL,TOD,Special,Daily,SWV,SAWANTWADI ROAD,CSMT,C SHIVAJI MAH T,509,12:05,54
01129,LTT-SWV SPL,TOD,Special,Tue,LTT,LOKMANYATILAK,SWV,SAWANTWADI ROAD,493,13:25,21
01130,SWV-LTT SPL,TOD,Special,Tue,SWV,SAWANTWADI ROAD,LTT,LOKMANYATILAK,493,12:25,22
01131,LTT-SWV SPL,TOD,Special,"Thu,Sun",LTT,LOKMANYATILAK,SWV,SAWANTWADI ROAD,493,13:25,22
01132,SWV-LTT SPL,TOD,Special,"Thu,Sun",SWV,SAWANTWADI ROAD,LTT,LOKMANYATILAK,493,12:25,22
01133,DIVA-CHI SPL,TOD,Special,Daily,DIVA,DIVA,CHI,CHIPLUN,231,07:50,28
01134,CHI-DIVA SPL,TOD,Special,Daily,CHI,CHIPLUN,DIVA,DIVA,231,05:30,28
01139,NGP-MAO GANPATI SPECIAL,TOD,Special,Wed,NGP,NAGPUR JN.,MAO,MADGAON JUNCTION,1341,29:45,26
01140,MAO-NGP GANPATI SPL,TOD,Special,Tue,MAO,MADGAON JUNCTION,NGP,NAGPUR JN.,1341,26:25,26
01149,BIRD-SGTY JPP-RCS,TOD,Special,Thu,BIRD,BHIVANDI ROAD,SGTY,SANKRAIL GOODS TERMINAL,1917,38:30,20
01150,SGTY-TNA JPP RCS,TOD,Special,Sun,SRC,SANTRAGACHI JN,TNA,THANE,1928,37:30,20
01151,CSMT-SWV SPL,TOD,Special,Daily,CSMT,C SHIVAJI MAH T,SWV,SAWANTWADI ROAD,509,13:55,48
01152,SWV-CSMT SPL,TOD,Special,Daily,SWV,SAWANTWADI ROAD,CSMT,C SHIVAJI MAH T,509,13:00,24
01153,CSMT-RN GANPATI SPL,TOD,Special,Daily,CSMT,C SHIVAJI MAH T,RN,RATNAGIRI,349,08:55,17
01154,RN-CSMT GANPATI SPL,TOD,Special,Daily,RN,RATNAGIRI,CSMT,C SHIVAJI MAH T,349,09:30,17
01155,DIVA-KHED GANAPATI SPL,TOD,Special,Daily,DIVA,DIVA,KHED,KHED,201,07:20,26
01156,KHED-DIVA GANAPATI SPL,TOD,Special,Daily,KHED,KHED,DIVA,DIVA,201,06:50,26
01161,LTT-VLNK SPL,TOD,Special,"Mon,Wed",LTT,LOKMANYATILAK,VLNK,VELLANKANNI,1600,38:10,26
01162,VLNK-LTT SPL,TOD,Special,"Wed,Fri",VLNK,VELLANKANNI,LTT,LOKMANYATILAK,1614,35:25,26
01165,LTT-MAO SPL,TOD,Special,Tue,LTT,LOKMANYATILAK,MAO,MADGAON JUNCTION,572,13:45,22
01166,MAO-LTT SPL,TOD,Special,Tue,MAO,MADGAON JUNCTION,LTT,LOKMANYATILAK,572,14:40,22
01167,LTT-RN SPL,TOD,Special,Daily,LTT,LOKMANYATILAK,RN,RATNAGIRI,333,08:00,13
01168,RN-LTT SPL,TOD,Special,"Mon,Wed,Thu,Fri,Sun",RN,RATNAGIRI,LTT,LOKMANYATILAK,333,09:25,13
01171,LTT-SWV SPL,TOD,Special,Daily,LTT,LOKMANYATILAK,SWV,SAWANTWADI ROAD,493,12:40,23
01172,SWV-LTT SPL,TOD,Special,Daily,SWV,SAWANTWADI ROAD,LTT,LOKMANYATILAK,493,12:50,23
01185,LTT-MAO SPL,TOD,Special,Wed,LTT,LOKMANYATILAK,MAO,MADGAON JUNCTION,572,13:45,22
01186,MAO-LTT SPL,TOD,Special,Wed,MAO,MADGAON JUNCTION,LTT,LOKMANYATILAK,572,14:40,22
01445,PUNE-RN GANPATI SPL,TOD,Special,Tue,PUNE,PUNE JN,RN,RATNAGIRI,459,11:25,17
01446,RN-PUNE SPL,TOD,Special,Tue,RN,RATNAGIRI,PUNE,PUNE JN,457,11:30,17
01447,PUNE-RN SPL,TOD,Special,Sat,PUNE,PUNE JN,RN,RATNAGIRI,459,11:25,17
01448,RN-PUNE SPL,TOD,Special,Sat,RN,RATNAGIRI,PUNE,PUNE JN,457,11:30,17
01449,PUNE DNR SPECIAL,TOD,Special,Daily,PUNE,PUNE JN,DNR,DANAPUR,1742,35:05,17
01450,DNR PUNE SPL,TOD,Special,Daily,DNR,DANAPUR,PUNE,PUNE JN,1742,37:15,17
01665,RKMP AGTL SPL,TOD,Special,Thu,RKMP,RANI KAMALAPATI,AGTL,AGARTALA,2491,52:05,40
01666,AGTL RKMP SPL,TOD,Special,Sun,AGTL,AGARTALA,RKMP,RANI KAMALAPATI,2491,47:15,40
01705,JBP AY SUMR SPL,TOD,Special,Tue,JBP,JABALPUR,AY,AYODHYA DHAM JN,703,15:45,12
01706,AY JBP SUMMR SPL,TOD,Special,Wed,AY,AYODHYA DHAM JN,JBP,JABALPUR,703,17:15,12
01825,VGLJ-MTJ MELA SPL,TOD,Special,Thu,VGLJ,VIRANGANA LAKSHMIBAI JHANSI JN,MTJ,MATHURA JN.,270,05:05,8
01826,MTJ-VGLJ MELA SPL,TOD,Special,Fri,MTJ,MATHURA JN.,VGLJ,VIRANGANA LAKSHMIBAI JHANSI JN,270,05:45,8
01827,VGLJ-MTJ MELA SPL,TOD,Special,Fri,VGLJ,VIRANGANA LAKSHMIBAI JHANSI JN,MTJ,MATHURA JN.,270,05:25,8
01828,MTJ-VGLJ MELA SPL,TOD,Special,Fri,MTJ,MATHURA JN.,VGLJ,VIRANGANA LAKSHMIBAI JHANSI JN,270,05:30,8
01905,CNB-ASV WEEKLY SPL,TOD,Special,Mon,CNB,KANPUR CENTRAL,ASV,ASARVA JN,1150,21:30,23
01906,ASV-CNB WEEKLY SPL,TOD,Special,Tue,ASV,ASARVA JN,CNB,KANPUR CENTRAL,1150,22:05,23
01907,AGC UDN H SPL,TOD,Special,Tue,AGC,AGRA CANTT JN,UDN,UDHNA JN,987,18:40,9
01908,UDN AGC SPL,TOD,Special,Wed,UDN,UDHNA JN,AGC,AGRA CANTT JN,987,17:05,9
01909,ASV AGC SPL,TOD,Special,Tue,ASV,ASARVA JN,AGC,AGRA CANTT JN,894,16:45,18
01910,AGC-ASV SPECIAL ,TOD,Special,Mon,AGC,AGRA CANTT JN,ASV,ASARVA JN,894,17:00,18
01911,AGC KOAA SPL,TOD,Special,Thu,AGC,AGRA CANTT JN,KOAA,KOLKATTA TERMINAL,1283,24:25,20
01912,KOAA AGC SPL,TOD,Special,Fri,KOAA,KOLKATTA TERMINAL,AGC,AGRA CANTT JN,1283,24:35,20
01921,HDP VGLJ SF SPL,TOD,Special,Thu,HDP,HADAPSAR,VGLJ,VIRANGANA LAKSHMIBAI JHANSI JN,1172,21:15,14
01922,VGLJ HDP EXP,TOD,Special,Wed,VGLJ,VIRANGANA LAKSHMIBAI JHANSI JN,HDP,HADAPSAR,1172,22:45,14
01923,HDP VGLJ SF SPL,TOD,Special,Sun,HDP,HADAPSAR,VGLJ,VIRANGANA LAKSHMIBAI JHANSI JN,1172,19:50,10
01924,VGLJ HDP SF SPL,TOD,Special,Sat,VGLJ,VIRANGANA LAKSHMIBAI JHANSI JN,HDP,HADAPSAR,1172,20:50,10
01925,CNB MDU SPECIAL,TOD,Special,Wed,CNB,KANPUR CENTRAL,MDU,MADURAI JN,2492,47:05,56
01926,MADURAI-KANPUR SPECIAL,TOD,Special,Sat,MDU,MADURAI JN,CNB,KANPUR CENTRAL,2505,50:00,28
01929,VGLJ-KUR WEEKLY SPL ,TOD,Special,Fri,VGLJ,VIRANGANA LAKSHMIBAI JHANSI JN,KUR,KHURDA ROAD JN,1678,38:35,35
01930,KUR VGLJ SPL,TOD,Special,Sun,KUR,KHURDA ROAD JN,VGLJ,VIRANGANA LAKSHMIBAI JHANSI JN,1677,34:40,35
01941,AGC-PWL UNRESERVED SPL,TOD,Special,"Wed,Thu,Fri,Sat,Sun",AGC,AGRA CANTT JN,PWL,PALWAL,137,03:15,8
01942,PWL-AGC UNRESERVED SPL,TOD,Special,"Wed,Thu,Fri,Sat,Sun",PWL,PALWAL,AGC,AGRA CANTT JN,137,03:00,8
01943,AGC-NZM UNRESERVED SPL,TOD,Special,"Wed,Thu,Fri,Sat,Sun",AGC,AGRA CANTT JN,NZM,HAZRAT NIZAMUDDIN JN,187,04:25,9
01944,NZM-AGC UNRESERVED SPL,TOD,Special,"Wed,Thu,Fri,Sat,Sun",NZM,HAZRAT NIZAMUDDIN JN,AGC,AGRA CANTT JN,187,05:15,9
02023,HWH PNBE SPL,TOD,Special,Sun,HWH,HOWRAH JN,PNBE,PATNA JN,532,08:15,16
02024,PNBE HWH SF SPL,TOD,Special,Sun,PNBE,PATNA JN,HWH,HOWRAH JN,532,07:55,16
02197,CBE JBP SF SPL,TOD,Special,Mon,CBE,COIMBATORE JN,JBP,JABALPUR,2215,41:35,33
02198,JBP CBE SPECIAL,TOD,Special,Fri,JBP,JABALPUR,CBE,COIMBATORE JN,2216,41:20,33
02199,VGLJ BDTS SF SPL,TOD,Special,Thu,VGLJ,VIRANGANA LAKSHMIBAI JHANSI JN,BDTS,BANDRA TERMINUS,1315,23:20,21
02200,BDTS-JHS SUPERFAST SPL ,TOD,Special,Sat,BDTS,BANDRA TERMINUS,VGLJ,VIRANGANA LAKSHMIBAI JHANSI JN,1315,23:50,21
02415,SFG-NDLS SPL,TOD,Special,"Fri,Sat,Sun",SFG,SUBEDARGANJ,NDLS,NEW DELHI,631,11:20,8
02416,NDLS SFG SF SPL,TOD,Special,"Thu,Fri,Sat",NDLS,NEW DELHI,SFG,SUBEDARGANJ,631,10:45,8
02417,PRYJ DER SPL,TOD,Special,Daily,PRYJ,PRAYAGRAJ JN,DER,DADRI,593,10:15,14
02418,DER PRYJ SPL,TOD,Special,Daily,DER,DADRI,PRYJ,PRAYAGRAJ JN,593,10:45,14
02455,CNB NDLS SF SPL,TOD,Special,"Mon,Wed,Fri,Sat",CNB,KANPUR CENTRAL,NDLS,NEW DELHI,441,06:05,5
02456,NDLS CNB SF SPL,TOD,Special,"Mon,Wed,Fri,Sat",NDLS,NEW DELHI,CNB,KANPUR CENTRAL,441,05:15,5
02457,CNB-ANVT SPL,TOD,Special,"Tue,Thu,Sun",CNB,KANPUR CENTRAL,ANVT,ANAND VIHAR TERMINAL,428,05:10,4
02458,ANVT-CNB SPL,TOD,Special,"Tue,Thu,Sun",ANVT,ANAND VIHAR TERMINAL,CNB,KANPUR CENTRAL,428,04:55,4
02540,DJ KGN SLIP TRN,PAS,Passenger,Daily,DJ,DARJEELING,KGN,KURSEONG,31,02:30,5
02541,KGN DJ SLIP TRN,PAS,Passenger,Daily,KGN,KURSEONG,DJ,DARJEELING,31,02:45,5
02542,RED PANDA STEAM SPECIAL,PAS,Passenger,Daily,KGN,KURSEONG,KGN,KURSEONG,15,02:00,3
02543,MUKTADHARA SPECIAL,PAS,Passenger,Daily,KGN,KURSEONG,KGN,KURSEONG,15,01:45,3
02545,DJ-GHUM JOYRIDE SPECIAL,PAS,Passenger,Daily,DJ,DARJEELING,GHUM, ,6,00:45,2
02546,GHUM-DJ JOYRIDE SPECIAL,PAS,Passenger,Daily,GHUM, ,DJ,DARJEELING,6,00:40,2
02547,DJ-GHUM JOYRIDE SPECIAL,PAS,Passenger,Daily,DJ,DARJEELING,GHUM, ,6,00:45,2
02548,GHUM-DJ JOYRIDE SPECIAL,PAS,Passenger,Daily,GHUM, ,DJ,DARJEELING,6,00:50,2
02549,DJ-GHUM-DJ JOYRIDE SPL,PAS,Passenger,Daily,DJ,DARJEELING,DJ,DARJEELING,12,01:40,3
02550,DJ-GHUM-DJ JOYRIDE SPL,PAS,Passenger,Daily,DJ,DARJEELING,DJ,DARJEELING,12,01:35,3
02563,BJU- NDLS SPECIAL ,TOD,Special,Daily,BJU,BARAUNI JN,NDLS,NEW DELHI,1185,21:30,10
02564,NDLS- BJU SPECIAL,TOD,Special,Daily,NDLS,NEW DELHI,BJU,BARAUNI JN,1185,21:15,10
02569,DBG- NDLS SPECIAL,TOD,Special,Daily,DBG,DARBHANGA JN,NDLS,NEW DELHI,1171,22:00,11
02570,NDLS- DBG SPECIAL,TOD,Special,Daily,NDLS,NEW DELHI,DBG,DARBHANGA JN,1171,21:45,11
02811,BBS-YPR SPECIAL,TOD,Special,Sat,BBS,BHUBANESWAR,YPR,YESVANTPUR JN.,1467,29:00,22
02812,YPR-BBS SPECIAL,TOD,Special,Mon,YPR,YESVANTPUR JN.,BBS,BHUBANESWAR,1467,25:30,22
02877,RNC ANVT SPL,TOD,Special,Sat,RNC,RANCHI,ANVT,ANAND VIHAR TERMINAL,1235,24:20,20
02878,ANVT RNC SPL,TOD,Special,Sun,ANVT,ANAND VIHAR TERMINAL,RNC,RANCHI,1237,23:05,20
02921,SGAC-MTJ UNRESERVED SF SP,TOD,Special,Daily,SGAC,SOGARIYA,MTJ,MATHURA JN.,325,05:40,9
02922,MTJ-SGAC UNRESERVED SPL,TOD,Special,Daily,MTJ,MATHURA JN.,SGAC,SOGARIYA,325,05:50,9
03001,HWH NES SPL,TOD,Special,"Tue,Fri,Sun",HWH,HOWRAH JN,NES,NATESAR,528,12:10,17
03002,NES HWH SPL,TOD,Special,"Mon,Wed,Sat",NES,NATESAR,HWH,HOWRAH JN,528,15:30,17
03029,HWH NES SPL,TOD,Special,"Mon,Wed,Sat",HWH,HOWRAH JN,NES,NATESAR,672,15:00,23
03030,NES-HWH SPL,TOD,Special,"Tue,Thu,Sun",NES,NATESAR,HWH,HOWRAH JN,671,17:05,23
03147,BT HNB EMU SPL,TOD,Special,"Thu,Fri",BT,BARASAT,HNB,HASANABAD,52,01:33,20
03148,HNB-BT EMU SPL,TOD,Special,"Wed,Thu,Fri",HNB,HASANABAD,BT,BARASAT,52,01:25,20
03149,BT HNB EMU SPL,TOD,Special,Fri,BT,BARASAT,HNB,HASANABAD,52,01:20,20
03150,HNB-BT EMU SPL,TOD,Special,Fri,HNB,HASANABAD,BT,BARASAT,52,01:20,20
03215,PRNC PPTA SPL,TOD,Special,"Mon,Tue,Wed,Fri,Sat",PRNC,PURNIA COURT,PPTA,PATLIPUTRA,360,08:35,16
03216,PPTA PRNC SPL,TOD,Special,"Mon,Tue,Thu,Fri,Sun",PPTA,PATLIPUTRA,PRNC,PURNIA COURT,360,09:30,16
03229,KUR-PNBE EXPRESS SPL,TOD,Special,Fri,KUR,KHURDA ROAD JN,PNBE,PATNA JN,995,19:00,21
03230,PNBE KUR SPL,TOD,Special,Thu,PNBE,PATNA JN,KUR,KHURDA ROAD JN,980,18:50,21
03252,SMVB DNR SPL,TOD,Special,Daily,SMVB,SMVT BENGALURU,DNR,DANAPUR,2672,48:05,22
03253,PNBE CHZ SPL,TOD,Special,"Mon,Wed",PNBE,PATNA JN,CHZ,CHARLAPALLI,1868,36:30,23
03254,CHZ PNBE SPL,TOD,Special,Wed,CHZ,CHARLAPALLI,PNBE,PATNA JN,1863,36:30,23
03255,CHZ PNBE SPL,TOD,Special,Fri,CHZ,CHARLAPALLI,PNBE,PATNA JN,1863,36:30,23
03287,BXR-DDU FAST PASS SPECIAL,TOD,Special,Daily,BXR,BUXAR,DDU,PT.DEEN DAYAL UPADHYAYA JN.,90,02:30,7
03288,DDU-BXR FAST PASS SPECIAL,TOD,Special,Daily,DDU,PT.DEEN DAYAL UPADHYAYA JN.,BXR,BUXAR,90,02:40,7
03297,PNBE IPR SPL,TOD,Special,"Tue,Thu,Sun",PNBE,PATNA JN,IPR,ISLAMPUR,63,02:50,8
03298,IPR PNBE SPL,TOD,Special,"Mon,Wed,Fri",IPR,ISLAMPUR,PNBE,PATNA JN,63,03:15,8
03299,DNR-SUR SPL,TOD,Special,Fri,DNR,DANAPUR,SUR,SOLAPUR JN,1856,35:30,16
03399,DNR-BSL SPECIAL,TOD,Special,Sat,DNR,DANAPUR,BSL,BHUSAVAL JN,1247,24:15,13
03407,BGP-KIR SPL,TOD,Special,Daily,BGP,BHAGALPUR,KIR,KATIHAR JN,199,06:00,15
03408,KIR-BGP SPL,TOD,Special,Daily,KIR,KATIHAR JN,BGP,BHAGALPUR,199,06:10,15
03441,DGHR-JMP PGR SPL,TOD,Special,Sun,DGHR,DEOGHAR,JMP,JAMALPUR JN,159,06:40,39
03442,JMP-DGHR PGR SPL,TOD,Special,Sun,JMP,JAMALPUR JN,DGHR,DEOGHAR,160,05:00,39
03443,GODA-DGHR PGR SPL,TOD,Special,Sun,GODA,GODDA,DGHR,DEOGHAR,80,02:05,10
03444,DGHR-GODA PGR SPL,TOD,Special,Sun,DGHR,DEOGHAR,GODA,GODDA,80,01:55,10
03547,JSME-BAKA PGR SPL,TOD,Special,Daily,JSME,JASIDIH JN.,BAKA,BANKA,61,01:25,9
03548,BAKA-JSME PGR SPL,TOD,Special,Daily,BAKA,BANKA,JSME,JASIDIH JN.,61,01:25,9
03575,DGHR-SGG MEMU SPL,TOD,Special,"Thu,Fri",DGHR,DEOGHAR,SGG,SULTANGANJ,130,03:55,29
03576,SGG - DGHR MEMU SPL,TOD,Special,"Fri,Sat",SGG,SULTANGANJ,DGHR,DEOGHAR,131,03:50,29
03639,DHN-SSB EXPRESS SPL,TOD,Special,"Mon,Fri",DHN,DHANBAD JN,SSB,SHAKURBASTI,1195,23:40,16
03640,SSB-DHN EXPRESS SPL,TOD,Special,"Tue,Sat",SSB,SHAKURBASTI,DHN,DHANBAD JN,1195,26:35,16
04013,LKQ ANVT SPL,TOD,Special,Daily,LKQ,LAUKAHA BAZAR,ANVT,ANAND VIHAR TERMINAL,1171,30:10,21
04014,LKQ SUMMER SPL,TOD,Special,Daily,ANVT,ANAND VIHAR TERMINAL,LKQ,LAUKAHA BAZAR,1171,28:35,21
04071,SOU NDLS SPL,TOD,Special,Daily,SOU,SUPAUL JUNCTION,NDLS,NEW DELHI,1248,31:15,23
04072,SOU SUMMER SPL,TOD,Special,Daily,NDLS,NEW DELHI,SOU,SUPAUL JUNCTION,1248,33:00,23
04089,DNR-NDLS SPL,TOD,Special,Sat,DNR,DANAPUR,NDLS,NEW DELHI,983,17:05,11
04090,NDLS-DNR SPL,TOD,Special,Fri,NDLS,NEW DELHI,DNR,DANAPUR,983,15:30,11
04105,PRYJ UDN SPL,TOD,Special,"Thu,Sun",PRYJ,PRAYAGRAJ JN,UDN,UDHNA JN,1420,25:50,15
04106,UDN-PRYJ SUMMER SPL,TOD,Special,"Mon,Fri",UDN,UDHNA JN,PRYJ,PRAYAGRAJ JN,1420,29:45,15
04111,PRYJ GG SPL,TOD,Special,"Tue,Sat",PRYJ,PRAYAGRAJ JN,GG,GANDHIGRAM,1317,23:30,21
04112,GG PRYJ SPL EXP,TOD,Special,"Wed,Sun",GG,GANDHIGRAM,PRYJ,PRAYAGRAJ JN,1317,26:40,21
04113,PRYJ UBL SPL,TOD,Special,Sat,PRYJ,PRAYAGRAJ JN,UBL,SSS HUBBALLI JN,2968,58:05,30
04114,UBL PRYJ SPL,TOD,Special,Tue,UBL,SSS HUBBALLI JN,PRYJ,PRAYAGRAJ JN,2970,61:40,30
04119,SFG-VALSAD SUMMER SPL,TOD,Special,Sat,SFG,SUBEDARGANJ,BL,VALSAD,1497,28:40,13
04120,VALSAD-SFG SUMMER SPL,TOD,Special,Sun,BL,VALSAD,SFG,SUBEDARGANJ,1497,28:55,13
04123,PRYJ NZM SPL,TOD,Special,"Wed,Sun",PRYJ,PRAYAGRAJ JN,NZM,HAZRAT NIZAMUDDIN JN,796,20:10,18
04124,NZM PRYJ SPL,TOD,Special,"Mon,Thu",NZM,HAZRAT NIZAMUDDIN JN,PRYJ,PRAYAGRAJ JN,796,17:25,18
04127,CNB-GHY WEEKLY SPL,TOD,Special,Thu,CNB,KANPUR CENTRAL,GHY,GUWAHATI,1447,35:00,30
04128,GHY CNB SPECIAL,TOD,Special,Fri,GHY,GUWAHATI,CNB,KANPUR CENTRAL,1447,33:30,30
04133,CNB SMVB SUM SPL,TOD,Special,Sun,CNB,KANPUR CENTRAL,SMVB,SMVT BENGALURU,2370,51:40,29
04134,SMVB CNB SPL,TOD,Special,Wed,SMVB,SMVT BENGALURU,CNB,KANPUR CENTRAL,2370,44:45,29
04135,SFG-YPR SPECIAL,TOD,Special,Fri,SFG,SUBEDARGANJ,YPR,YESVANTPUR JN.,2171,48:10,27
04136,YPR-SFG SPECIAL,TOD,Special,Mon,YPR,YESVANTPUR JN,SFG,SUBEDARGANJ,2171,45:30,27
04137,GWL BJU S SPL,TOD,Special,"Tue,Sat",GWL,GWALIOR JN.,BJU,BARAUNI JN,928,22:00,22
04138,BJU GWL SPL,TOD,Special,"Wed,Sun",BJU,BARAUNI JN,GWL,GWALIOR JN.,928,22:35,22
04139,PRYJ DDR SPL,TOD,Special,Fri,PRYJ,PRAYAGRAJ JN,DDR,DADAR,1689,29:30,18
04140,DADAR-PRAYAGRAJ SPL,TOD,Special,Sun,DDR,DADAR,PRYJ,PRAYAGRAJ JN,1689,28:45,18
04149,PRYJ YPR SPL,TOD,Special,Wed,PRYJ,PRAYAGRAJ JN,YPR,YESVANTPUR JN.,2336,51:00,34
04150,YPR PRYJ SPL,TOD,Special,Sat,YPR,YESVANTPUR JN.,PRYJ,PRAYAGRAJ JN,2336,47:30,34
04151,CNB LTT SF HSPL,TOD,Special,Fri,CNB,KANPUR CENTRAL,LTT,LOKMANYATILAK,1536,25:55,12
04152,LTT CNB SF SPL,TOD,Special,Sat,LTT,LOKMANYATILAK,CNB,KANPUR CENTRAL,1536,22:30,12
04155,SFG UDN SPL,TOD,Special,"Mon,Thu",SFG,SUBEDARGANJ,UDN,UDHNA JN,1423,25:35,16
04156,UDN-SFG SPECIAL,TOD,Special,"Tue,Fri",UDN,UDHNA JN,SFG,SUBEDARGANJ,1423,28:45,16
04157,CNB KOAA SPL,TOD,Special,Tue,CNB,KANPUR CENTRAL,KOAA,KOLKATTA TERMINAL,1024,20:05,17
04158,KOAA CNB SPL,TOD,Special,Wed,KOAA,KOLKATTA TERMINAL,CNB,KANPUR CENTRAL,1024,18:00,17
04159,PRYJ VSKP SPL,TOD,Special,Fri,PRYJ,PRAYAGRAJ JN,VSKP,VISAKHAPATNAM,1350,27:15,22
04160,VSKP PRYJ SPL,TOD,Special,Sat,VSKP,VISAKHAPATNAM,PRYJ,PRAYAGRAJ JN,1350,25:50,22
04161,PRYJ SIKR SPL,TOD,Special,Mon,PRYJ,PRAYAGRAJ JN,SIKR,SIKAR JN,816,15:10,17
04162,SIKR PRYJ SPL,TOD,Special,Tue,SIKR,SIKAR JN,PRYJ,PRAYAGRAJ JN,816,17:25,17
04169,SFG INDB SPL,TOD,Special,"Mon,Fri",SFG,SUBEDARGANJ,INDB,INDORE JN,993,23:55,16
04170,INDB SFG SPL,TOD,Special,"Tue,Sat",INDB,INDORE JN,SFG,SUBEDARGANJ,993,24:00,16
04173,PRYJ VRL SPL,TOD,Special,Thu,PRYJ,PRAYAGRAJ JN,VRL,VERAVAL,1675,32:05,28
04174,VRL PRYJ EXP,TOD,Special,Fri,VRL,VERAVAL,PRYJ,PRAYAGRAJ JN,1675,31:50,28
04175,SFG-DDR SUMMER SPL,TOD,Special,Sun,SFG,SUBEDARGANJ,DDR,DADAR,1685,30:30,18
04176,DDR-SFG SUMMER SPL,TOD,Special,Tue,DDR,DADAR,SFG,SUBEDARGANJ,1685,28:45,18
04177,SFG BL SMR SPL,TOD,Special,Tue,SFG,SUBEDARGANJ,BL,VALSAD,1497,29:10,13
04178,BL SFG SPL,TOD,Special,Wed,BL,VALSAD,SFG,SUBEDARGANJ,1497,28:15,13
04209,BSB-DLI RESERVED FESTIVAL,TOD,Special,"Mon,Wed,Fri",BSB,VARANASI,DLI,DELHI JN.,796,15:30,12
04213,AYC-ANVT RESERVED SPECIAL,TOD,Special,"Thu,Sun",AYC,AYODHYA CANTT,ANVT,ANAND VIHAR TERMINAL,607,11:50,10
04214,AYC-ANVT RESERVED SPECIAL,TOD,Special,"Mon,Fri",ANVT,ANAND VIHAR TERMINAL,AYC,AYODHYA CANTT,607,13:15,8
04217,BSB ANVT SPL,TOD,Special,"Thu,Sun",BSB,VARANASI,ANVT,ANAND VIHAR TERMINAL,780,15:30,9
04218,BSB-ANVT RESERVED SPECIAL,TOD,Special,Fri,ANVT,ANAND VIHAR TERMINAL,BSB,VARANASI,780,15:55,9
04409,MTJ-NZM SPL,TOD,Special,"Thu,Fri,Sat",MTJ,MATHURA JN.,NZM,HAZRAT NIZAMUDDIN JN,133,03:10,18
04410,NZM-MTJ SPL,TOD,Special,"Thu,Fri,Sat",NZM,HAZRAT NIZAMUDDIN JN,MTJ,MATHURA JN.,133,02:35,18
04411,MTJ-NZM SPL,TOD,Special,"Thu,Fri,Sat",MTJ,MATHURA JN.,NZM,HAZRAT NIZAMUDDIN JN,133,03:40,18
04412,NZM-MTJ SPL,TOD,Special,"Thu,Fri,Sat",NZM,HAZRAT NIZAMUDDIN JN,MTJ,MATHURA JN.,133,02:35,18
04413,DLI-HW SPL,TOD,Special,"Thu,Fri,Sat,Sun",DLI,DELHI JN.,HW,HARIDWAR JN,217,05:55,6
04414,HW-DLI SPL,TOD,Special,"Mon,Fri,Sat,Sun",HW,HARIDWAR JN,DLI,DELHI JN.,217,05:00,6
04415,DLI-RGS SPL,TOD,Special,"Thu,Fri,Sat",DLI,DELHI JN.,RGS,RINGAS JN,231,05:50,9
04416,RGS-DLI SPL,TOD,Special,"Fri,Sat,Sun",RGS,RINGAS JN,DLI,DELHI JN.,231,05:00,9
04445,BSB-DLI SPL,TOD,Special,"Fri,Sun",BSB,VARANASI,DLI,DELHI JN.,819,15:30,12
04446,DLI BSB SPL,TOD,Special,"Thu,Sat",DLI,DELHI JN.,BSB,VARANASI,819,17:50,12
04451,NZM BEAS SPL,TOD,Special,Thu,NZM,HAZRAT NIZAMUDDIN JN,BEAS,BEAS,412,08:25,7
04452,BEAS-NZM SPL,TOD,Special,Sun,BEAS,BEAS,NZM,HAZRAT NIZAMUDDIN JN,412,07:25,7
04507,NDLS-BEAS SPL,TOD,Special,Mon,NDLS,NEW DELHI,BEAS,BEAS,405,07:10,10
04508,BEAS-NDLS SPL,TOD,Special,Sun,BEAS,BEAS,NDLS,NEW DELHI,405,09:40,12
04565,SRE-BEAS SPL,TOD,Special,Fri,SRE,SAHARANPUR JN.,BEAS,BEAS,288,05:25,7
04566,BEAS-SRE SPL,TOD,Special,Sun,BEAS,BEAS,SRE,SAHARANPUR JN.,288,06:10,7
04641,NED-ASR SPL,TOD,Special,Sun,NED,NANDED,ASR,AMRITSAR,2082,38:20,26
04687,SVDK BDGM SPL,TOD,Special,"Mon,Tue,Wed,Thu,Fri,Sat",SVDK,SHRI MATA VAISHNO DEVI KATRA,BDGM,BADGAM,201,06:15,14
04688,BDGM SVDK SPL,TOD,Special,"Mon,Tue,Wed,Thu,Fri,Sat",BDGM,BADGAM,SVDK,SHRI MATA VAISHNO DEVI KATRA,201,05:40,14
04707,SDLP-GAMI EXP SPL,TOD,Special,Daily,SDLP,SADULPUR JN,GAMI,GOGAMERI,78,01:45,2
04708,GAMI-SDLP EXP SPL,TOD,Special,Daily,GAMI,GOGAMERI,SDLP,SADULPUR JN,78,01:15,2
04709,SDLPGAMI EXP SPL,TOD,Special,Daily,SDLP,SADULPUR JN,GAMI,GOGAMERI,78,03:00,2
04710,GAMI-SDLP EXP SPL,TOD,Special,Daily,GAMI,GOGAMERI,SDLP,SADULPUR JN,78,02:00,2
04741,SGNR-POK MELA SPL,TOD,Special,Daily,SGNR,SHRI GANGANAGAR,POK,POKRAN,531,09:35,17
04742,POK-SGNR MELA SPL,TOD,Special,Daily,POK,POKRAN,SGNR,SHRI GANGANAGAR,531,11:05,17
04743,HMH-SDLP EXP MELA SPL,TOD,Special,Daily,HMH,HANUMANGARH JN,SDLP,SADULPUR JN,178,03:50,9
04744,SDLP-HMH EXP MELA SPL,TOD,Special,Daily,SDLP,SADULPUR JN,HMH,HANUMANGARH JN,178,04:25,9
04745,SGNR-SDLP EXP MELA SPL,TOD,Special,"Mon,Fri,Sat,Sun",SGNR,SHRI GANGANAGAR,SDLP,SADULPUR JN,245,05:50,13
04746,SDLP-SGNR EXP MELA SPL,TOD,Special,"Mon,Fri,Sat,Sun",SDLP,SADULPUR JN,SGNR,SHRI GANGANAGAR,245,06:30,13
04749,GAMI-ALJN MELA SPL,TOD,Special,"Wed,Thu,Fri",GAMI,GOGAMERI,ALJN,ALIGARH JN,427,09:45,11
04750,ALJN-GAMI MELA SPL,TOD,Special,"Thu,Fri,Sat",ALJN,ALIGARH JN,GAMI,GOGAMERI,427,11:00,11
04771,BTI-APH PASSENGER,PAS,Passenger,Daily,BTI,BATHINDA,APH,ANUPGARH,220,05:15,13
04772,APH-BTI PASSENGER,PAS,Passenger,Daily,APH,ANUPGARH,BTI,BATHINDA,220,05:25,13
04774,SOG-SGNR PASSENGER,PAS,Passenger,Daily,SOG,SURATGARH JN,SGNR,SHRI GANGANAGAR,137,02:40,11
04779,SGNR-SOG PASSENGER,PAS,Passenger,Daily,SGNR,SHRI GANGANAGAR,SOG,SURATGARH JN,137,02:40,13
04783,BTI-SSA PASSENGER,PAS,Passenger,Daily,BTI,BATHINDA,SSA,SIRSA,76,02:20,11
04784,SSA-BTI PASSENGER,PAS,Passenger,Daily,SSA,SIRSA,BTI,BATHINDA,76,02:10,11
04791,RE-GAMI  EXP SPL,TOD,Special,Daily,RE,REWARI JN.,GAMI,GOGAMERI,219,04:00,5
04792,GAMI-RE EXP SPL,TOD,Special,Daily,GAMI,GOGAMERI,RE,REWARI JN.,219,06:05,5
04795,RE-GAMI EXP SPL,TOD,Special,Daily,RE,REWARI JN.,GAMI,GOGAMERI,219,05:00,5
04796,GAMI-RE EXP SPL,TOD,Special,Daily,GAMI,GOGAMERI,RE,REWARI JN.,219,05:35,5
04811,BME HW SPL,TOD,Special,"Mon,Thu",BME,BARMER,HW,HARIDWAR JN,1169,23:55,26
04812,HW BME SPL,TOD,Special,"Tue,Fri",HW,HARIDWAR JN,BME,BARMER,1169,26:15,26
04861,BGKT-RDRA MELA SPL,TOD,Special,Daily,BGKT,BHAGAT KI KOTHI,RDRA,RAMDEVRA,187,03:50,10
04862,RDRA-BGKR MELA SPL,TOD,Special,Daily,RDRA,RAMDEVRA,BGKT,BHAGAT KI KOTHI,187,03:30,10
04863,BGKT-RDRA MELA SPL,TOD,Special,Daily,BGKT,BHAGAT KI KOTHI,RDRA,RAMDEVRA,187,04:15,11
04864,RDRA BGKT MELA SPL,TOD,Special,Daily,RDRA,RAMDEVRA,BGKT,BHAGAT KI KOTHI,187,04:00,11
04865,BGKT RDRA MELA SPL,TOD,Special,Daily,BGKT,BHAGAT KI KOTHI,RDRA,RAMDEVRA,187,05:20,11
04866,RDRA BGKT MELA SPL,TOD,Special,Daily,RDRA,RAMDEVRA,BGKT,BHAGAT KI KOTHI,187,04:00,11
05045,LKU RJT SPL,TOD,Special,Sun,LKU,LALKUA JN.,RJT,RAJKOT,1493,29:35,39
05046,RJT LKU SPL,TOD,Special,Mon,RJT,RAJKOT,LKU,LALKUA JN.,1493,30:15,39
05073,SBC LKU SPL,TOD,Special,Tue,SBC,KSR BENGALURU,LKU,LALKUA JN.,2626,49:50,42
05074,SBC PUJA SPL,TOD,Special,Sat,LKU,LALKUA JN.,SBC,KSR BENGALURU,2626,45:40,42
05095,KOAA MAU SPL,TOD,Special,Thu,KOAA,KOLKATTA TERMINAL,MAU,MAU JN,788,19:20,26
05096,MAU KOAA SPL,TOD,Special,Wed,MAU,MAU JN,KOAA,KOLKATTA TERMINAL,788,19:30,26
05183,AMH BDTS SF SPL,TOD,Special,Sat,AMH,AZAMGARH,BDTS,BANDRA TERMINUS,1944,33:40,19
05184,BDTS AMH SPL,TOD,Special,Mon,BDTS,BANDRA TERMINUS,AMH,AZAMGARH,1944,37:40,19
05193,CPR JAT SPECIAL,TOD,Special,Mon,CPR,CHHAPRA,PTK,PATHANKOT,1360,32:15,22
05194,PTK CPR SPL,TOD,Special,Wed,PTK,PATHANKOT,CPR,CHHAPRA,1363,32:45,22
05307,KASGANJ-MATHURA CANTT SPL,TOD,Special,"Mon,Tue,Thu,Fri,Sat",KSJ,KASGANJ,MRT,MATHURA CANT,103,02:25,12
05308,MATHURA CANTT-KASGANJ SPL,TOD,Special,"Mon,Tue,Thu,Fri,Sat",MRT,MATHURA CANT,KSJ,KASGANJ,103,02:50,12
05343,SBIB LKU SPL,TOD,Special,Thu,SBIB,SABARMATI BG,LKU,LALKUA JN.,1160,22:20,27
05344,LKU SBIB SPECIAL,TOD,Special,Wed,LKU,LALKUA JN.,SBIB,SABARMATI BG,1160,21:30,27
05401,BC-KPV DEMU SPL PASSENGER,DMU,DMU,Daily,BC,BAREILLY CITY,KPV,KASHIPUR,140,04:20,17
05402,KPV-BC DEMU SPL PASSENGER,DMU,DMU,Daily,KPV,KASHIPUR,BC,BAREILLY CITY,140,04:30,17
05493,DPA-SWM UNRESERVED SPL,TOD,Special,Daily,DPA,DURGAPURA,SWM,SAWAI MADHOPUR JN,124,02:50,5
05494,SWM-DPA UNRESERVED RAKHI ,TOD,Special,Daily,SWM,SAWAI MADHOPUR JN,DPA,DURGAPURA,124,03:35,5
05505,PRNC- SHC SPECIAL,TOD,Special,"Mon,Wed",PRNC,PURNIA COURT,SHC,SAHARSA JN,95,03:30,5
05506,SHC- PRNC SPECIAL,TOD,Special,"Fri,Sun",SHC,SAHARSA JN,PRNC,PURNIA COURT,95,02:10,5
05543,RXL NKE SPL,TOD,Special,"Thu,Sat",RXL,RAXAUL JN,NKE,NARKATIAGANJ JN,41,01:20,3
05544,NKE RXL SPL,TOD,Special,"Thu,Sat",NKE,NARKATIAGANJ JN,RXL,RAXAUL JN,41,01:10,3
05557,RXL LTT SF SPL,TOD,Special,Tue,RXL,RAXAUL JN,LTT,LOKMANYATILAK,1906,34:35,20
05558,LTT RXL SF SPL,TOD,Special,Thu,LTT,LOKMANYATILAK,RXL,RAXAUL JN,1906,32:55,20
05573,RGV-SRGR-DGHR SPECIAL,TOD,Special,Daily,RGV,RAGHOPUR,DGHR,DEOGHAR,297,08:30,22
05574,DGHR-SRGR-RGV SPECIAL,TOD,Special,Daily,DGHR,DEOGHAR,RGV,RAGHOPUR,296,11:15,22
05579,PRNC- ANVT  EXPRESS SPL,TOD,Special,"Fri,Sun",PRNC,PURNIA COURT,ANVT,ANAND VIHAR TERMINAL,1294,30:05,30
05580,ANVT- PRNC EXPRESS SPL,TOD,Special,"Tue,Sun",ANVT,ANAND VIHAR TERMINAL,PRNC,PURNIA COURT,1293,30:15,30
05735,ASR-KIR SUM SPL,TOD,Special,Fri,ASR,AMRITSAR,KIR,KATIHAR JN,1675,34:20,32
05736,KIR ASR SPECIAL,TOD,Special,Wed,KIR,KATIHAR JN,ASR,AMRITSAR,1676,36:45,32
05931,KOAA DBRG SPL,TOD,Special,Mon,KOAA,KOLKATTA TERMINAL,DBRG,DIBRUGARH,1371,28:00,25
05932,DBRG KOAA SPL,TOD,Special,Sat,DBRG,DIBRUGARH,KOAA,KOLKATTA TERMINAL,1372,31:30,25
06019,TN-NS TOD SPL,TOD,Special,Mon,TN,TUTICORIN,NS,NARASAPUR,1294,24:50,31
06020,NS-TN TOD SPL,TOD,Special,Wed,NS,NARASAPUR,TN,TUTICORIN,1295,24:30,31
06027,MAS-PTJ TOD SPL ,TOD,Special,"Fri,Sat,Sun",MAS,PURATCHI THALAIVAR DR. MGR CTL,PTJ,PODANUR JN,490,09:15,9
06028,PTJ-MAS TOD SPL,TOD,Special,"Fri,Sat,Sun",PTJ,PODANUR JN,MAS,PURATCHI THALAIVAR DR. MGR CTL,490,09:05,10
06029,MTP-TEN TOD SPL,TOD,Special,Mon,MTP,METUPALAIYAM,TEN,TIRUNELVELI JN,513,12:20,23
06030,TEN-MTP TOD SPL,TOD,Special,Sun,TEN,TIRUNELVELI JN,MTP,METUPALAIYAM,511,12:30,23
06037,TBM VLNK SPECIAL,TOD,Special,Mon,TBM,TAMBARAM,VLNK,VELLANKANNI,323,07:55,11
06038,VLNK TBM SPECIAL,TOD,Special,Wed,VLNK,VELLANKANNI,TBM,TAMBARAM,323,06:45,11
06045,MS-CAPE SF TOD SPL,TOD,Special,Fri,MS,CHENNAI EGMORE,CAPE,KANNIYAKUMARI,742,13:10,19
06046,CAPE-MS SF TOD SPL ,TOD,Special,Sun,CAPE,KANNIYAKUMARI,MS,CHENNAI EGMORE,742,12:05,19
06059,TBM-BDNK TOD SPL,TOD,Special,Sat,TBM,TAMBARAM,BDNK,BODINAYAKKANUR,648,12:45,17
06060,BDNK-TBM TOD SPL,TOD,Special,Sun,BDNK,BODINAYAKKANUR,TBM,TAMBARAM,648,13:45,17
06061,ERS VLNK SPECIAL,TOD,Special,Thu,ERS,ERNAKULAM JN,VLNK,VELLANKANNI,689,16:50,34
06062,VLNK ERS SPECIAL,TOD,Special,Fri,VLNK,VELLANKANNI,ERS,ERNAKULAM JN,689,17:10,34
06069,TBM-TEN SF TOD SPL ,TOD,Special,Fri,TBM,TAMBARAM,TEN,TIRUNELVELI JN,628,11:05,15
06070,TEN TBM SF SPL,TOD,Special,Thu,TEN,TIRUNELVELI JN,TBM,TAMBARAM,628,10:40,15
06081,TVCN SRC SPECIAL,TOD,Special,Fri,TVCN,THIRUVANANTHAPURAM NORTH,SRC,SANTRAGACHI JN,2495,47:30,34
06082,SRC TVCN SPL,TOD,Special,Mon,SRC,SANTRAGACHI JN,TVCN,THIRUVANANTHAPURAM NORTH,2495,43:40,34
06094,MAJN TVC SPECIAL,TOD,Special,Thu,MAJN,MANGALORE JUNCTION,TVC,THIRUVANANTHAPURAM CENTRAL,630,14:15,22
06109,TBM TVC SPECIAL,TOD,Special,Thu,TBM,TAMBARAM,TVC,THIRUVANANTHAPURAM CENTRAL,802,17:15,25
06115,TVCN VLNK SPL,TOD,Special,Sat,TVCN,THIRUVANANTHAPURAM NORTH,VLNK,VELLANKANNI,605,13:10,19
06116,VLNK TVCN SPL,TOD,Special,Sun,VLNK,VELLANKANNI,TVCN,THIRUVANANTHAPURAM NORTH,605,12:00,19
06117,MAS QLN SPECIAL,TOD,Special,"Thu,Sat",MAS,PURATCHI THALAIVAR DR. MGR CTL,QLN,KOLLAM JN,845,16:30,21
06118,QLN MAS SPECIAL,TOD,Special,"Fri,Sun",QLN,KOLLAM JN,MAS,PURATCHI THALAIVAR DR. MGR CTL,845,16:50,21
06120,QLN MAS SPECIAL,TOD,Special,Thu,QLN,KOLLAM JN,MAS,PURATCHI THALAIVAR DR. MGR CTL,845,16:50,22
06125,MS-MAQ TOD SPL ,TOD,Special,Tue,MS,CHENNAI EGMORE,MAQ,MANGALORE CENTRAL,894,18:40,19
06126,MAQ-MS TOD SPL,TOD,Special,Mon,MAQ,MANGALORE CENTRAL,MS,CHENNAI EGMORE,895,18:55,20
06133,VM-NGT MEMU SPL,TOD,Special,"Tue,Sat",VM,VILLUPURAM JN,NGT,NAGAPPATTINAM JN,179,03:55,14
06134,NGT-VM MEMU SPL ,TOD,Special,"Tue,Sat",NGT,NAGAPPATTINAM JN,VM,VILLUPURAM JN,179,04:10,14
06147,ERS SMVB SPECIAL,TOD,Special,Sun,ERS,ERNAKULAM JN,SMVB,SMVT BENGALURU,607,13:35,12
06148,SMVB ERS SPL,TOD,Special,Mon,SMVB,SMVT BENGALURU,ERS,ERNAKULAM JN,607,13:45,12
06165,TBM-TEN TOD SPL ,TOD,Special,Mon,TBM,TAMBARAM,TEN,TIRUNELVELI JN,647,12:05,17
06166,TEN-TBM TOD SPL ,TOD,Special,Sun,TEN,TIRUNELVELI JN,TBM,TAMBARAM,647,11:50,17
06171,MTP UAM SPECIAL,TOD,Special,"Fri,Sun",MTP,METUPALAIYAM,UAM,UDAGAMANDALAM,46,05:15,9
06172,UAM MTP SPECIAL,TOD,Special,"Mon,Sat",UAM,UDAGAMANDALAM,MTP,METUPALAIYAM,46,04:55,9
06176,UAM ONR SPECIAL,TOD,Special,"Fri,Sun",UAM,UDAGAMANDALAM,ONR,COONOOR,19,01:05,6
06181,CBE JP SPECIAL,TOD,Special,Thu,CBE,COIMBATORE JN,JP,JAIPUR JN.,2999,58:55,44
06182,JP CBE SPECIAL,TOD,Special,Sun,JP,JAIPUR JN.,CBE,COIMBATORE JN,2999,58:25,44
06185,ONR UAM SPECIAL,TOD,Special,Daily,ONR,COONOOR,UAM,UDAGAMANDALAM,19,01:10,6
06186,UAM ONR SPECIAL,TOD,Special,Daily,UAM,UDAGAMANDALAM,ONR,COONOOR,19,01:10,6
06199,ONR UAM SPECIAL,TOD,Special,"Mon,Sat",ONR,COONOOR,UAM,UDAGAMANDALAM,19,01:25,6
06509,SBCDNR HUMSAFAR,TOD,Special,Mon,SBC,KSR BENGALURU,DNR,DANAPUR,2684,48:45,17
06510,DNR SBC SPL,TOD,Special,Wed,DNR,DANAPUR,SBC,KSR BENGALURU,2681,48:10,16
06531,BNC-CBP MEX EMU,MEMU,MEMU,"Mon,Tue,Wed,Thu,Fri,Sat",BNC,BANGALORE CANT,CBP,CHIK BALLAPUR,69,01:50,9
06532,CBP-BNC MEX EMU,MEMU,MEMU,"Mon,Tue,Wed,Thu,Fri,Sat",CBP,CHIK BALLAPUR,BNC,BANGALORE CANT,69,02:15,16
06535,CBP-BNC MEX EMU,MEMU,MEMU,"Mon,Tue,Wed,Thu,Fri,Sat",CBP,CHIK BALLAPUR,BNC,BANGALORE CANT,69,02:20,9
06536,BNC-CBP MEX EMU,MEMU,MEMU,"Mon,Tue,Wed,Thu,Fri,Sat",BNC,BANGALORE CANT,CBP,CHIK BALLAPUR,69,01:55,9
06537,CBP-BNC MEX EMU,MEMU,MEMU,"Mon,Tue,Wed,Thu,Fri,Sat",CBP,CHIK BALLAPUR,BNC,BANGALORE CANT,69,02:00,9
06538,BNC-CBP MEX EMU,MEMU,MEMU,"Mon,Tue,Wed,Thu,Fri,Sat",BNC,BANGALORE CANT,CBP,CHIK BALLAPUR,69,02:00,9
06547,SMVB TVCN SPL,TOD,Special,Wed,SMVB,SMVT BENGALURU,TVCN,THIRUVANANTHAPURAM NORTH,819,17:50,21
06548,TVCN SMVB SPL,TOD,Special,Thu,TVCN,THIRUVANANTHAPURAM NORTH,SMVB,SMVT BENGALURU,819,17:15,21
06553,YPR-GAYA BHARAT GAURAV,TRST,Tourist,Sat,ASK,ARSIKERE JN,GAYA,GAYA JN,3041,115:15,10
06555,SMVB-TVCN SUMMER EXP SPL,TOD,Special,Fri,SMVB,SMVT BENGALURU,TVCN,THIRUVANANTHAPURAM NORTH,819,16:00,22
06556,TVCN-SMVB SUMMER EXP SPL,TOD,Special,Sun,TVCN,THIRUVANANTHAPURAM NORTH,SMVB,SMVT BENGALURU,819,18:00,22
06566,MLDT SMVB SPL,TOD,Special,Wed,MLDT,MALDA TOWN,SMVB,SMVT BENGALURU,2277,44:45,30
06593,YPR-CBP MEX EMU,MEMU,MEMU,"Mon,Tue,Wed,Thu,Fri,Sat",YPR,YESVANTPUR JN.,CBP,CHIK BALLAPUR,57,01:40,10
06594,CBP-YPR MEX EMU,MEMU,MEMU,"Mon,Tue,Wed,Thu,Fri,Sat",CBP,CHIK BALLAPUR,YPR,YESVANTPUR JN.,57,01:45,10
06605,GATL-JLWC MEMU SPL,MEMU,MEMU,Daily,GATL,GATL,JLWC,JHALAWAR CITY,63,01:20,7
06606,JLWC-GATL MEMU SPL,MEMU,MEMU,Daily,JLWC,JHALAWAR CITY,GATL,GATL,63,01:15,7
06716,TPJ-TJ DMU,DMU,DMU,Sat,TPJ,TIRUCHCHIRAPPALLI JN.,TJ,THANJAVUR JN.,50,01:20,4
06717,TTP-TPJ  DMU,DMU,DMU,Sat,TTP,TIRUTURAIPUNDI JN,TPJ,TIRUCHCHIRAPPALLI JN.,130,03:45,9
06718,TJ-TTP DMU,DMU,DMU,Sun,TJ,THANJAVUR JN.,TTP,TIRUTURAIPUNDI JN,80,01:45,6
06857,NGT-VLNK DEMU SPL,TOD,Special,Daily,NGT,NAGAPPATTINAM JN,VLNK,VELLANKANNI,10,00:20,2
06858,VLNK-NGT DEMU SPL,TOD,Special,Daily,VLNK,VELLANKANNI,NGT,NAGAPPATTINAM JN,10,00:20,2
06861,TJ-TPJ DMU SPL,TOD,Special,"Mon,Tue,Wed,Thu,Fri,Sat",TJ,THANJAVUR JN.,TPJ,TIRUCHCHIRAPPALLI JN.,50,01:00,4
06863,VLNK-TJ DMU SPL,TOD,Special,Daily,VLNK,VELLANKANNI,TJ,THANJAVUR JN.,88,02:15,6
06864,TPJ-VLNK DEMU SPL,TOD,Special,"Wed,Sun",TPJ,TIRUCHCHIRAPPALLI JN.,VLNK,VELLANKANNI,138,03:15,10
06865,VLNK-TPJ DEMU SPL,TOD,Special,"Tue,Sat",VLNK,VELLANKANNI,TPJ,TIRUCHCHIRAPPALLI JN.,138,03:25,10
06866,TPJ-VLNK DMU SPL,TOD,Special,Daily,TPJ,TIRUCHCHIRAPPALLI JN.,VLNK,VELLANKANNI,138,03:50,9
06867,NGT-VLNK DEMU SPL,TOD,Special,Daily,NGT,NAGAPPATTINAM JN,VLNK,VELLANKANNI,10,00:20,2
06868,VLNK-NGT DEMU SPL,TOD,Special,Daily,VLNK,VELLANKANNI,NGT,NAGAPPATTINAM JN,10,00:20,2
06901,PT-CGJ FTR SPL,TRST,Tourist,Thu,PTJ,PODANUR JN,CGL,CHENGALPATTU JN.,489,09:30,4
06902,CGL-PTJ FTR SPL,TRST,Tourist,Fri,CGL,CHENGALPATTU JN.,PTJ,PODANUR JN,489,10:40,4
07001,CHZ TNM SPL,TOD,Special,Thu,CHZ,CHARLAPALLI,TNM,TIRUVANNAMALAI,839,19:40,16
07002,TNM CHZ SPECIAL,TOD,Special,Fri,TNM,TIRUVANNAMALAI,CHZ,CHARLAPALLI,839,17:20,16
07025,CHZ-TCNR,TOD,Special,Fri,CHZ,CHARLAPALLI,TCNR,TIRUCHANUR,638,14:30,11
07026,TCNR-CHZ,TOD,Special,Sat,TCNR,TIRUCHANUR,CHZ,CHARLAPALLI,638,13:30,11
07046,SC NHLN SPECIAL,TOD,Special,Fri,SC,SECUNDERABAD JN,NHLN,NAHARLAGUN,2762,55:30,45
07047,NHLN SC SPECIAL,TOD,Special,Mon,NHLN,NAHARLAGUN,SC,SECUNDERABAD JN,2762,56:50,45
07075,HYB-GKP,TOD,Special,Fri,HYB,HYDERABAD,GKP,GORAKHPUR JN,1835,33:30,22
07076,GKP-HYB,TOD,Special,Sun,GKP,GORAKHPUR JN,HYB,HYDERABAD,1835,32:55,22
07091,CHZ  DNR SPECIAL,TOD,Special,Sat,CHZ,CHARLAPALLI,DNR,DANAPUR,1542,35:30,18
07092,DNR  CHZ SPL,TOD,Special,Mon,DNR,DANAPUR,CHZ,CHARLAPALLI,1542,31:00,18
07097,HYB-MAQ,TOD,Special,Wed,HYB,HYDERABAD,MAQ,MANGALORE CENTRAL,1490,29:10,32
07098,MAQ-HYB,TOD,Special,Thu,MAQ,MANGALORE CENTRAL,HYB,HYDERABAD,1490,32:00,32
07125,CHZ-VNLK,TOD,Special,Fri,CHZ,CHARLAPALLI,VLNK,VELLANKANNI,1106,25:30,20
07126,VLNK CHZ SPECIAL,TOD,Special,Sat,VLNK,VELLANKANNI,CHZ,CHARLAPALLI,1106,26:30,20
07127,CHZ-VNLK,TOD,Special,Tue,CHZ,CHARLAPALLI,VLNK,VELLANKANNI,1096,25:30,21
07128,VLNK-CHZ,TOD,Special,Wed,VLNK,VELLANKANNI,CHZ,CHARLAPALLI,1096,23:15,21
07193,HYB-QLN,TOD,Special,Sat,HYB,HYDERABAD,QLN,KOLLAM JN,1483,32:00,36
07194,QLN HYB SPL,TOD,Special,Mon,QLN,KOLLAM JN,HYB,HYDERABAD,1496,30:45,36
07195,CHZ-QLN,TOD,Special,Fri,CHZ,CHARLAPALLI,QLN,KOLLAM JN,1484,30:45,28
07196,QLN-CHZ,TOD,Special,Sat,QLN,KOLLAM JN,CHZ,CHARLAPALLI,1484,31:10,28
07218,SMET MTM SPL,TOD,Special,Wed,SMET,SHIMOGA TOWN,MTM,MACHILIPATNAM,1035,22:15,25
07221,CHZ-SRC,TOD,Special,Sat,CHZ,CHARLAPALLI,SRC,SANTRAGACHI JN,1536,29:20,27
07222,SRC CHZ SPL,TOD,Special,Sun,SRC,SANTRAGACHI JN,CHZ,CHARLAPALLI,1537,29:05,27
07235,HYB-SKZR,TOD,Special,Fri,SC,SECUNDERABAD JN,SKZR,SIRPUR KAGHAZNAGAR,295,05:20,12
07236,SKZR-HYB,TOD,Special,Fri,SKZR,SIRPUR KAGHAZNAGAR,HYB,HYDERABAD,306,05:15,13
07341,UBL-CMGR EXP SPL,TOD,Special,"Sat,Sun",UBL,SSS HUBBALLI JN,CMGR,CHIKKAMAGALURU,310,06:15,18
07342,CMGR-UBL EXP SPL,TOD,Special,"Sat,Sun",CMGR,CHIKKAMAGALURU,UBL,SSS HUBBALLI JN,310,05:50,18
07343,HPT-ASK UR DEMU SPL,TOD,Special,"Mon,Tue,Wed,Thu,Fri",HPT,HOSAPETE JUNCTION,ASK,ARSIKERE JN,304,07:50,29
07344,ASK-HPT UR DEMU SPL,TOD,Special,"Mon,Tue,Wed,Thu,Fri",ASK,ARSIKERE JN,HPT,HOSAPETE JUNCTION,304,07:00,29
07355,UBL RMM EXP,TOD,Special,Sun,UBL,SSS HUBBALLI JN,RMM,RAMESWARAM,1113,22:30,23
07356,RMM UBL SPECIAL,TOD,Special,Mon,RMM,RAMESWARAM,UBL,SSS HUBBALLI JN,1112,23:40,23
07361,VSG VLNK SPL,TOD,Special,"Tue,Thu",VSG,VASCO DA GAMA,VLNK,VELLANKANNI,1225,29:50,25
07362,VLNK VSG SPECIAL,TOD,Special,"Thu,Sat",VLNK,VELLANKANNI,VSG,VASCO DA GAMA,1224,27:05,25
07365,VSG-VLNK EXP SPL,TOD,Special,Sun,VSG,VASCO DA GAMA,VLNK,VELLANKANNI,1225,29:50,24
07366,VLNK-VSG EXP SPL,TOD,Special,Wed,VLNK,VELLANKANNI,VSG,VASCO DA GAMA,1224,26:00,24
07425,SC-CHE,TOD,Special,Sun,SC,SECUNDERABAD JN,CHE,SRIKAKULAM ROAD,803,18:15,22
07426,CHE SC SPL,TOD,Special,Mon,CHE,SRIKAKULAM ROAD,SC,SECUNDERABAD JN,805,16:30,22
07603,NED TCNR SPL,TOD,Special,Tue,NED,NANDED,TCNR,TIRUCHANUR,962,20:15,22
07604,TCNR NED SPL,TOD,Special,Wed,TCNR,TIRUCHANUR,NED,NANDED,962,20:10,22
07814,TPTY-J,TOD,Special,Thu,J,JALNA,TPTY,TIRUPATI,1140,23:40,26
07815,TPTY-JALNA,TOD,Special,Fri,TPTY,TIRUPATI,J,JALNA,1140,27:00,26
08045,SHM CHZ SPL,TOD,Special,Fri,SHM,SHALIMAR,CHZ,CHARLAPALLI,1550,28:00,25
08046,CHZ SHM SPL,TOD,Special,Sat,CHZ,CHARLAPALLI,SHM,SHALIMAR,1550,28:20,25
08047,SRC NHLN EXP,TOD,Special,Fri,SRC,SANTRAGACHI JN,NHLN,NAHARLAGUN,1250,26:50,23
08048,NHLN SRC SPECIAL,TOD,Special,Sat,NHLN,NAHARLAGUN,SRC,SANTRAGACHI JN,1250,28:20,23
08117,PKU-DGHA EMU SPECIAL,EMU,EMU,Daily,PKU,PANSKURA,DGHA,DIGHA,120,02:20,18
08118,DGHA-PKU EMU SPECIAL,EMU,EMU,Daily,DGHA,DIGHA,PKU,PANSKURA,120,02:20,18
08311,SBP-PTJ SPECIAL,TOD,Special,Wed,SBP,SAMBALPUR JN.,PTJ,PODANUR JN,1785,37:55,32
08312,ERS SBP SPECIAL,TOD,Special,Fri,ERS,ERNAKULAM JN,SBP,SAMBALPUR JN.,1984,38:35,36
08443,BBSN-AYC BNTYY SPECIAL,TRST,Tourist,Wed,BBSN,BHUBANESWAR NEW JN,AYC,AYODHYA CANTT,1170,75:00,3
08444,AYC-BBSN BNTYY SPECIAL,TRST,Tourist,Sun,AYC,AYODHYA CANTT,BBSN,BHUBANESWAR NEW JN,1166,24:30,2
08507,SHM VSKP SPL,TOD,Special,Wed,SHM,SHALIMAR,VSKP,VISAKHAPATNAM,879,15:50,17
08508,VSKP SHM SPL,TOD,Special,Tue,VSKP,VISAKHAPATNAM,SHM,SHALIMAR,879,15:40,17
08509,TPTY VSKP SPL,TOD,Special,"Thu,Sun",TPTY,TIRUPATI,VSKP,VISAKHAPATNAM,1100,20:40,20
08510,VSKP TPTY SPL,TOD,Special,"Mon,Fri",VSKP,VISAKHAPATNAM,TPTY,TIRUPATI,1100,23:05,20
08581,VSKP SMVB SPL,TOD,Special,Fri,VSKP,VISAKHAPATNAM,SMVB,SMVT BENGALURU,1067,22:30,18
08582,SMVB VSKP SPL,TOD,Special,Sat,SMVB,SMVT BENGALURU,VSKP,VISAKHAPATNAM,1067,21:40,18
08611,SRC AII SPL,TOD,Special,Mon,SRC,SANTRAGACHI JN,AII,AJMER JN,2065,44:00,37
08612,AII SRC SPL,TOD,Special,Thu,AII,AJMER JN,SRC,SANTRAGACHI JN,2064,40:20,37
08631,HTE-BANO SPECIAL,TOD,Special,Daily,HTE,HATIA,BANO,BANO,93,02:15,11
08632,BANO-HTE SPECIAL,TOD,Special,Daily,BANO,BANO,HTE,HATIA,93,02:30,11
08645,BGP RNC SPL,TOD,Special,"Tue,Sat",BGP,BHAGALPUR,RNC,RANCHI,551,12:30,14
08646,RNC BGP SPL,TOD,Special,"Mon,Fri",RNC,RANCHI,BGP,BHAGALPUR,547,13:00,14
08689,BGP RNC SPL,TOD,Special,"Mon,Thu",BGP,BHAGALPUR,RNC,RANCHI,532,13:10,18
08690,RNC BGP SPL,TOD,Special,"Wed,Sun",RNC,RANCHI,BGP,BHAGALPUR,529,12:50,18
08853,BSP-AYC SPECIAL,TRST,Tourist,Wed,BSP,BILASPUR JN.,AYC,AYODHYA CANTT,972,50:00,7
08854,AYC-BSP SPECIAL,TRST,Tourist,Fri,AYC,AYODHYA CANTT,BSP,BILASPUR JN.,967,24:15,7
09013,MMCT - TOK SPECIAL,TOD,Special,Tue,MMCT,MUMBAI CENTRAL,TOK,THOKUR,926,22:05,32
09014,TOK - MMCT SPECIAL,TOD,Special,Wed,TOK,THOKUR,MMCT,MUMBAI CENTRAL,926,20:40,32
09019,MMCT - SWV SPECIAL,TOD,Special,"Wed,Fri,Sat,Sun",MMCT,MUMBAI CENTRAL,SWV,SAWANTWADI ROAD,552,15:45,26
09020,SWV - MMCT SPECIAL,TOD,Special,"Mon,Thu,Sat,Sun",SWV,SAWANTWADI ROAD,MMCT,MUMBAI CENTRAL,552,15:20,26
09021,RN - UDN SPECIAL,TOD,Special,Thu,RN,RATNAGIRI,UDN,UDHNA JN,556,13:20,16
09022,UDHANA-RATNAGIRI SPECIAL,TOD,Special,Thu,UDN,UDHNA JN,RN,RATNAGIRI,556,11:55,16
09029,RATNAGIRI-VALSAD SPECIAL,TOD,Special,Tue,RN,RATNAGIRI,BL,VALSAD,491,13:05,17
09030,VALSAD-RATNAGIRI SPECIAL,TOD,Special,Mon,BL,VALSAD,RN,RATNAGIRI,491,11:40,17
09031,UDN HPO SPL,TOD,Special,Sun,UDN,UDHNA JN,HPO,HASANPUR ROAD JUNCTION,1965,39:05,26
09032,HPO UDN SPL,TOD,Special,Tue,HPO,HASANPUR ROAD JUNCTION,UDN,UDHNA JN,1965,38:45,26
09033,UDN - MLDT SPECIAL,TOD,Special,Thu,UDN,UDHNA JN,MLDT,MALDA TOWN,1987,36:00,27
09034,MLDT - UDN SPECIAL,TOD,Special,Sun,MLDT,MALDA TOWN,UDN,UDHNA JN,1987,39:50,25
09035,BDTS - RN SPECIAL,TOD,Special,Thu,BDTS,BANDRA TERMINUS,RN,RATNAGIRI,381,10:10,15
09036,RN - BDTS SPECIAL,TOD,Special,Fri,RN,RATNAGIRI,BDTS,BANDRA TERMINUS,381,11:00,15
09045,UDN  MBI SPL,TOD,Special,Sun,UDN,UDHNA JN,MBI,MADHUBANI,1783,38:45,23
09046,MBI UDN SUMM SPL,TOD,Special,Mon,MBI,MADHUBANI,UDN,UDHNA JN,1783,43:00,23
09047,UDN JJP SPL,TOD,Special,Sun,UDN,UDHNA JN,JJP,JHANJHARPUR,1786,39:00,23
09048,JJP UDN SUMM SPL,TOD,Special,Mon,JJP,JHANJHARPUR,UDN,UDHNA JN,1786,39:15,23
09049,DDR BSL SPECIAL,TOD,Special,Fri,DDR,DADAR,BSL,BHUSAVAL JN,582,12:10,20
09050,BSL DDR SPECIAL,TOD,Special,Fri,BSL,BHUSAVAL JN,DDR,DADAR,582,11:35,20
09060,VLNK BDTS SPL,TOD,Special,"Fri,Sun",VLNK,VELLANKANNI,BDTS,BANDRA TERMINUS,1644,38:15,29
09061,VALSAD - VELANKANNI SPL,TOD,Special,Sun,BL,VALSAD,VLNK,VELLANKANNI,1754,38:25,31
09062,VELANKANNI - DAHANU SPL,TOD,Special,Tue,VLNK,VELLANKANNI,DRD,DAHANU ROAD,1680,38:20,29
09065,ST CPR SPL,TOD,Special,Tue,ST,SURAT,CPR,CHHAPRA,1698,33:40,17
09066,CPR ST SPECIAL,TOD,Special,Wed,CPR,CHHAPRA,ST,SURAT,1698,35:30,17
09109,RN - VS SPECIAL,TOD,Special,"Thu,Sun",RN,RATNAGIRI,VS,VISHVAMITRI JN.,686,16:00,20
09110,VS - RN SPECIAL,TOD,Special,"Wed,Sat",VS,VISHVAMITRI JN.,RN,RATNAGIRI,686,14:30,20
09111,BRC GKP SPL,TOD,Special,Mon,BRC,VADODARA JN,GKP,GORAKHPUR JN,1515,28:30,18
09112,GKP BRC SPL,TOD,Special,Wed,GKP,GORAKHPUR JN,BRC,VADODARA JN,1515,27:35,18
09113,RN - BRC SPECIAL,TOD,Special,Wed,RN,RATNAGIRI,BRC,VADODARA JN,689,16:00,20
09114,BRC - RN SPECIAL,TOD,Special,Tue,BRC,VADODARA JN,RN,RATNAGIRI,689,13:15,20
09119,PRTN LKU SF SPL,TOD,Special,Sun,PRTN,PRATAPNAGAR,LKU,LALKUA JN.,1172,19:45,18
09120,LKU PRTN SF SPL,TOD,Special,Mon,LKU,LALKUA JN.,PRTN,PRATAPNAGAR,1172,19:40,18
09123,RN - VS GANPATI SPL,TOD,Special,Mon,RN,RATNAGIRI,VS,VISHVAMITRI JN.,686,14:45,18
09124,VS - RN SPECIAL,TOD,Special,Mon,VS,VISHVAMITRI JN.,RN,RATNAGIRI,686,14:05,18
09127,ANND - DK SPECIAL,TOD,Special,Fri,ANND,ANAND JN,DK,DAKOR,30,00:55,3
09128,DK - ANND SPECIAL,TOD,Special,Sat,DK,DAKOR,ANND,ANAND JN,30,00:55,3
09151,UDN MBI SPL,TOD,Special,"Wed,Fri",UDN,UDHNA JN,MBI,MADHUBANI,1993,43:55,28
09152,MBI UDN SPL,TOD,Special,"Fri,Sun",MBI,MADHUBANI,UDN,UDHNA JN,1993,44:30,28
09183,MMCT BNRS SPL,TOD,Special,Wed,MMCT,MUMBAI CENTRAL,BNRS,BANARAS,1939,36:00,26
09184,BNRS MMCT SPL,TOD,Special,Fri,BNRS,BANARAS,MMCT,MUMBAI CENTRAL,1939,37:50,26
09185,MMCT CPA SF SPL,TOD,Special,Sun,MMCT,MUMBAI CENTRAL,CPA,KANPUR ANWRGANJ,1615,28:40,18
09186,CPA-MMCT SPECIAL,TOD,Special,Mon,CPA,KANPUR ANWRGANJ,MMCT,MUMBAI CENTRAL,1615,28:05,17
09189,MMCT-KIR SPECIAL,TOD,Special,Sat,MMCT,MUMBAI CENTRAL,KIR,KATIHAR JN,2292,44:35,29
09190,KIR-MMCT SPECIAL,TOD,Special,Tue,KIR,KATIHAR JN,MMCT,MUMBAI CENTRAL,2292,42:25,28
09195,PRTN MAU SF SPL,TOD,Special,Sat,PRTN,PRATAPNAGAR,MAU,MAU JN,1546,26:00,20
09196,MAU BRC SF SPL,TOD,Special,Sun,MAU,MAU JN,PRTN,PRATAPNAGAR,1546,27:50,20
09203,VERAVAL-HARIDWAR SPECIAL,TOD,Special,Tue,VRL,VERAVAL,HW,HARIDWAR JN,1524,28:35,31
09204,HARIDWAR-VERAVAL SPECIAL,TOD,Special,Wed,HW,HARIDWAR JN,VRL,VERAVAL,1524,36:15,31
09207,BDTS BVC SPL,TOD,Special,Fri,BDTS,BANDRA TERMINUS,BVC,BHAVNAGAR TERMINUS,780,14:15,14
09208,BVC BDTS SPL,TOD,Special,Thu,BVC,BHAVNAGAR TERMINUS,BDTS,BANDRA TERMINUS,780,15:10,14
09227,SUNR - BTD SPECIAL,TOD,Special,"Wed,Thu,Fri,Sat,Sun",SUNR,SURENDRANAGAR,BTD,BOTAD JN,80,01:40,9
09228,BTD - SUNR SPECIAL,TOD,Special,"Wed,Thu,Fri,Sat,Sun",BTD,BOTAD JN,SUNR,SURENDRANAGAR,80,01:30,9
09257,BHAVNAGAR-SHAKURBASTI SPL,TOD,Special,Fri,BVC,BHAVNAGAR TERMINUS,SSB,SHAKURBASTI,1116,20:35,24
09258,SHAKURBASTI-BHAVNAGAR SPL,TOD,Special,Sat,SSB,SHAKURBASTI,BVC,BHAVNAGAR TERMINUS,1116,19:35,25
09305,UJN - SHRN SPECIAL,TOD,Special,Daily,UJN,UJJAIN JN,SHRN,SANT HIRDARAM NAGAR JUNCTION,173,04:30,10
09306,SHRN - UJN SPECIAL,TOD,Special,Daily,SHRN,SANT HIRDARAM NAGAR JUNCTION,UJN,UJJAIN JN,173,05:10,10
09307,UJN - BPL SPECIAL,TOD,Special,Daily,UJN,UJJAIN JN,BPL,BHOPAL JN.,183,05:20,11
09308,BPL - UJN SPECIAL,TOD,Special,Daily,BPL,BHOPAL JN.,UJN,UJJAIN JN,183,04:50,11
09309,INDB NZM SF SPL,TOD,Special,"Fri,Sun",INDB,INDORE JN,NZM,HAZRAT NIZAMUDDIN JN,819,12:00,12
09310,NZM INDB SPL,TOD,Special,"Mon,Sat",NZM,HAZRAT NIZAMUDDIN JN,INDB,INDORE JN,819,12:40,12
09313,UJN - SHRN SPECIAL,TOD,Special,Daily,UJN,UJJAIN JN,SHRN,SANT HIRDARAM NAGAR JUNCTION,173,08:10,10
09314,SHRN - UJN SPECIAL,TOD,Special,Daily,SHRN,SANT HIRDARAM NAGAR JUNCTION,UJN,UJJAIN JN,173,05:00,10
09323,KK INDORE SPL,TOD,Special,Thu,KK,KHADKI,INDB,INDORE JN,957,19:15,15
09324,INDB KHADKI SPL,TOD,Special,Wed,INDB,INDORE JN,KK,KHADKI,957,15:35,15
09343,DADN PNBE SPL,TOD,Special,Thu,DADN,DR. AMBEDKAR NAGAR,PNBE,PATNA JN,1287,24:30,20
09344,PNBE  DADN   SPL,TOD,Special,Fri,PNBE,PATNA JN,DADN,DR. AMBEDKAR NAGAR,1287,26:25,20
09409,HERITAGE SPL,TOD,Special,"Sat,Sun",ADI,AHMEDABAD JN,EKNR,EKTA NAGAR,183,03:50,3
09410,ADI HERITAGE SPL,TOD,Special,"Sat,Sun",EKNR,EKTA NAGAR,ADI,AHMEDABAD JN,183,03:45,3
09419,ADI TPJ SPECIAL,TOD,Special,Thu,ADI,AHMEDABAD JN,TPJ,TIRUCHCHIRAPPALLI JN.,2121,42:05,34
09420,TPJ ADI SPECIAL,TOD,Special,Sun,TPJ,TIRUCHCHIRAPPALLI JN.,ADI,AHMEDABAD JN,2121,39:30,33
09423,MAJN ADI SPECIAL,TOD,Special,Sat,MAJN,MANGALORE JUNCTION,ADI,AHMEDABAD JN,1343,27:45,41
09424,ADI MAJN SPECIAL,TOD,Special,Fri,ADI,AHMEDABAD JN,MAJN,MANGALORE JUNCTION,1343,29:00,41
09425,SBIB-HW SPECIAL,TOD,Special,Mon,SBIB,SABARMATI BG,HW,HARIDWAR JN,1143,23:05,24
09426,HW-SBIB SPECIAL,TOD,Special,Tue,HW,HARIDWAR JN,SBIB,SABARMATI BG,1143,25:00,25
09451,GIMB BGP SPL,TOD,Special,Fri,GIMB,GANDHIDHAM BG,BGP,BHAGALPUR,2448,49:50,35
09452,BGP - GIMB SPECIAL,TOD,Special,Mon,BGP,BHAGALPUR,GIMB,GANDHIDHAM BG,2448,51:00,35
09465,ADI DBG SPL,TOD,Special,Fri,ADI,AHMEDABAD JN,DBG,DARBHANGA JN,1912,38:05,18
09466,DBG ADI SPL,TOD,Special,Mon,DBG,DARBHANGA JN,ADI,AHMEDABAD JN,1912,37:35,18
09521,GNC - DWK SPECIAL,TOD,Special,"Thu,Fri,Sat",GNC,GANDHINAGAR CAPITAL,DWK,DWARKA,480,09:50,15
09522,DWK - GNC SPECIAL,TOD,Special,"Thu,Fri,Sat",DWK,DWARKA,GNC,GANDHINAGAR CAPITAL,480,10:10,15
09523,OKHA-SHAKURBASTI SPECIAL,TOD,Special,Tue,OKHA,OKHA,SSB,SHAKURBASTI,1360,24:15,27
09524,SHAKURBASTI-OKHA SPECIAL,TOD,Special,Wed,SSB,SHAKURBASTI,OKHA,OKHA,1360,23:45,28
09525,HAPA NHLN SPL,TOD,Special,Wed,HAPA,HAPA,NHLN,NAHARLAGUN,3198,63:20,49
09526,NHLN HAPA SPL,TOD,Special,Sat,NHLN,NAHARLAGUN,HAPA,HAPA,3199,62:50,49
09528,DWK - RJT SPECIAL,TOD,Special,Sun,DWK,DWARKA,RJT,RAJKOT,223,05:10,7
09533,RJT - DWK SPECIAL,TOD,Special,"Thu,Fri,Sat,Sun",RJT,RAJKOT,DWK,DWARKA,223,05:20,7
09534,DWK - RJT SPECIAL,TOD,Special,"Mon,Fri,Sat,Sun",DWK,DWARKA,RJT,RAJKOT,223,04:35,7
09595,JUNAGADH - CHALALA SPL,TOD,Special,Daily,JND,JUNAGADH JN,CLC,CHALALA,92,03:30,9
09596,CHALALA - JUNAGADH SPL,TOD,Special,Daily,CLC,CHALALA,JND,JUNAGADH JN,92,02:55,9
09601,MDJN PNBE SPL,TOD,Special,Thu,MDJN,MADAR JN,PNBE,PATNA JN,1177,25:35,18
09602,PNBE MDJN SPL,TOD,Special,Fri,PNBE,PATNA JN,MDJN,MADAR JN,1177,27:05,18
09609,UDZ-YNRK,TOD,Special,Tue,UDZ,UDAIPUR CITY,YNRK,YOG NAGARI RISHIKESH,994,20:30,27
09610,YNRK-UDZ,TOD,Special,Wed,YNRK,YOG NAGARI RISHIKESH,UDZ,UDAIPUR CITY,994,21:35,28
09611,AII YNRK  SPL,TOD,Special,Wed,AII,AJMER JN,YNRK,YOG NAGARI RISHIKESH,694,17:05,19
09612,YNRK AII SPL,TOD,Special,Thu,YNRK,YOG NAGARI RISHIKESH,AII,AJMER JN,694,16:00,20
09633,RE-RGS SPL,TOD,Special,"Mon,Fri",RE,REWARI JN.,RGS,RINGAS JN,149,02:55,8
09634,RGS-RE SPL,TOD,Special,"Tue,Sat",RGS,RINGAS JN,RE,REWARI JN.,149,03:05,8
09639,MDJN-NNL EXPRESS SPL,TOD,Special,Daily,MDJN,MADAR JN,NNL,NARNAUL,237,04:45,15
09640,NNL-MDJN PASSNGER,TOD,Special,Daily,NNL,NARNAUL,MDJN,MADAR JN,237,06:15,15
09703,JP-RE SPL,TOD,Special,"Thu,Fri",JP,JAIPUR JN.,RE,REWARI JN.,321,08:05,14
09704,RE-JP SPL,TOD,Special,"Thu,Fri",RE,REWARI JN.,JP,JAIPUR JN.,321,07:40,14
09705,BDTS NONSTOP SF,TOD,Special,Sun,JP,JAIPUR JN.,BDTS,BANDRA TERMINUS,1144,16:40,2
09706,BDTS JP SF SPL,TOD,Special,Mon,BDTS,BANDRA TERMINUS,JP,JAIPUR JN.,1144,18:05,2
09715,RGS-RE SPL,TOD,Special,"Mon,Tue,Sat,Sun",RGS,RINGAS JN,RE,REWARI JN.,149,04:05,6
09716,RE-RGS SPL,TOD,Special,"Mon,Tue,Wed,Sun",RE,REWARI JN.,RGS,RINGAS JN,149,03:00,6
09717,RE-MDJN SPL,TOD,Special,"Mon,Fri,Sat,Sun",RE,REWARI JN.,MDJN,MADAR JN,289,06:45,16
09718,MDJN-RE SPL,TOD,Special,"Mon,Fri,Sat,Sun",MDJN,MADAR JN,RE,REWARI JN.,289,05:40,16
09721,JP-MTJ SPL,TOD,Special,"Thu,Fri,Sat",JP,JAIPUR JN.,MTJ,MATHURA JN,274,05:50,14
09722,MTJ-JP SPL,TOD,Special,"Thu,Fri,Sat",MTJ,MATHURA JN,JP,JAIPUR JN.,274,06:35,14
09821,SGAC DHN SPL EXP,TOD,Special,Thu,SGAC,SOGARIYA,DHN,DHANBAD JN,1372,28:35,25
09822,DHN SGAC SPL,TOD,Special,Sat,DHN,DHANBAD JN,SGAC,SOGARIYA,1372,26:20,25
10103,MANDOVI EXPRESS,MEX,Mail/Express,Daily,CSMT,C SHIVAJI MAH T,MAO,MADGAON JUNCTION,587,14:45,20
10104,MANDOVI EXPRESS,MEX,Mail/Express,Daily,MAO,MADGAON JUNCTION,CSMT,C SHIVAJI MAH T,587,13:15,20
10105,DIVA SWV EXPRESS,MEX,Mail/Express,Daily,DIVA,DIVA,SWV,SAWANTWADI ROAD,467,12:20,36
10106,SWV DIVA EXPRESS,MEX,Mail/Express,Daily,SWV,SAWANTWADI ROAD,DIVA,DIVA,467,11:30,36
10107,MAO-MAQ MEMU EXPRESS,MEX,Mail/Express,"Mon,Tue,Wed,Thu,Fri,Sat",MAO,MADGAON JUNCTION,MAQ,MANGALORE CENTRAL,321,07:50,24
10108,MAQ-MAO MEMU EXPRESS,MEX,Mail/Express,"Mon,Tue,Wed,Thu,Fri,Sat",MAQ,MANGALORE CENTRAL,MAO,MADGAON JUNCTION,321,07:45,24
10109,MAO KAWR SPL,MEX,Mail/Express,Daily,MAO,MADGAON JUNCTION,KAWR,KARWAR,59,01:15,3
10110,KAWR MAO EXP,MEX,Mail/Express,Daily,KAWR,KARWAR,MAO,MADGAON JUNCTION,59,01:35,3
10115,BDTS MAO EXPRESS,MEX,Mail/Express,"Wed,Fri",BDTS,BANDRA TERMINUS,MAO,MADGAON JUNCTION,620,15:50,15
10116,MAO BDTS EXPRESS,MEX,Mail/Express,"Tue,Thu",MAO,MADGAON JUNCTION,BDTS,BANDRA TERMINUS,620,16:00,15
10215,MADGAON ERS EXP,SUF,Superfast,Sun,MAO,MADGAON JUNCTION,ERS,ERNAKULAM JN,728,14:00,14
10216,ERS MAO SF EXP,SUF,Superfast,Mon,ERS,ERNAKULAM JN,MAO,MADGAON JUNCTION,728,14:05,14
11001,NANDIGRAM EXP,MEX,Mail/Express,Daily,CSMT,C SHIVAJI MAH T,BPQ,BALHARSHAH,952,20:50,58
11002,NANDIGRAM EXP,MEX,Mail/Express,Daily,BPQ,BALHARSHAH,CSMT,C SHIVAJI MAH T,951,20:20,60
11003,TUTARI EXPRESS,MEX,Mail/Express,Daily,DR,DADAR,SWV,SAWANTWADI ROAD,500,12:45,42
11004,TUTARI EXPRESS,MEX,Mail/Express,Daily,SWV,SAWANTWADI ROAD,DR,DADAR,500,12:45,42
11005,PUDUCHERRY EXP,MEX,Mail/Express,"Mon,Fri,Sun",DR,DADAR,PDY,PONDICHERRY,1633,33:45,40
11006,CHALUKYA EXPRESS,MEX,Mail/Express,"Tue,Wed,Sun",PDY,PONDICHERRY,DR,DADAR,1634,32:15,78
11007,DECCAN EXPRESS,MEX,Mail/Express,Daily,CSMT,C SHIVAJI MAH T,PUNE,PUNE JN,192,04:05,22
11008,DECCAN EXPRESS,MEX,Mail/Express,Daily,PUNE,PUNE JN,CSMT,C SHIVAJI MAH T,194,03:48,20
11009,SINHAGAD EXP,MEX,Mail/Express,Daily,CSMT,C SHIVAJI MAH T,PUNE,PUNE JN,192,04:00,22
11010,SINHAGAD EXP,MEX,Mail/Express,Daily,PUNE,PUNE JN,CSMT,C SHIVAJI MAH T,194,03:50,10
11011,CSMT DHULE EXP,MEX,Mail/Express,Daily,CSMT,C SHIVAJI MAH T,DHI,DHULE,384,08:25,14
11012,DHULE CSMT EXP,MEX,Mail/Express,Daily,DHI,DHULE,CSMT,C SHIVAJI MAH T,384,07:55,14
11013,LTT CBE EXPRESS,MEX,Mail/Express,Daily,LTT,LOKMANYATILAK,CBE,COIMBATORE JN,1497,32:15,33
11014,CBE LTT EXP,MEX,Mail/Express,Daily,CBE,COIMBATORE JN,LTT,LOKMANYATILAK,1497,29:05,33
11015,SHC AMRIT BHARAT,AMTB,Amrit Bharat,Fri,LTT,LOKMANYATILAK,SHC,SAHARSA JN,1946,38:10,26
11016,AMRIT BHARAT EXP,AMTB,Amrit Bharat,Sun,SHC,SAHARSA JN,LTT,LOKMANYATILAK,1946,36:00,26
11017,LTT KARAIKAL EXP,MEX,Mail/Express,Sat,LTT,LOKMANYATILAK,KIK,KARAIKAL,1629,29:40,32
11018,KIK LTT EXPRESS,MEX,Mail/Express,Mon,KIK,KARAIKAL,LTT,LOKMANYATILAK,1628,30:10,31
11019,KONARK EXPRESS,MEX,Mail/Express,Daily,CSMT,C SHIVAJI MAH T,BBSN,BHUBANESWAR NEW JN,1945,34:20,44
11020,KONARK EXPRESS,MEX,Mail/Express,Daily,BBSN,BHUBANESWAR NEW JN,CSMT,C SHIVAJI MAH T,1948,37:35,45
11021,DADAR TEN EXP,MEX,Mail/Express,"Tue,Wed,Sat",DR,DADAR,TEN,TIRUNELVELI JN,1811,37:10,38
11022,TEN DR EXPRESS,MEX,Mail/Express,"Mon,Thu,Fri",TEN,TIRUNELVELI JN,DR,DADAR,1811,38:00,37
11025,PUNE AMI EXP,MEX,Mail/Express,Daily,PUNE,PUNE JN,AMI,AMRAVATI,719,14:00,20
11026,AMI PUNE EXP,MEX,Mail/Express,Daily,AMI,AMRAVATI,PUNE,PUNE JN,724,12:45,20
11027,DR SATARA EXP,MEX,Mail/Express,"Mon,Fri,Sun",DR,DADAR,STR,SATARA,690,14:15,29
11028,SATARA DR EXP,MEX,Mail/Express,"Mon,Tue,Sat",STR,SATARA,DR,DADAR,690,15:05,29
11029,KOYNA EXPRESS,MEX,Mail/Express,Daily,CSMT,C SHIVAJI MAH T,KOP,KOLHAPUR,518,11:45,30
11030,KOYNA EXPRESS,MEX,Mail/Express,Daily,KOP,KOLHAPUR,CSMT,C SHIVAJI MAH T,518,11:40,29
11031,APDJ AMRITBHARAT,AMTB,Amrit Bharat,Mon,PNVL,PANVEL,APDJ,ALIPUR DUAR JN,2371,50:00,37
11032,PNVL AMRITBHARAT,AMTB,Amrit Bharat,Thu,APDJ,ALIPUR DUAR JN,PNVL,PANVEL,2371,49:45,37
11033,DARBHANGA EXP,MEX,Mail/Express,Wed,PUNE,PUNE JN,DBG,DARBHANGA JN,1941,38:55,30
11034,DBG PUNE EXP,MEX,Mail/Express,Fri,DBG,DARBHANGA JN,PUNE,PUNE JN,1941,38:40,30
11035,SHARAVATI EXP,MEX,Mail/Express,Thu,DR,DADAR,MYS,MYSORE JN,1210,23:30,27
11036,SHARAVATI EXP,MEX,Mail/Express,Sun,MYS,MYSORE JN,DR,DADAR,1210,23:30,26
11037,PUNE BNY EXP,MEX,Mail/Express,Thu,PUNE,PUNE JN,GKP,GORAKHPUR JN,1765,32:25,19
11038,GKP PUNE EXP,MEX,Mail/Express,Sat,GKP,GORAKHPUR JN,PUNE,PUNE JN,1765,34:25,19
11039,MAHARASHTRA EXP,MEX,Mail/Express,Daily,KOP,KOLHAPUR,G,GONDIA JN,1340,27:45,55
11040,MAHARASHTRA EXP,MEX,Mail/Express,Daily,G,GONDIA JN,KOP,KOLHAPUR,1340,27:15,54
11041,DR SNSI EXP,MEX,Mail/Express,"Tue,Wed,Thu,Sat",DR,DADAR,SNSI,SAINAGAR SHIRDI,440,08:45,14
11042,SNSI DR EXP,MEX,Mail/Express,"Wed,Thu,Fri,Sun",SNSI,SAINAGAR SHIRDI,DR,DADAR,440,09:10,14
11043,DR BALLIA EXP,MEX,Mail/Express,"Mon,Wed,Fri",DR,DADAR,BUI,BALLIA,1798,35:40,25
11044,BUI DR EXP,MEX,Mail/Express,"Wed,Fri,Sun",BUI,BALLIA,DR,DADAR,1798,36:20,25
11045,KOP DHN EXP,MEX,Mail/Express,Fri,KOP,KOLHAPUR,DHN,DHANBAD JN,2520,52:10,41
11046,DIKSHABHUMI EXP,MEX,Mail/Express,Mon,DHN,DHANBAD JN,KOP,KOLHAPUR,2520,50:00,40
11047,DR GORAKHPUR EX,MEX,Mail/Express,"Tue,Thu,Sat,Sun",DR,DADAR,GKP,GORAKHPUR JN,1868,36:50,27
11048,GKP DR EXP,MEX,Mail/Express,"Mon,Tue,Thu,Sat",GKP,GORAKHPUR JN,DR,DADAR,1868,37:15,27
11049,ADI KOP  EXP,MEX,Mail/Express,Sun,ADI,AHMEDABAD JN,KOP,KOLHAPUR,955,18:25,18
11050,AHEMDABAD EXP,MEX,Mail/Express,Sat,KOP,KOLHAPUR,ADI,AHMEDABAD JN,957,18:05,18
11055,GODAN EXPRESS,MEX,Mail/Express,"Mon,Wed,Fri,Sun",LTT,LOKMANYATILAK,GKP,GORAKHPUR JN,1727,33:40,23
11056,GODAN EXPRESS,MEX,Mail/Express,"Tue,Wed,Fri,Sun",GKP,GORAKHPUR JN,LTT,LOKMANYATILAK,1727,32:55,23
11057,CSMT ASR EXPRESS,MEX,Mail/Express,Daily,CSMT,C SHIVAJI MAH T,ASR,AMRITSAR,2039,41:20,160
11058,ASR CSMT EXP,MEX,Mail/Express,Daily,ASR,AMRITSAR,CSMT,C SHIVAJI MAH T,2044,39:15,84
11059,CHHAPRA EXPRESS,MEX,Mail/Express,"Tue,Thu,Sat",LTT,LOKMANYATILAK,CPR,CHHAPRA,1765,34:10,26
11060,CPR LTT EXPRESS,MEX,Mail/Express,"Mon,Thu,Sat",CPR,CHHAPRA,LTT,LOKMANYATILAK,1765,33:45,26
11061,LTT JAYNAGAR EXP,MEX,Mail/Express,Daily,LTT,LOKMANYATILAK,JYG,JAYNAGAR,1941,38:40,45
11062,JYG LTT EXP,MEX,Mail/Express,Daily,JYG,JAYNAGAR,LTT,LOKMANYATILAK,1941,35:20,43
11071,KAMAYANI EXPRESS,MEX,Mail/Express,Daily,LTT,LOKMANYATILAK,BUI,BALLIA,1773,32:45,50
11072,KAMAYANI EXP,MEX,Mail/Express,Daily,BUI,BALLIA,LTT,LOKMANYATILAK,1773,34:25,48
11077,JHELUM EXPRESS,MEX,Mail/Express,Daily,PUNE,PUNE JN,JAT,JAMMUTAVI,2165,40:25,65
11078,JHELUM EXPRESS,MEX,Mail/Express,Daily,JAT,JAMMUTAVI,PUNE,PUNE JN,2165,40:25,66
11079,LTT GKP EXPRESS,MEX,Mail/Express,Thu,LTT,LOKMANYATILAK,GKP,GORAKHPUR JN,1745,31:25,28
11080,GKP LTT EXPRESS,MEX,Mail/Express,Sat,GKP,GORAKHPUR JN,LTT,LOKMANYATILAK,1745,34:05,28
11081,LTT GKP EXPRESS,MEX,Mail/Express,Wed,LTT,LOKMANYATILAK,GKP,GORAKHPUR JN,1807,37:10,22
11082,GKP LTT EXPRESS,MEX,Mail/Express,Fri,GKP,GORAKHPUR JN,LTT,LOKMANYATILAK,1807,33:35,22
11085,SMVB GWL EXP,MEX,Mail/Express,Sun,SMVB,SMVT BENGALURU,GWL,GWALIOR JN.,2083,42:35,25
11086,GWL SMVB EXPRESS,MEX,Mail/Express,Fri,GWL,GWALIOR JN.,SMVB,SMVT BENGALURU,2081,40:35,25
11087,VERAVAL PUNE EXP,MEX,Mail/Express,Sat,VRL,VERAVAL,PUNE,PUNE JN,1059,20:30,26
11088,PUNE VRL EXP,MEX,Mail/Express,Thu,PUNE,PUNE JN,VRL,VERAVAL,1061,20:15,25
11089,BGKT PUNE EXP,MEX,Mail/Express,Tue,BGKT,BHAGAT KI KOTHI,PUNE,PUNE JN,1080,19:20,27
11090,PUNE BGKT EXP,MEX,Mail/Express,Sun,PUNE,PUNE JN,BGKT,BHAGAT KI KOTHI,1082,19:50,27
11091,BHUJ PUNE SPL,MEX,Mail/Express,Wed,BHUJ,BHUJ,PUNE,PUNE JN,987,18:20,26
11092,PUNE BHUJ EXP,MEX,Mail/Express,Mon,PUNE,PUNE JN,BHUJ,BHUJ,989,18:20,25
11097,POORNA EXPRESS,MEX,Mail/Express,Sat,PUNE,PUNE JN,ERS,ERNAKULAM JN,1276,28:25,34
11098,POORNA EXPRESS,MEX,Mail/Express,Mon,ERS,ERNAKULAM JN,PUNE,PUNE JN,1275,28:10,33
11099,LTT MADGAON EXP,MEX,Mail/Express,"Fri,Sun",LTT,LOKMANYATILAK,MAO,MADGAON JUNCTION,572,13:55,12
11100,MADGAON LTT EXP,MEX,Mail/Express,"Mon,Sat",MAO,MADGAON JUNCTION,LTT,LOKMANYATILAK,572,12:15,12
11107,BUNDELKHAND EXP,MEX,Mail/Express,Daily,GWL,GWALIOR JN.,BNRS,BANARAS,627,14:00,29
11108,BUNDELKHAND EXP,MEX,Mail/Express,Daily,BNRS,BANARAS,GWL,GWALIOR JN.,627,15:45,70
11109,LJN INTERCITY,MEX,Mail/Express,Daily,VGLJ,VIRANGANA LAKSHMIBAI JHANSI JN,LJN,LUCKNOW,293,05:55,11
11110,JHS INTERCITY,MEX,Mail/Express,Daily,LJN,LUCKNOW,VGLJ,VIRANGANA LAKSHMIBAI JHANSI JN,293,05:55,11
11113,DVL-BSL EXP,MEX,Mail/Express,Daily,DVL,DEVLALI,BSL,BHUSAVAL JN,263,05:15,23
11114,BSL-DVL EXP,MEX,Mail/Express,Daily,BSL,BHUSAVAL JN,DVL,DEVLALI,263,05:45,23
11115,BSL ET MEMU,MEX,Mail/Express,Daily,BSL,BHUSAVAL JN,ET,ITARSI JN,306,09:10,29
11116,ET BSL MEMU,MEX,Mail/Express,Daily,ET,ITARSI JN,BSL,BHUSAVAL JN,306,07:50,29
11119,BSL-IGP MEMU,MEX,Mail/Express,Daily,IGP,IGATPURI,BSL,BHUSAVAL JN,308,07:20,29
11120,IGP MEMU,MEX,Mail/Express,Daily,BSL,BHUSAVAL JN,IGP,IGATPURI,308,08:10,29
11121,BSL-WR EXP,MEX,Mail/Express,Daily,BSL,BHUSAVAL JN,WR,WARDHA JN,314,06:50,28
11122,WR-BSL EXP,MEX,Mail/Express,Daily,WR,WARDHA JN,BSL,BHUSAVAL JN,314,07:40,28
11123,GWL BJU EXPRESS,MEX,Mail/Express,Daily,GWL,GWALIOR JN.,BJU,BARAUNI JN,1058,24:50,45
11124,BJU GWL MAIL,MEX,Mail/Express,Daily,BJU,BARAUNI JN,GWL,GWALIOR JN.,1058,25:45,43
11125,RTM GWALIOR EXP,MEX,Mail/Express,"Mon,Wed,Thu,Sun",RTM,RATLAM JN,GWL,GWALIOR JN.,683,14:12,18
11126,GWL RTM EXPRESS,MEX,Mail/Express,"Mon,Tue,Thu,Fri",GWL,GWALIOR JN.,RTM,RATLAM JN,683,14:10,18
11139,CSMT HPT EXP,SUF,Superfast,Daily,CSMT,C SHIVAJI MAH T,HPT,HOSAPETE JUNCTION,838,15:30,16
11140,HPT CSMT EXP,SUF,Superfast,Daily,HPT,HOSAPETE JUNCTION,CSMT,C SHIVAJI MAH T,840,15:30,16
11201,NGP SDL EXPRESS,MEX,Mail/Express,Daily,NGP,NAGPUR JN.,SDL,SHAHDOL,624,14:00,12
11202,SDL NGP EXPRESS,MEX,Mail/Express,Daily,SDL,SHAHDOL,NGP,NAGPUR JN.,624,13:00,12
11203,NGP MAO EXPRESS,MEX,Mail/Express,"Wed,Sat",NGP,NAGPUR JN.,MAO,MADGAON JUNCTION,1342,26:40,26
11204,MAO NGP EXPRESS,MEX,Mail/Express,"Thu,Sun",MAO,MADGAON JUNCTION,NGP,NAGPUR JN.,1341,26:25,26
11265,MML ABKP EXP,MEX,Mail/Express,Daily,MML,MADAN MAHAL,ABKP,AMBIKAPUR,436,10:35,30
11266,ABKP MML EXP,MEX,Mail/Express,Daily,ABKP,AMBIKAPUR,MML,MADAN MAHAL,436,09:05,30
11271,VINDHYACHAL EXP,MEX,Mail/Express,Daily,ET,ITARSI JN,BPL,BHOPAL JN.,735,18:00,40
11272,VINDHYACHAL EXP,MEX,Mail/Express,Daily,BPL,BHOPAL JN.,ET,ITARSI JN,735,19:30,40
11273,ET PCOI EXP,MEX,Mail/Express,Daily,ET,ITARSI JN,PCOI,PRAYAGRAJ CHHEOKI,604,16:40,57
11274,PCOI ET EXPRESS,MEX,Mail/Express,Daily,PCOI,PRAYAGRAJ CHHEOKI,ET,ITARSI JN,604,17:05,57
11301,UDYAN EXPRESS,MEX,Mail/Express,Daily,CSMT,C SHIVAJI MAH T,SBC,KSR BENGALURU,1139,22:05,34
11302,UDYAN EXP,MEX,Mail/Express,Daily,SBC,KSR BENGALURU,CSMT,C SHIVAJI MAH T,1136,23:35,33
11303,LTT SUR EXP,MEX,Mail/Express,Wed,LTT,LOKMANYATILAK,SUR,SOLAPUR JN,902,20:25,19
11304,SUR LTT EXP,MEX,Mail/Express,Tue,SUR,SOLAPUR JN,LTT,LOKMANYATILAK,904,18:40,19
11311,SUR HASAN EXP,MEX,Mail/Express,Daily,SUR,SOLAPUR JN,HAS,HASSAN,827,15:36,20
11312,HAS SUR EXP,MEX,Mail/Express,Daily,HAS,HASSAN,SUR,SOLAPUR JN,827,15:55,19
11313,ANAKAPALLE EXP,MEX,Mail/Express,Fri,SUR,SOLAPUR JN,AKP,ANAKAPALLE,1452,29:20,34
11314,AKP SUR EXPRESS,MEX,Mail/Express,Sat,AKP,ANAKAPALLE,SUR,SOLAPUR JN,1452,30:15,34
11401,PUNE SUPAUL EXP,MEX,Mail/Express,Daily,PUNE,PUNE JN,SOU,SUPAUL,1993,40:10,34
11402,SOU PUNE EXP,MEX,Mail/Express,Daily,SOU,SUPAUL JUNCTION,PUNE,PUNE JN,1993,37:30,34
11403,NGP KOP EXPRESS,MEX,Mail/Express,"Tue,Sat",NGP,NAGPUR JN.,KOP,KOLHAPUR,1049,22:15,24
11404,KOP NAGPUR EXP,MEX,Mail/Express,"Mon,Fri",KOP,KOLHAPUR,NGP,NAGPUR JN.,1049,23:15,24
11405,PUNE AMI EXP,MEX,Mail/Express,"Fri,Sun",PUNE,PUNE JN,AMI,AMRAVATI,832,18:45,21
11406,AMI PUNE EXPRES,MEX,Mail/Express,"Mon,Sat",AMI,AMRAVATI,PUNE,PUNE JN,832,20:35,21
11407,PUNE LUCKNOW EXP,MEX,Mail/Express,Tue,PUNE,PUNE JN,LJN,LUCKNOW,1471,26:50,17
11408,LJN PUNE EXP,MEX,Mail/Express,Thu,LJN,LUCKNOW,PUNE,PUNE JN,1471,28:20,17
11409,DD-NZB EXP,MEX,Mail/Express,Daily,DD,DAUND JN,NZB,NIZAMABAD JN.,699,17:55,37
11410,NZB-PUNE EXP,MEX,Mail/Express,Daily,NZB,NIZAMABAD JN.,PUNE,PUNE JN,772,19:20,46
11411,PRLI-SLI DMU,MEX,Mail/Express,Daily,PRLI,PARLI VAIJNATH,SLI,SANGLI,455,10:35,24
11412,SLI - PRLI DMU EXPRESS,MEX,Mail/Express,Daily,SLI,SANGLI,PRLI,PARLI VAIJNATH,455,09:55,24
11413,NZB-PVR EXP,MEX,Mail/Express,Daily,NZB,NIZAMABAD JN.,PVR,PANDHARPUR,545,15:45,42
11414,PVR-NZB EXP,MEX,Mail/Express,Daily,PVR,PANDHARPUR,NZB,NIZAMABAD JN.,545,15:55,42
11415,SUR-HPT EXP,MEX,Mail/Express,Daily,SUR,SOLAPUR JN,HPT,HOSAPETE JUNCTION,383,09:40,48
11416,GDG-SUR EXP,MEX,Mail/Express,Daily,HPT,HOSAPETE JUNCTION,SUR,SOLAPUR JN,383,09:15,42
11417,PUNE SUR EXP,MEX,Mail/Express,Daily,PUNE,PUNE JN,SUR,SOLAPUR JN,263,08:45,27
11418,SUR PUNE EXP,MEX,Mail/Express,Daily,SUR,SOLAPUR JN,PUNE,PUNE JN,263,07:45,28
11419,PUNE-KOP EXP,MEX,Mail/Express,Daily,PUNE,PUNE JN,KOP,KOLHAPUR,326,07:28,22
11420,KOP-PUNE EXP,MEX,Mail/Express,Daily,KOP,KOLHAPUR,PUNE,PUNE JN,326,07:20,22
11421,HDP SUR DEMU,MEX,Mail/Express,Daily,HDP,HADAPSAR,SUR,SOLAPUR JN,257,06:50,23
11422,SUR PUNE DEMU,MEX,Mail/Express,Daily,SUR,SOLAPUR JN,PUNE,PUNE JN,263,06:15,24
11423,PUNE SNSI EXP,MEX,Mail/Express,Daily,PUNE,PUNE JN,SNSI,SAINAGAR SHIRDI,262,05:05,7
11424,SNSI PUNE EXP,MEX,Mail/Express,Daily,SNSI,SAINAGAR SHIRDI,PUNE,PUNE JN,263,05:45,7
11425,PUNE KOP DMU,MEX,Mail/Express,Daily,PUNE,PUNE JN,KOP,KOLHAPUR,326,08:35,25
11426,KOP-PUNE DMU,MEX,Mail/Express,Daily,KOP,KOLHAPUR,PUNE,PUNE JN,326,07:50,25
11427,PUNE JASIDIH EXP,MEX,Mail/Express,Fri,PUNE,PUNE JN,JSME,JASIDIH JN.,1975,32:30,18
11428,JSME PUNE EXP,MEX,Mail/Express,Sun,JSME,JASIDIH JN.,PUNE,PUNE JN,1975,36:00,18
11429,HDP HARANGUL EXP,MEX,Mail/Express,Daily,HDP,HADAPSAR,HGL,HARANGUL,332,06:40,12
11430,HARANGUL HDP EXP,MEX,Mail/Express,Daily,HGL,HARANGUL,HDP,HADAPSAR,332,05:45,12
11431,PUNE-DNR AMRIT BHARAT,AMTB,Amrit Bharat,Sat,PUNE,PUNE JN,DNR,DANAPUR,1742,34:05,21
11432,DNR-PUNE AMRIT BHARAT,AMTB,Amrit Bharat,Mon,DNR,DANAPUR,PUNE,PUNE JN,1742,31:35,21
11447,SHAKTIPUNJ EXP,MEX,Mail/Express,Daily,JBP,JABALPUR,HWH,HOWRAH JN,1152,24:20,47
11448,SHAKTIPUNJ EXP,MEX,Mail/Express,Daily,HWH,HOWRAH JN,JBP,JABALPUR,1152,25:10,47
11449,JBP SVDK EXP,MEX,Mail/Express,Tue,JBP,JABALPUR,SVDK,SHRI MATA VAISHNO DEVI KATRA,1577,28:45,32
11450,SVDK JBP EXP,MEX,Mail/Express,Wed,SVDK,SHRI MATA VAISHNO DEVI KATRA,JBP,JABALPUR,1577,30:15,28
11463,SMNH JBP EXP,MEX,Mail/Express,"Tue,Wed,Thu,Fri,Sun",VRL,VERAVAL,JBP,JABALPUR,1397,28:00,52
11464,JBP SOMNATH EXP,MEX,Mail/Express,"Tue,Wed,Thu,Sat,Sun",JBP,JABALPUR,VRL,VERAVAL,1397,27:25,104
11465,SMNH JBP EXP,MEX,Mail/Express,"Mon,Sat",VRL,VERAVAL,JBP,JABALPUR,1547,30:05,49
11466,JBP SOMNATH EXP,MEX,Mail/Express,"Mon,Fri",JBP,JABALPUR,VRL,VERAVAL,1547,28:55,50
11601,BINA-KTE EXP MEMU ,MEX,Mail/Express,Daily,BINA,BINA JN,KTE,KATNI,262,07:00,31
11602,KTE-BINA EXP MEMU ,MEX,Mail/Express,Daily,KTE,KATNI,BINA,BINA JN,262,07:50,31
11603,KOTA-BINA EXPRESS MEMU,MEX,Mail/Express,Daily,KOTA,KOTA JN,BINA,BINA JN,303,08:15,39
11604,BINA-KOTA EXPRESS MEMU,MEX,Mail/Express,Daily,BINA,BINA JN,KOTA,KOTA JN,303,07:50,39
11605,BPL-BINA EXP MEMU,MEX,Mail/Express,Daily,BPL,BHOPAL JN.,BINA,BINA JN,138,02:40,7
11606,BINA-BPL EXP MEMU,MEX,Mail/Express,Daily,BINA,BINA JN,BPL,BHOPAL JN.,138,02:25,7
11631,BPL DHN EXP,MEX,Mail/Express,"Mon,Thu,Fri",BPL,BHOPAL JN.,DHN,DHANBAD JN,1199,23:25,32
11632,DHN BPL EXP,MEX,Mail/Express,"Wed,Sat,Sun",DHN,DHANBAD JN,BPL,BHOPAL JN.,1199,23:40,32
11633,BPL CPU EXP,MEX,Mail/Express,Sun,BPL,BHOPAL JN.,CPU,CHOPAN,724,13:55,17
11634,CPU BPL  EXP,MEX,Mail/Express,Mon,CPU,CHOPAN,BPL,BHOPAL JN.,724,13:50,17
11651,SGRL INTERCITY,MEX,Mail/Express,Daily,MML,MADAN MAHAL,SGRL,SINGRAULI,355,07:40,16
11652,MML INTERCITY,MEX,Mail/Express,Daily,SGRL,SINGRAULI,MML,MADAN MAHAL,355,07:25,16
11665,RKMP- AGARTALA EXP ,MEX,Mail/Express,Thu,RKMP,RANI KAMALAPATI,AGTL,AGARTALA,2491,52:05,40
11666,AGTL-RKMP EXP ,MEX,Mail/Express,Sun,AGTL,AGARTALA,RKMP,RANI KAMALAPATI,2491,47:20,40
11701,MOOK MATI EXP,MEX,Mail/Express,Daily,R,RAIPUR JN.,JBP,JABALPUR,410,08:10,9
11702,MOOK MATI EXP,MEX,Mail/Express,Daily,JBP,JABALPUR,R,RAIPUR JN.,410,07:50,9
11703,REWA DADN EXP,MEX,Mail/Express,"Tue,Thu,Sun",REWA,REWA,DADN,DR. AMBEDKAR NAGAR,835,15:55,21
11704,DADN REWA SPL,MEX,Mail/Express,"Mon,Wed,Fri",DADN,DR. AMBEDKAR NAGAR,REWA,REWA,835,15:35,21
11705,JBP REWA EXP,MEX,Mail/Express,Daily,JBP,JABALPUR,REWA,REWA,238,05:35,26
11706,REWA JBP EXP,MEX,Mail/Express,Daily,REWA,REWA,JBP,JABALPUR,238,07:05,26
11751,REWA CHRM EXP,MEX,Mail/Express,"Mon,Wed,Fri",REWA,REWA,CHRM,CHIRMIRI,400,09:25,24
11752,CHRM REWA EXP,MEX,Mail/Express,"Tue,Thu,Sat",CHRM,CHIRMIRI,REWA,REWA,400,09:45,24
11753,NITR REWA EXP,MEX,Mail/Express,"Tue,Thu,Sun",NITR,NETAJI SUBHASH,REWA,REWA,603,13:10,16
11754,REWA NITR EXP,MEX,Mail/Express,"Mon,Wed,Sat",REWA,REWA,NITR,NETAJI SUBHASH,603,14:15,16
11755,NITR REWA EXP,MEX,Mail/Express,"Mon,Wed,Fri,Sat",NITR,NETAJI SUBHASH,REWA,REWA,642,14:10,14
11756,REWA NITR EXP,MEX,Mail/Express,"Tue,Thu,Fri,Sun",REWA,REWA,NITR,NETAJI SUBHASH,642,14:20,14
11801,GWL PRYJ EXP,MEX,Mail/Express,Daily,GWL,GWALIOR JN.,PRYJ,PRAYAGRAJ JN,491,13:30,46
11802,PRYJ GWL EXP,MEX,Mail/Express,Daily,PRYJ,PRAYAGRAJ JN,GWL,GWALIOR JN.,491,14:55,46
11807,VGLJ-AGC MEMU,MEX,Mail/Express,Daily,VGLJ,VIRANGANA LAKSHMIBAI JHANSI JN,AGC,AGRA CANTT JN,217,04:45,14
11808,AGC-VGLJ MEMU,MEX,Mail/Express,Daily,AGC,AGRA CANTT JN,VGLJ,VIRANGANA LAKSHMIBAI JHANSI JN,217,05:25,14
11841,GITA JAYANTI EX,MEX,Mail/Express,Daily,KURJ,KHAJURAHO,KKDE,KURUKSHETRA JN,822,17:30,26
11842,GITA JAYANTI EX,MEX,Mail/Express,Daily,KKDE,KURUKSHETRA JN,KURJ,KHAJURAHO,822,16:50,25
11901,JHS- AGC  EXP,MEX,Mail/Express,Daily,VGLJ,VIRANGANA LAKSHMIBAI JHANSI JN,AGC,AGRA CANTT JN,217,05:40,25
11902,AGC-VGLJ EXP,MEX,Mail/Express,Daily,MTJ,MATHURA JN.,VGLJ,VIRANGANA LAKSHMIBAI JHANSI JN,270,08:20,33
11903,VGLJ ETW EXP,MEX,Mail/Express,Daily,VGLJ,VIRANGANA LAKSHMIBAI JHANSI JN,ETW,ETAWAH JN,217,04:45,9
11904,ETW VGLJ EXP,MEX,Mail/Express,Daily,ETW,ETAWAH JN,VGLJ,VIRANGANA LAKSHMIBAI JHANSI JN,217,05:15,9
11905,AGC HSX EXP,MEX,Mail/Express,Daily,AGC,AGRA CANTT JN.,HSX,HOSHIARPUR,648,14:05,28
11906,HSX AGC EXP,MEX,Mail/Express,Daily,HSX,HOSHIARPUR,AGC,AGRA CANTT JN.,648,12:30,14
12001,NDLS SHATABDI,SHT,Shatabdi,Daily,RKMP,RANI KAMALAPATI,NDLS,NEW DELHI,707,08:40,11
12002,SHATABDI EXPRES,SHT,Shatabdi,Daily,NDLS,NEW DELHI,RKMP,RANI KAMALAPATI,707,08:40,11
12003,SWARAN SHATABDI,SHT,Shatabdi,Daily,LJN,LUCKNOW,NDLS,NEW DELHI,514,07:05,9
12004,SHATABDI EXPRESS,SHT,Shatabdi,Daily,NDLS,NEW DELHI,LJN,LUCKNOW,514,06:50,9
12005,KALKA SHTBDI EX,SHT,Shatabdi,Daily,NDLS,NEW DELHI,KLK,KALKA,268,04:00,6
12006,KALKA SHTABDI EX,SHT,Shatabdi,Daily,KLK,KALKA,NDLS,NEW DELHI,268,04:00,6
12007,MYS SHATABDI,SHT,Shatabdi,"Mon,Tue,Wed,Fri,Sat,Sun",MAS,PURATCHI THALAIVAR DR. MGR CTL,MYS,MYSORE JN,492,07:00,4
12008,SHATABDI EXP,SHT,Shatabdi,"Mon,Tue,Wed,Fri,Sat,Sun",MYS,MYSORE JN,MAS,PURATCHI THALAIVAR DR. MGR CTL,492,07:10,4
12009,ADI SHATABDI EXP,SHT,Shatabdi,"Mon,Tue,Wed,Thu,Fri,Sat",MMCT,MUMBAI CENTRAL,ADI,AHMEDABAD JN,491,06:20,9
12010,MMCT SHATABDI EX,SHT,Shatabdi,"Mon,Tue,Wed,Thu,Fri,Sat",ADI,AHMEDABAD JN,MMCT,MUMBAI CENTRAL,491,06:35,9
12011,KLK SHATABADI,SHT,Shatabdi,Daily,NDLS,NEW DELHI,KLK,KALKA,268,04:00,7
12012,KLK SHATABADI,SHT,Shatabdi,Daily,KLK,KALKA,NDLS,NEW DELHI,268,04:05,7
12013,AMRITSAR SHTABDI,SHT,Shatabdi,Daily,NDLS,NEW DELHI,ASR,AMRITSAR,447,06:35,8
12014,AMRITSAR SHTABDI,SHT,Shatabdi,Daily,ASR,AMRITSAR,NDLS,NEW DELHI,447,06:07,8
12015,AJMER SHATABDI,SHT,Shatabdi,Daily,NDLS,NEW DELHI,DOZ,DAURAI,449,07:25,11
12016,AII NDLS SHATBI,SHT,Shatabdi,Daily,DOZ,DAURAI,NDLS,NEW DELHI,449,07:15,11
12017,DDN SHTBDI EXP,SHT,Shatabdi,Daily,NDLS,NEW DELHI,DDN,DEHRADOON,314,06:10,8
12018,DDN SHTABADI EXP,SHT,Shatabdi,Daily,DDN,DEHRADOON,NDLS,NEW DELHI,314,05:55,8
12019,SHATABDI EXP,SHT,Shatabdi,"Mon,Tue,Wed,Thu,Fri,Sat",HWH,HOWRAH JN,RNC,RANCHI,422,07:10,9
12020,SHATABDI EXP,SHT,Shatabdi,"Mon,Tue,Wed,Thu,Fri,Sat",RNC,RANCHI,HWH,HOWRAH JN,419,07:35,9
12021,BBN JANSHATABDI,JSH,Jan Shatabdi,Daily,HWH,HOWRAH JN,BBN,BARBIL,400,07:00,11
12022,HWH JANSHATABDI,JSH,Jan Shatabdi,Daily,BBN,BARBIL,HWH,HOWRAH JN,400,07:15,12
12023,JANSHATABDI EXP,JSH,Jan Shatabdi,"Mon,Tue,Wed,Thu,Fri,Sat",HWH,HOWRAH JN,PNBE,PATNA JN,532,08:15,16
12024,JANSHATABDI EXP,JSH,Jan Shatabdi,"Mon,Tue,Wed,Thu,Fri,Sat",PNBE,PATNA JN,HWH,HOWRAH JN,532,07:55,16
12025,SHATABDI EXP,SHT,Shatabdi,"Mon,Wed,Thu,Fri,Sat,Sun",PUNE,PUNE JN,HYB,HYDERABAD,600,08:20,9
12026,PUNE SHATABDI,SHT,Shatabdi,"Mon,Wed,Thu,Fri,Sat,Sun",HYB,HYDERABAD,PUNE,PUNE JN,600,08:30,9
12027,MAS SBC SHATABDI,SHT,Shatabdi,"Mon,Wed,Thu,Fri,Sat,Sun",MAS,PURATCHI THALAIVAR DR. MGR CTL,SBC,KSR BENGALURU,354,04:55,5
12028,SHATABDI EXP,SHT,Shatabdi,"Mon,Wed,Thu,Fri,Sat,Sun",SBC,KSR BENGALURU,MAS,PURATCHI THALAIVAR DR. MGR CTL,354,05:00,5
12029,SWARN SHATABDI,SHT,Shatabdi,"Mon,Tue,Wed,Fri,Sat,Sun",NDLS,NEW DELHI,ASR,AMRITSAR,447,06:10,8
12030,SWARN SHATABDI,SHT,Shatabdi,"Mon,Tue,Wed,Fri,Sat,Sun",ASR,AMRITSAR,NDLS,NEW DELHI,447,06:00,8
12031,AMRITSAR SHTABDI,SHT,Shatabdi,Thu,NDLS,NEW DELHI,ASR,AMRITSAR,447,06:10,8
12032,AMRITSAR SHTABDI,SHT,Shatabdi,Thu,ASR,AMRITSAR,NDLS,NEW DELHI,447,06:00,8
12033,SHATABDI EXP,SHT,Shatabdi,"Mon,Tue,Wed,Thu,Fri,Sat",CNB,KANPUR CENTRAL,NDLS,NEW DELHI,441,05:20,5
12034,NDLS CNB SHT,SHT,Shatabdi,"Mon,Tue,Wed,Thu,Fri,Sat",NDLS,NEW DELHI,CNB,KANPUR CENTRAL,441,05:10,5
12035,PURNAGIRI JANST,JSH,Jan Shatabdi,Daily,TPU,TANAKPUR,DLI,DELHI JN.,395,10:15,27
12036,PURANGIRI JANST,JSH,Jan Shatabdi,Daily,DLI,DELHI JN.,TPU,TANAKPUR,395,09:45,27
12037,SIDDHABALI J SH,JSH,Jan Shatabdi,Daily,KTW,KOTDWARA,DLI,DELHI JN.,238,06:45,12
12038,SIDDHABALI J SH,JSH,Jan Shatabdi,Daily,DLI,DELHI JN.,KTW,KOTDWARA,238,06:50,12
12039,NDLS SHATABADI,SHT,Shatabdi,Daily,KGM,KATHGODAM,NDLS,NEW DELHI,283,05:40,9
12040,KATHGODAM SHTBDI,SHT,Shatabdi,Daily,NDLS,NEW DELHI,KGM,KATHGODAM,283,05:35,9
12041,SHATABDI EXP,SHT,Shatabdi,"Mon,Tue,Wed,Thu,Fri,Sat",HWH,HOWRAH JN,NJP,NEW JALPAIGURI,562,08:25,10
12042,SHATABDI EXP,SHT,Shatabdi,"Mon,Tue,Wed,Thu,Fri,Sat",NJP,NEW JALPAIGURI,HWH,HOWRAH JN,562,08:15,10
12045,CDG SHATABDI,SHT,Shatabdi,"Mon,Tue,Thu,Fri,Sat,Sun",NDLS,NEW DELHI,CDG,CHANDIGARH,243,03:20,4
12046,NDLS SHATABDI,SHT,Shatabdi,"Mon,Tue,Thu,Fri,Sat,Sun",CDG,CHANDIGARH,NDLS,NEW DELHI,243,03:20,4
12047,NLP JANSHATABDI,JSH,Jan Shatabdi,"Tue,Wed",GHY,GUWAHATI,NLP,NORTH LAKHIMPUR,354,06:25,9
12048,GHY JANSHATABDI,JSH,Jan Shatabdi,"Tue,Wed",NLP,NORTH LAKHIMPUR,GHY,GUWAHATI,354,06:25,9
12049,GATIMAAN EXP,SHT,Shatabdi,"Mon,Tue,Wed,Thu,Sat,Sun",VGLJ,VIRANGANA LAKSHMIBAI JHANSI JN,NZM,HAZRAT NIZAMUDDIN JN,404,04:30,4
12050,GATIMAAN EXP,SHT,Shatabdi,"Mon,Tue,Wed,Thu,Sat,Sun",NZM,HAZRAT NIZAMUDDIN JN,VGLJ,VIRANGANA LAKSHMIBAI JHANSI JN,404,04:25,4
12051,MAO JANSHATABDI,JSH,Jan Shatabdi,Daily,CSMT,C SHIVAJI MAH T,MAO,MADGAON JUNCTION,588,11:30,11
12052,CSMT JANSHTABDI,JSH,Jan Shatabdi,Daily,MAO,MADGAON JUNCTION,CSMT,C SHIVAJI MAH T,587,12:10,11
12053,ASR JANSHATABDI,JSH,Jan Shatabdi,"Mon,Tue,Wed,Fri,Sat,Sun",HW,HARIDWAR JN,ASR,AMRITSAR,406,08:00,11
12054,HW JANSHATABDI,JSH,Jan Shatabdi,"Mon,Tue,Wed,Fri,Sat,Sun",ASR,AMRITSAR,HW,HARIDWAR JN,406,07:00,11
12055,DDN JANSHTBDI,JSH,Jan Shatabdi,Daily,NDLS,NEW DELHI,DDN,DEHRADOON,305,05:45,9
12056,JANSHATABDI EXP,JSH,Jan Shatabdi,Daily,DDN,DEHRADOON,NDLS,NEW DELHI,305,06:05,10
12057,JANSHATABDI EXP,JSH,Jan Shatabdi,Daily,NDLS,NEW DELHI,DLPC,DAULATPUR CHAUK,427,07:40,18
12058,JANSHATABDI EXP,JSH,Jan Shatabdi,Daily,DLPC,DAULATPUR CHAUK,NDLS,NEW DELHI,427,07:35,18
12059,NZM JAN SHATABDI,JSH,Jan Shatabdi,Daily,KOTA,KOTA JN,NZM,HAZRAT NIZAMUDDIN JN,457,06:00,11
12060,JANSHATABDI EXP,JSH,Jan Shatabdi,Daily,NZM,HAZRAT NIZAMUDDIN JN,KOTA,KOTA JN,457,06:10,11
12061,JBP JANSHATABDI,JSH,Jan Shatabdi,Daily,RKMP,RANI KAMALAPATI,MML,MADAN MAHAL,327,05:05,9
12062,RKMP JANSHTBDI,JSH,Jan Shatabdi,Daily,MML,MADAN MAHAL,RKMP,RANI KAMALAPATI,327,05:35,9
12065,DEE JAN SHATBDI,JSH,Jan Shatabdi,"Mon,Tue,Wed,Fri,Sat",AII,AJMER JN,DEE,DELHI SARAI ROHILLA,373,06:10,10
12066,JANSHATABDI EXP,JSH,Jan Shatabdi,"Mon,Tue,Wed,Fri,Sat",DEE,DELHI SARAI ROHILLA,AII,AJMER JN,373,06:05,10
12067,JANSATABDI EXP,JSH,Jan Shatabdi,"Mon,Tue,Wed,Thu,Fri,Sat",GHY,GUWAHATI,JTTN,JORHAT TOWN,376,06:45,13
12068,JANSATABDI EXP,JSH,Jan Shatabdi,"Mon,Tue,Wed,Thu,Fri,Sat",JTTN,JORHAT TOWN,GHY,GUWAHATI,376,06:45,13
12069,JANSHATABDI EXP,JSH,Jan Shatabdi,"Mon,Tue,Wed,Thu,Fri,Sat",RIG,RAIGARH,G,GONDIA JN,421,07:30,15
12070,JANSHATABDI EXP,JSH,Jan Shatabdi,"Mon,Tue,Wed,Thu,Fri,Sun",G,GONDIA JN,RIG,RAIGARH,420,07:30,15
12071,JANSHATABDTI EXP,JSH,Jan Shatabdi,Daily,CSMT,C SHIVAJI MAH T,HNL,HINGOLI DECCAN,659,12:20,16
12072,JAN SHATABDI,JSH,Jan Shatabdi,Daily,HNL,HINGOLI DECCAN,CSMT,C SHIVAJI MAH T,660,12:35,16
12073,BBS JANSHATABDI,JSH,Jan Shatabdi,Daily,HWH,HOWRAH JN,BBS,BHUBANESWAR,439,06:35,11
12074,JANA SATABDI EX,JSH,Jan Shatabdi,Daily,BBS,BHUBANESWAR,HWH,HOWRAH JN,439,06:40,11
12075,TVC JANSHATABDI,JSH,Jan Shatabdi,Daily,CLT,KOZHIKKODE,TVC,THIRUVANANTHAPURAM CENTRAL,399,07:40,12
12076,CLT JANSHATABDI,JSH,Jan Shatabdi,Daily,TVC,THIRUVANANTHAPURAM CENTRAL,CLT,KOZHIKKODE,401,07:05,12
12077,BZA JANSHATABDI,JSH,Jan Shatabdi,"Mon,Wed,Thu,Fri,Sat,Sun",MAS,PURATCHI THALAIVAR DR. MGR CTL,BZA,VIJAYAWADA JN,455,07:35,11
12078,JAN SHATABDI,JSH,Jan Shatabdi,"Mon,Wed,Thu,Fri,Sat,Sun",BZA,VIJAYAWADA JN,MAS,PURATCHI THALAIVAR DR. MGR CTL,455,07:30,11
12079,JANSHATABDI EXP,JSH,Jan Shatabdi,Daily,SBC,KSR BENGALURU,UBL,SSS HUBBALLI JN,469,06:50,12
12080,JANSHATABDI EXP,JSH,Jan Shatabdi,Daily,UBL,SSS HUBBALLI JN,SBC,KSR BENGALURU,470,07:05,12
12081,TVC JANSHATABDI,JSH,Jan Shatabdi,"Mon,Tue,Thu,Fri,Sat",CAN,KANNUR,TVC,THIRUVANANTHAPURAM CENTRAL,500,09:20,17
12082,CAN JANSHATABDI,JSH,Jan Shatabdi,"Mon,Wed,Thu,Fri,Sun",TVC,THIRUVANANTHAPURAM CENTRAL,CAN,KANNUR,500,10:00,17
12083,CBE JANSHATABDI,JSH,Jan Shatabdi,"Mon,Wed,Thu,Fri,Sat,Sun",MV,MAYILADUTURAI JN,CBE,COIMBATORE JN,363,06:20,10
12084,MV JAN SHATABDI,JSH,Jan Shatabdi,"Mon,Wed,Thu,Fri,Sat,Sun",CBE,COIMBATORE JN,MV,MAYILADUTURAI JN,362,06:30,10
12087,NHLN GHY VISTAD,SHT,Shatabdi,"Mon,Tue,Fri",NHLN,NAHARLAGUN,GHY,GUWAHATI,343,06:05,10
12088,GHY NHLN VISTAD,SHT,Shatabdi,"Mon,Thu,Sun",GHY,GUWAHATI,NHLN,NAHARLAGUN,343,06:05,10
12089,JANSHATABDI EXP,JSH,Jan Shatabdi,Daily,SBC,KSR BENGALURU,SMET,SHIMOGA TOWN,274,04:25,10
12090,JANSHATABDI EXP,JSH,Jan Shatabdi,Daily,SMET,SHIMOGA TOWN,SBC,KSR BENGALURU,275,04:35,10
12091,JANSHATABDI EXP,JSH,Jan Shatabdi,"Mon,Tue,Thu,Sat,Sun",DDN,DEHRADOON,KGM,KATHGODAM,335,07:45,10
12092,JANSHATABDI EXP,JSH,Jan Shatabdi,"Mon,Tue,Thu,Sat,Sun",KGM,KATHGODAM,DDN,DEHRADOON,335,07:15,10
12101,JNANESHWARI EXP,SUF,Superfast,"Mon,Tue,Fri,Sat",LTT,LOKMANYATILAK,SHM,SHALIMAR,1956,32:00,18
12102,JANANESWARI EXP,SUF,Superfast,"Mon,Wed,Thu,Sun",SHM,SHALIMAR,LTT,LOKMANYATILAK,1957,31:55,18
12103,PUNE LJN EXPRESS,SUF,Superfast,Tue,PUNE,PUNE JN,LJN,LUCKNOW,1471,26:00,14
12104,LJN PUNE EXP,SUF,Superfast,Wed,LJN,LUCKNOW,PUNE,PUNE JN,1471,25:30,14
12105,VIDARBHA EXPRESS,SUF,Superfast,Daily,CSMT,C SHIVAJI MAH T,G,GONDIA JN,968,16:10,27
12106,VIDARBHA EXP,SUF,Superfast,Daily,G,GONDIA JN,CSMT,C SHIVAJI MAH T,968,16:20,27
12107,LTT SITAPUR EXP,SUF,Superfast,"Mon,Wed,Sat",LTT,LOKMANYATILAK,STP,SITAPUR JN.,1496,25:10,14
12108,STP LTT SF EXP,SUF,Superfast,"Tue,Thu,Sun",STP,SITAPUR JN.,LTT,LOKMANYATILAK,1496,25:05,14
12109,PANCHAVATI EXP,SUF,Superfast,Daily,CSMT,C SHIVAJI MAH T,MMR,MANMAD JN,260,04:35,10
12110,PANCHAVATI EXP,SUF,Superfast,Daily,MMR,MANMAD JN,CSMT,C SHIVAJI MAH T,260,04:43,10
12111,CSMT AMI SF EXP,SUF,Superfast,Daily,CSMT,C SHIVAJI MAH T,AMI,AMRAVATI,673,11:45,15
12112,AMI CSMT SF EXP,SUF,Superfast,Daily,AMI,AMRAVATI,CSMT,C SHIVAJI MAH T,672,11:05,15
12113,NGP GARIBRATH,GBR,Garib Rath,"Mon,Wed,Sat",PUNE,PUNE JN,NGP,NAGPUR JN.,889,15:45,14
12114,PUNE GARIBRATH,GBR,Garib Rath,"Tue,Fri,Sun",NGP,NAGPUR JN.,PUNE,PUNE JN,884,15:30,14
12115,SIDDHESHWAR EXP,SUF,Superfast,Daily,CSMT,C SHIVAJI MAH T,SUR,SOLAPUR JN,454,08:05,10
12116,SIDDHESHWAR EXP,SUF,Superfast,Daily,SUR,SOLAPUR JN,CSMT,C SHIVAJI MAH T,457,08:00,11
12119,AMI AJNI SF EXP,SUF,Superfast,Daily,AMI,AMRAVATI,AJNI,AJNI,180,03:00,8
12120,AJNI AMI SF EXP,SUF,Superfast,Daily,AJNI,AJNI,AMI,AMRAVATI,180,03:15,8
12121,MP SAMPRK KRNTI,SUF,Superfast,"Wed,Fri,Sun",JBP,JABALPUR,NZM,HAZRAT NIZAMUDDIN JN,899,12:30,7
12122,M P S KRNTI EXP,SUF,Superfast,"Mon,Thu,Sat",NZM,HAZRAT NIZAMUDDIN JN,JBP,JABALPUR,899,13:50,7
12123,DECCAN QUEEN,SUF,Superfast,Daily,CSMT,C SHIVAJI MAH T,PUNE,PUNE JN,192,03:15,5
12124,DECCAN QUEEN,SUF,Superfast,Daily,PUNE,PUNE JN,CSMT,C SHIVAJI MAH T,192,03:10,4
12125,PRAGATI EXPRESS,SUF,Superfast,Daily,CSMT,C SHIVAJI MAH T,PUNE,PUNE JN,190,03:25,8
12126,PRAGATI EXPRESS,SUF,Superfast,Daily,PUNE,PUNE JN,CSMT,C SHIVAJI MAH T,190,03:40,7
12127,INTERCITY EXP,SUF,Superfast,Daily,CSMT,C SHIVAJI MAH T,PUNE,PUNE JN,192,03:20,6
12128,INTERCITY EXP,SUF,Superfast,Daily,PUNE,PUNE JN,CSMT,C SHIVAJI MAH T,192,03:25,5
12129,AZAD HIND EXP,SUF,Superfast,Daily,PUNE,PUNE JN,HWH,HOWRAH JN,2026,34:50,33
12130,AZAD HIND EXP,SUF,Superfast,Daily,HWH,HOWRAH JN,PUNE,PUNE JN,2027,33:20,33
12131,DR SAINAGAR EXP,SUF,Superfast,"Mon,Wed,Sat",DR,DADAR,SNSI,SAINAGAR SHIRDI,336,06:05,8
12132,SAINAGAR DR EXP,SUF,Superfast,"Tue,Thu,Sun",SNSI,SAINAGAR SHIRDI,DR,DADAR,336,06:10,8
12133,MANGALURU EXP,SUF,Superfast,Daily,CSMT,C SHIVAJI MAH T,MAJN,MANGALORE JUNCTION,903,17:46,32
12134,MAJN CSMT SF EXP,SUF,Superfast,Daily,MAJN,MANGALORE JUNCTION,CSMT,C SHIVAJI MAH T,903,17:57,16
12135,PUNE NAGPUR EXP,SUF,Superfast,"Tue,Thu,Sun",PUNE,PUNE JN,NGP,NAGPUR JN.,889,15:45,19
12136,NGP PUNE SF EXP,SUF,Superfast,"Mon,Wed,Sat",NGP,NAGPUR JN.,PUNE,PUNE JN,884,15:30,19
12137,PUNJAB MAIL,SUF,Superfast,Daily,CSMT,C SHIVAJI MAH T,FZR,FIROZPUR CANT,1928,33:40,54
12138,PUNJAB MAIL,SUF,Superfast,Daily,FZR,FIROZPUR CANT,CSMT,C SHIVAJI MAH T,1923,33:45,51
12139,SEVAGRAM EXP,SUF,Superfast,Daily,CSMT,C SHIVAJI MAH T,NGP,NAGPUR JN.,837,14:51,28
12140,SEVAGRAM EXP,SUF,Superfast,Daily,NGP,NAGPUR JN.,CSMT,C SHIVAJI MAH T,837,14:50,56
12141,PATLIPUTRA EXP,SUF,Superfast,Daily,LTT,LOKMANYATILAK,PPTA,PATLIPUTRA,1681,28:15,17
12142,PPTA LTT EXP,SUF,Superfast,Daily,PPTA,PATLIPUTRA,LTT,LOKMANYATILAK,1681,27:35,16
12143,LTT SLN SF EXP,SUF,Superfast,Sun,LTT,LOKMANYATILAK,SLN,SULTANPUR,1548,25:45,14
12144,LTT EXPRESS,SUF,Superfast,Tue,SLN,SULTANPUR,LTT,LOKMANYATILAK,1544,27:20,14
12145,LTT PURI EXP,SUF,Superfast,Sun,LTT,LOKMANYATILAK,PURI,PURI,1886,34:00,24
12146,PURI LTT SF,SUF,Superfast,Tue,PURI,PURI,LTT,LOKMANYATILAK,1887,33:45,24
12147,KOP NZM SF EXP,SUF,Superfast,Tue,KOP,KOLHAPUR,NZM,HAZRAT NIZAMUDDIN JN,1908,33:10,21
12148,KOLHAPUR EXPRES,SUF,Superfast,Thu,NZM,HAZRAT NIZAMUDDIN JN,KOP,KOLHAPUR,1908,32:20,21
12151,LTT SHM SF EXP,SUF,Superfast,"Wed,Thu",LTT,LOKMANYATILAK,SHM,SHALIMAR,2083,35:10,23
12152,SAMARSATA EXP,SUF,Superfast,"Fri,Sat",SHM,SHALIMAR,LTT,LOKMANYATILAK,2083,34:05,23
12153,LTT RKMP EXPRESS,SUF,Superfast,Thu,LTT,LOKMANYATILAK,RKMP,RANI KAMALAPATI,819,13:25,9
12154,RKMP LTT EXP,SUF,Superfast,Fri,RKMP,RANI KAMALAPATI,LTT,LOKMANYATILAK,819,13:25,9
12155,RKMP NZM SF EXP,SUF,Superfast,Daily,RKMP,RANI KAMALAPATI,NZM,HAZRAT NIZAMUDDIN JN,699,09:20,10
12156,BHOPAL EXPRESS,SUF,Superfast,Daily,NZM,HAZRAT NIZAMUDDIN JN,RKMP,RANI KAMALAPATI,699,09:40,10
12157,HUTATMA EXPRESS,SUF,Superfast,Daily,PUNE,PUNE JN,SUR,SOLAPUR JN,263,03:40,4
12158,HUTATMA EXPRESS,SUF,Superfast,Daily,SUR,SOLAPUR JN,PUNE,PUNE JN,263,04:00,4
12159,AMI JBP SF EXP,SUF,Superfast,Daily,AMI,AMRAVATI,JBP,JABALPUR,724,13:05,22
12160,JBP AMI SF EXP,SUF,Superfast,Daily,JBP,JABALPUR,AMI,AMRAVATI,724,12:30,22
12161,LASHKAR EXP,SUF,Superfast,Fri,LTT,LOKMANYATILAK,AGC,AGRA CANTT JN.,1332,22:55,19
12162,LASHKAR SF EXP,SUF,Superfast,Sat,AGC,AGRA CANTT JN,LTT,LOKMANYATILAK,1327,20:20,19
12163,LTT MAS EXP,SUF,Superfast,Daily,LTT,LOKMANYATILAK,MAS,PURATCHI THALAIVAR DR. MGR CTL,1263,21:40,26
12164,MAS LTT SF EXP,SUF,Superfast,Daily,MAS,PURATCHI THALAIVAR DR. MGR CTL,LTT,LOKMANYATILAK,1263,21:30,25
12165,LTT GKP SF EXP,SUF,Superfast,"Mon,Thu,Fri",LTT,LOKMANYATILAK,GKP,GORAKHPUR JN,1712,30:00,18
12166,GKP LTT EXPRESS,SUF,Superfast,"Tue,Fri,Sat",GKP,GORAKHPUR JN,LTT,LOKMANYATILAK,1712,29:25,18
12167,LTT BANARAS EXP,SUF,Superfast,Daily,LTT,LOKMANYATILAK,BNRS,BANARAS,1497,27:10,15
12168,BNRS LTT SF EXP,SUF,Superfast,Daily,BNRS,BANARAS,LTT,LOKMANYATILAK,1497,26:35,15
12169,SUR INTERCITY,SUF,Superfast,Daily,PUNE,PUNE JN,SUR,SOLAPUR JN,263,03:50,5
12170,PUNE INTERCITY,SUF,Superfast,Daily,SUR,SOLAPUR JN,PUNE,PUNE JN,263,04:05,5
12171,LTT HW AC EXP,SUF,Superfast,"Mon,Thu",LTT,LOKMANYATILAK,HW,HARIDWAR JN,1773,28:40,13
12172,HW LTT AC EXP,SUF,Superfast,"Tue,Fri",HW,HARIDWAR JN,LTT,LOKMANYATILAK,1773,28:10,13
12173,UDYOG NAGRI EXP,SUF,Superfast,"Tue,Sun",LTT,LOKMANYATILAK,MBDP,MAA BELHA DEVI DHAM PRATAPGARH,1581,26:45,14
12174,UDYOG NAGRI EXP,SUF,Superfast,"Tue,Thu",MBDP,MAA BELHA DEVI DHAM PRATAPGARH,LTT,LOKMANYATILAK,1581,27:30,14
12175,CHAMBAL EXPRESS,SUF,Superfast,"Wed,Sun",HWH,HOWRAH JN,GWL,GWALIOR JN.,1287,23:20,31
12176,CHAMBAL EXPRESS,SUF,Superfast,"Tue,Sat",GWL,GWALIOR JN.,HWH,HOWRAH JN,1287,23:15,31
12177,CHAMBAL EXPRESS,SUF,Superfast,Fri,HWH,HOWRAH JN,MTJ,MATHURA JN.,1459,26:00,35
12178,CHAMBAL EXPRESS,SUF,Superfast,Mon,MTJ,MATHURA JN.,HWH,HOWRAH JN,1459,25:55,35
12179,AF INTERCITY,SUF,Superfast,Daily,LJN,LUCKNOW,AF,AGRA FORT,327,05:54,14
12180,LJN INTERCITY,SUF,Superfast,Daily,AF,AGRA FORT,LJN,LUCKNOW,327,05:54,14
12181,DAYODAI EXP,SUF,Superfast,Daily,JBP,JABALPUR,AII,AJMER JN,1022,17:25,25
12182,DAYODAI EXP,SUF,Superfast,Daily,AII,AJMER JN,JBP,JABALPUR,1022,17:25,25
12183,BPL MBDP SF EXP,SUF,Superfast,"Tue,Fri,Sun",BPL,BHOPAL JN.,MBDP,MAA BELHA DEVI DHAM PRATAPGARH,756,13:40,12
12184,PBH BPL EXPRESS,SUF,Superfast,"Mon,Wed,Sat",MBDP,MAA BELHA DEVI DHAM PRATAPGARH,BPL,BHOPAL JN.,756,13:20,12
12185,REWANCHAL EXP,SUF,Superfast,Daily,RKMP,RANI KAMALAPATI,REWA,REWA,554,10:00,16
12186,REWANCHAL EXP,SUF,Superfast,Daily,REWA,REWA,RKMP,RANI KAMALAPATI,554,09:45,16
12187,GARIBRATH EXP,GBR,Garib Rath,"Mon,Wed,Sat",JBP,JABALPUR,CSMT,C SHIVAJI MAH T,995,16:30,16
12188,JBP GARIB RATH,GBR,Garib Rath,"Tue,Thu,Sun",CSMT,C SHIVAJI MAH T,JBP,JABALPUR,990,15:35,16
12189,MAHAKAUSHAL EXP,SUF,Superfast,Daily,JBP,JABALPUR,NZM,HAZRAT NIZAMUDDIN JN,958,16:50,29
12190,MAHAKAUSHAL EXP,SUF,Superfast,Daily,NZM,HAZRAT NIZAMUDDIN JN,JBP,JABALPUR,958,17:02,28
12191,NZM JBP SF EXP,SUF,Superfast,Daily,NZM,HAZRAT NIZAMUDDIN JN,JBP,JABALPUR,1030,18:15,25
12192,JBP NZM SF EXP,SUF,Superfast,Daily,JBP,JABALPUR,NZM,HAZRAT NIZAMUDDIN JN,1030,18:30,25
12193,YPR JBP EXP,SUF,Superfast,Sun,YPR,YESVANTPUR JN.,JBP,JABALPUR,1731,31:25,19
12194,JBP YPR EXP,SUF,Superfast,Sat,JBP,JABALPUR,YPR,YESVANTPUR JN.,1729,30:25,19
12195,AII INTERCITY,SUF,Superfast,Daily,AF,AGRA FORT,AII,AJMER JN,375,06:45,15
12196,AII AF INTERCTY,SUF,Superfast,Daily,AII,AJMER JN,AF,AGRA FORT,375,06:45,15
12197,GWL INTERCITY,SUF,Superfast,Daily,BPL,BHOPAL JN.,GWL,GWALIOR JN.,484,08:45,15
12198,BPL INTERCITY,SUF,Superfast,Daily,GWL,GWALIOR JN.,BPL,BHOPAL JN.,484,08:15,15
12201,TVCN GARIBRATH,GBR,Garib Rath,"Mon,Fri",LTT,LOKMANYATILAK,TVCN,THIRUVANANTHAPURAM NORTH,1511,30:00,25
12202,LTT GARIB RATH,GBR,Garib Rath,"Thu,Sun",TVCN,THIRUVANANTHAPURAM NORTH,LTT,LOKMANYATILAK,1511,30:55,50
12203,GARIB RATH EXP,GBR,Garib Rath,"Mon,Thu,Sun",SHC,SAHARSA JN,ASR,AMRITSAR,1708,31:35,25
12204,SHC GARIB RATH,GBR,Garib Rath,"Wed,Sat,Sun",ASR,AMRITSAR,SHC,SAHARSA JN,1708,31:20,25
12207,JAMMU GARIBRATH,GBR,Garib Rath,Tue,KGM,KATHGODAM,JAT,JAMMUTAVI,768,15:00,16
12208,KGM GARIB RATH,GBR,Garib Rath,Sun,JAT,JAMMUTAVI,KGM,KATHGODAM,768,14:20,16
12209,KGM GARIBRATH,GBR,Garib Rath,Tue,CNB,KANPUR CENTRAL,KGM,KATHGODAM,461,09:45,10
12210,CNB GARIBRATH,GBR,Garib Rath,Mon,KGM,KATHGODAM,CNB,KANPUR CENTRAL,461,10:20,10
12211,ANVT GARIB RATH,GBR,Garib Rath,Fri,MFP,MUZAFFARPUR JN,ANVT,ANAND VIHAR TERMINAL,1059,21:10,15
12212,MFP GARIB RATH,GBR,Garib Rath,Wed,ANVT,ANAND VIHAR TERMINAL,MFP,MUZAFFARPUR JN,1060,21:20,15
12213,YPR DEE DURONTO,DRNT,Duronto,Sat,YPR,YESVANTPUR JN.,DEE,DELHI SARAI ROHILLA,2358,32:10,8
12214,DEE YPR DURONTO,DRNT,Duronto,Mon,DEE,DELHI SARAI ROHILLA,YPR,YESVANTPUR JN.,2358,34:10,8
12215,BDTS GARIB RATH,GBR,Garib Rath,"Mon,Tue,Thu,Sat",DEE,DELHI SARAI ROHILLA,BDTS,BANDRA TERMINUS,1432,22:40,24
12216,DEE GARIBRATH,GBR,Garib Rath,"Tue,Wed,Fri,Sun",BDTS,BANDRA TERMINUS,DEE,DELHI SARAI ROHILLA,1432,23:00,23
12217,SAMPARK KRANTHI,SUF,Superfast,"Mon,Sat",TVCN,THIRUVANANTHAPURAM NORTH,CDG,CHANDIGARH,3087,53:00,26
12218,KERLA S KRNTI SF,SUF,Superfast,"Wed,Fri",CDG,CHANDIGARH,TVCN,THIRUVANANTHAPURAM NORTH,3087,53:00,26
12219,SC DURONTO EXP,DRNT,Duronto,"Wed,Sat",LTT,LOKMANYATILAK,SC,SECUNDERABAD JN,773,12:25,5
12220,LTT DURONTO,DRNT,Duronto,"Tue,Fri",SC,SECUNDERABAD JN,LTT,LOKMANYATILAK,773,12:10,5
12221,HOWRAH DURONTO,DRNT,Duronto,"Mon,Sat",PUNE,PUNE JN,HWH,HOWRAH JN,2026,29:25,9
12222,PUNE DURONTO EX,DRNT,Duronto,"Thu,Sat",HWH,HOWRAH JN,PUNE,PUNE JN,2027,28:10,9
12223,LTT ERS DURONTO,DRNT,Duronto,"Tue,Sat",LTT,LOKMANYATILAK,ERS,ERNAKULAM JN,1300,22:55,7
12224,ERS LTT DURONTO,DRNT,Duronto,"Wed,Sun",ERS,ERNAKULAM JN,LTT,LOKMANYATILAK,1300,24:25,7
12225,KAIFIYAT EXP,SUF,Superfast,Daily,AMH,AZAMGARH,DLI,DELHI JN.,806,14:35,38
12226,KAIFIYAT EXP,SUF,Superfast,Daily,DLI,DELHI JN.,AMH,AZAMGARH,806,14:30,19
12227,INDB DURONTO,DRNT,Duronto,"Thu,Sat",MMCT,MUMBAI CENTRAL,INDB,INDORE JN,828,11:10,5
12228,MMCT DURONTO,DRNT,Duronto,"Fri,Sun",INDB,INDORE JN,MMCT,MUMBAI CENTRAL,828,11:20,5
12229,LUCKNOW MAIL,SUF,Superfast,Daily,LKO,LUCKNOW JN.,NDLS,NEW DELHI,492,08:55,9
12230,LUCKNOW MAIL,SUF,Superfast,Daily,NDLS,NEW DELHI,LKO,LUCKNOW JN.,492,08:40,10
12231,LKO CDG EXPRESS,MEX,Mail/Express,Daily,LKO,LUCKNOW JN.,CDG,CHANDIGARH,644,11:40,16
12232,CDG LKO EXPRESS,MEX,Mail/Express,Daily,CDG,CHANDIGARH,LKO,LUCKNOW JN.,644,11:25,16
12235,ANVT HUMSFR EXP,MEX,Mail/Express,Fri,MDP,MADHUPUR JN.,ANVT,ANAND VIHAR TERMINAL,1232,17:45,12
12236,MADHUPUR HUMSFR,MEX,Mail/Express,Thu,ANVT,ANAND VIHAR TERMINAL,MDP,MADHUPUR JN.,1232,17:00,12
12237,BEGUMPURA EXP,SUF,Superfast,Daily,BSB,VARANASI,JAT,JAMMUTAVI,1261,22:10,16
12238,BEGUMPURA EXP,SUF,Superfast,Daily,JAT,JAMMUTAVI,BSB,VARANASI,1261,22:45,16
12239,HISAR DURONTO,DRNT,Duronto,"Tue,Sun",MMCT,MUMBAI CENTRAL,HSR,HISAR,1504,21:10,12
12240,MMCT DURONTO EXP,DRNT,Duronto,"Tue,Thu",HSR,HISAR,MMCT,MUMBAI CENTRAL,1504,22:10,12
12243,MAS CBE SHATABDI,SHT,Shatabdi,"Mon,Wed,Thu,Fri,Sat,Sun",MAS,PURATCHI THALAIVAR DR. MGR CTL,CBE,COIMBATORE JN,499,07:00,7
12244,CBE MAS SHATABDI,SHT,Shatabdi,"Mon,Wed,Thu,Fri,Sat,Sun",CBE,COIMBATORE JN,MAS,PURATCHI THALAIVAR DR. MGR CTL,499,06:45,7
12245,SMVB DURONTO EXP,DRNT,Duronto,"Tue,Wed,Fri,Sat,Sun",HWH,HOWRAH JN,SMVB,SMVT BENGALURU,1935,29:05,6
12246,DURONTO EXPRESS,DRNT,Duronto,"Mon,Tue,Thu,Fri,Sun",SMVB,SMVT BENGALURU,HWH,HOWRAH JN,1935,29:50,6
12247,BDTS NZM YUVA EX,SUF,Superfast,Fri,BDTS,BANDRA TERMINUS,NZM,HAZRAT NIZAMUDDIN JN,1362,16:45,7
12248,BANDRA YUVA EXP,SUF,Superfast,Sat,NZM,HAZRAT NIZAMUDDIN JN,BDTS,BANDRA TERMINUS,1362,16:45,7
12249,SWARN NAGARI EX,SUF,Superfast,Daily,SSB,SHAKURBASTI,JSM,JAISALMER,909,15:50,21
12250,SWARN NAGARI EX,SUF,Superfast,Daily,JSM,JAISALMER,SSB,SHAKURBASTI,909,16:30,21
12251,WAINGANGA EXP,SUF,Superfast,"Tue,Fri",YPR,YESVANTPUR JN.,KRBA,KORBA,1620,28:50,22
12252,WAINGANGA EXP,SUF,Superfast,"Thu,Sun",KRBA,KORBA,YPR,YESVANTPUR JN.,1602,29:10,23
12253,ANGA EXP,SUF,Superfast,Sat,SMVB,SMVT BENGALURU,BGP,BHAGALPUR,2445,43:30,31
12254,ANGA EXPRESS,SUF,Superfast,Wed,BGP,BHAGALPUR,SMVB,SMVT BENGALURU,2445,41:35,32
12257,YPR TVCN GR EXP,GBR,Garib Rath,"Tue,Thu,Sun",YPR,YESVANTPUR JN.,TVCN,THIRUVANANTHAPURAM NORTH,798,16:35,19
12258,TVCN YPR GR EXP,GBR,Garib Rath,"Mon,Wed,Fri",TVCN,THIRUVANANTHAPURAM NORTH,YPR,YESVANTPUR JN.,799,16:45,19
12259,BKN DURONTO EXP,DRNT,Duronto,"Mon,Wed,Thu,Sun",SDAH,SEALDAH,BKN,BIKANER JN,1924,25:35,12
12260,SDAH DURONTO,DRNT,Duronto,"Mon,Tue,Thu,Fri",BKN,BIKANER JN,SDAH,SEALDAH,1924,25:20,12
12261,HOWRAH DURONTO,DRNT,Duronto,"Tue,Wed,Thu,Sun",CSMT,C SHIVAJI MAH T,HWH,HOWRAH JN,1969,27:25,9
12262,CSMT DURONTO EX,DRNT,Duronto,"Mon,Tue,Wed,Fri",HWH,HOWRAH JN,CSMT,C SHIVAJI MAH T,1969,26:40,9
12263,NZM DURONTO,DRNT,Duronto,"Tue,Fri",PUNE,PUNE JN,NZM,HAZRAT NIZAMUDDIN JN,1512,19:50,7
12264,PUNE DURNTO EXP,DRNT,Duronto,"Mon,Thu",NZM,HAZRAT NIZAMUDDIN JN,PUNE,PUNE JN,1510,19:54,7
12265,JAT DURONTO EXP,DRNT,Duronto,"Tue,Fri,Sun",DEE,DELHI SARAI ROHILLA,JAT,JAMMUTAVI,578,08:40,3
12266,DEE DURONTO EXP,DRNT,Duronto,"Mon,Wed,Sat",JAT,JAMMUTAVI,DEE,DELHI SARAI ROHILLA,578,08:40,3
12267,HAPA  DURONTO EX,DRNT,Duronto,Daily,MMCT,MUMBAI CENTRAL,HAPA,HAPA,814,11:20,5
12268,MMCT DURONTO EXP,DRNT,Duronto,Daily,HAPA,HAPA,MMCT,MUMBAI CENTRAL,814,12:00,5
12269,MAS NZM DURONTO,DRNT,Duronto,"Mon,Fri",MAS,PURATCHI THALAIVAR DR. MGR CTL,NZM,HAZRAT NIZAMUDDIN JN,2169,28:05,8
12270,MAS DURONTO EXP,DRNT,Duronto,"Tue,Sat",NZM,HAZRAT NIZAMUDDIN JN,MAS,PURATCHI THALAIVAR DR. MGR CTL,2169,28:55,8
12273,NDLS DURONTO EX,DRNT,Duronto,"Mon,Fri",HWH,HOWRAH JN,NDLS,NEW DELHI,1527,21:55,7
12274,HWH DURONTO EXP,DRNT,Duronto,"Tue,Sat",NDLS,NEW DELHI,HWH,HOWRAH JN,1527,22:00,7
12275,NDLS HUMSAFAR,SUF,Superfast,"Tue,Thu,Fri,Sun",PRYJ,PRAYAGRAJ JN,NDLS,NEW DELHI,634,07:45,2
12276,HUMSAFAR EXPRES,SUF,Superfast,"Mon,Wed,Fri,Sat",NDLS,NEW DELHI,PRYJ,PRAYAGRAJ JN,634,07:50,2
12277,SATABDI EXPRESS,SHT,Shatabdi,Daily,HWH,HOWRAH JN,PURI,PURI,502,07:55,8
12278,SATABDI EXPRESS,SHT,Shatabdi,Daily,PURI,PURI,HWH,HOWRAH JN,501,07:55,8
12279,TAJ EXPRESS,SUF,Superfast,Daily,VGLJ,VIRANGANA LAKSHMIBAI JHANSI JN,NDLS,NEW DELHI,411,06:25,12
12280,TAJ EXPRESS,SUF,Superfast,Daily,NDLS,NEW DELHI,VGLJ,VIRANGANA LAKSHMIBAI JHANSI JN,411,07:00,12
12281,DURONTO EXPRESS,DRNT,Duronto,Wed,BBS,BHUBANESWAR,NDLS,NEW DELHI,1744,23:05,7
12282,BBS DURONTO EXP,DRNT,Duronto,Thu,NDLS,NEW DELHI,BBS,BHUBANESWAR,1744,23:05,6
12283,ERS NZM DURONTO,DRNT,Duronto,Tue,ERS,ERNAKULAM JN,NZM,HAZRAT NIZAMUDDIN JN,2637,41:55,12
12284,NZM ERS DURONTO,DRNT,Duronto,Sat,NZM,HAZRAT NIZAMUDDIN JN,ERS,ERNAKULAM JN,2637,44:35,12
12285,NZM DURONTO,DRNT,Duronto,"Thu,Sun",SC,SECUNDERABAD JN,NZM,HAZRAT NIZAMUDDIN JN,1664,21:50,6
12286,SC DURONTO EXP,DRNT,Duronto,"Mon,Fri",NZM,HAZRAT NIZAMUDDIN JN,SC,SECUNDERABAD JN,1664,22:40,6
12289,NGP DURONTO EXP,DRNT,Duronto,Daily,CSMT,C SHIVAJI MAH T,NGP,NAGPUR JN.,838,11:50,5
12290,CSMT DURONTO EXP,DRNT,Duronto,Daily,NGP,NAGPUR JN.,CSMT,C SHIVAJI MAH T,838,12:00,5
12291,YPR MAS SF EXP,SUF,Superfast,Fri,YPR,YESVANTPUR JN.,MAS,PURATCHI THALAIVAR DR. MGR CTL,362,06:10,8
12292,MAS YPR SF EXP,SUF,Superfast,Sat,MAS,PURATCHI THALAIVAR DR. MGR CTL,YPR,YESVANTPUR JN.,362,06:30,7
12293,PRYJ DURONTO,DRNT,Duronto,"Mon,Fri",LTT,LOKMANYATILAK,PRYJ,PRAYAGRAJ JN,1346,19:20,6
12294,LTT DURONTO,DRNT,Duronto,"Tue,Sat",PRYJ,PRAYAGRAJ JN,LTT,LOKMANYATILAK,1346,20:45,6
12295,SANGHAMITRA EXP,SUF,Superfast,Daily,SMVB,SMVT BENGALURU,DNR,DANAPUR,2673,46:25,36
12296,SANGHA MITRA EX,SUF,Superfast,Daily,DNR,DANAPUR,SMVB,SMVT BENGALURU,2673,43:55,36
12297,PUNE DURONTO,DRNT,Duronto,"Tue,Fri,Sun",ADI,AHMEDABAD JN,PUNE,PUNE JN,629,09:10,5
12298,ADI DURONTO,DRNT,Duronto,"Mon,Thu,Sat",PUNE,PUNE JN,ADI,AHMEDABAD JN,629,09:40,5
12301,RAJDHANI EXPRES,RAJ,Rajdhani,"Mon,Tue,Wed,Thu,Fri,Sat",HWH,HOWRAH JN,NDLS,NEW DELHI,1449,17:15,18
12302,HWH RAJDHANI,RAJ,Rajdhani,"Mon,Tue,Wed,Thu,Sat,Sun",NDLS,NEW DELHI,HWH,HOWRAH JN,1449,17:05,9
12303,POORVA EXPRESS,SUF,Superfast,"Mon,Tue,Fri,Sat",HWH,HOWRAH JN,NDLS,NEW DELHI,1527,22:05,50
12304,POORVA EXPRESS,SUF,Superfast,"Wed,Thu,Sat,Sun",NDLS,NEW DELHI,HWH,HOWRAH JN,1527,23:20,25
12305,RAJDHANI EXPRES,RAJ,Rajdhani,Sun,HWH,HOWRAH JN,NDLS,NEW DELHI,1527,20:00,9
12306,KOLKATA RAJDHNI,RAJ,Rajdhani,Fri,NDLS,NEW DELHI,HWH,HOWRAH JN,1527,19:25,9
12307,HWH JU EXPRESS,SUF,Superfast,"Tue,Wed,Sat,Sun",HWH,HOWRAH JN,JU,JODHPUR JN,1815,29:45,30
12308,JU HWH SF EXP,SUF,Superfast,"Mon,Tue,Thu,Fri",JU,JODHPUR JN,HWH,HOWRAH JN,1815,29:00,60
12309,RJPB TEJAS RAJ,RAJ,Rajdhani,Daily,RJPB,RAJENDRA NAGAR,NDLS,NEW DELHI,998,12:30,14
12310,RJPB TEJAS RAJ,RAJ,Rajdhani,Daily,NDLS,NEW DELHI,RJPB,RAJENDRA NAGAR,998,12:05,7
12313,RAJDHANI EXPRES,RAJ,Rajdhani,Daily,SDAH,SEALDAH,NDLS,NEW DELHI,1461,18:00,8
12314,SEALDAH RAJDHNI,RAJ,Rajdhani,Daily,NDLS,NEW DELHI,SDAH,SEALDAH,1461,17:40,8
12315,ANANYA EXPRESS,SUF,Superfast,Thu,KOAA,KOLKATTA TERMINAL,UDZ,UDAIPUR CITY,2130,35:38,22
12316,ANANYA EXP,SUF,Superfast,Mon,UDZ,UDAIPUR CITY,KOAA,KOLKATTA TERMINAL,2130,38:00,22
12317,AKAL TAKHT EXP,SUF,Superfast,"Wed,Sun",KOAA,KOLKATTA TERMINAL,ASR,AMRITSAR,1894,33:40,24
12318,AKAL TAKHAT EXP,SUF,Superfast,"Tue,Fri",ASR,AMRITSAR,KOAA,KOLKATTA TERMINAL,1894,32:55,24
12319,KOAA GWL EXP,SUF,Superfast,Wed,KOAA,KOLKATTA TERMINAL,GWL,GWALIOR JN.,1537,24:00,18
12320,GWL KOAA SF EXP,SUF,Superfast,Thu,GWL,GWALIOR JN.,KOAA,KOLKATTA TERMINAL,1537,25:25,18
12321,MUMBAI MAIL,SUF,Superfast,Daily,HWH,HOWRAH JN,CSMT,C SHIVAJI MAH T,2154,37:35,46
12322,KOLKATA MAIL,SUF,Superfast,Daily,CSMT,C SHIVAJI MAH T,HWH,HOWRAH JN,2154,36:55,47
12323,HWH BME EXP,SUF,Superfast,"Tue,Fri",HWH,HOWRAH JN,BME,BARMER,2278,35:40,26
12324,BME HWH SF EXP,SUF,Superfast,"Wed,Sat",BME,BARMER,HWH,HOWRAH JN,2279,36:45,26
12325,GURUMUKHI EXP,SUF,Superfast,Thu,KOAA,KOLKATTA TERMINAL,AADR,AMB  ANDAURA,1846,33:30,20
12326,GURUMUKHI EXP,SUF,Superfast,Sat,AADR,AMB  ANDAURA,KOAA,KOLKATTA TERMINAL,1846,32:40,20
12329,SAMPARK K EXP,SUF,Superfast,Tue,SDAH,SEALDAH,ANVT,ANAND VIHAR TERMINAL,1448,19:40,9
12330,SAMPARK K EXP,SUF,Superfast,Wed,ANVT,ANAND VIHAR TERMINAL,SDAH,SEALDAH,1448,20:15,9
12335,BGP LTT EXPRESS,SUF,Superfast,"Tue,Fri",BGP,BHAGALPUR,LTT,LOKMANYATILAK,1905,32:55,39
12336,LTT BHAGALPUR EX,SUF,Superfast,"Tue,Sun",LTT,LOKMANYATILAK,BGP,BHAGALPUR,1910,33:50,38
12337,SANTINIKETN EXP,SUF,Superfast,Daily,HWH,HOWRAH JN,BHP,BOLPUR S NIKTN,146,02:15,4
12338,SANTINIKETN EXP,SUF,Superfast,Daily,BHP,BOLPUR S NIKTN,HWH,HOWRAH JN,146,02:45,4
12339,COALFIELD EXP,SUF,Superfast,Daily,HWH,HOWRAH JN,DHN,DHANBAD JN,257,04:35,13
12340,COALFIELD EXP,SUF,Superfast,Daily,DHN,DHANBAD JN,HWH,HOWRAH JN,257,04:35,13
12341,AGNIVEENA EXP,SUF,Superfast,Daily,HWH,HOWRAH JN,ASN,ASANSOL JN.,199,03:10,8
12342,AGNIVEENA EXP,SUF,Superfast,Daily,ASN,ASANSOL JN.,HWH,HOWRAH JN,199,03:30,8
12343,DARJEELING MAIL,SUF,Superfast,Daily,SDAH,SEALDAH,HDB,HALDIBARI,631,11:25,8
12344,DARJEELING MAIL,SUF,Superfast,Daily,HDB,HALDIBARI,SDAH,SEALDAH,631,11:20,16
12345,SARAIGHAT EXP,SUF,Superfast,Daily,HWH,HOWRAH JN,GHY,GUWAHATI,998,17:35,18
12346,SARAIGHAT EXP,SUF,Superfast,Daily,GHY,GUWAHATI,HWH,HOWRAH JN,998,16:40,18
12347,HWH RPH EXPRESS,SUF,Superfast,Daily,HWH,HOWRAH JN,RPH,RAMPUR HAT,207,03:35,9
12348,RPH HWH EXPRESS,SUF,Superfast,Daily,RPH,RAMPUR HAT,HWH,HOWRAH JN,207,03:35,9
12349,GODA NDLS HMSFR,SUF,Superfast,Mon,GODA,GODDA,NDLS,NEW DELHI,1322,22:45,19
12350,GODA HUMSAFAR,SUF,Superfast,Tue,NDLS,NEW DELHI,GODA,GODDA,1323,23:10,19
12351,HWH RJPB EXP,SUF,Superfast,Daily,HWH,HOWRAH JN,RJPB,RAJENDRA NAGAR,529,09:35,22
12352,RJPB HWH EXP,SUF,Superfast,Daily,RJPB,RAJENDRA NAGAR,HWH,HOWRAH JN,529,09:15,22
12353,HWH LKU EXPRESS,SUF,Superfast,Fri,HWH,HOWRAH JN,LKU,LALKUA JN.,1299,22:40,19
12354,LKU HWH SF EXP,SUF,Superfast,Sat,LKU,LALKUA JN.,HWH,HOWRAH JN,1299,23:35,19
12355,ARCHNA EXP,SUF,Superfast,"Tue,Sat",PNBE,PATNA JN,JAT,JAMMUTAVI,1504,27:00,22
12356,ARCHANA EXP,SUF,Superfast,"Wed,Sun",JAT,JAMMUTAVI,PNBE,PATNA JN,1504,27:20,20
12357,DURGIANA EXP,SUF,Superfast,"Tue,Sat",KOAA,KOLKATTA TERMINAL,ASR,AMRITSAR,1834,29:25,18
12358,DURGIANA EXP,SUF,Superfast,"Mon,Thu",ASR,AMRITSAR,KOAA,KOLKATTA TERMINAL,1834,29:40,18
12361,ASN CSMT EXP,SUF,Superfast,Sun,ASN,ASANSOL JN.,CSMT,C SHIVAJI MAH T,2032,34:25,21
12362,CSMT ASANSOL EXP,SUF,Superfast,Wed,CSMT,C SHIVAJI MAH T,ASN,ASANSOL JN.,2032,33:40,21
12363,KOAA HDB SF EXP,SUF,Superfast,"Tue,Thu,Sat",KOAA,KOLKATTA TERMINAL,HDB,HALDIBARI,624,11:20,11
12364,HDB KOAA SF EXP,SUF,Superfast,"Wed,Fri,Sun",HDB,HALDIBARI,KOAA,KOLKATTA TERMINAL,624,11:15,11
12365,RNC JANSHATABDI,JSH,Jan Shatabdi,Daily,PNBE,PATNA JN,RNC,RANCHI,409,07:45,13
12366,PNBE JANSHATBDI,JSH,Jan Shatabdi,Daily,RNC,RANCHI,PNBE,PATNA JN,406,08:05,13
12367,VIKRAMSHILA EXP,SUF,Superfast,Daily,BGP,BHAGALPUR,ANVT,ANAND VIHAR TERMINAL,1204,19:25,23
12368,VIKRAMSHILA EXP,SUF,Superfast,Daily,ANVT,ANAND VIHAR TERMINAL,BGP,BHAGALPUR,1203,19:00,23
12371,HWH BKN SF EXP,SUF,Superfast,Mon,HWH,HOWRAH JN,BKN,BIKANER JN,1928,33:35,30
12372,BKN HWH SF EXP,SUF,Superfast,Thu,BKN,BIKANER JN,HWH,HOWRAH JN,1928,34:30,29
12375,TBM JSME SF EXP,SUF,Superfast,Sat,TBM,TAMBARAM,JSME,JASIDIH JN.,1869,33:40,31
12376,JSME TBM EXP,SUF,Superfast,Wed,JSME,JASIDIH JN.,TBM,TAMBARAM,1869,33:15,31
12377,PADATIK EXPRESS,SUF,Superfast,Daily,SDAH,SEALDAH,NOQ,NEW ALIPURDUAR,721,13:05,14
12378,PADATIK EXPRESS,SUF,Superfast,Daily,NOQ,NEW ALIPURDUAR,SDAH,SEALDAH,721,13:05,14
12379,JALIANWALA B EX,SUF,Superfast,Fri,SDAH,SEALDAH,ASR,AMRITSAR,1901,26:40,17
12380,JALIANWALA B EX,SUF,Superfast,Sun,ASR,AMRITSAR,SDAH,SEALDAH,1901,27:10,17
12381,POORVA EXPRESS,SUF,Superfast,"Wed,Thu,Sun",HWH,HOWRAH JN,NDLS,NEW DELHI,1449,21:50,22
12382,POORVA EXPRESS,SUF,Superfast,"Mon,Tue,Fri",NDLS,NEW DELHI,HWH,HOWRAH JN,1449,23:20,22
12383,ASN INTERCITY,SUF,Superfast,"Mon,Tue,Wed,Thu,Fri,Sat",SDAH,SEALDAH,ASN,ASANSOL JN.,223,04:03,10
12384,SDAH INTERCITY,SUF,Superfast,"Mon,Tue,Wed,Thu,Fri,Sat",ASN,ASANSOL JN.,SDAH,SEALDAH,223,04:05,10
12389,GAYA MAS EXPRES,SUF,Superfast,Sun,GAYA,GAYA JN,MAS,PURATCHI THALAIVAR DR. MGR CTL,2075,34:50,20
12390,MAS GAYA SF EXP,SUF,Superfast,Tue,MAS,PURATCHI THALAIVAR DR. MGR CTL,GAYA,GAYA JN,2075,37:35,21
12391,SHRAMJEEVI EXP,SUF,Superfast,Daily,RGD,RAJGIR,NDLS,NEW DELHI,1097,20:55,34
12392,SHRAMJIVI EXP,SUF,Superfast,Daily,NDLS,NEW DELHI,RGD,RAJGIR,1097,21:30,34
12393,S KRANTI SUP EX,SUF,Superfast,Daily,RJPB,RAJENDRA NAGAR,NDLS,NEW DELHI,998,12:35,8
12394,SAMPOORAN K EXP,SUF,Superfast,Daily,NDLS,NEW DELHI,RJPB,RAJENDRA NAGAR,998,13:45,8
12395,ZIYARAT EXPRESS,SUF,Superfast,Wed,RJPB,RAJENDRA NAGAR TERMINAL,AII,AJMER JN,1301,21:35,18
12396,ZIYARAT EXPRESS,SUF,Superfast,Fri,AII,AJMER JN,RJPB,RAJENDRA NAGAR TERMINAL,1301,22:45,18
12397,MAHABODHI EXP,SUF,Superfast,Daily,GAYA,GAYA JN,NDLS,NEW DELHI,992,14:10,16
12398,MAHABODHI EXP,SUF,Superfast,Daily,NDLS,NEW DELHI,GAYA,GAYA JN,992,14:30,16
12401,KOTA DDN AC EXP,SUF,Superfast,Daily,KOTA,KOTA JN,DDN,DEHRADOON,734,12:00,14
12402,DDN KOTA AC EXP,SUF,Superfast,Daily,DDN,DEHRADOON,KOTA,KOTA JN,734,11:50,14
12403,PRYJ LGH SF EXP,SUF,Superfast,"Mon,Tue,Thu,Sat",PRYJ,PRAYAGRAJ JN,LGH,LALGARH JN,1179,21:20,66
12404,LGH PRYJ SF EXP,SUF,Superfast,"Tue,Wed,Fri,Sun",LGH,LALGARH JN,PRYJ,PRAYAGRAJ JN,1179,21:15,33
12405,GONDWANA EXPRESS,SUF,Superfast,"Tue,Sun",BSL,BHUSAVAL JN,NZM,HAZRAT NIZAMUDDIN JN,1473,23:00,29
12406,GONDWANA EXP,SUF,Superfast,"Fri,Sun",NZM,HAZRAT NIZAMUDDIN JN,BSL,BHUSAVAL JN,1473,24:00,29
12409,GONDWANA SF EXP,SUF,Superfast,"Mon,Wed,Thu,Fri,Sat",RIG,RAIGARH,NZM,HAZRAT NIZAMUDDIN JN,1632,25:35,36
12410,GONDWANA EXP,SUF,Superfast,"Mon,Tue,Wed,Thu,Sat",NZM,HAZRAT NIZAMUDDIN JN,RIG,RAIGARH,1631,27:00,72
12411,INTERCITY EXP,SUF,Superfast,Daily,CDG,CHANDIGARH,ASR,AMRITSAR,247,04:29,10
12412,INTERCITY EXP,SUF,Superfast,Daily,ASR,AMRITSAR,CDG,CHANDIGARH,247,04:10,10
12413,GALTADHAM POOJA,SUF,Superfast,Daily,AII,AJMER JN,JAT,JAMMUTAVI,1017,17:20,21
12414,GALTADHAM POOJA,SUF,Superfast,Daily,JAT,JAMMUTAVI,AII,AJMER JN,1017,18:00,22
12415,INDB NDLS EXP,SUF,Superfast,Daily,INDB,INDORE JN,NDLS,NEW DELHI,827,13:10,22
12416,NDLS INDB EXP,SUF,Superfast,Daily,NDLS,NEW DELHI,INDB,INDORE JN,827,12:15,42
12417,PRAYAGRAJ EXP,SUF,Superfast,Daily,PRYJ,PRAYAGRAJ JN,NDLS,NEW DELHI,635,08:50,6
12418,PRAYAGRAJ EXP,SUF,Superfast,Daily,NDLS,NEW DELHI,PRYJ,PRAYAGRAJ JN,635,08:50,6
12419,GOMTI EXPRESS,SUF,Superfast,Daily,LKO,LUCKNOW JN.,NDLS,NEW DELHI,515,09:15,17
12420,GOMTI EXPRESS,SUF,Superfast,Daily,NDLS,NEW DELHI,LKO,LUCKNOW JN.,514,08:35,17
12421,NED ASR SF EXP,SUF,Superfast,Wed,NED,NANDED,ASR,AMRITSAR,1929,31:30,25
12422,ASR NED SF EXP,SUF,Superfast,Mon,ASR,AMRITSAR,NED,NANDED,1929,31:10,25
12423,RAJDHANI EXP,RAJ,Rajdhani,Daily,DBRG,DIBRUGARH,NDLS,NEW DELHI,2432,37:55,25
12424,DBRT RAJDHANI,RAJ,Rajdhani,Daily,NDLS,NEW DELHI,DBRG,DIBRUGARH,2432,38:00,25
12425,JAMMU RAJDHANI,RAJ,Rajdhani,Daily,NDLS,NEW DELHI,JAT,JAMMUTAVI,577,08:20,5
12426,JAMMU RAJDHANI,RAJ,Rajdhani,Daily,JAT,JAMMUTAVI,NDLS,NEW DELHI,577,08:30,5
12427,REWA ANVT EXP,SUF,Superfast,Daily,REWA,REWA,ANVT,ANAND VIHAR TERMINAL,849,14:20,13
12428,REWA EXPRESS,SUF,Superfast,Daily,ANVT,ANAND VIHAR TERMINAL,REWA,REWA,849,13:05,14
12429,LKO NDLS AC EXP,SUF,Superfast,Daily,LKO,LUCKNOW JN.,NDLS,NEW DELHI,492,08:00,6
12430,NDLS LKO AC EXP,SUF,Superfast,Daily,NDLS,NEW DELHI,LKO,LUCKNOW JN.,492,08:10,6
12431,RAJDHANI EXP,RAJ,Rajdhani,"Tue,Thu,Fri",TVC,THIRUVANANTHAPURAM CENTRAL,NZM,HAZRAT NIZAMUDDIN JN,2842,45:50,22
12432,TVC RAJDHANI,RAJ,Rajdhani,"Tue,Wed,Sun",NZM,HAZRAT NIZAMUDDIN JN,TVC,THIRUVANANTHAPURAM CENTRAL,2843,43:34,22
12433,MAS NZM RAJDHANI,RAJ,Rajdhani,"Fri,Sun",MAS,PURATCHI THALAIVAR DR. MGR CTL,NZM,HAZRAT NIZAMUDDIN JN,2169,28:25,10
12434,NZM MAS RAJDHANI,RAJ,Rajdhani,"Wed,Fri",NZM,HAZRAT NIZAMUDDIN JN,MAS,PURATCHI THALAIVAR DR. MGR CTL,2169,29:15,10
12435,GARIB RATH EXP,GBR,Garib Rath,"Mon,Fri",JYG,JAYNAGAR,ANVT,ANAND VIHAR TERMINAL,1247,20:50,22
12436,JYG GARIB RATH,GBR,Garib Rath,"Tue,Sat",ANVT,ANAND VIHAR TERMINAL,JYG,JAYNAGAR,1247,20:30,22
12437,SC NZM RAJDHANI,RAJ,Rajdhani,Wed,SC,SECUNDERABAD JN,NZM,HAZRAT NIZAMUDDIN JN,1664,21:40,7
12438,SC RAJDHANI,RAJ,Rajdhani,Sun,NZM,HAZRAT NIZAMUDDIN JN,SC,SECUNDERABAD JN,1664,22:05,7
12439,NED SGNR SF EXP,SUF,Superfast,Sun,NED,NANDED,SGNR,SHRI GANGANAGAR,1992,32:45,29
12440,SGNR NED EXP,SUF,Superfast,Fri,SGNR,SHRI GANGANAGAR,NED,NANDED,1992,32:15,29
12441,BSP NDLS RAJ EX,RAJ,Rajdhani,"Mon,Thu",BSP,BILASPUR JN.,NDLS,NEW DELHI,1505,20:40,10
12442,BSP RAJDHNI EXP,RAJ,Rajdhani,"Tue,Sat",NDLS,NEW DELHI,BSP,BILASPUR JN.,1505,20:35,10
12443,HLZ ANVT SF EXP,SUF,Superfast,Thu,HLZ,HALDIA,ANVT,ANAND VIHAR TERMINAL,1581,23:20,14
12444,HALDIYA EXPRESS,SUF,Superfast,Tue,ANVT,ANAND VIHAR TERMINAL,HLZ,HALDIA,1581,24:55,14
12445,UTTAR S KRANTI,SUF,Superfast,Daily,NDLS,NEW DELHI,SVDK,SHRI MATA VAISHNO DEVI KATRA,655,11:05,12
12446,UTTAR S KRANTI,SUF,Superfast,Daily,SVDK,SHRI MATA VAISHNO DEVI KATRA,NDLS,NEW DELHI,655,11:05,12
12447,UP SMPRK KRANTI,SUF,Superfast,Daily,MKP,MANIKPUR JN,NZM,HAZRAT NIZAMUDDIN JN,696,11:22,24
12448,UP SAMPRK KRANTI,SUF,Superfast,Daily,NZM,HAZRAT NIZAMUDDIN JN,MKP,MANIKPUR JN,696,11:30,12
12449,GOA SMPRK K,SUF,Superfast,"Tue,Wed",MAO,MADGAON JUNCTION,CDG,CHANDIGARH,2158,32:25,16
12450,GOA SMPRK KRANT,SUF,Superfast,"Mon,Sat",CDG,CHANDIGARH,MAO,MADGAON JUNCTION,2160,35:13,16
12451,SHRAM SHKTI EXP,SUF,Superfast,Daily,CNB,KANPUR CENTRAL,NDLS,NEW DELHI,441,06:00,3
12452,SHRAM SHKTI EXP,SUF,Superfast,Daily,NDLS,NEW DELHI,CNB,KANPUR CENTRAL,441,06:25,3
12453,RNC NDLS RAJ EX,RAJ,Rajdhani,Sun,RNC,RANCHI,NDLS,NEW DELHI,1244,17:55,12
12454,RNC RAJDHANI,RAJ,Rajdhani,Sat,NDLS,NEW DELHI,RNC,RANCHI,1245,17:35,12
12455,DEE BKN EXP,SUF,Superfast,Daily,DEE,DELHI SARAI ROHILLA,BKN,BIKANER JN,804,14:35,22
12456,BKN DEE SF EXP,SUF,Superfast,Daily,BKN,BIKANER JN,DEE,DELHI SARAI ROHILLA,804,14:35,22
12457,BKN SF EXP,SUF,Superfast,Daily,DEE,DELHI SARAI ROHILLA,BKN,BIKANER JN,457,07:55,14
12458,BKN DEE EXP,SUF,Superfast,Daily,BKN,BIKANER JN,DEE,DELHI SARAI ROHILLA,457,07:55,14
12461,VANDE BHARAT EXP,VNDB,Vande Bharat,"Mon,Wed,Thu,Fri,Sat,Sun",JU,JODHPUR JN,SBIB,SABARMATI BG,448,06:00,14
12462,JU VANDE BHARAT,VNDB,Vande Bharat,"Mon,Wed,Thu,Fri,Sat,Sun",SBIB,SABARMATI BG,JU,JODHPUR JN,448,05:55,14
12463,RAJ S KRNTI EXP,SUF,Superfast,Wed,DEE,DELHI SARAI ROHILLA,JU,JODHPUR JN,615,09:15,16
12464,RJSTHN S KRANTI,SUF,Superfast,Thu,JU,JODHPUR JN,DEE,DELHI SARAI ROHILLA,615,09:35,14
12465,RANTHAMBHORE EXP,SUF,Superfast,Daily,INDB,INDORE JN,BGKT,BHAGAT KI KOTHI,917,16:30,72
12466,RANTHAMBORE EXP,SUF,Superfast,Daily,BGKT,BHAGAT KI KOTHI,INDB,INDORE JN,917,16:25,72
12467,LEELAN EXP,SUF,Superfast,Daily,JSM,JAISALMER,JP,JAIPUR JN.,702,12:50,48
12468,LEELAN SF EXP,SUF,Superfast,Daily,JP,JAIPUR JN.,JSM,JAISALMER,702,12:40,48
12469,CNB JAT SF EXP,MEX,Mail/Express,"Wed,Fri",CNB,KANPUR CENTRAL,JAT,JAMMUTAVI,1026,18:25,28
12470,JAT CNB EXPRESS,SUF,Superfast,"Tue,Thu",JAT,JAMMUTAVI,CNB,KANPUR CENTRAL,1026,18:37,14
12471,SWARAJ EXPRESS,SUF,Superfast,"Mon,Thu,Fri,Sun",BDTS,BANDRA TERMINUS,SVDK,SHRI MATA VAISHNO DEVI KATRA,2024,30:50,31
12472,SWARAJ EXPRESS,SUF,Superfast,"Tue,Wed,Fri,Sat",SVDK,SHRI MATA VAISHNO DEVI KATRA,BDTS,BANDRA TERMINUS,2023,30:30,31
12473,SARVODAYA EXP,SUF,Superfast,Sat,GIMB,GANDHIDHAM BG,SVDK,SHRI MATA VAISHNO DEVI KATRA,2033,32:15,31
12474,SARVODAYA EXP,SUF,Superfast,Thu,SVDK,SHRI MATA VAISHNO DEVI KATRA,GIMB,GANDHIDHAM BG,2033,31:50,31
12475,HAPA SVDK EXP,SUF,Superfast,Tue,HAPA,HAPA,SVDK,SHRI MATA VAISHNO DEVI KATRA,2054,33:05,34
12476,SVDK HAPA EXP,SUF,Superfast,Mon,SVDK,SHRI MATA VAISHNO DEVI KATRA,HAPA,HAPA,2054,32:50,34
12477,JAM SVDK EXP,SUF,Superfast,Wed,JAM,JAMNAGAR,SVDK,SHRI MATA VAISHNO DEVI KATRA,2063,33:20,34
12478,SVDK JAM EXP,SUF,Superfast,Sun,SVDK,SHRI MATA VAISHNO DEVI KATRA,JAM,JAMNAGAR,2063,33:05,34
12479,SURYA NAGARI EXP,SUF,Superfast,Daily,JU,JODHPUR JN,BDTS,BANDRA TERMINUS,935,16:05,17
12480,SURYANAGARI EXP,SUF,Superfast,Daily,BDTS,BANDRA TERMINUS,JU,JODHPUR JN,935,15:50,17
12481,DLI SGNR EXP,SUF,Superfast,Daily,DLI,DELHI JN.,SGNR,SHRI GANGANAGAR,424,07:25,17
12482,INTERCITY EXP,SUF,Superfast,Daily,SGNR,SHRI GANGANAGAR,DLI,DELHI JN.,424,07:25,17
12483,TVCN ASR SF EXP,SUF,Superfast,Wed,TVCN,THIRUVANANTHAPURAM NORTH,ASR,AMRITSAR,3291,57:00,28
12484,ASR TVCN SF EXP,SUF,Superfast,Sun,ASR,AMRITSAR,TVCN,THIRUVANANTHAPURAM NORTH,3291,56:35,28
12485,NED SGNR SF EXP,SUF,Superfast,"Mon,Thu",NED,NANDED,SGNR,SHRI GANGANAGAR,1959,32:10,29
12486,SGNR NED EXP,SUF,Superfast,"Tue,Sat",SGNR,SHRI GANGANAGAR,NED,NANDED,1954,31:10,29
12487,SEEMANCHAL EXP,SUF,Superfast,Daily,JBN,JOGBANI,ANVT,ANAND VIHAR TERMINAL,1375,24:15,21
12488,SEEMANCHAL EXP,SUF,Superfast,Daily,ANVT,ANAND VIHAR TERMINAL,JBN,JOGBANI,1375,23:50,21
12489,BKN DDR EXP,SUF,Superfast,"Tue,Sat",SGNR,SHRI GANGANAGAR,DDR,DADAR,1545,27:05,28
12490,DDR BKN SF EXP,SUF,Superfast,"Wed,Sun",DDR,DADAR,SGNR,SHRI GANGANAGAR,1545,26:55,28
12493,DARSHAN EXPRESS,MEX,Mail/Express,Sun,MRJ,MIRAJ JN.,NZM,HAZRAT NIZAMUDDIN JN,1791,25:35,15
12494,DARSHAN EXPRESS,MEX,Mail/Express,Fri,NZM,HAZRAT NIZAMUDDIN JN,MRJ,MIRAJ JN.,1789,27:00,15
12495,PRATAP EXPRESS,SUF,Superfast,Thu,BKN,BIKANER JN,KOAA,KOLKATTA TERMINAL,1887,31:05,21
12496,PRATAP EXPRESS,SUF,Superfast,Fri,KOAA,KOLKATTA TERMINAL,BKN,BIKANER JN,1888,30:45,21
12497,SHANE PUNJAB,SUF,Superfast,Daily,NDLS,NEW DELHI,ASR,AMRITSAR,447,07:35,13
12498,SHANE PUNJAB,SUF,Superfast,Daily,ASR,AMRITSAR,NDLS,NEW DELHI,447,07:20,14
12501,AGTL GARIB RATH,GBR,Garib Rath,Sun,KOAA,KOLKATTA TERMINAL,AGTL,AGARTALA,1574,33:10,22
12502,KOAA GARIB RATH,GBR,Garib Rath,Wed,AGTL,AGARTALA,KOAA,KOLKATTA TERMINAL,1574,31:35,22
12503,AGTL HUMSAFAR,SUF,Superfast,"Tue,Fri",SMVB,SMVT BENGALURU,AGTL,AGARTALA,3557,64:40,33
12504,HUMSAFAR EXP,SUF,Superfast,"Tue,Sat",AGTL,AGARTALA,SMVB,SMVT BENGALURU,3557,62:40,33
12505,NORTHEAST EXP,SUF,Superfast,Daily,KYQ,KAMAKHYA,ANVT,ANAND VIHAR TERMINAL,1857,33:10,34
12506,NORTH EAST EXP,SUF,Superfast,Daily,ANVT,ANAND VIHAR TERMINAL,KYQ,KAMAKHYA,1857,32:45,33
12507,KARMABHOOMI EXPRESS,SUF,Superfast,Wed,NJP,NEW JALPAIGURI,ASR,AMRITSAR,1827,33:05,20
12508,KARMABHOOMI EXPRESS,SUF,Superfast,Fri,ASR,AMRITSAR,NJP,NEW JALPAIGURI,1827,33:05,20
12509,GUWAHATI EXP,SUF,Superfast,"Wed,Thu,Fri",SMVB,SMVT BENGALURU,GHY,GUWAHATI,2965,53:10,82
12510,GHY SMVB EXP,SUF,Superfast,"Mon,Tue,Sun",GHY,GUWAHATI,SMVB,SMVT BENGALURU,2965,51:45,40
12511,RAPTISAGAR EXP,SUF,Superfast,"Thu,Fri,Sun",GKP,GORAKHPUR JN,TVCN,THIRUVANANTHAPURAM NORTH,3236,57:07,60
12512,RAPTISAGAR SF EX,SUF,Superfast,"Tue,Wed,Sun",TVCN,THIRUVANANTHAPURAM NORTH,GKP,GORAKHPUR JN,3238,56:40,59
12517,GHY GARIB RATH,GBR,Garib Rath,Thu,KOAA,KOLKATTA TERMINAL,GHY,GUWAHATI,1007,18:10,16
12518,KOAA GARIB RATH,GBR,Garib Rath,Sat,GHY,GUWAHATI,KOAA,KOLKATTA TERMINAL,1007,17:35,16
12521,RAPTI SAGAR EXP,SUF,Superfast,Mon,BJU,BARAUNI JN,ERS,ERNAKULAM JN,3433,60:40,60
12522,RAPTISAGAR EXP,SUF,Superfast,Fri,ERS,ERNAKULAM JN,BJU,BARAUNI JN,3434,61:20,59
12527,CPR ANVT SF EXP,SUF,Superfast,Sun,CPR,CHHAPRA,ANVT,ANAND VIHAR TERMINAL,1007,17:10,12
12528,ANVT CPR SF EXP,SUF,Superfast,Mon,ANVT,ANAND VIHAR TERMINAL,CPR,CHHAPRA,1007,17:15,12
12533,PUSHPAK EXPRESS,SUF,Superfast,Daily,GTNR,GOMTI NAGAR,CSMT,C SHIVAJI MAH T,1432,26:00,19
12534,PUSHPAK EXPRESS,SUF,Superfast,Daily,CSMT,C SHIVAJI MAH T,GTNR,GOMTI NAGAR,1435,23:35,18
12535,LJN R GARIBRATH,GBR,Garib Rath,"Mon,Thu",LJN,LUCKNOW,R,RAIPUR JN.,913,17:05,14
12536,LJN GARIBRATH,GBR,Garib Rath,"Tue,Fri",R,RAIPUR JN.,LJN,LUCKNOW,913,17:05,14
12539,YPR LKO EXP,MEX,Mail/Express,Wed,YPR,YESVANTPUR JN.,LKO,LUCKNOW JN.,2586,45:25,19
12540,LKO YPR EXP,MEX,Mail/Express,Fri,LKO,LUCKNOW JN.,YPR,YESVANTPUR JN.,2586,43:20,18
12545,RXL-LTT KARMBHUMI EXPRESS,SUF,Superfast,Thu,RXL,RAXAUL JN,LTT,LOKMANYATILAK,2038,36:35,20
12546,LTT-RXL KARMBHUMI EXP,SUF,Superfast,Sat,LTT,LOKMANYATILAK,RXL,RAXAUL JN,2036,39:15,20
12547,AGC GG SF EXP,SUF,Superfast,"Mon,Tue,Thu,Fri",AGC,AGRA CANTT JN,GG,GANDHIGRAM,867,14:00,16
12548,GG  AGC SF EXP,SUF,Superfast,"Mon,Wed,Thu,Sun",GG,GANDHIGRAM,AGC,AGRA CANTT JN,867,14:25,16
12549,DURG MCTM SF,SUF,Superfast,Tue,DURG,DURG,MCTM,MARTYR CAPTAIN TUSHAR MAHAJAN,1916,31:50,20
12550,MCTM DURG SF EXP,SUF,Superfast,Thu,MCTM,MARTYR CAPTAIN TUSHAR MAHAJAN,DURG,DURG,1917,31:50,20
12551,SMVB KYQ AC EXP,SUF,Superfast,Sat,SMVB,SMVT BENGALURU,KYQ,KAMAKHYA,3004,52:15,31
12552,KYQ SMVB AC EXP,SUF,Superfast,Wed,KYQ,KAMAKHYA,SMVB,SMVT BENGALURU,3004,50:35,31
12555,GORAKHDHAM EXP,SUF,Superfast,Daily,GKP,GORAKHPUR JN,BTI,BATHINDA,1123,20:05,44
12556,GORAKHDHAM EXP,SUF,Superfast,Daily,BTI,BATHINDA,GKP,GORAKHPUR JN,1123,19:45,22
12557,SAPT KRANTI EXP,SUF,Superfast,Daily,MFP,MUZAFFARPUR JN,ANVT,ANAND VIHAR TERMINAL,1059,20:05,19
12558,SAPT KRANTI EXP,SUF,Superfast,Daily,ANVT,ANAND VIHAR TERMINAL,MFP,MUZAFFARPUR JN,1059,20:30,19
12559,SHIV GANGA EXP,SUF,Superfast,Daily,BNRS,BANARAS,NDLS,NEW DELHI,756,10:15,5
12560,SHIV GANGA EXP,SUF,Superfast,Daily,NDLS,NEW DELHI,BNRS,BANARAS,756,10:05,5
12561,SWATANTRA S EXP,SUF,Superfast,Daily,JYG,JAYNAGAR,NDLS,NEW DELHI,1235,22:25,42
12562,SWTANTRTA S EXP,SUF,Superfast,Daily,NDLS,NEW DELHI,JYG,JAYNAGAR,1235,22:10,40
12565,BIHAR S KRANTI,SUF,Superfast,Daily,DBG,DARBHANGA JN,NDLS,NEW DELHI,1171,20:50,16
12566,BIHAR S KRANTI,SUF,Superfast,Daily,NDLS,NEW DELHI,DBG,DARBHANGA JN,1171,20:50,32
12571,ANVT HUMSAFAR,SUF,Superfast,"Wed,Fri,Sat,Sun",GKP,GORAKHPUR JN,ANVT,ANAND VIHAR TERMINAL,838,13:35,10
12572,GKP HUMSAFAR EX,SUF,Superfast,"Mon,Thu,Sat,Sun",ANVT,ANAND VIHAR TERMINAL,GKP,GORAKHPUR JN,839,13:15,10
12577,BAGMATI EXP,SUF,Superfast,Tue,DBG,DARBHANGA JN,MYS,MYSORE JN,3026,52:30,38
12578,BAGMATI EXP,SUF,Superfast,Fri,MYS,MYSORE JN,DBG,DARBHANGA JN,3026,53:40,37
12581,BNRS NDLS SFEXP,SUF,Superfast,"Mon,Thu,Fri,Sat,Sun",BNRS,BANARAS,NDLS,NEW DELHI,755,10:35,7
12582,BNRS SF EXPRESS,SUF,Superfast,"Wed,Thu,Fri,Sat,Sun",NDLS,NEW DELHI,BNRS,BANARAS,755,11:10,7
12583,ANVT DOUBLE DKR,SUF,Superfast,"Tue,Thu,Fri,Sun",LJN,LUCKNOW,ANVT,ANAND VIHAR TERMINAL,479,08:05,5
12584,LJN DOUBLE DKR,SUF,Superfast,"Tue,Thu,Fri,Sun",ANVT,ANAND VIHAR TERMINAL,LJN,LUCKNOW,479,08:20,5
12587,AMARNATH EXP,SUF,Superfast,Mon,GKP,GORAKHPUR JN,JAT,JAMMUTAVI,1248,22:10,18
12588,GKP SF EXP,SUF,Superfast,Sat,JAT,JAMMUTAVI,GKP,GORAKHPUR JN,1248,21:45,18
12589,GKP CHZ EXPRESS,SUF,Superfast,Wed,GKP,GORAKHPUR JN,CHZ,CHARLAPALLI,1816,30:57,29
12590,CHZ GKP SF EXP,SUF,Superfast,Thu,CHZ,CHARLAPALLI,GKP,GORAKHPUR JN,1816,33:00,29
12591,GKP YPR EXPRESS,SUF,Superfast,Sat,GKP,GORAKHPUR JN,YPR,YESVANTPUR JN.,2509,43:57,37
12592,GORAKHPUR EXP,SUF,Superfast,Mon,YPR,YESVANTPUR JN.,GKP,GORAKHPUR JN,2509,45:40,37
12593,LJN BPL G RATH,GBR,Garib Rath,Sat,LJN,LUCKNOW,BPL,BHOPAL JN.,583,10:25,7
12594,LJN GARIBRATH,GBR,Garib Rath,Sun,BPL,BHOPAL JN.,LJN,LUCKNOW,583,09:55,7
12595,ANVT HUMSAFAR,SUF,Superfast,"Mon,Tue,Thu",GKP,GORAKHPUR JN,ANVT,ANAND VIHAR TERMINAL,772,12:25,12
12596,GKP HUMSAFAR EX,SUF,Superfast,"Tue,Wed,Fri",ANVT,ANAND VIHAR TERMINAL,GKP,GORAKHPUR JN,772,11:40,12
12597,GKP-CSMT-ANTODAYA SUF,SUF,Superfast,Tue,GKP,GORAKHPUR JN,CSMT,C SHIVAJI MAH T,1690,27:50,13
12598,CSMT-GKP -ANTODAYA EXPRES,SUF,Superfast,Wed,CSMT,C SHIVAJI MAH T,GKP,GORAKHPUR JN,1691,28:50,13
12601,MAS MAQ SF MAIL,SUF,Superfast,Daily,MAS,PURATCHI THALAIVAR DR. MGR CTL,MAQ,MANGALORE CENTRAL,891,15:56,31
12602,MAQ CHENNAI MAIL,SUF,Superfast,Daily,MAQ,MANGALORE CENTRAL,MAS,PURATCHI THALAIVAR DR. MGR CTL,889,16:15,33
12603,MAS CHZ SF EXP,SUF,Superfast,Daily,MAS,PURATCHI THALAIVAR DR. MGR CTL,CHZ,CHARLAPALLI,682,12:25,19
12604,CHENNAI SF EXP,SUF,Superfast,Daily,CHZ,CHARLAPALLI,MAS,PURATCHI THALAIVAR DR. MGR CTL,685,12:15,19
12605,PALLAVAN SF EXP,SUF,Superfast,Daily,MS,CHENNAI EGMORE,KKDI,KARAIKKUDI JN,425,06:50,14
12606,PALLAVAN SF EXP,SUF,Superfast,Daily,KKDI,KARAIKKUDI JN,MS,CHENNAI EGMORE,425,06:35,14
12607,LALBAGH SF EXP,MEX,Mail/Express,Daily,MAS,PURATCHI THALAIVAR DR. MGR CTL,SBC,KSR BENGALURU,354,06:25,13
12608,LALBAGH SF EXP,MEX,Mail/Express,Daily,SBC,KSR BENGALURU,MAS,PURATCHI THALAIVAR DR. MGR CTL,354,05:55,13
12611,NZM GARIBRATH,GBR,Garib Rath,Sat,MAS,PURATCHI THALAIVAR DR. MGR CTL,NZM,HAZRAT NIZAMUDDIN JN,2169,28:30,12
12612,MAS GARIB RATH,GBR,Garib Rath,Mon,NZM,HAZRAT NIZAMUDDIN JN,MAS,PURATCHI THALAIVAR DR. MGR CTL,2169,29:25,11
12613,WODEYAR SF EXP,SUF,Superfast,Daily,MYS,MYSORE JN,SBC,KSR BENGALURU,138,02:30,5
12614,WODEYAR SF EXP,SUF,Superfast,Daily,SBC,KSR BENGALURU,MYS,MYSORE JN,138,02:30,5
12615,GRAND TRUNK EXP,SUF,Superfast,Daily,MAS,PURATCHI THALAIVAR DR. MGR CTL,NDLS,NEW DELHI,2177,34:55,38
12616,GRAND TRUNK EXP,SUF,Superfast,Daily,NDLS,NEW DELHI,MAS,PURATCHI THALAIVAR DR. MGR CTL,2177,36:30,38
12617,MANGLADWEEP EXP,SUF,Superfast,Daily,ERS,ERNAKULAM JN,NZM,HAZRAT NIZAMUDDIN JN,2762,51:05,96
12618,MANGLADWEEP EXP,SUF,Superfast,Daily,NZM,HAZRAT NIZAMUDDIN JN,ERS,ERNAKULAM JN,2762,50:25,43
12619,MATSYAGANDHA EXP,SUF,Superfast,Daily,LTT,LOKMANYATILAK,MAQ,MANGALORE CENTRAL,892,19:10,23
12620,MATSYAGANDA EXP,SUF,Superfast,Daily,MAQ,MANGALORE CENTRAL,LTT,LOKMANYATILAK,892,17:50,21
12621,TAMILNADU SF EXP,SUF,Superfast,Daily,MAS,PURATCHI THALAIVAR DR. MGR CTL,NDLS,NEW DELHI,2177,32:30,13
12622,TAMILNADU SF EXP,SUF,Superfast,Daily,NDLS,NEW DELHI,MAS,PURATCHI THALAIVAR DR. MGR CTL,2179,33:30,12
12623,MAS TVC SF MAIL,SUF,Superfast,Daily,MAS,PURATCHI THALAIVAR DR. MGR CTL,TVC,THIRUVANANTHAPURAM CENTRAL,920,15:50,21
12624,TVC MAS SF MAIL,SUF,Superfast,Daily,TVC,THIRUVANANTHAPURAM CENTRAL,MAS,PURATCHI THALAIVAR DR. MGR CTL,922,16:45,22
12625,KERALA SF EXP,SUF,Superfast,Daily,TVC,THIRUVANANTHAPURAM CENTRAL,NDLS,NEW DELHI,3031,49:15,43
12626,KERALA SF EXP,SUF,Superfast,Daily,NDLS,NEW DELHI,TVC,THIRUVANANTHAPURAM CENTRAL,3030,49:40,86
12627,KARNATAKA EXP,SUF,Superfast,Daily,SBC,KSR BENGALURU,NDLS,NEW DELHI,2384,37:40,70
12628,KARNATAKA EXP,SUF,Superfast,Daily,NDLS,NEW DELHI,SBC,KSR BENGALURU,2384,39:40,34
12629,SAMPARK KRANTI,SUF,Superfast,"Tue,Thu",YPR,YESVANTPUR JN.,NZM,HAZRAT NIZAMUDDIN JN,2603,44:40,16
12630,YPR S KRNTI EXP,SUF,Superfast,"Wed,Fri",NZM,HAZRAT NIZAMUDDIN JN,YPR,YESVANTPUR JN.,2603,44:55,16
12631,NELLAI SF EXP,SUF,Superfast,Daily,MS,CHENNAI EGMORE,TEN,TIRUNELVELI JN,653,10:10,15
12632,NELLAI SF EXP,SUF,Superfast,Daily,TEN,TIRUNELVELI JN,MS,CHENNAI EGMORE,653,10:20,16
12633,KANYAKUMARI EXP,SUF,Superfast,Daily,MS,CHENNAI EGMORE,CAPE,KANNIYAKUMARI,742,12:10,16
12634,KANYAKUMARI EXP,SUF,Superfast,Daily,CAPE,KANNIYAKUMARI,MS,CHENNAI EGMORE,742,12:35,18
12635,VAIGAI SF EXP,SUF,Superfast,Daily,MS,CHENNAI EGMORE,MDU,MADURAI JN,496,07:20,12
12636,VAIGAI SF EXP,SUF,Superfast,Daily,MDU,MADURAI JN,MS,CHENNAI EGMORE,496,07:30,13
12637,PANDIAN SF EXP,SUF,Superfast,Daily,MS,CHENNAI EGMORE,MDU,MADURAI JN,496,07:45,11
12638,PANDIAN SF EXP,SUF,Superfast,Daily,MDU,MADURAI JN,MS,CHENNAI EGMORE,496,07:55,12
12639,BRINDAVAN SF EXP,SUF,Superfast,Daily,MAS,PURATCHI THALAIVAR DR. MGR CTL,SBC,KSR BENGALURU,354,06:20,13
12640,BRINDAVAN SF EX,SUF,Superfast,Daily,SBC,KSR BENGALURU,MAS,PURATCHI THALAIVAR DR. MGR CTL,354,06:00,14
12641,TIRUKKURAL EXP,SUF,Superfast,"Wed,Fri",CAPE,KANNIYAKUMARI,NZM,HAZRAT NIZAMUDDIN JN,2917,46:05,23
12642,TIRUKKURAL EXP,SUF,Superfast,"Mon,Sat",NZM,HAZRAT NIZAMUDDIN JN,CAPE,KANNIYAKUMARI,2919,46:45,23
12643,TVC NZM SF EXP,SUF,Superfast,Tue,TVC,THIRUVANANTHAPURAM CENTRAL,NZM,HAZRAT NIZAMUDDIN JN,3011,52:30,32
12644,NZM TVC SF EXP,SUF,Superfast,Fri,NZM,HAZRAT NIZAMUDDIN JN,TVC,THIRUVANANTHAPURAM CENTRAL,3013,49:50,31
12645,MILLENNIUM EXP,SUF,Superfast,Sat,ERS,ERNAKULAM JN,NZM,HAZRAT NIZAMUDDIN JN,2806,47:35,28
12646,MILLENIUM EXP,SUF,Superfast,Tue,NZM,HAZRAT NIZAMUDDIN JN,ERS,ERNAKULAM JN,2807,46:00,27
12647,KONGU SF EXP,SUF,Superfast,Sun,CBE,COIMBATORE JN,NZM,HAZRAT NIZAMUDDIN JN,2694,45:45,25
12648,KONGU SF EXP,SUF,Superfast,Wed,NZM,HAZRAT NIZAMUDDIN JN,CBE,COIMBATORE JN,2681,47:30,26
12649,SAMPARK KRANTI,SUF,Superfast,"Mon,Wed,Fri,Sat,Sun",YPR,YESVANTPUR JN.,NZM,HAZRAT NIZAMUDDIN JN,2745,42:40,20
12650,YPR S KRANTI,SUF,Superfast,"Mon,Tue,Thu,Sat,Sun",NZM,HAZRAT NIZAMUDDIN JN,YPR,YESVANTPUR JN.,2744,43:55,20
12651,MDU-NZM SAMPARK KRANTI SF,SUF,Superfast,"Tue,Sun",MDU,MADURAI JN,NZM,HAZRAT NIZAMUDDIN JN,2671,41:30,15
12652,MDU S KRANTI EXP,SUF,Superfast,"Tue,Thu",NZM,HAZRAT NIZAMUDDIN JN,MDU,MADURAI JN,2673,42:45,15
12653,ROCKFORT SF EXP,SUF,Superfast,Daily,MS,CHENNAI EGMORE,TPJ,TIRUCHCHIRAPPALLI JN.,336,05:30,13
12654,ROCKFORT SF EXP,SUF,Superfast,Daily,TPJ,TIRUCHCHIRAPPALLI JN.,MS,CHENNAI EGMORE,336,05:35,13
12655,NAVJEEVAN EXP,SUF,Superfast,Daily,ADI,AHMEDABAD JN,MAS,PURATCHI THALAIVAR DR. MGR CTL,1891,31:45,44
12656,NAVJEEVAN SF EXP,SUF,Superfast,Daily,MAS,PURATCHI THALAIVAR DR. MGR CTL,ADI,AHMEDABAD JN,1891,31:50,45
12657,MAS SBC SF MAIL,SUF,Superfast,Daily,MAS,PURATCHI THALAIVAR DR. MGR CTL,SBC,KSR BENGALURU,354,05:45,8
12658,SBC MAS SF MAIL,SUF,Superfast,Daily,SBC,KSR BENGALURU,MAS,PURATCHI THALAIVAR DR. MGR CTL,354,05:25,8
12659,GURUDEV SF EXP,SUF,Superfast,Sun,NCJ,NAGERCOIL JUNCTION,SHM,SHALIMAR,2582,45:45,44
12660,GURUDEV EXP,SUF,Superfast,Wed,SHM,SHALIMAR,NCJ,NAGERCOIL JUNCTION,2581,45:55,88
12661,POTHIGAI SF EXP,SUF,Superfast,Daily,MS,CHENNAI EGMORE,SCT,SENGOTTAI,669,11:05,18
12662,POTHIGAI SF EXP,SUF,Superfast,Daily,SCT,SENGOTTAI,MS,CHENNAI EGMORE,669,11:05,18
12663,HWH TPJ SUF EXP,SUF,Superfast,"Thu,Sun",HWH,HOWRAH JN,TPJ,TIRUCHCHIRAPPALLI JN.,2001,33:15,24
12664,TPJ HWH SF EXP,SUF,Superfast,"Tue,Fri",TPJ,TIRUCHCHIRAPPALLI JN.,HWH,HOWRAH JN,2001,34:30,25
12665,HWH CAPE SF EXP,SUF,Superfast,Mon,HWH,HOWRAH JN,CAPE,KANNIYAKUMARI,2407,41:45,30
12666,CAPE HWH SF EXP,SUF,Superfast,Sat,CAPE,KANNIYAKUMARI,HWH,HOWRAH JN,2407,42:15,33
12667,MS CAPE SF EXP,SUF,Superfast,Thu,TBM,TAMBARAM,CAPE,KANNIYAKUMARI,717,11:45,12
12668,CAPE MS SF EXP,SUF,Superfast,Fri,CAPE,KANNIYAKUMARI,TBM,TAMBARAM,717,11:35,12
12669,GANGAKAVERI EXP,SUF,Superfast,"Mon,Sat",MAS,PURATCHI THALAIVAR DR. MGR CTL,CPR,CHHAPRA,2339,39:55,23
12670,GANGAKAVERI EXP,SUF,Superfast,"Mon,Wed",CPR,CHHAPRA,MAS,PURATCHI THALAIVAR DR. MGR CTL,2337,39:10,23
12671,NILAGIRI SF EXP,SUF,Superfast,Daily,MAS,PURATCHI THALAIVAR DR. MGR CTL,MTP,METUPALAIYAM,537,09:15,9
12672,NILAGIRI SF EXP,SUF,Superfast,Daily,MTP,METUPALAIYAM,MAS,PURATCHI THALAIVAR DR. MGR CTL,538,09:05,9
12673,CHERAN SF EXP,SUF,Superfast,Daily,MAS,PURATCHI THALAIVAR DR. MGR CTL,CBE,COIMBATORE JN,499,08:00,9
12674,CHERAN SF EXP,SUF,Superfast,Daily,CBE,COIMBATORE JN,MAS,PURATCHI THALAIVAR DR. MGR CTL,499,08:10,9
12675,KOVAI SF EXPRESS,SUF,Superfast,Daily,MAS,PURATCHI THALAIVAR DR. MGR CTL,CBE,COIMBATORE JN,497,07:55,12
12676,KOVAI SF EXP,SUF,Superfast,Daily,CBE,COIMBATORE JN,MAS,PURATCHI THALAIVAR DR. MGR CTL,497,07:30,13
12679,CBE INTERCITY,SUF,Superfast,Daily,MAS,PURATCHI THALAIVAR DR. MGR CTL,CBE,COIMBATORE JN,499,07:50,13
12680,MAS INTERCITY,SUF,Superfast,Daily,CBE,COIMBATORE JN,MAS,PURATCHI THALAIVAR DR. MGR CTL,499,07:25,13
12681,MAS CBE SF EXP,SUF,Superfast,Sat,MAS,PURATCHI THALAIVAR DR. MGR CTL,CBE,COIMBATORE JN,499,08:00,8
12682,CBE MAS SF EXP,SUF,Superfast,Fri,CBE,COIMBATORE JN,MAS,PURATCHI THALAIVAR DR. MGR CTL,499,08:05,8
12683,ERS SMVB SF EXP,SUF,Superfast,"Mon,Wed,Sun",ERS,ERNAKULAM JN,SMVB,SMVT BENGALURU,607,11:05,13
12684,ERNAKULAM SFEXP,SUF,Superfast,"Mon,Tue,Thu",SMVB,SMVT BENGALURU,ERS,ERNAKULAM JN,607,11:00,13
12685,MAS MAQ SF EXP,SUF,Superfast,Daily,MAS,PURATCHI THALAIVAR DR. MGR CTL,MAQ,MANGALORE CENTRAL,891,15:00,21
12686,MAQ MAS SF EXP,SUF,Superfast,Daily,MAQ,MANGALORE CENTRAL,MAS,PURATCHI THALAIVAR DR. MGR CTL,889,15:10,21
12689,MAS CAPE SF EXP,SUF,Superfast,Fri,MAS,PURATCHI THALAIVAR DR. MGR CTL,CAPE,KANNIYAKUMARI,905,15:45,19
12690,CAPE MAS SF EXP,SUF,Superfast,Sun,CAPE,KANNIYAKUMARI,MAS,PURATCHI THALAIVAR DR. MGR CTL,904,14:55,20
12691,MAS SMET SF EXP,SUF,Superfast,Fri,MAS,PURATCHI THALAIVAR DR. MGR CTL,SMET,SHIMOGA TOWN,629,11:25,17
12692,SMET MAS SF EXP,SUF,Superfast,Sat,SMET,SHIMOGA TOWN,MAS,PURATCHI THALAIVAR DR. MGR CTL,630,11:15,20
12693,PEARL CITY EXP,SUF,Superfast,Daily,MS,CHENNAI EGMORE,TN,TUTICORIN,655,10:40,20
12694,PEARL CITY EXP,SUF,Superfast,Daily,TN,TUTICORIN,MS,CHENNAI EGMORE,655,10:30,21
12695,MAS TVC SF EXP,SUF,Superfast,Daily,MAS,PURATCHI THALAIVAR DR. MGR CTL,TVC,THIRUVANANTHAPURAM CENTRAL,920,16:25,22
12696,TVC MAS SF EXP,SUF,Superfast,Daily,TVC,THIRUVANANTHAPURAM CENTRAL,MAS,PURATCHI THALAIVAR DR. MGR CTL,922,16:45,23
12697,MAS TVC SF EXP,SUF,Superfast,Sun,MAS,PURATCHI THALAIVAR DR. MGR CTL,TVC,THIRUVANANTHAPURAM CENTRAL,896,15:30,13
12698,TVC MAS SF EXP,SUF,Superfast,Sat,TVC,THIRUVANANTHAPURAM CENTRAL,MAS,PURATCHI THALAIVAR DR. MGR CTL,897,15:10,13
12701,HUSSAINSAGAR EXP,SUF,Superfast,Daily,CSMT,C SHIVAJI MAH T,HYB,HYDERABAD,792,14:15,16
12702,HUSSAINSAGAR SF,SUF,Superfast,Daily,HYB,HYDERABAD,CSMT,C SHIVAJI MAH T,792,14:00,17
12703,FALAKNUMA EXP,SUF,Superfast,Daily,HWH,HOWRAH JN,SC,SECUNDERABAD JN,1541,26:05,26
12704,FALAKNUMA SF EX,SUF,Superfast,Daily,SC,SECUNDERABAD JN,HWH,HOWRAH JN,1541,26:15,27
12705,SC INTERCITY SF,SUF,Superfast,Daily,GNT,GUNTUR JN,SC,SECUNDERABAD JN,386,06:53,16
12706,GNT INTRCITY SF,SUF,Superfast,Daily,SC,SECUNDERABAD JN,GNT,GUNTUR JN,384,06:58,16
12707,SAMPARK KRANTI,SUF,Superfast,"Mon,Wed,Fri",TPTY,TIRUPATI,NZM,HAZRAT NIZAMUDDIN JN,2297,36:35,22
12708,NZM TPTY SF EXP,SUF,Superfast,"Wed,Fri,Sun",NZM,HAZRAT NIZAMUDDIN JN,TPTY,TIRUPATI,2296,39:40,22
12709,SIMHAPURI SF EX,SUF,Superfast,Daily,GDR,GUDUR JN,SC,SECUNDERABAD JN,644,11:10,16
12710,SIMHAPURI SF EXP,SUF,Superfast,Daily,SC,SECUNDERABAD JN,GDR,GUDUR JN,642,10:50,16
12711,PINAKINI SF EXP,SUF,Superfast,Daily,BZA,VIJAYAWADA JN,MAS,PURATCHI THALAIVAR DR. MGR CTL,428,06:55,14
12712,PINAKINI SF EXP,SUF,Superfast,Daily,MAS,PURATCHI THALAIVAR DR. MGR CTL,BZA,VIJAYAWADA JN,428,07:30,14
12713,SATAVAHANA SF,SUF,Superfast,Daily,BZA,VIJAYAWADA JN,SC,SECUNDERABAD JN,351,06:15,11
12714,SATAVAHANA SF,SUF,Superfast,Daily,SC,SECUNDERABAD JN,BZA,VIJAYAWADA JN,349,05:55,11
12715,SACHKHAND SF EX,SUF,Superfast,Daily,NED,NANDED,ASR,AMRITSAR,2077,36:15,39
12716,SACHKHAND EXP,SUF,Superfast,Daily,ASR,AMRITSAR,NED,NANDED,2077,33:05,38
12717,RATNANCHAL SF EX,SUF,Superfast,Daily,VSKP,VISAKHAPATNAM,BZA,VIJAYAWADA JN,350,06:20,13
12718,RATNACHAL SF EX,SUF,Superfast,Daily,BZA,VIJAYAWADA JN,VSKP,VISAKHAPATNAM,350,06:20,13
12719,JP HYB SF EXP,SUF,Superfast,"Wed,Fri",JP,JAIPUR JN.,HYB,HYDERABAD,1842,33:25,56
12720,HYB JP SF EXP,SUF,Superfast,"Mon,Wed",HYB,HYDERABAD,JP,JAIPUR JN.,1842,33:00,28
12721,DAKSHIN SF EXP,SUF,Superfast,Daily,HYB,HYDERABAD,NZM,HAZRAT NIZAMUDDIN JN,1671,28:45,44
12722,DAKSHIN EXP,SUF,Superfast,Daily,NZM,HAZRAT NIZAMUDDIN JN,HYB,HYDERABAD,1671,29:00,45
12723,TELANGANA SF EXP,SUF,Superfast,Daily,HYB,HYDERABAD,NDLS,NEW DELHI,1682,26:00,18
12724,TELANGANA EXP,SUF,Superfast,Daily,NDLS,NEW DELHI,HYB,HYDERABAD,1682,25:10,16
12725,SIDDAGANGA EXP,SUF,Superfast,Daily,SBC,KSR BENGALURU,DWR,DHARWAR,490,08:40,18
12726,SIDDAGANGA EXP,SUF,Superfast,Daily,DWR,DHARWAR,SBC,KSR BENGALURU,490,08:40,18
12727,GODAVARI EXPRES,SUF,Superfast,Daily,VSKP,VISAKHAPATNAM,HYB,HYDERABAD,712,12:55,21
12728,GODAVARI SF EXP,SUF,Superfast,Daily,HYB,HYDERABAD,VSKP,VISAKHAPATNAM,710,12:50,21
12731,TPTY SC SF EXP,SUF,Superfast,"Thu,Sun",TPTY,TIRUPATI,SC,SECUNDERABAD JN,800,14:24,17
12732,SC TPTY SF EXP,SUF,Superfast,"Wed,Sat",SC,SECUNDERABAD JN,TPTY,TIRUPATI,799,14:10,16
12733,NARAYANADRI SF,SUF,Superfast,Daily,TPTY,TIRUPATI,LPI,LINGAMPALLI,678,12:25,22
12734,NARAYANADRI SF,SUF,Superfast,Daily,LPI,LINGAMPALLI,TPTY,TIRUPATI,678,12:25,22
12735,GARIBRATH EXP,GBR,Garib Rath,"Wed,Fri,Sun",CHZ,CHARLAPALLI,YPR,YESVANTPUR JN.,709,12:35,13
12736,SC GARIB RATH,GBR,Garib Rath,"Mon,Thu,Sat",YPR,YESVANTPUR JN.,CHZ,CHARLAPALLI,709,12:45,13
12737,GOUTAMI SF EXP,SUF,Superfast,Daily,COA,KAKINADA PORT,LPI,LINGAMPALLI,585,10:35,21
12738,GOUTAMI SF EXP,SUF,Superfast,Daily,LPI,LINGAMPALLI,COA,KAKINADA PORT,585,10:38,22
12739,GARIB RATH,GBR,Garib Rath,Daily,VSKP,VISAKHAPATNAM,SC,SECUNDERABAD JN,701,11:45,11
12740,GARIBRATH EXP,GBR,Garib Rath,Daily,SC,SECUNDERABAD JN,VSKP,VISAKHAPATNAM,701,11:20,11
12741,VSG PATNA EXP,SUF,Superfast,Wed,VSG,VASCO DA GAMA,PNBE,PATNA JN,2229,39:10,21
12742,PNBE VSG EXP,SUF,Superfast,Sat,PNBE,PATNA JN,VSG,VASCO DA GAMA,2229,39:40,21
12743,VIKRAMSIMHAPURI,SUF,Superfast,Daily,GDR,GUDUR JN,BZA,VIJAYAWADA JN,293,04:45,9
12744,VIKRAMSIMHAPURI,SUF,Superfast,Daily,BZA,VIJAYAWADA JN,GDR,GUDUR JN,293,04:45,9
12745,SC MUGR SF EXP,SUF,Superfast,Daily,SC,SECUNDERABAD JN,MUGR,MANUGURU,337,06:07,11
12746,MUGR SC SF EXP,SUF,Superfast,Daily,MUGR,MANUGURU,SC,SECUNDERABAD JN,337,06:07,11
12747,PALANADU SF EXP,SUF,Superfast,Daily,GNT,GUNTUR JN,VKB,VIKARABAD JN,347,06:35,15
12748,PALANADU SF EXP,SUF,Superfast,Daily,VKB,VIKARABAD JN,GNT,GUNTUR JN,347,06:25,15
12749,MTM BIDR SF EXP,SUF,Superfast,Daily,MTM,MACHILIPATNAM,BIDR,BIDAR,595,10:48,17
12750,BIDR MTM SF EXP,SUF,Superfast,Daily,BIDR,BIDAR,MTM,MACHILIPATNAM,592,10:45,17
12751,JAT HUMSAFAR,SUF,Superfast,Fri,NED,NANDED,JAT,JAMMUTAVI,2096,36:20,26
12752,NED HUMSAFAR,SUF,Superfast,Sun,JAT,JAMMUTAVI,NED,NANDED,2096,34:10,26
12753,SAMPARK KRANTI,SUF,Superfast,Tue,NED,NANDED,NZM,HAZRAT NIZAMUDDIN JN,1622,25:30,11
12754,MARATHWADA S K,SUF,Superfast,Wed,NZM,HAZRAT NIZAMUDDIN JN,NED,NANDED,1622,25:55,11
12755,COA BVC SF EXP,SUF,Superfast,Thu,COA,KAKINADA PORT,BVC,BHAVNAGAR TERMINUS,2048,37:10,32
12756,BVC COA SF EXP,SUF,Superfast,Sat,BVC,BHAVNAGAR TERMINUS,COA,KAKINADA PORT,2048,37:00,31
12757,KAGHAZNAGAR SF,SUF,Superfast,Daily,SC,SECUNDERABAD JN,SKZR,SIRPUR KAGHAZNAGAR,301,05:27,16
12758,SKZR SC SF EXP,SUF,Superfast,Daily,SKZR,SIRPUR KAGHAZNAGAR,SC,SECUNDERABAD JN,301,05:28,16
12759,CHARMINAR SF EXP,SUF,Superfast,Daily,TBM,TAMBARAM,HYB,HYDERABAD,820,14:40,18
12760,CHARMINAR SF EX,SUF,Superfast,Daily,HYB,HYDERABAD,TBM,TAMBARAM,821,14:00,18
12761,TPTY KRMR SF EXP,SUF,Superfast,"Wed,Sat",TPTY,TIRUPATI,KRMR,KARIMNAGAR,713,12:35,12
12762,KRMR TPTY SF EX,SUF,Superfast,"Thu,Sun",KRMR,KARIMNAGAR OA,TPTY,TIRUPATI,715,12:50,12
12763,PADMAVATI SF EXP,SUF,Superfast,"Mon,Tue,Wed,Fri,Sat",TPTY,TIRUPATI,SC,SECUNDERABAD JN,737,13:20,16
12764,PADMAVATHI SF,SUF,Superfast,"Mon,Tue,Thu,Fri,Sun",SC,SECUNDERABAD JN,TPTY,TIRUPATI,737,12:15,19
12765,TPTY AMI SF EXP,SUF,Superfast,"Tue,Sat",TPTY,TIRUPATI,AMI,AMRAVATI,1304,23:25,24
12766,AMI TPTY EXP,SUF,Superfast,"Mon,Thu",AMI,AMRAVATI,TPTY,TIRUPATI,1304,23:40,24
12767,NED SRC SUP EXP,SUF,Superfast,Mon,NED,NANDED,SRC,SANTRAGACHI JN,1581,28:05,19
12768,SRC NED SUF EXP,SUF,Superfast,Wed,SRC,SANTRAGACHI JN,NED,NANDED,1580,28:20,19
12769,SEVEN HILLS SF,SUF,Superfast,"Mon,Fri",TPTY,TIRUPATI,SC,SECUNDERABAD JN,707,12:40,17
12770,SEVEN HILLS SF,SUF,Superfast,"Tue,Fri",SC,SECUNDERABAD JN,TPTY,TIRUPATI,707,12:45,17
12771,SC R SF EXPRESS,SUF,Superfast,"Mon,Wed,Fri",SC,SECUNDERABAD JN,R,RAIPUR JN.,882,14:40,17
12772,R SC SF EXPRESS,SUF,Superfast,"Tue,Thu,Sat",R,RAIPUR JN.,SC,SECUNDERABAD JN,882,15:45,17
12773,SHM SC SUF EXP,SUF,Superfast,Wed,SHM,SHALIMAR,SC,SECUNDERABAD JN,1576,26:05,16
12774,SC SHM AC SF EX,SUF,Superfast,Tue,SC,SECUNDERABAD JN,SHM,SHALIMAR,1577,26:55,16
12775,COCANADA SF EXP,SUF,Superfast,Daily,CCT,KAKINADA TOWN,LPI,LINGAMPALLI,611,11:10,14
12776,COCANADA SF EXP,SUF,Superfast,Daily,LPI,LINGAMPALLI,CCT,KAKINADA TOWN,609,11:03,14
12777,UBL TVCN SF EXP,SUF,Superfast,Wed,UBL,SSS HUBBALLI JN,TVCN,THIRUVANANTHAPURAM NORTH,1296,23:30,24
12778,TVCN UBL SF EXP,SUF,Superfast,Thu,TVCN,THIRUVANANTHAPURAM NORTH,UBL,SSS HUBBALLI JN,1296,23:25,23
12779,GOA EXPRESS,SUF,Superfast,Daily,VSG,VASCO DA GAMA,NZM,HAZRAT NIZAMUDDIN JN,2149,39:15,33
12780,GOA EXPRESS,SUF,Superfast,Daily,NZM,HAZRAT NIZAMUDDIN JN,VSG,VASCO DA GAMA,2149,39:45,33
12781,SWARNA JAYANTHI,SUF,Superfast,Fri,MYS,MYSORE JN,NZM,HAZRAT NIZAMUDDIN JN,2609,47:15,32
12782,NZM MYS SF EXP,SUF,Superfast,Mon,NZM,HAZRAT NIZAMUDDIN JN,MYS,MYSORE JN,2609,45:10,32
12783,VSKP SC AC EXP,SUF,Superfast,Sun,VSKP,VISAKHAPATNAM,SC,SECUNDERABAD JN,660,12:04,12
12784,VSKP AC SF EXP,SUF,Superfast,Sat,SC,SECUNDERABAD JN,VSKP,VISAKHAPATNAM,660,12:05,12
12785,KCG AP SF EXP,SUF,Superfast,Daily,KCG,KACHEGUDA,AP,ASHOKAPURAM,763,14:50,22
12786,KACHEGUDA EXP,SUF,Superfast,Daily,AP,ASHOKAPURAM,KCG,KACHEGUDA,763,14:45,21
12787,NS NSL SF EXP,SUF,Superfast,"Mon,Tue,Wed,Thu,Sat",NS,NARASAPUR,NSL,NAGARSOL,1079,19:55,22
12788,NSL NS SF EXP,SUF,Superfast,"Tue,Wed,Thu,Fri,Sun",NSL,NAGARSOL,NS,NARASAPUR,1076,19:45,22
12789,KCG KT SF EXP,SUF,Superfast,"Tue,Fri",KCG,KACHEGUDA,KT,KUMTA,1723,32:35,37
12790,KUMTA KCG EXP,SUF,Superfast,"Wed,Sat",KT,KUMTA,KCG,KACHEGUDA,1724,32:15,37
12791,SC DNR SF EXP,SUF,Superfast,Daily,SC,SECUNDERABAD JN,DNR,DANAPUR,1827,32:50,29
12792,SECUNDERABAD EX,SUF,Superfast,Daily,DNR,DANAPUR,SC,SECUNDERABAD JN,1827,33:15,29
12793,RAYALASEEMA SF,SUF,Superfast,Daily,TPTY,TIRUPATI,NZB,NIZAMABAD JN.,890,15:55,28
12794,RAYALASEEMA SF,SUF,Superfast,Daily,NZB,NIZAMABAD JN.,TPTY,TIRUPATI,890,16:00,29
12795,BZA-LPI  INTERCITY EXP,SUF,Superfast,Daily,BZA,VIJAYAWADA JN,LPI,LINGAMPALLI,333,06:05,8
12796,LPI-BZA SUP EXP,SUF,Superfast,Daily,LPI,LINGAMPALLI,BZA,VIJAYAWADA JN,333,05:55,8
12797,VENKATADRI SF,SUF,Superfast,Daily,KCG,KACHEGUDA,CTO,CHITTOOR,702,12:47,21
12798,VENKATADRI SF,SUF,Superfast,Daily,CTO,CHITTOOR,KCG,KACHEGUDA,702,12:45,21
12801,PURUSHOTTAM SF,SUF,Superfast,Daily,PURI,PURI,ANVT,ANAND VIHAR TERMINAL,1841,29:55,33
12802,PURUSHOTTAM EXP,SUF,Superfast,Daily,ANVT,ANAND VIHAR TERMINAL,PURI,PURI,1841,30:50,32
12803,SWARNA JAYANTHI,SUF,Superfast,"Mon,Fri",VSKP,VISAKHAPATNAM,NZM,HAZRAT NIZAMUDDIN JN,2094,34:30,20
12804,VSKP S JYANTI,SUF,Superfast,"Wed,Sun",NZM,HAZRAT NIZAMUDDIN JN,VSKP,VISAKHAPATNAM,2094,33:35,20
12805,JANMABHOOMI EXP,SUF,Superfast,Daily,VSKP,VISAKHAPATNAM,LPI,LINGAMPALLI,702,12:55,25
12806,JANMABHOOMI SF,SUF,Superfast,Daily,LPI,LINGAMPALLI,VSKP,VISAKHAPATNAM,705,12:55,25
12807,SAMTA EXPRESS,SUF,Superfast,"Tue,Wed,Thu,Sat,Sun",VSKP,VISAKHAPATNAM,NZM,HAZRAT NIZAMUDDIN JN,1912,32:50,39
12808,SAMTA EXPRESS,SUF,Superfast,"Mon,Tue,Thu,Fri,Sat",NZM,HAZRAT NIZAMUDDIN JN,VSKP,VISAKHAPATNAM,1911,33:30,38
12809,HOWRAH MAIL,SUF,Superfast,Daily,CSMT,C SHIVAJI MAH T,HWH,HOWRAH JN,1974,33:35,90
12810,HWH CSMT MAIL,SUF,Superfast,Daily,HWH,HOWRAH JN,CSMT,C SHIVAJI MAH T,1969,32:55,43
12811,HATIA EXPRESS,SUF,Superfast,"Mon,Sun",LTT,LOKMANYATILAK,HTE,HATIA,1709,28:30,18
12812,HTE LTT EXP,SUF,Superfast,"Fri,Sat",HTE,HATIA,LTT,LOKMANYATILAK,1710,28:00,18
12813,STEEL EXP,SUF,Superfast,Daily,HWH,HOWRAH JN,TATA,TATANAGAR JN,250,04:15,8
12814,STEEL EXP,SUF,Superfast,Daily,TATA,TATANAGAR JN,HWH,HOWRAH JN,250,04:30,9
12815,NANDANKANAN SF,SUF,Superfast,"Mon,Wed,Thu,Sat",PURI,PURI,ANVT,ANAND VIHAR TERMINAL,1779,28:10,29
12816,NANDANKANAN EXP,SUF,Superfast,"Mon,Wed,Thu,Sat",ANVT,ANAND VIHAR TERMINAL,PURI,PURI,1780,30:45,29
12817,SWARNJAYANTI EX,SUF,Superfast,"Wed,Fri,Sun",HTE,HATIA,ANVT,ANAND VIHAR TERMINAL,1300,22:45,19
12818,JHARKHAND EXP,SUF,Superfast,"Mon,Thu,Sat",ANVT,ANAND VIHAR TERMINAL,HTE,HATIA,1303,20:30,19
12819,SAMPARK KR SF,SUF,Superfast,"Wed,Sun",BBS,BHUBANESWAR,ANVT,ANAND VIHAR TERMINAL,1777,27:18,13
12820,BBS S KRANTI EXP,SUF,Superfast,"Tue,Fri",ANVT,ANAND VIHAR TERMINAL,BBS,BHUBANESWAR,1777,28:30,13
12821,DHAULI EXP,SUF,Superfast,Daily,HWH,HOWRAH JN,PURI,PURI,501,09:05,18
12822,DHAULI SF EXP,SUF,Superfast,Daily,PURI,PURI,HWH,HOWRAH JN,501,09:05,18
12823,CG SMPRK KRANTI,SUF,Superfast,"Mon,Thu,Sat",DURG,DURG,NZM,HAZRAT NIZAMUDDIN JN,1271,19:35,12
12824,CG S KRANTI,SUF,Superfast,"Tue,Fri,Sun",NZM,HAZRAT NIZAMUDDIN JN,DURG,DURG,1272,21:00,12
12825,RNC ANVT SF EXP,SUF,Superfast,"Mon,Thu",RNC,RANCHI,ANVT,ANAND VIHAR TERMINAL,1293,19:40,9
12826,ANVT RNC SF EXP,SUF,Superfast,"Wed,Sat",ANVT,ANAND VIHAR TERMINAL,RNC,RANCHI,1296,21:15,9
12827,HWH PRR SUF EXP,SUF,Superfast,Daily,HWH,HOWRAH JN,PRR,PURULIA JN.,323,05:50,14
12828,PRR HWH SUF EXP,SUF,Superfast,Daily,PRR,PURULIA JN.,HWH,HOWRAH JN,324,05:52,15
12833,ADI HWH EXP,SUF,Superfast,Daily,ADI,AHMEDABAD JN,HWH,HOWRAH JN,2089,37:55,61
12834,HWH ADI SUF EXP,SUF,Superfast,Daily,HWH,HOWRAH JN,ADI,AHMEDABAD JN,2089,37:10,61
12835,HTE SMVB EXP,SUF,Superfast,"Tue,Sun",HTE,HATIA,SMVB,SMVT BENGALURU,1879,33:50,26
12836,SMVB HATIA EXP,SUF,Superfast,"Tue,Thu",SMVB,SMVT BENGALURU,HTE,HATIA,1877,33:50,27
12837,HWH PURI SF EXP,SUF,Superfast,Daily,HWH,HOWRAH JN,PURI,PURI,501,09:00,13
12838,PURI HWH SF EXP,SUF,Superfast,Daily,PURI,PURI,HWH,HOWRAH JN,501,09:00,13
12839,CHENNAI MAIL,SUF,Superfast,Daily,HWH,HOWRAH JN,MAS,PURATCHI THALAIVAR DR. MGR CTL,1659,27:35,35
12840,MAS HWH SF MAIL,SUF,Superfast,Daily,MAS,PURATCHI THALAIVAR DR. MGR CTL,HWH,HOWRAH JN,1659,28:20,36
12841,COROMANDAL EXP,SUF,Superfast,Daily,HWH,HOWRAH JN,MAS,PURATCHI THALAIVAR DR. MGR CTL,1659,25:50,16
12842,COROMANDEL EXP,SUF,Superfast,Daily,MAS,PURATCHI THALAIVAR DR. MGR CTL,HWH,HOWRAH JN,1659,28:00,17
12843,PURI ADI S F,SUF,Superfast,"Tue,Thu,Fri,Sat",PURI,PURI,ADI,AHMEDABAD JN,2135,36:55,47
12844,ADI PURI SF EXP,SUF,Superfast,"Mon,Thu,Sat,Sun",ADI,AHMEDABAD JN,PURI,PURI,2134,37:05,47
12845,BBS SMVB S F,SUF,Superfast,Sun,BBS,BHUBANESWAR,SMVB,SMVT BENGALURU,1500,25:05,20
12846,BHUBANESWAR EXP,SUF,Superfast,Mon,SMVB,SMVT BENGALURU,BBS,BHUBANESWAR,1499,25:45,21
12849,BSP PUNE SF EXP,SUF,Superfast,Thu,BSP,BILASPUR JN.,PUNE,PUNE JN,1307,22:10,18
12850,PUNE BSP SF EXP,SUF,Superfast,Fri,PUNE,PUNE JN,BSP,BILASPUR JN.,1306,22:15,18
12851,BSP MAS SF EXP,SUF,Superfast,Sun,BSP,BILASPUR JN.,MAS,PURATCHI THALAIVAR DR. MGR CTL,1418,23:15,16
12852,MAS BSP SF EXP,SUF,Superfast,Mon,MAS,PURATCHI THALAIVAR DR. MGR CTL,BSP,BILASPUR JN.,1417,22:50,16
12853,AMARKANTAK EXP,SUF,Superfast,Daily,DURG,DURG,BPL,BHOPAL JN.,888,16:05,29
12854,AMARKANTAK EXP,SUF,Superfast,Daily,BPL,BHOPAL JN.,DURG,DURG,889,16:05,29
12855,INTERCITY EXP,SUF,Superfast,Daily,BSP,BILASPUR JN.,NITR,NETAJI SUBHASH,414,07:15,15
12856,INTERCITY EXP,SUF,Superfast,Daily,NITR,NETAJI SUBHASH,BSP,BILASPUR JN.,413,07:15,16
12857,TAMRALIPTA EXP,SUF,Superfast,Daily,HWH,HOWRAH JN,DGHA,DIGHA,186,03:20,8
12858,TAMRALIPTA EXP,SUF,Superfast,Daily,DGHA,DIGHA,HWH,HOWRAH JN,186,03:20,8
12859,GITANJALI EXP,SUF,Superfast,Daily,CSMT,C SHIVAJI MAH T,HWH,HOWRAH JN,1969,31:50,27
12860,GITANJALI EXP,SUF,Superfast,Daily,HWH,HOWRAH JN,CSMT,C SHIVAJI MAH T,1969,31:40,26
12861,VSKP MBNR SF,SUF,Superfast,Daily,VSKP,VISAKHAPATNAM,MBNR,MAHBUBNAGAR,811,14:40,22
12862,MBNR VSKP SF EXP,SUF,Superfast,Daily,MBNR,MAHBUBNAGAR,VSKP,VISAKHAPATNAM,811,14:40,23
12863,HWH SMVB EXP,SUF,Superfast,Daily,HWH,HOWRAH JN,SMVB,SMVT BENGALURU,1938,32:15,33
12864,SMVB HOWRAH EXP,SUF,Superfast,Daily,SMVB,SMVT BENGALURU,HWH,HOWRAH JN,1938,33:30,35
12867,HWH PDY SUF EXP,SUF,Superfast,Sun,HWH,HOWRAH JN,PDY,PONDICHERRY,1919,33:10,18
12868,PDY HWH SF EXP,SUF,Superfast,Wed,PDY,PONDICHERRY,HWH,HOWRAH JN,1918,33:30,18
12869,CSMT HOWRAH EXP,SUF,Superfast,Sun,CSMT,C SHIVAJI MAH T,HWH,HOWRAH JN,1969,33:45,19
12870,HWH CSMT SF EXP,SUF,Superfast,Fri,HWH,HOWRAH JN,CSMT,C SHIVAJI MAH T,1969,33:50,18
12871,JNRD ISPAT EXP,SUF,Superfast,"Mon,Wed,Sat",HWH,HOWRAH JN,JNRD,JUNAGARH ROAD,847,16:05,35
12872,ISPAT EXP,SUF,Superfast,"Tue,Thu,Sun",JNRD,JUNAGARH ROAD,HWH,HOWRAH JN,847,16:15,35
12873,SWARNJAYANTI EX,SUF,Superfast,"Mon,Tue,Thu",HTE,HATIA,ANVT,ANAND VIHAR TERMINAL,1331,23:30,22
12874,ANVT HTE SF EXP,SUF,Superfast,"Tue,Wed,Fri",ANVT,ANAND VIHAR TERMINAL,HTE,HATIA,1334,23:15,22
12875,NEELACHAL SF EX,SUF,Superfast,"Tue,Fri,Sun",PURI,PURI,ANVT,ANAND VIHAR TERMINAL,1893,34:20,44
12876,NEELANCHAL EXP,SUF,Superfast,"Tue,Fri,Sun",ANVT,ANAND VIHAR TERMINAL,PURI,PURI,1893,34:25,43
12877,NDLS GARIB RATH,GBR,Garib Rath,"Mon,Tue,Fri",RNC,RANCHI,NDLS,NEW DELHI,1342,18:45,17
12878,RNC GARIB RATH,GBR,Garib Rath,"Tue,Thu,Sun",NDLS,NEW DELHI,RNC,RANCHI,1345,19:20,17
12879,LTT BBS EXPRESS,SUF,Superfast,"Wed,Sat",LTT,LOKMANYATILAK,BBS,BHUBANESWAR,1791,30:45,21
12880,BBS LTT S F,SUF,Superfast,"Mon,Thu",BBS,BHUBANESWAR,LTT,LOKMANYATILAK,1792,29:40,21
12881,PURI GARIB RATH,GBR,Garib Rath,"Tue,Thu",SHM,SHALIMAR,PURI,PURI,499,08:45,10
12882,GARIB RATH,GBR,Garib Rath,"Mon,Wed",PURI,PURI,SHM,SHALIMAR,500,09:00,10
12883,RUPASHI BANGLA,SUF,Superfast,Daily,SRC,SANTRAGACHI JN,PRR,PURULIA JN.,316,05:35,12
12884,RUPASHI BANGLA,SUF,Superfast,Daily,PRR,PURULIA JN.,HWH,HOWRAH JN,324,05:50,13
12885,ARANYAK EXP,SUF,Superfast,"Mon,Tue,Wed,Thu,Fri,Sat",SHM,SHALIMAR,BJE,BHOJUDIH JN.,311,05:35,14
12886,BJE-SHM ARANYAK EXP,SUF,Superfast,"Mon,Tue,Wed,Thu,Fri,Sat",BJE,BHOJUDIH JN.,SHM,SHALIMAR,312,05:40,14
12887,SHM PURI SF EXP,SUF,Superfast,Mon,SHM,SHALIMAR,PURI,PURI,499,08:45,10
12888,PURI SHM SF,SUF,Superfast,Sun,PURI,PURI,SHM,SHALIMAR,500,09:05,10
12889,TATA SMVB SF EX,SUF,Superfast,Fri,TATA,TATANAGAR JN,SMVB,SMVT BENGALURU,1877,33:30,25
12890,SMVB TATA EXP,SUF,Superfast,Mon,SMVB,SMVT BENGALURU,TATA,TATANAGAR JN,1877,33:20,25
12893,BBS-PUKK EXPRESS ,SUF,Superfast,Daily,BBS,BHUBANESWAR,PUKK,PURUNAKATAK,515,10:35,25
12894,PUKK BBS SF EXP,SUF,Superfast,Daily,PUKK,PURUNAKATAK,BBS,BHUBANESWAR,516,10:20,25
12895,SHM PURI SF EXP,SUF,Superfast,Fri,SHM,SHALIMAR,PURI,PURI,499,08:45,11
12896,PURI SHM SF,SUF,Superfast,Thu,PURI,PURI,SHM,SHALIMAR,500,09:00,11
12901,GUJRAT MAIL,SUF,Superfast,Daily,DDR,DADAR,ADI,AHMEDABAD JN,486,08:00,13
12902,GUJRAT MAIL,SUF,Superfast,Daily,ADI,AHMEDABAD JN,DDR,DADAR,486,07:25,13
12903,GOLDEN TEMPLE,SUF,Superfast,Daily,BDTS,BANDRA TERMINUS,ASR,AMRITSAR,1881,29:00,34
12904,GOLDEN TEMPLE M,SUF,Superfast,Daily,ASR,AMRITSAR,BDTS,BANDRA TERMINUS,1881,29:00,34
12905,SHALIMAR SF EXP,SUF,Superfast,"Wed,Thu",PBR,PORBANDAR,SHM,SHALIMAR,2549,43:45,33
12906,SHM PBR SUF EXP,SUF,Superfast,"Fri,Sat",SHM,SHALIMAR,PBR,PORBANDAR,2549,43:05,32
12907,BDTS SMPRK K EX,SUF,Superfast,"Wed,Sun",BDTS,BANDRA TERMINUS,NZM,HAZRAT NIZAMUDDIN JN,1362,16:45,7
12908,MHRST SMPRK K EX,SUF,Superfast,"Mon,Thu",NZM,HAZRAT NIZAMUDDIN JN,BDTS,BANDRA TERMINUS,1362,16:45,7
12909,NZM GARIB RATH,GBR,Garib Rath,"Tue,Thu,Sat",BDTS,BANDRA TERMINUS,NZM,HAZRAT NIZAMUDDIN JN,1362,16:45,8
12910,BDTS GARIBRATH,GBR,Garib Rath,"Wed,Fri,Sun",NZM,HAZRAT NIZAMUDDIN JN,BDTS,BANDRA TERMINUS,1362,16:45,8
12911,BL HARIDWAR EXP,SUF,Superfast,Tue,BL,VALSAD,HW,HARIDWAR JN,1434,23:20,17
12912,VALSAD SF EXP,SUF,Superfast,Wed,HW,HARIDWAR JN,BL,VALSAD,1434,21:00,16
12913,TRISHATABDHI EXPRESS,SUF,Superfast,Sun,INDB,INDORE JN,NGP,NAGPUR JN.,652,11:45,13
12914,NGP INDB SUP EXP,SUF,Superfast,Mon,NGP,NAGPUR JN.,INDB,INDORE JN,660,11:30,13
12915,ASHRAM EXPRESS,SUF,Superfast,Daily,SBIB,SABARMATI BG,DLI,DELHI JN.,927,14:15,19
12916,ASHRAM EXPRESS,SUF,Superfast,Daily,DLI,DELHI JN.,SBIB,SABARMATI BG,927,14:50,20
12917,GUJRAT S KRANTI,SUF,Superfast,Mon,ADI,AHMEDABAD JN,NZM,HAZRAT NIZAMUDDIN JN,1070,14:20,10
12918,GUJRAT S KRANTI,SUF,Superfast,Tue,NZM,HAZRAT NIZAMUDDIN JN,ADI,AHMEDABAD JN,1070,14:00,10
12919,MALWA EXPRESS,SUF,Superfast,Daily,DADN,DR. AMBEDKAR NAGAR,SVDK,SHRI MATA VAISHNO DEVI KATRA,1641,28:40,49
12920,MALWA EXPRESS,SUF,Superfast,Daily,SVDK,SHRI MATA VAISHNO DEVI KATRA,DADN,DR. AMBEDKAR NAGAR,1641,29:50,49
12921,ST FLYING RANI,SUF,Superfast,Daily,MMCT,MUMBAI CENTRAL,ST,SURAT,262,04:40,15
12922,FLYING RANI EXP,SUF,Superfast,Daily,ST,SURAT,MMCT,MUMBAI CENTRAL,262,04:45,15
12923,DADN TRISHATABDI,SUF,Superfast,Tue,DADN,DR. AMBEDKAR NAGAR,NGP,NAGPUR JN.,631,11:20,13
12924,NGP DADN EXP,SUF,Superfast,Wed,NGP,NAGPUR JN.,DADN,DR. AMBEDKAR NAGAR,631,10:45,14
12925,PASCHIM EXPRESS,SUF,Superfast,Daily,BDTS,BANDRA TERMINUS,ASR,AMRITSAR,1859,32:40,41
12926,PASCHIM EXPRESS,SUF,Superfast,Daily,ASR,AMRITSAR,BDTS,BANDRA TERMINUS,1859,31:20,40
12927,DDR EKNR SF EXP,SUF,Superfast,Daily,DDR,DADAR,EKNR,EKTA NAGAR,469,07:40,8
12928,EKNR DDR SF EXP,SUF,Superfast,Daily,EKNR,EKTA NAGAR,DDR,DADAR,469,08:05,7
12929,BRC INTERCITY,SUF,Superfast,Daily,BL,VALSAD,BRC,VADODARA JN,198,03:25,13
12930,BL INTERCITY,SUF,Superfast,Daily,BRC,VADODARA JN,BL,VALSAD,198,03:35,13
12931,ADI DOUBLE DECKR,SUF,Superfast,"Mon,Tue,Wed,Thu,Fri,Sat",MMCT,MUMBAI CENTRAL,ADI,AHMEDABAD JN,491,07:10,11
12932,MMCT DOUBLEDECKE,SUF,Superfast,"Mon,Tue,Wed,Thu,Fri,Sat",ADI,AHMEDABAD JN,MMCT,MUMBAI CENTRAL,491,07:20,11
12933,KARNAVATI EXP,SUF,Superfast,Daily,BDTS,BANDRA TERMINUS,VTA,VATVA,473,06:55,11
12934,KARNAVATI EXP,SUF,Superfast,Daily,ADI,AHMEDABAD JN,BDTS,BANDRA TERMINUS,481,07:30,11
12935,BDTS ST SF EXP,SUF,Superfast,Daily,BDTS,BANDRA TERMINUS,ST,SURAT,252,04:05,12
12936,ST BDTS SF EXP,SUF,Superfast,Daily,ST,SURAT,BDTS,BANDRA TERMINUS,252,04:20,12
12937,HWH GARBHA EXP,SUF,Superfast,Sat,GIMB,GANDHIDHAM BG,HWH,HOWRAH JN,2508,42:30,21
12938,GARBHA EXPRESS,SUF,Superfast,Mon,HWH,HOWRAH JN,GIMB,GANDHIDHAM BG,2508,39:15,21
12939,PUNE JAIPUR EXP,SUF,Superfast,"Wed,Sun",PUNE,PUNE JN,JP,JAIPUR JN.,1294,21:10,14
12940,JP PUNE EXP,SUF,Superfast,"Tue,Sat",JP,JAIPUR JN.,PUNE,PUNE JN,1292,19:40,14
12941,PARASNATH EXP,SUF,Superfast,Tue,BVC,BHAVNAGAR TERMINUS,ASN,ASANSOL JN.,2306,40:25,33
12942,PARASNATH EXP,SUF,Superfast,Thu,ASN,ASANSOL JN.,BVC,BHAVNAGAR TERMINUS,2306,37:40,33
12943,UDYOGKARMI EXP,SUF,Superfast,Wed,BL,VALSAD,CNB,KANPUR CENTRAL,1300,20:05,13
12944,CNB BL EXPRESS,SUF,Superfast,Fri,CNB,KANPUR CENTRAL,BL,VALSAD,1300,22:00,13
12945,BANARAS SF EXP,SUF,Superfast,Mon,VRL,VERAVAL,BNRS,BANARAS,1972,34:25,30
12946,BNRS VRL SF EXP,SUF,Superfast,Wed,BNRS,BANARAS,VRL,VERAVAL,1972,35:05,30
12947,AZIMABAD EXP,SUF,Superfast,"Mon,Wed",ADI,AHMEDABAD JN,RGD,RAJGIR,1850,33:35,25
12948,AZIMABAD EXPRES,SUF,Superfast,"Wed,Fri",RGD,RAJGIR,ADI,AHMEDABAD JN,1850,30:50,25
12949,KAVIGURU EXP,SUF,Superfast,Fri,PBR,PORBANDAR,SRC,SANTRAGACHI JN,2656,46:20,39
12950,KAVIGURU EXP,SUF,Superfast,Sun,SRC,SANTRAGACHI JN,PBR,PORBANDAR,2656,45:50,37
12951,NDLS TEJAS RAJ,RAJ,Rajdhani,Daily,MMCT,MUMBAI CENTRAL,NDLS,NEW DELHI,1380,15:32,8
12952,MMCT TEJAS RAJ,RAJ,Rajdhani,Daily,NDLS,NEW DELHI,MMCT,MUMBAI CENTRAL,1380,15:40,8
12953,AK TEJAS RAJ EX,RAJ,Rajdhani,Daily,MMCT,MUMBAI CENTRAL,NZM,HAZRAT NIZAMUDDIN JN,1373,16:33,13
12954,AK TEJAS RAJ EX,RAJ,Rajdhani,Daily,NZM,HAZRAT NIZAMUDDIN JN,MMCT,MUMBAI CENTRAL,1373,16:50,13
12955,MMCT JAIPUR SF,SUF,Superfast,Daily,MMCT,MUMBAI CENTRAL,JP,JAIPUR JN.,1155,16:55,20
12956,JP MMCT SF EXP,SUF,Superfast,Daily,JP,JAIPUR JN.,MMCT,MUMBAI CENTRAL,1155,16:55,20
12957,SBIB NDLS RAJ,RAJ,Rajdhani,Daily,SBIB,SABARMATI BG,NDLS,NEW DELHI,927,12:10,10
12958,SWRAN J RAJDHANI,RAJ,Rajdhani,Daily,NDLS,NEW DELHI,SBIB,SABARMATI BG,927,12:10,10
12959,BDTS BHUJ EXP,SUF,Superfast,Sat,BDTS,BANDRA TERMINUS,BHUJ,BHUJ,973,17:05,19
12960,BHUJ BDTS EXP,SUF,Superfast,Mon,BHUJ,BHUJ,BDTS,BANDRA TERMINUS,973,17:20,19
12961,AVANTIKA EXP,SUF,Superfast,Daily,MMCT,MUMBAI CENTRAL,INDB,INDORE JN,828,12:10,20
12962,AVANTIKA EXP,SUF,Superfast,Daily,INDB,INDORE JN,MMCT,MUMBAI CENTRAL,828,12:55,19
12963,MEWAR EXPRESS,SUF,Superfast,Daily,NZM,HAZRAT NIZAMUDDIN JN,UDZ,UDAIPUR CITY,741,13:05,18
12964,MEWAR EXPRESS,SUF,Superfast,Daily,UDZ,UDAIPUR CITY,NZM,HAZRAT NIZAMUDDIN JN,741,12:20,18
12965,BDTS BHUJ SFAST,SUF,Superfast,Tue,BDTS,BANDRA TERMINUS,BHUJ,BHUJ,973,17:05,19
12966,BHUJ BDTS SFAST,SUF,Superfast,Fri,BHUJ,BHUJ,BDTS,BANDRA TERMINUS,973,17:20,19
12967,MAS JP SF EXP,SUF,Superfast,"Tue,Sun",MAS,PURATCHI THALAIVAR DR. MGR CTL,JP,JAIPUR JN.,2182,37:05,33
12968,JP CHENNAI SF,SUF,Superfast,"Fri,Sun",JP,JAIPUR JN.,MAS,PURATCHI THALAIVAR DR. MGR CTL,2182,36:45,33
12969,CBE JP SF EXP,SUF,Superfast,Fri,CBE,COIMBATORE JN,JP,JAIPUR JN.,2679,45:20,38
12970,JAIPUR CBE EXP,SUF,Superfast,Tue,JP,JAIPUR JN.,CBE,COIMBATORE JN,2676,45:15,38
12971,BDTS BVC SF EXP,SUF,Superfast,Daily,BDTS,BANDRA TERMINUS,BVC,BHAVNAGAR TERMINUS,780,12:55,21
12972,BVC BDTS SF EXP,SUF,Superfast,Daily,BVC,BHAVNAGAR TERMINUS,BDTS,BANDRA TERMINUS,780,13:50,21
12973,INDB JP SF EXP,SUF,Superfast,"Mon,Sat",INDB,INDORE JN,JP,JAIPUR JN.,601,09:40,9
12974,JP INDB SF EXP,SUF,Superfast,"Fri,Sun",JP,JAIPUR JN.,INDB,INDORE JN,601,09:25,9
12975,MYS JP EXP,SUF,Superfast,"Thu,Sat",MYS,MYSORE JN,JP,JAIPUR JN.,2480,44:15,43
12976,JP MYSORE EXP,SUF,Superfast,"Mon,Wed",JP,JAIPUR JN.,MYS,MYSORE JN,2479,44:25,43
12977,MARUSAGAR SF EXP,SUF,Superfast,Sun,ERS,ERNAKULAM JN,AII,AJMER JN,2553,44:35,33
12978,MARU SAGAR EXP,SUF,Superfast,Fri,AII,AJMER JN,ERS,ERNAKULAM JN,2553,43:30,33
12979,BDTS JAIPUR SF,SUF,Superfast,"Tue,Thu,Sat",BDTS,BANDRA TERMINUS,JP,JAIPUR JN.,1144,17:00,18
12980,JP BDTS EXP,SUF,Superfast,"Mon,Wed,Fri",JP,JAIPUR JN.,BDTS,BANDRA TERMINUS,1144,16:55,18
12981,JP ASV SUPERFAST,SUF,Superfast,Daily,KWP,KHATIPURA,ASV,ASARVA JN,743,12:35,21
12982,ASV JP SF EXP,SUF,Superfast,Daily,ASV,ASARVA JN,KWP,KHATIPURA,743,12:30,21
12983,AII CDG G RATH,GBR,Garib Rath,"Tue,Fri,Sun",AII,AJMER JN,CDG,CHANDIGARH,716,12:50,17
12984,CDG AII G RATH,GBR,Garib Rath,"Mon,Wed,Sat",CDG,CHANDIGARH,AII,AJMER JN,716,12:55,17
12985,DOUBLE DECKER,SUF,Superfast,Daily,JP,JAIPUR JN.,DEE,DELHI SARAI ROHILLA,303,04:40,6
12986,JP DOUBLE DCKER,SUF,Superfast,Daily,DEE,DELHI SARAI ROHILLA,JP,JAIPUR JN.,302,04:35,7
12987,SDAH AII SF EXP,SUF,Superfast,Daily,SDAH,SEALDAH,AII,AJMER JN,1650,26:45,23
12988,AII SDAH SF EXP,SUF,Superfast,Daily,AII,AJMER JN,SDAH,SEALDAH,1649,27:00,46
12989,DDR AJMER SF EXP,SUF,Superfast,"Mon,Thu,Sat",DDR,DADAR,AII,AJMER JN,977,16:25,22
12990,AII DDR EXPRESS,SUF,Superfast,"Wed,Fri,Sun",AII,AJMER JN,DDR,DADAR,977,16:05,22
12991,UDZ JP SUPERFAST,SUF,Superfast,Daily,UDZ,UDAIPUR CITY,JP,JAIPUR JN.,434,07:40,16
12992,JP UDZ SUPERFAST,SUF,Superfast,Daily,JP,JAIPUR JN.,UDZ,UDAIPUR CITY,434,07:38,16
12993,GIMB PURI SF EX,SUF,Superfast,Fri,GIMB,GANDHIDHAM BG,PURI,PURI,2287,39:30,26
12994,PURI GIMB SF,SUF,Superfast,Mon,PURI,PURI,GIMB,GANDHIDHAM BG,2287,39:40,25
12995,BDTS AII SF EXP,SUF,Superfast,"Wed,Fri,Sun",BDTS,BANDRA TERMINUS,AII,AJMER JN,1013,17:00,19
12996,AII BDTS SF EXP,SUF,Superfast,"Tue,Thu,Sat",AII,AJMER JN,BDTS,BANDRA TERMINUS,1013,17:45,19
12997,BARMER HUMSAFAR,SUF,Superfast,Wed,BDTS,BANDRA TERMINUS,BME,BARMER,993,17:45,22
12998,BME BDTS,SUF,Superfast,Thu,BME,BARMER,BDTS,BANDRA TERMINUS,993,17:00,22
13005,HWH ASR MAIL,MEX,Mail/Express,Daily,HWH,HOWRAH JN,ASR,AMRITSAR,1907,37:20,61
13006,ASR HWH MAIL,MEX,Mail/Express,Daily,ASR,AMRITSAR,HWH,HOWRAH JN,1907,37:00,60
13009,DOON EXPRESS,MEX,Mail/Express,Daily,HWH,HOWRAH JN,YNRK,YOG NAGARI RISHIKESH,1529,34:45,73
13010,DOON EXPRESS,MEX,Mail/Express,Daily,YNRK,YOG NAGARI RISHIKESH,HWH,HOWRAH JN,1529,34:05,148
13011,MLDT INTERCITY,MEX,Mail/Express,Daily,HWH,HOWRAH JN,MLDT,MALDA TOWN,341,07:45,19
13012,HWH INTERCITY,MEX,Mail/Express,Daily,MLDT,MALDA TOWN,HWH,HOWRAH JN,341,06:55,19
13015,KAVIGURU EXPRES,MEX,Mail/Express,Daily,HWH,HOWRAH JN,JMP,JAMALPUR JN,449,10:20,20
13016,KAVIGURU EXPRES,MEX,Mail/Express,Daily,JMP,JAMALPUR JN,HWH,HOWRAH JN,450,10:05,20
13017,GANADEVTA EXP,MEX,Mail/Express,Daily,HWH,HOWRAH JN,AZ,AZIMGANJ JN,277,06:10,15
13018,GANADEVTA EXP,MEX,Mail/Express,Daily,AZ,AZIMGANJ JN,HWH,HOWRAH JN,277,05:50,15
13019,BAGH EXPRESS,MEX,Mail/Express,Daily,HWH,HOWRAH JN,KGM,KATHGODAM,1513,35:50,69
13020,BAGH EXPRESS,MEX,Mail/Express,Daily,KGM,KATHGODAM,HWH,HOWRAH JN,1513,37:25,66
13021,MITHILA EXPRESS,MEX,Mail/Express,Daily,HWH,HOWRAH JN,RXL,RAXAUL JN,692,17:25,45
13022,MITHILA EXPRESS,MEX,Mail/Express,Daily,RXL,RAXAUL JN,HWH,HOWRAH JN,692,17:50,42
13023,HWH GAYA EXPRES,MEX,Mail/Express,Daily,HWH,HOWRAH JN,GAYA,GAYA JN,658,14:55,36
13024,GAYA HWH EXPRES,MEX,Mail/Express,Daily,GAYA,GAYA JN,HWH,HOWRAH JN,657,15:05,35
13025,HWH BPL EXPRESS,MEX,Mail/Express,Mon,HWH,HOWRAH JN,BPL,BHOPAL JN.,1463,29:45,29
13026,BPL HWH EXP,MEX,Mail/Express,Wed,BPL,BHOPAL JN.,HWH,HOWRAH JN,1463,29:40,29
13027,KAVIGURU EXPRES,MEX,Mail/Express,Daily,HWH,HOWRAH JN,AZ,AZIMGANJ JN,277,05:35,9
13028,KAVIGURU EXPRES,MEX,Mail/Express,Daily,AZ,AZIMGANJ JN,HWH,HOWRAH JN,277,05:45,11
13029,HWH MKA EXPRESS,MEX,Mail/Express,Daily,HWH,HOWRAH JN,MKA,MOKAMA,454,11:20,55
13030,MKA HWH  EXP,MEX,Mail/Express,Daily,MKA,MOKAMA,HWH,HOWRAH JN,454,12:25,52
13031,HWH- JYG EXP,MEX,Mail/Express,Daily,HWH,HOWRAH JN,JYG,JAYNAGAR,724,24:40,119
13032,JYG-HWH EXP,MEX,Mail/Express,Daily,JYG,JAYNAGAR,HWH,HOWRAH JN,724,26:40,117
13033,HWH KIR EXPRESS,MEX,Mail/Express,Daily,HWH,HOWRAH JN,KIR,KATIHAR JN,425,10:30,46
13034,KIR HWH EXPRESS,MEX,Mail/Express,Daily,KIR,KATIHAR JN,HWH,HOWRAH JN,425,11:10,44
13035,UPASANA EXP,MEX,Mail/Express,"Tue,Fri",HWH,HOWRAH JN,DDN,DEHRADOON,1585,29:10,22
13036,UPASANA EXPRESS,MEX,Mail/Express,"Wed,Sat",DDN,DEHRADOON,HWH,HOWRAH JN,1585,29:30,22
13037,KUMBHA EXPRESS,MEX,Mail/Express,"Mon,Wed,Thu,Sat,Sun",HWH,HOWRAH JN,DDN,DEHRADOON,1585,29:10,27
13038,KUMBHA EXPRESS,MEX,Mail/Express,"Mon,Tue,Thu,Fri,Sun",DDN,DEHRADOON,HWH,HOWRAH JN,1585,29:30,27
13041,HIMGIRI EXPRESS,MEX,Mail/Express,"Tue,Fri,Sat",HWH,HOWRAH JN,JAT,JAMMUTAVI,2018,37:05,34
13042,HIMGIRI EXPRESS,MEX,Mail/Express,"Mon,Thu,Sun",JAT,JAMMUTAVI,HWH,HOWRAH JN,2018,36:45,34
13043,HWH RXL EXPRESS,MEX,Mail/Express,"Wed,Fri",HWH,HOWRAH JN,RXL,RAXAUL JN,701,15:05,21
13044,RXL HWH EXPRESS,MEX,Mail/Express,"Thu,Sat",RXL,RAXAUL JN,HWH,HOWRAH JN,701,15:15,21
13045,MAYURAKSHI EXP,MEX,Mail/Express,Daily,HWH,HOWRAH JN,DGHR,DEOGHAR,423,08:10,27
13046,MAYURAKSHI EXP,MEX,Mail/Express,Daily,DGHR,DEOGHAR,HWH,HOWRAH JN,423,08:20,27
13047,VIBHUTI EXPRESS,MEX,Mail/Express,Daily,HWH,HOWRAH JN,PRRB,PRAYAGRAJ RAMBAG,879,16:05,33
13048,VIBHUTI EXPRESS,MEX,Mail/Express,Daily,PRRB,PRAYAGRAJ RAMBAG,HWH,HOWRAH JN,879,15:55,33
13051,NETAJI EXPRESS,MEX,Mail/Express,Daily,HWH,HOWRAH JN,KLK,KALKA,1710,29:05,40
13052,NETAJI EXPRESS,MEX,Mail/Express,Daily,KLK,KALKA,HWH,HOWRAH JN,1710,32:10,41
13053,KULIK EXPRESS,MEX,Mail/Express,Daily,HWH,HOWRAH JN,RDP,RADHIKAPUR,482,10:05,21
13054,KULIK EXPRESS,MEX,Mail/Express,Daily,RDP,RADHIKAPUR,HWH,HOWRAH JN,482,09:50,21
13063,HWH BLGT EXPRES,MEX,Mail/Express,"Mon,Tue,Wed,Thu,Fri",HWH,HOWRAH JN,BLGT,BALURGHAT,440,10:05,15
13064,BLGT HWH EXP,MEX,Mail/Express,"Mon,Tue,Wed,Thu,Fri",BLGT,BALURGHAT,HWH,HOWRAH JN,440,08:55,30
13065,AMRIT BHARAT EXP,AMTB,Amrit Bharat,Thu,HWH,HOWRAH JN,ANVT,ANAND VIHAR TERMINAL,1453,27:40,29
13066,AMRIT BHARAT EXP,AMTB,Amrit Bharat,Sat,ANVT,ANAND VIHAR TERMINAL,HWH,HOWRAH JN,1453,29:35,27
13071,HWH JMP EXPRESS,MEX,Mail/Express,Daily,HWH,HOWRAH JN,JMP,JAMALPUR JN,472,09:45,21
13072,JMP HWH EXPRESS,MEX,Mail/Express,Daily,JMP,JAMALPUR JN,HWH,HOWRAH JN,472,09:05,20
13103,BHAGIRATHI EXP,MEX,Mail/Express,Daily,SDAH,SEALDAH,LGL,LALGOLA,231,04:20,14
13104,BHAGIRATHI EXP,MEX,Mail/Express,Daily,LGL,LALGOLA,SDAH,SEALDAH,231,04:25,14
13105,SDAH BUI EXPRES,MEX,Mail/Express,Daily,SDAH,SEALDAH,BUI,BALLIA,683,15:50,35
13106,BUI SDAH EXP,MEX,Mail/Express,Daily,BUI,BALLIA,SDAH,SEALDAH,683,17:25,35
13113,HAZARDUARI EXP,MEX,Mail/Express,Daily,KOAA,KOLKATTA TERMINAL,LGL,LALGOLA,224,04:15,14
13114,HAZARDUARI EXP,MEX,Mail/Express,Daily,LGL,LALGOLA,KOAA,KOLKATTA TERMINAL,224,04:35,14
13115,SDAH JPE HUMSAFA,MEX,Mail/Express,Fri,SDAH,SEALDAH,JPE,JALPAIGURI ROAD,589,12:05,15
13116,SDAH HUMSAFAR EX,MEX,Mail/Express,Sat,JPE,JALPAIGURI ROAD,SDAH,SEALDAH,589,11:40,15
13117,KOAA LGL EXPRES,MEX,Mail/Express,"Tue,Thu,Fri,Sun",KOAA,KOLKATTA TERMINAL,LGL,LALGOLA,224,04:20,11
13118,LGL KOAA EXPRES,MEX,Mail/Express,"Mon,Wed,Fri,Sat",LGL,LALGOLA,KOAA,KOLKATTA TERMINAL,224,04:00,11
13121,KOAA GCT EXPRES,MEX,Mail/Express,Sun,KOAA,KOLKATTA TERMINAL,GCT,GHAZIPUR CITY,744,14:10,15
13122,GCT KOAA EXP,MEX,Mail/Express,Mon,GCT,GHAZIPUR CITY,KOAA,KOLKATTA TERMINAL,744,15:35,15
13125,KOL SAIRANG EXP,MEX,Mail/Express,"Tue,Wed,Sat",KOAA,KOLKATTA TERMINAL,SANG,SAIRANG,1482,31:45,30
13126,SANG KOAA EXP,MEX,Mail/Express,"Mon,Thu,Fri",SANG,SAIRANG,KOAA,KOLKATTA TERMINAL,1482,31:50,30
13127,PNBE GARIB RATH,GBR,Garib Rath,"Tue,Thu,Sat",KOAA,KOLKATTA TERMINAL,ARA,ARA,586,11:40,15
13128,KOL GARIB RATH,GBR,Garib Rath,"Wed,Fri,Sun",ARA,ARA,KOAA,KOLKATTA TERMINAL,586,11:00,15
13131,MITALI EXPRESS,MEX,Mail/Express,"Tue,Fri",HDB,HALDIBARI,NJP,NEW JALPAIGURI,57,00:55,2
13132,MITALI EXPRESS,MEX,Mail/Express,"Wed,Sun",NJP,NEW JALPAIGURI,HDB,HALDIBARI,57,01:05,2
13135,KOAA JYG EXPRES,MEX,Mail/Express,Sat,KOAA,KOLKATTA TERMINAL,JYG,JAYNAGAR,620,13:50,17
13136,JYG KOAA EXP,MEX,Mail/Express,Sun,JYG,JAYNAGAR,KOAA,KOLKATTA TERMINAL,620,14:25,17
13137,KOAA AMH EXPRES,MEX,Mail/Express,Mon,KOAA,KOLKATTA TERMINAL,AMH,AZAMGARH,788,18:35,22
13138,AMH KOAA EXP,MEX,Mail/Express,Tue,AMH,AZAMGARH,KOAA,KOLKATTA TERMINAL,788,19:00,22
13141,TEESTA TORSHA,MEX,Mail/Express,Daily,SDAH,SEALDAH,NOQ,NEW ALIPURDUAR,722,15:40,35
13142,TEESTA TORSHA,MEX,Mail/Express,Daily,NOQ,NEW ALIPURDUAR,SDAH,SEALDAH,722,15:45,35
13145,KOAA RDP EXPRES,MEX,Mail/Express,Daily,KOAA,KOLKATTA TERMINAL,RDP,RADHIKAPUR,479,11:00,22
13146,RDP KOAA EXP,MEX,Mail/Express,Daily,RDP,RADHIKAPUR,KOAA,KOLKATTA TERMINAL,479,09:50,20
13147,UTTAR BANGA EXP,MEX,Mail/Express,Daily,SDAH,SEALDAH,BXT,BAMANHAT,750,15:05,28
13148,UTTAR BANGA EXP,MEX,Mail/Express,Daily,BXT,BAMANHAT,SDAH,SEALDAH,750,14:45,27
13149,KANCHAN KANYA,MEX,Mail/Express,Daily,SDAH,SEALDAH,APDJ,ALIPUR DUAR JN,755,16:10,30
13150,KANCHAN KANYA,MEX,Mail/Express,Daily,APDJ,ALIPUR DUAR JN,SDAH,SEALDAH,755,16:40,30
13151,KOAA JAT EXPRES,MEX,Mail/Express,Daily,KOAA,KOLKATTA TERMINAL,JAT,JAMMUTAVI,1985,45:05,86
13152,KOLKATA EXPRESS,MEX,Mail/Express,Daily,JAT,JAMMUTAVI,KOAA,KOLKATTA TERMINAL,1985,43:10,87
13153,GOUR EXPRESS,MEX,Mail/Express,Daily,SDAH,SEALDAH,MLDT,MALDA TOWN,352,08:00,11
13154,GOUR EXPRESS,MEX,Mail/Express,Daily,MLDT,MALDA TOWN,SDAH,SEALDAH,352,07:20,12
13155,MITHILANCHAL EX,MEX,Mail/Express,"Thu,Sun",KOAA,KOLKATTA TERMINAL,SMI,SITAMARHI JUNCTION,620,14:20,40
13156,MITHILANCHAL EX,MEX,Mail/Express,"Mon,Fri",SMI,SITAMARHI JUNCTION,KOAA,KOLKATTA TERMINAL,620,14:25,20
13157,TRIHUT EXPRESS,MEX,Mail/Express,Tue,KOAA,KOLKATTA TERMINAL,MFP,MUZAFFARPUR JN,566,12:10,14
13158,TIRHUT EXPRESS,MEX,Mail/Express,Wed,MFP,MUZAFFARPUR JN,KOAA,KOLKATTA TERMINAL,566,12:40,14
13159,KOAA JBN EXP,MEX,Mail/Express,"Mon,Wed,Fri",KOAA,KOLKATTA TERMINAL,JBN,JOGBANI,544,13:15,18
13160,JBN KOAA EXP,MEX,Mail/Express,"Tue,Thu,Sat",JBN,JOGBANI,KOAA,KOLKATTA TERMINAL,544,11:50,18
13161,KOAA BLGT EXP,MEX,Mail/Express,"Mon,Tue,Wed,Thu,Fri,Sun",KOAA,KOLKATTA TERMINAL,BLGT,BALURGHAT,441,09:05,16
13162,BLGT KOAA EXP,MEX,Mail/Express,"Mon,Tue,Wed,Thu,Fri,Sat",BLGT,BALURGHAT,KOAA,KOLKATTA TERMINAL,441,08:45,16
13163,HATE BAZARE EXP,MEX,Mail/Express,"Mon,Wed,Fri,Sat,Sun",SDAH,SEALDAH,SHC,SAHARSA JN,595,15:45,32
13164,HATE BAZARE EXP,MEX,Mail/Express,"Mon,Tue,Thu,Sat,Sun",SHC,SAHARSA JN,SDAH,SEALDAH,595,15:00,31
13165,KOAA SMI EXPRES,MEX,Mail/Express,Sat,KOAA,KOLKATTA TERMINAL,SMI,SITAMARHI JUNCTION,609,12:45,15
13166,SMI KOAA EXP,MEX,Mail/Express,Sun,SMI,SITAMARHI JUNCTION,KOAA,KOLKATTA TERMINAL,620,13:30,15
13167,KOAA AGC EXPRES,MEX,Mail/Express,Thu,KOAA,KOLKATTA TERMINAL,AGC,AGRA CANTT JN.,1464,27:30,22
13168,AGC KOAA EXP,MEX,Mail/Express,Sat,AGC,AGRA CANTT JN.,KOAA,KOLKATTA TERMINAL,1464,27:50,22
13169,HATE BAZARE EXP,MEX,Mail/Express,"Tue,Thu",SDAH,SEALDAH,SHC,SAHARSA JN,564,15:00,26
13170,HATE BAZARE EXP,MEX,Mail/Express,"Wed,Fri",SHC,SAHARSA JN,SDAH,SEALDAH,564,14:30,25
13173,KANCHANJUNGA,MEX,Mail/Express,"Tue,Thu,Fri,Sun",SDAH,SEALDAH,SBRM,SABROOM,1671,38:20,51
13174,KANCHANJUNGA,MEX,Mail/Express,"Tue,Thu,Sat,Sun",SBRM,SABROOM,SDAH,SEALDAH,1670,37:10,102
13175,KANCHANJUNGA,MEX,Mail/Express,"Mon,Wed,Sat",SDAH,SEALDAH,SCL,SILCHAR,1365,31:50,41
13176,KANCHANJUNGA,MEX,Mail/Express,"Mon,Wed,Fri",SCL,SILCHAR,SDAH,SEALDAH,1365,31:45,41
13177,SDAH-JRLE CONV EXP,MEX,Mail/Express,"Mon,Tue,Wed,Thu,Fri,Sat",SDAH,SEALDAH,JRLE,JANGIPUR ROAD,263,06:20,52
13178,JRLE-SDAH CONV  EXP,MEX,Mail/Express,"Mon,Tue,Wed,Thu,Fri,Sat",JRLE,JANGIPUR ROAD,SDAH,SEALDAH,263,07:00,53
13179,SDAH-SURI MEMU EXP,MEX,Mail/Express,Daily,SDAH,SEALDAH,SURI,SIURI,257,05:00,12
13180,SURI-SDAH MEMU EXP,MEX,Mail/Express,Daily,SURI,SIURI,SDAH,SEALDAH,257,04:52,12
13181,KAZIRANGA EXP,MEX,Mail/Express,Mon,KOAA,KOLKATTA TERMINAL,SHTT,SILGHAT TOWN,1171,23:05,20
13182,KAZIRANGA EXP,MEX,Mail/Express,Tue,SHTT,SILGHAT TOWN,KOAA,KOLKATTA TERMINAL,1171,22:20,20
13185,GANGA SAGAR EXP,MEX,Mail/Express,Daily,SDAH,SEALDAH,JYG,JAYNAGAR,627,15:05,22
13186,GANGA SAGAR EXP,MEX,Mail/Express,Daily,JYG,JAYNAGAR,SDAH,SEALDAH,627,14:50,21
13187,SDAH RPH EXPRES,MEX,Mail/Express,Daily,SDAH,SEALDAH,RPH,RAMPUR HAT,229,04:35,10
13188,RPH SDAH EXPRES,MEX,Mail/Express,Daily,RPH,RAMPUR HAT,SDAH,SEALDAH,229,04:35,10
13189,SDAH  BLGT  EXP,MEX,Mail/Express,Daily,SDAH,SEALDAH,BLGT,BALURGHAT,451,10:00,15
13190,BLGT SDAH EXP,MEX,Mail/Express,Daily,BLGT,BALURGHAT,SDAH,SEALDAH,451,09:25,15
13201,RGD LTT EXP,MEX,Mail/Express,Daily,RGD,RAJGIR,LTT,LOKMANYATILAK,1785,38:05,68
13202,LTT RAJGIR EXP,MEX,Mail/Express,Daily,LTT,LOKMANYATILAK,RGD,RAJGIR,1780,36:40,65
13205,JANHIT EXP,MEX,Mail/Express,"Tue,Wed,Thu,Sat,Sun",PRNC,PURNIA COURT,PPTA,PATLIPUTRA,313,08:25,16
13206,JANHIT EXP,MEX,Mail/Express,"Tue,Wed,Thu,Sat,Sun",PPTA,PATLIPUTRA,PRNC,PURNIA COURT,313,08:40,16
13207,JSME - PNBE EXPRESS,MEX,Mail/Express,Daily,JSME,JASIDIH JN.,PNBE,PATNA JN,221,08:00,53
13208,PNBE-JSME EXPRESS,MEX,Mail/Express,Daily,PNBE,PATNA JN,JSME,JASIDIH JN.,221,07:57,54
13209,PNBE-DDU EXPRESS,MEX,Mail/Express,Daily,PNBE,PATNA JN,DDU,PT.DEEN DAYAL UPADHYAYA JN.,208,07:10,44
13210,DDU-PNBE  EXPRESS,MEX,Mail/Express,Daily,DDU,PT.DEEN DAYAL UPADHYAYA JN.,PNBE,PATNA JN,208,06:25,41
13211,JBN DNR EXPRESS,MEX,Mail/Express,Daily,JBN,JOGBANI,DNR,DANAPUR,338,11:00,18
13212,DNR JBN EXP,MEX,Mail/Express,Daily,DNR,DANAPUR,JBN,JOGBANI,337,10:25,18
13213,JBN SHC EXPRESS,MEX,Mail/Express,Daily,JBN,JOGBANI,SHC,SAHARSA JN,124,04:35,9
13214,SHC JBN EXP,MEX,Mail/Express,Daily,SHC,SAHARSA JN,JBN,JOGBANI,124,05:00,9
13225,INTERCITY EXP,MEX,Mail/Express,Daily,JYG,JAYNAGAR,ARA,ARA,277,10:30,23
13226,INTERCITY EXP,MEX,Mail/Express,Daily,ARA,ARA,JYG,JAYNAGAR,277,09:30,23
13227,SHC INTERCITY,MEX,Mail/Express,Daily,SHC,SAHARSA JN,RJPB,RAJENDRA NAGAR,213,06:30,16
13228,RJPB INTERCITY,MEX,Mail/Express,Daily,RJPB,RAJENDRA NAGAR,SHC,SAHARSA JN,215,06:15,16
13229,GODA RJPB EXP,MEX,Mail/Express,Sat,GODA,GODDA,RJPB,RAJENDRA NAGAR TERMINAL,322,08:40,15
13230,RJPB GODA EXP,MEX,Mail/Express,Fri,RJPB,RAJENDRA NAGAR,GODA,GODDA,323,08:05,15
13233,RAJGRIHA EXP,MEX,Mail/Express,Daily,KQR,KODERMA,DNR,DANAPUR,257,07:05,22
13234,RAJGRIHA EXP,MEX,Mail/Express,Daily,DNR,DANAPUR,KQR,KODERMA,257,07:30,22
13235,INTERCITY EXP,MEX,Mail/Express,"Mon,Tue,Wed,Thu,Fri,Sat",SBG,SAHIBGANJ JN,DNR,DANAPUR,306,09:10,31
13236,INTERCITY EXP,MEX,Mail/Express,"Mon,Tue,Wed,Thu,Fri,Sat",DNR,DANAPUR,SBG,SAHIBGANJ JN,305,08:30,31
13237,PNBE KOTA EXP,MEX,Mail/Express,"Tue,Sat,Sun",PNBE,PATNA JN,KOTA,KOTA JN,1276,24:10,30
13238,KOTA PNBE EXP,MEX,Mail/Express,"Thu,Fri,Sun",KOTA,KOTA JN,PNBE,PATNA JN,1276,25:20,30
13239,PNBE KOTA EXP,MEX,Mail/Express,"Mon,Wed,Thu,Fri",PNBE,PATNA JN,KOTA,KOTA JN,1236,24:10,26
13240,KOTA PNBE EXP,MEX,Mail/Express,"Mon,Tue,Wed,Sat",KOTA,KOTA JN,PNBE,PATNA JN,1236,25:20,26
13241,INTERCITY EXP,MEX,Mail/Express,"Mon,Tue,Wed,Thu,Fri,Sun",BAKA,BANKA,RJPB,RAJENDRA NAGAR TERMINAL,270,07:10,19
13242,RJPB BANKA EXP,MEX,Mail/Express,"Mon,Tue,Wed,Thu,Sat,Sun",RJPB,RAJENDRA NAGAR,BAKA,BANKA,270,06:45,16
13243,INTERCITY EXP,MEX,Mail/Express,Daily,PNBE,PATNA JN,BBU,BHABUA ROAD,242,06:10,26
13244,INTERCITY EXP,MEX,Mail/Express,Daily,BBU,BHABUA ROAD,PNBE,PATNA JN,242,06:15,26
13245,CAPITAL EXPRESS,MEX,Mail/Express,"Mon,Sat,Sun",NJP,NEW JALPAIGURI,ARA,ARA,562,14:30,40
13246,CAPITAL EXP,MEX,Mail/Express,"Thu,Fri,Sat",ARA,ARA,NJP,NEW JALPAIGURI,562,15:40,43
13247,CAPITAL EXPRESS,MEX,Mail/Express,"Tue,Wed,Thu,Fri",KYQ,KAMAKHYA,ARA,ARA,1004,24:10,47
13248,KYQ CAPITAL EXP,MEX,Mail/Express,"Mon,Tue,Wed,Sun",ARA,ARA,KYQ,KAMAKHYA,1004,25:15,50
13249,INTERCITY EXP,MEX,Mail/Express,Daily,PNBE,PATNA JN,BBU,BHABUA ROAD,194,04:55,28
13250,INTERCITY EXP,MEX,Mail/Express,Daily,BBU,BHABUA ROAD,PNBE,PATNA JN,194,05:20,14
13251,PNBE ANVT EXP,MEX,Mail/Express,"Thu,Sun",PNBE,PATNA JN,ANVT,ANAND VIHAR TERMINAL,982,20:15,8
13252,ANVT PNBE EXP,MEX,Mail/Express,"Mon,Fri",ANVT,ANAND VIHAR TERMINAL,PNBE,PATNA JN,982,19:05,8
13257,DNR-ANVT JANSADHARAN EXP,MEX,Mail/Express,Daily,DNR,DANAPUR,ANVT,ANAND VIHAR TERMINAL,996,18:35,12
13258,ANVT-DNR JANSADHARAN EXP,MEX,Mail/Express,Daily,ANVT,ANAND VIHAR TERMINAL,DNR,DANAPUR,996,17:55,12
13281,DBRG RJPB EXP,MEX,Mail/Express,Mon,DBRG,DIBRUGARH,RJPB,RAJENDRA NAGAR,1466,31:45,33
13282,RJPB DBRG EXP,MEX,Mail/Express,Sat,RJPB,RAJENDRA NAGAR,DBRG,DIBRUGARH,1464,31:40,33
13287,SOUTH BIHAR EXP,MEX,Mail/Express,Daily,DURG,DURG,ARA,ARA,1162,26:40,110
13288,SOUTH BIHAR EXP,MEX,Mail/Express,Daily,ARA,ARA,DURG,DURG,1163,25:55,56
13301,SUBARNAREKHA EXP,MEX,Mail/Express,Daily,DHN,DHANBAD JN,ADTP,ADITYAPUR,190,06:35,10
13302,SUBARNAREKHA EXP,MEX,Mail/Express,Daily,ADTP,ADITYAPUR,DHN,DHANBAD JN,190,06:50,10
13303,INTERCITY EXP,MEX,Mail/Express,Daily,DHN,DHANBAD JN,RNC,RANCHI,165,04:20,8
13304,INTERCITY EXP,MEX,Mail/Express,Daily,RNC,RANCHI,DHN,DHANBAD JN,162,04:25,8
13305,SSM INTERCITY,MEX,Mail/Express,Daily,DHN,DHANBAD JN,SSM,SASARAM,302,07:20,66
13306,DHN INTERCITY EX,MEX,Mail/Express,Daily,SSM,SASARAM,DHN,DHANBAD JN,302,07:00,30
13307,GANGASUTLEJ EXP,MEX,Mail/Express,Daily,DHN,DHANBAD JN,FZR,FIROZPUR CANT,1601,36:10,71
13308,GANGASATLUJ EXP,MEX,Mail/Express,Daily,FZR,FIROZPUR CANT,DHN,DHANBAD JN,1601,36:15,68
13309,CPU-PRYJ EXPRESS,MEX,Mail/Express,Daily,CPU,CHOPAN,PRYJ,PRAYAGRAJ JN,224,07:00,23
13310,PRYJ-CPU EXPRESS,MEX,Mail/Express,Daily,PRYJ,PRAYAGRAJ JN,CPU,CHOPAN,224,08:35,23
13319,DUMK RNC EXP,MEX,Mail/Express,Daily,DUMK,DUMKA,RNC,RANCHI,396,09:25,23
13320,RNC DUMK EXP,MEX,Mail/Express,Daily,RNC,RANCHI,DUMK,DUMKA,393,10:15,23
13329,GANGADAMODAR EX,MEX,Mail/Express,Daily,DHN,DHANBAD JN,PNBE,PATNA JN,291,05:55,11
13330,GANGADAMODAR EX,MEX,Mail/Express,Daily,PNBE,PATNA JN,DHN,DHANBAD JN,291,06:00,11
13331,DHN PNBE EXPRES,MEX,Mail/Express,Daily,DHN,DHANBAD JN,PNBE,PATNA JN,367,09:25,23
13332,PNBE DHN EXPRES,MEX,Mail/Express,Daily,PNBE,PATNA JN,DHN,DHANBAD JN,367,08:35,23
13333,DUMK PNBE EXP,MEX,Mail/Express,Daily,DUMK,DUMKA,PNBE,PATNA JN,335,06:55,15
13334,PNBE DUMK EXP,MEX,Mail/Express,Daily,PNBE,PATNA JN,DUMK,DUMKA,335,06:50,15
13343,BSB-SKTN  INTERCITY EXP,MEX,Mail/Express,"Thu,Fri,Sat",BSB,VARANASI,SKTN,SHAKTINAGAR,227,08:10,12
13344,SKTN-BSB INTERCITY EXP,MEX,Mail/Express,"Fri,Sat,Sun",SKTN,SHAKTINAGAR,BSB,VARANASI,227,07:45,12
13345,BSB-SGRL INTERCITY EXP,MEX,Mail/Express,"Mon,Tue,Wed,Sun",BSB,VARANASI,SGRL,SINGRAULI,208,08:00,10
13346,SGRL-BSB INTERCITY EXP,MEX,Mail/Express,"Mon,Tue,Wed,Thu",SGRL,SINGRAULI,BSB,VARANASI,208,07:15,10
13347,PALAMOU EXPRESS,MEX,Mail/Express,Daily,BRKA,BARKA KANA,PNBE,PATNA JN,494,12:20,33
13348,PALAMOU EXP,MEX,Mail/Express,Daily,PNBE,PATNA JN,BRKA,BARKA KANA,494,11:45,33
13349,SGRL PNBE EXP,MEX,Mail/Express,Daily,SGRL,SINGRAULI,PNBE,PATNA JN,477,12:45,28
13350,PNBE SGRL EXP,MEX,Mail/Express,Daily,PNBE,PATNA JN,SGRL,SINGRAULI,477,12:00,28
13351,DHN ALAPPUZHA EX,MEX,Mail/Express,Daily,DHN,DHANBAD JN,ALLP,ALAPPUZHA,2533,51:40,87
13352,ALLP DHN EXPRESS,MEX,Mail/Express,Daily,ALLP,ALAPPUZHA,DHN,DHANBAD JN,2529,52:50,90
13353,RGD PNBE EXPRESS,MEX,Mail/Express,Daily,RGD,RAJGIR,PNBE,PATNA JN,96,03:55,14
13354,PNBE RGD EXPRESS,MEX,Mail/Express,Daily,PNBE,PATNA JN,RGD,RAJGIR,96,03:25,14
13379,DHN LTT EXP,MEX,Mail/Express,Mon,DHN,DHANBAD JN,LTT,LOKMANYATILAK,1848,38:40,29
13380,LTT  DHANBAD EXP,MEX,Mail/Express,Wed,LTT,LOKMANYATILAK,DHN,DHANBAD JN,1848,39:05,29
13401,INTERCITY EXP,MEX,Mail/Express,Daily,BGP,BHAGALPUR,DNR,DANAPUR,231,07:10,56
13402,INTERCITY EXP,MEX,Mail/Express,Daily,DNR,DANAPUR,BGP,BHAGALPUR,230,06:15,56
13403,VANANCHAL EXP,MEX,Mail/Express,Daily,RNC,RANCHI,BGP,BHAGALPUR,565,13:50,58
13404,VANANCHAL EXP,MEX,Mail/Express,Daily,BGP,BHAGALPUR,RNC,RANCHI,568,13:35,58
13409,MLDT-KIUL INTERCITY EXP,MEX,Mail/Express,Daily,MLDT,MALDA TOWN,KIUL,KIUL JN,277,06:55,42
13410,INTERCITY EXP,MEX,Mail/Express,Daily,KIUL,KIUL JN,MLDT,MALDA TOWN,276,06:50,21
13415,MLDT PNBE EXP,MEX,Mail/Express,"Wed,Fri,Sun",MLDT,MALDA TOWN,PNBE,PATNA JN,400,09:25,19
13416,PNBE MLDT EXPRE,MEX,Mail/Express,"Mon,Thu,Sat",PNBE,PATNA JN,MLDT,MALDA TOWN,399,09:40,19
13417,DGHA MLDT EXP,MEX,Mail/Express,Thu,DGHA,DIGHA,MLDT,MALDA TOWN,662,14:45,19
13418,MLDT DGHA EXP,MEX,Mail/Express,Thu,MLDT,MALDA TOWN,DGHA,DIGHA,663,15:15,38
13419,JANASEWA EXP,MEX,Mail/Express,Daily,BGP,BHAGALPUR,MFP,MUZAFFARPUR JN,240,06:40,19
13420,JANSEWA EXPRESS,MEX,Mail/Express,Daily,MFP,MUZAFFARPUR JN,BGP,BHAGALPUR,239,06:55,18
13421,NDAE MLDT EXP,MEX,Mail/Express,"Mon,Thu",NDAE,NABADWIP DHAM,MLDT,MALDA TOWN,229,04:10,11
13422,MLDT NDAE EXP,MEX,Mail/Express,"Mon,Thu",MLDT,MALDA TOWN,NDAE,NABADWIP DHAM,229,04:15,11
13423,BGP AII HUMSAFAR,MEX,Mail/Express,Thu,BGP,BHAGALPUR,AII,AJMER JN,1741,33:30,21
13424,AII BGP HUMSAFAR,MEX,Mail/Express,Sat,AII,AJMER JN,BGP,BHAGALPUR,1740,32:40,21
13425,MLDT ST EXPRESS,MEX,Mail/Express,Sat,MLDT,MALDA TOWN,ST,SURAT,2136,39:05,30
13426,ST MALDATOWN EX,MEX,Mail/Express,Mon,ST,SURAT,MLDT,MALDA TOWN,2130,40:10,30
13427,INTERCITY EXP,MEX,Mail/Express,Daily,HWH,HOWRAH JN,SBG,SAHIBGANJ JN,356,06:50,20
13428,INTERCITY EXP,MEX,Mail/Express,Daily,SBG,SAHIBGANJ JN,HWH,HOWRAH JN,356,06:50,10
13429,MLDT ANVT EXP,MEX,Mail/Express,Fri,MLDT,MALDA TOWN,ANVT,ANAND VIHAR TERMINAL,1406,28:55,26
13430,ANVT MLDT EXP,MEX,Mail/Express,Sat,ANVT,ANAND VIHAR TERMINAL,MLDT,MALDA TOWN,1406,30:25,26
13431,NDAE BLGT EXP,MEX,Mail/Express,"Tue,Wed,Fri,Sat,Sun",NDAE,NABADWIP DHAM,BLGT,BALURGHAT,335,06:35,15
13432,BLGT NDAE EXP,MEX,Mail/Express,"Tue,Wed,Fri,Sat,Sun",BLGT,BALURGHAT,NDAE,NABADWIP DHAM,335,06:45,15
13433,AMRIT BHARAT EXP,AMTB,Amrit Bharat,Tue,SMVB,SMVT BENGALURU,MLDT,MALDA TOWN,2267,43:25,35
13434,AMRIT BHARAT EXP,AMTB,Amrit Bharat,Sun,MLDT,MALDA TOWN,SMVB,SMVT BENGALURU,2267,42:10,35
13435,AMRIT BHARAT EXP,AMTB,Amrit Bharat,Thu,MLDT,MALDA TOWN,GTNR,GOMTI NAGAR,943,19:35,25
13436,AMRIT BHARAT EXP,AMTB,Amrit Bharat,Fri,GTNR,GOMTI NAGAR,MLDT,MALDA TOWN,943,21:55,25
13465,INTERCITY EXP,MEX,Mail/Express,Daily,HWH,HOWRAH JN,MLDT,MALDA TOWN,334,06:35,16
13466,INTERCITY EXP,MEX,Mail/Express,Daily,MLDT,MALDA TOWN,HWH,HOWRAH JN,334,06:35,16
13503,BWN-HTE MEMU EXP,MEX,Mail/Express,Daily,BWN,BARDHAMAN,HTE,HATIA,346,11:20,50
13504,HTE BWN MEMU EXP,MEX,Mail/Express,Daily,HTE,HATIA,BWN,BARDHAMAN,344,12:50,100
13505,DGHA ASN EXP,MEX,Mail/Express,Sun,DGHA,DIGHA,ASN,ASANSOL JN.,375,08:10,19
13506,ASN DGHA EXP,MEX,Mail/Express,Sun,ASN,ASANSOL JN.,DGHA,DIGHA,375,07:10,19
13507,ASN GKP EXPRESS,MEX,Mail/Express,Fri,ASN,ASANSOL JN.,GKP,GORAKHPUR JN,644,13:40,15
13508,GKP ASN EXP,MEX,Mail/Express,Sat,GKP,GORAKHPUR JN,ASN,ASANSOL JN.,644,14:35,15
13509,ASN GD EXPRESS,MEX,Mail/Express,Tue,ASN,ASANSOL JN.,GD,GONDA JN,861,21:05,22
13510,GD ASN EXP,MEX,Mail/Express,Wed,GD,GONDA JN,ASN,ASANSOL JN.,861,20:30,22
13511,ADTP ASN EXP,MEX,Mail/Express,"Tue,Fri,Sun",ADTP,ADITYAPUR,ASN,ASANSOL JN.,162,04:30,9
13512,ASN TATA EXP,MEX,Mail/Express,"Tue,Fri,Sun",ASN,ASANSOL JN.,ADTP,ADITYAPUR,162,03:50,9
13513,ASN HTE EXP                                    ,MEX,Mail/Express,"Mon,Wed,Thu,Sat,Sun",ASN,ASANSOL JN.,HTE,HATIA,435,09:50,17
13514,HTE ASN EXP                                    ,MEX,Mail/Express,"Mon,Wed,Thu,Sat,Sun",HTE,HATIA,ASN,ASANSOL JN.,435,09:00,17
13545,ASN-GAYA MEMU EXP,MEX,Mail/Express,Daily,ASN,ASANSOL JN.,GAYA,GAYA JN,257,08:05,49
13546,GAYA-ASN MEMU EXP,MEX,Mail/Express,Daily,GAYA,GAYA JN,ASN,ASANSOL JN.,257,07:15,47
13553,ASN-BSB MEMU EXP,MEX,Mail/Express,Daily,ASN,ASANSOL JN.,BSB,VARANASI,479,14:50,85
13554,BSB-ASN MEMU EXP,MEX,Mail/Express,Daily,BSB,VARANASI,ASN,ASANSOL JN.,479,16:35,85
13697,AMRIT BHARAT EXP,AMTB,Amrit Bharat,"Thu,Sun",GAYA,GAYA JN,DLI,DELHI JN.,985,19:15,11
13698,AMRIT BHARAT EXP,AMTB,Amrit Bharat,"Mon,Fri",DLI,DELHI JN.,GAYA,GAYA JN,985,19:00,11
14003,MLDT NDLS EXP,MEX,Mail/Express,"Tue,Sat",MLDT,MALDA TOWN,NDLS,NEW DELHI,1419,29:00,24
14004,NDLS MLDT EXP,MEX,Mail/Express,"Thu,Sun",NDLS,NEW DELHI,MLDT,MALDA TOWN,1418,29:35,24
14005,LICHCHVI EXPRES,MEX,Mail/Express,Daily,SMI,SITAMARHI,ANVT,ANAND VIHAR TERMINAL,1194,25:45,42
14006,LICHCHIVI EXP,MEX,Mail/Express,Daily,ANVT,ANAND VIHAR TERMINAL,SMI,SITAMARHI,1194,26:20,42
14007,SADBHAVANA EXP,MEX,Mail/Express,"Wed,Fri",RXL,RAXAUL JN,ANVT,ANAND VIHAR TERMINAL,1246,29:00,37
14008,SADHBHAWNA EXP,MEX,Mail/Express,"Tue,Thu",ANVT,ANAND VIHAR TERMINAL,RXL,RAXAUL JN,1246,29:35,38
14009,CHAMPRN SATYGRH,MEX,Mail/Express,"Tue,Thu,Sun",BMKI,BAPUDM MOTIHARI,ANVT,ANAND VIHAR TERMINAL,964,20:55,18
14010,CHAMPRN SATYGRH,MEX,Mail/Express,"Mon,Wed,Sat",ANVT,ANAND VIHAR TERMINAL,BMKI,BAPUDM MOTIHARI,964,20:25,18
14011,RDP ANVT EXPRESS,MEX,Mail/Express,Tue,RDP,RADHIKAPUR,ANVT,ANAND VIHAR TERMINAL,1420,31:50,29
14012,ANVT RDP EXPRESS,MEX,Mail/Express,Sun,ANVT,ANAND VIHAR TERMINAL,RDP,RADHIKAPUR,1420,31:25,29
14013,SLN ANVT EXP,MEX,Mail/Express,"Tue,Sun",SLN,SULTANPUR,ANVT,ANAND VIHAR TERMINAL,634,13:15,15
14014,SULTANPUR EXP,MEX,Mail/Express,"Mon,Sat",ANVT,ANAND VIHAR TERMINAL,SLN,SULTANPUR,634,13:25,15
14015,SADBHAVANA EXP,MEX,Mail/Express,"Tue,Sun",RXL,RAXAUL JN,ANVT,ANAND VIHAR TERMINAL,1226,29:50,37
14016,SADHBHAWNA EXP,MEX,Mail/Express,"Fri,Sun",ANVT,ANAND VIHAR TERMINAL,RXL,RAXAUL JN,1226,29:40,38
14017,SADBHAVANA EXP,MEX,Mail/Express,Thu,RXL,RAXAUL JN,ANVT,ANAND VIHAR TERMINAL,1287,29:00,37
14018,SADBHAVNA EXP,MEX,Mail/Express,Wed,ANVT,ANAND VIHAR TERMINAL,RXL,RAXAUL JN,1287,29:35,37
14021,PRR ANVT EXPRESS,MEX,Mail/Express,Fri,PRR,PURULIA JN.,ANVT,ANAND VIHAR TERMINAL,1405,30:10,19
14022,ANVT PRR EXP,MEX,Mail/Express,Thu,ANVT,ANAND VIHAR TERMINAL,PRR,PURULIA JN.,1404,29:40,20
14023,DLI-KKDE EXP ,MEX,Mail/Express,"Mon,Tue,Wed,Thu,Fri,Sun",DLI,DELHI JN.,KKDE,KURUKSHETRA JN,247,05:30,14
14024,KKDE-DLI EXP,MEX,Mail/Express,"Mon,Tue,Wed,Thu,Fri,Sat",KKDE,KURUKSHETRA JN,DLI,DELHI JN.,247,05:00,14
14027,JHI - FZR EXP,MEX,Mail/Express,Daily,JIND,JIND JN,FZR,FIROZPUR CANT,257,05:00,15
14028,FZR - JHI MEXP,MEX,Mail/Express,Daily,FZR,FIROZPUR CANT,JIND,JIND JN,257,05:10,15
14029,SGNR DLI EXPRESS,MEX,Mail/Express,Daily,SGNR,SHRI GANGANAGAR,DLI,DELHI JN.,509,14:00,66
14030,MUT SGNR EXPRESS,MEX,Mail/Express,Daily,MUT,MEERUT CANT,SGNR,SHRI GANGANAGAR,587,17:00,85
14035,DHAULADHAR EXP.,MEX,Mail/Express,"Mon,Wed,Fri",DEE,DELHI SARAI ROHILLA,PTK,PATHANKOT,494,09:00,17
14036,DHAULADHAR EXP.,MEX,Mail/Express,"Tue,Thu,Sat",PTK,PATHANKOT,DEE,DELHI SARAI ROHILLA,494,09:30,18
14037,PORVOTR S KRNTI,MEX,Mail/Express,Mon,SCL,SILCHAR,NDLS,NEW DELHI,2282,41:40,16
14038,NDLS SCL EXP,MEX,Mail/Express,Thu,NDLS,NEW DELHI,SCL,SILCHAR,2282,43:40,16
14047,AMRIT BHARAT EXP,AMTB,Amrit Bharat,Sun,SMI,SITAMARHI,DLI,DELHI JN.,1056,24:20,17
14048,AMRIT BHARAT EXP,AMTB,Amrit Bharat,Sat,DLI,DELHI JN.,SMI,SITAMARHI,1056,20:45,17
14049,GODA DLI EXPRESS,MEX,Mail/Express,Wed,GODA,GODDA,DLI,DELHI JN.,1315,23:05,20
14050,GODDA EXP,MEX,Mail/Express,Mon,DLI,DELHI JN.,GODA,GODDA,1315,24:45,20
14053,HIMACHAL EXP,MEX,Mail/Express,Daily,DLI,DELHI JN.,KRTP,KARTOLI PUNJAB,425,09:00,26
14054,HIMACHAL EXP,MEX,Mail/Express,Daily,KRTP,KARTOLI PUNJAB,DLI,DELHI JN.,425,08:05,24
14055,MAU ANVT EXP,MEX,Mail/Express,Thu,MAU,MAU JN,ANVT,ANAND VIHAR TERMINAL,869,16:30,10
14056,ANVT MAU EXP,MEX,Mail/Express,Wed,ANVT,ANAND VIHAR TERMINAL,MAU,MAU JN,869,14:45,10
14087,RUNICHA EXP,MEX,Mail/Express,Daily,DLI,DELHI JN.,JSM,JAISALMER,849,16:35,26
14088,RUNICHA EXP,MEX,Mail/Express,Daily,JSM,JAISALMER,DLI,DELHI JN.,846,15:35,25
14089,ANVT KTW EXP,MEX,Mail/Express,Daily,ANVT,ANAND VIHAR TERMINAL,KTW,KOTDWARA,282,06:10,11
14090,KTW ANVT EXP,MEX,Mail/Express,Daily,KTW,KOTDWARA,ANVT,ANAND VIHAR TERMINAL,282,06:45,11
14101,PYGS-CNB EXP ,MEX,Mail/Express,Daily,PYGS,PRAYAGRAJ SANGAM,CNB,KANPUR CENTRAL,211,04:45,14
14102,CNB-PYGS EXP ,MEX,Mail/Express,Daily,CNB,KANPUR CENTRAL,PYGS,PRAYAGRAJ SANGAM,211,05:05,14
14109,CTKD-CNB EXP,MEX,Mail/Express,Daily,CKTD,CHITRAKOT,CNB,KANPUR CENTRAL,212,05:15,12
14110,CNB-CKTD EXP,MEX,Mail/Express,Daily,CNB,KANPUR CENTRAL,CKTD,CHITRAKOT,212,04:25,12
14111,MFP PRYJ EXP,MEX,Mail/Express,"Mon,Wed",MFP,MUZAFFARPUR JN,PRYJ,PRAYAGRAJ JN,666,13:25,23
14112,BAPUDHAM EXPRESS,MEX,Mail/Express,"Mon,Wed",PRYJ,PRAYAGRAJ JN,MFP,MUZAFFARPUR JN,666,13:20,23
14113,SFG DDN EXPRESS,MEX,Mail/Express,Daily,SFG,SUBEDARGANJ,DDN,DEHRADOON,861,15:50,23
14114,DDN SFG EXP,MEX,Mail/Express,Daily,DDN,DEHRADOON,SFG,SUBEDARGANJ,861,16:50,23
14115,DADN PRYJ EXP,MEX,Mail/Express,Daily,DADN,DR. AMBEDKAR NAGAR,PRYJ,PRAYAGRAJ JN,951,18:45,23
14116,PRYJ DADN EXP,MEX,Mail/Express,Daily,PRYJ,PRAYAGRAJ JN,DADN,DR. AMBEDKAR NAGAR,951,18:30,23
14117,KALINDI EXPRESS,MEX,Mail/Express,Daily,PRYJ,PRAYAGRAJ JN,BNW,BHIWANI JN.,799,17:35,33
14118,KALINDI EXP,MEX,Mail/Express,Daily,BNW,BHIWANI JN.,PRYJ,PRAYAGRAJ JN,799,17:15,33
14119,KGM DDN EXP,MEX,Mail/Express,Daily,KGM,KATHGODAM,DDN,DEHRADOON,335,08:45,11
14120,DDN KGM EXP,MEX,Mail/Express,Daily,DDN,DEHRADOON,KGM,KATHGODAM,335,07:50,11
14121,AMRIT BHARAT EXP,AMTB,Amrit Bharat,Thu,SFG,SUBEDARGANJ,LTT,LOKMANYATILAK,1669,32:40,20
14122,SFG AMRITBHARAT,AMTB,Amrit Bharat,Fri,LTT,LOKMANYATILAK,SFG,SUBEDARGANJ,1669,32:35,20
14123,PBH-CNB INTERCITY,MEX,Mail/Express,Daily,MBDP,MAA BELHA DEVI DHAM PRATAPGARH,CNB,KANPUR CENTRAL,247,05:16,15
14124,CNB-MBDP INTERCITY,MEX,Mail/Express,Daily,CNB,KANPUR CENTRAL,MBDP,MAA BELHA DEVI DHAM PRATAPGARH,247,05:25,15
14151,CNB ANVT EXP,MEX,Mail/Express,Sun,CNB,KANPUR CENTRAL,ANVT,ANAND VIHAR TERMINAL,478,10:35,14
14152,ANVT CNB EXP,MEX,Mail/Express,Sun,ANVT,ANAND VIHAR TERMINAL,CNB,KANPUR CENTRAL,478,09:35,14
14163,SANGAM EXPRESS,MEX,Mail/Express,Daily,SFG,SUBEDARGANJ,MTC,MEERUT CITY,636,12:35,24
14164,SANGAM EXP,MEX,Mail/Express,Daily,MTC,MEERUT CITY,SFG,SUBEDARGANJ,636,13:25,20
14201,JNU - RBL EXPRESS ,MEX,Mail/Express,Daily,JNU,JAUNPUR JN,RBL,RAE BARELI JN,202,05:25,13
14202,RBL-JNU EXP,MEX,Mail/Express,Daily,RBL,RAE BARELI JN,JNU,JAUNPUR JN,202,04:45,13
14205,AYODHYA EXPRESS,MEX,Mail/Express,Daily,AYC,AYODHYA CANTT,DLI,DELHI JN.,614,10:55,11
14206,AYODHYA EXPRESS,MEX,Mail/Express,Daily,DLI,DELHI JN.,AYC,AYODHYA CANTT,614,12:00,11
14207,PADMAVAT EXP,MEX,Mail/Express,Daily,MBDP,MAA BELHA DEVI DHAM PRATAPGARH,DLI,DELHI JN.,659,12:45,18
14208,PADMAVAT EXP,MEX,Mail/Express,Daily,DLI,DELHI JN.,MBDP,MAA BELHA DEVI DHAM PRATAPGARH,659,12:30,18
14209,PYGS LKO INTRCT,MEX,Mail/Express,Daily,PYGS,PRAYAGRAJ SANGAM,LKO,LUCKNOW JN.,197,04:15,11
14210,LKO PYGS INTRCT,MEX,Mail/Express,Daily,LKO,LUCKNOW JN.,PYGS,PRAYAGRAJ SANGAM,197,04:10,11
14211,AGC INTERCITY EXPRESS,MEX,Mail/Express,Daily,GWL,GWALIOR JN.,NDLS,NEW DELHI,312,07:30,21
14212,INTERCITY EXP,MEX,Mail/Express,Daily,NDLS,NEW DELHI,GWL,GWALIOR JN.,312,07:30,21
14213,NPR INTERCITY,MEX,Mail/Express,Daily,BSB,VARANASI,NPR,NEPALGANJ ROAD,370,09:00,18
14214,BSB INTERCITY,MEX,Mail/Express,Daily,NPR,NEPALGANJ ROAD,BSB,VARANASI,370,09:45,18
14215,GANGA GOMTI EXP,MEX,Mail/Express,Daily,PYGS,PRAYAGRAJ SANGAM,LKO,LUCKNOW JN.,197,04:15,12
14216,GANGA GOMTI EXP,MEX,Mail/Express,Daily,LKO,LUCKNOW JN.,PYGS,PRAYAGRAJ SANGAM,197,04:10,12
14217,UNCHAHAR EXP,MEX,Mail/Express,Daily,PYGS,PRAYAGRAJ SANGAM,CDG,CHANDIGARH,888,19:15,41
14218,UNCHAHAR EXP,MEX,Mail/Express,Daily,CDG,CHANDIGARH,PYGS,PRAYAGRAJ SANGAM,888,18:20,41
14225,BSB-LKO EXP,MEX,Mail/Express,Daily,BSB,VARANASI,LKO,LUCKNOW JN.,323,06:00,13
14226,LKO-BSB EXP,MEX,Mail/Express,Daily,LKO,LUCKNOW JN.,BSB,VARANASI,323,06:00,13
14229,PYGS YNRK EXP,MEX,Mail/Express,"Tue,Thu,Sun",PYGS,PRAYAGRAJ SANGAM,YNRK,YOG NAGARI RISHIKESH,743,14:50,20
14230,YNRK PYGS EXP,MEX,Mail/Express,"Mon,Wed,Fri",YNRK,YOG NAGARI RISHIKESH,PYGS,PRAYAGRAJ SANGAM,743,15:50,20
14231,MANWAR SANGMEXP,MEX,Mail/Express,"Mon,Tue,Wed,Fri,Sat",PYGS,PRAYAGRAJ SANGAM,BST,BASTI,260,06:45,12
14232,MANWARSANGAMEXP,MEX,Mail/Express,"Mon,Tue,Wed,Fri,Sat",BST,BASTI,PYGS,PRAYAGRAJ SANGAM,260,06:20,12
14233,SARYU EXP,MEX,Mail/Express,Daily,PYGS,PRAYAGRAJ SANGAM,MUR,MANKAPUR JN,199,06:05,15
14234,SARYU EXPRESS,MEX,Mail/Express,Daily,MUR,MANKAPUR JN,PYGS,PRAYAGRAJ SANGAM,199,05:35,15
14235,BSB BE EXP,MEX,Mail/Express,Daily,BSB,VARANASI,BE,BAREILLY(NR),558,12:50,30
14236,BE BSB EXP,MEX,Mail/Express,Daily,BE,BAREILLY(NR),BSB,VARANASI,558,14:15,27
14241,NAUCHANDI EXP,MEX,Mail/Express,Daily,PYGS,PRAYAGRAJ SANGAM,SRE,SAHARANPUR JN.,769,16:50,64
14242,NAUCHANDI EXP,MEX,Mail/Express,Daily,SRE,SAHARANPUR JN.,PYGS,PRAYAGRAJ SANGAM,769,16:05,31
14259,EKATMATA EXPRES,MEX,Mail/Express,Sun,GAYA,GAYA JN,LKO,LUCKNOW JN.,523,10:40,14
14260,EKATMATA EXP,MEX,Mail/Express,Sat,LKO,LUCKNOW JN.,GAYA,GAYA JN,523,10:50,14
14261,EKATMATA EXPRESS,MEX,Mail/Express,"Wed,Fri",GAYA,GAYA JN,LKO,LUCKNOW JN.,505,09:40,10
14262,EKATMATA EXP,MEX,Mail/Express,"Tue,Thu",LKO,LUCKNOW JN.,GAYA,GAYA JN,505,10:50,10
14303,DLI - HW EXP,MEX,Mail/Express,Daily,DLI,DELHI JN.,HW,HARIDWAR JN,247,05:45,18
14304,HW-DLI EXP ,MEX,Mail/Express,Daily,HW,HARIDWAR JN,DLI,DELHI JN.,247,05:40,18
14305,DLI - HW EXP,MEX,Mail/Express,Daily,DLI,DELHI JN.,HW,HARIDWAR JN,230,07:35,35
14306,HW-DLIEXP ,MEX,Mail/Express,Daily,HW,HARIDWAR JN,DLI,DELHI JN.,230,07:35,35
14307,PYGS BE EXP,MEX,Mail/Express,Daily,PYGS,PRAYAGRAJ SANGAM,BE,BAREILLY(NR),432,09:30,18
14308,BE PYGS EXP,MEX,Mail/Express,Daily,BE,BAREILLY(NR),PYGS,PRAYAGRAJ SANGAM,432,09:25,18
14309,UJJAINI EXPRESS,MEX,Mail/Express,"Wed,Thu",LMNR,LAKSHMIBAI NGR,YNRK,YOG NAGARI RISHIKESH,1153,27:20,29
14310,UJJAINI EXP,MEX,Mail/Express,"Tue,Wed",YNRK,YOG NAGARI RISHIKESH,LMNR,LAKSHMIBAI NGR,1153,23:50,31
14311,ALA HAZRAT EXP,MEX,Mail/Express,"Tue,Thu,Sat",BE,BAREILLY(NR),BHUJ,BHUJ,1525,28:15,49
14312,BHUJ BE EXP,MEX,Mail/Express,"Tue,Wed,Fri",BHUJ,BHUJ,BE,BAREILLY(NR),1525,28:20,48
14313,BAREILLY EXPRESS,MEX,Mail/Express,Mon,LTT,LOKMANYATILAK,BE,BAREILLY(NR),1595,31:15,26
14314,BE LTT EXPRESS,MEX,Mail/Express,Sat,BE,BAREILLY(NR),LTT,LOKMANYATILAK,1595,28:50,27
14317,LMNR YNRK EXP,MEX,Mail/Express,"Sat,Sun",LMNR,LAKSHMIBAI NGR,YNRK,YOG NAGARI RISHIKESH,1153,27:20,28
14318,YNRK LMNR EXP,MEX,Mail/Express,"Fri,Sat",YNRK,YOG NAGARI RISHIKESH,LMNR,LAKSHMIBAI NGR,1153,23:50,30
14319,INDB BARELLY EXP,MEX,Mail/Express,Thu,INDB,INDORE JN,BE,BAREILLY(NR),1036,22:35,20
14320,BE INDB EXP,MEX,Mail/Express,Wed,BE,BAREILLY(NR),INDB,INDORE JN,1036,21:30,20
14321,BE BHUJ EXPRESS,MEX,Mail/Express,"Mon,Wed,Fri,Sun",BE,BAREILLY(NR),BHUJ,BHUJ,1409,26:15,48
14322,BHUJ BE EXP,MEX,Mail/Express,"Mon,Thu,Sat,Sun",BHUJ,BHUJ,BE,BAREILLY(NR),1409,26:20,47
14331,DLI-KLK EXP,MEX,Mail/Express,Daily,DLI,DELHI JN.,KLK,KALKA,267,05:25,17
14332,KLK DLI EXP,MEX,Mail/Express,Daily,KLK,KALKA,DLI,DELHI JN.,332,08:00,30
14341,MUSSOORIE EXP,MEX,Mail/Express,Daily,SSB,SHAKURBASTI,DDN,DEHRADOON,344,11:45,20
14342,MUSSOORIE EXP,MEX,Mail/Express,Daily,DDN,DEHRADOON,SSB,SHAKURBASTI,344,11:05,20
14501,UMB KRTP EXP,MEX,Mail/Express,Daily,UMB,AMBALA CANT JN,KRTP,KARTOLI PUNJAB,227,04:25,12
14502,KRTP UMB EXP,MEX,Mail/Express,Daily,KRTP,KARTOLI PUNJAB,UMB,AMBALA CANT JN,227,04:50,12
14503,KLK SVDK EXP,MEX,Mail/Express,"Tue,Fri",KLK,KALKA,SVDK,SHRI MATA VAISHNO DEVI KATRA,478,09:30,9
14504,SVDK KLK EXP,MEX,Mail/Express,"Wed,Sat",SVDK,SHRI MATA VAISHNO DEVI KATRA,KLK,KALKA,478,11:00,9
14505,ASR NLDM EXP,MEX,Mail/Express,Daily,ASR,AMRITSAR,NLDM,NANGAL DAM,286,05:45,12
14506,NLDM ASR EXP,MEX,Mail/Express,Daily,NLDM,NANGAL DAM,ASR,AMRITSAR,286,05:45,12
14507,DLI FKA EXP,MEX,Mail/Express,Daily,DLI,DELHI JN.,FKA,FAZILKA,521,11:05,28
14508,FKA DLI EXP,MEX,Mail/Express,Daily,FKA,FAZILKA,DLI,DELHI JN.,521,10:40,28
14509,DUI - BTI EXP ,MEX,Mail/Express,Daily,DUI,DHURI JN,BTI,BATHINDA,95,01:45,8
14510,BTI - UMB EXP ,MEX,Mail/Express,Daily,BTI,BATHINDA,UMB,AMBALA CANT JN,201,04:30,19
14521,DLI UMB EXPRESS,MEX,Mail/Express,Daily,DLI,DELHI JN.,UMB,AMBALA CANT JN,262,05:30,16
14522,UMB DLI EXPRESS,MEX,Mail/Express,Daily,UMB,AMBALA CANT JN,DLI,DELHI JN.,262,05:40,16
14523,HARIHAR EXP,MEX,Mail/Express,"Mon,Thu",BJU,BARAUNI JN,UMB,AMBALA CANT JN,1304,27:35,25
14524,HARIHAR EXPRESS,MEX,Mail/Express,"Tue,Sat",UMB,AMBALA CANT JN,BJU,BARAUNI JN,1304,27:50,25
14525,UMB SGNR EXP,MEX,Mail/Express,Daily,UMB,AMBALA CANT JN,SGNR,SHRI GANGANAGAR,328,06:00,15
14526,UMB INTCITY EXP,MEX,Mail/Express,Daily,SGNR,SHRI GANGANAGAR,UMB,AMBALA CANT JN,328,07:35,15
14527,BTI-SGNR EXP ,MEX,Mail/Express,"Mon,Tue,Wed,Thu,Sat,Sun",BTI,BATHINDA,SGNR,SHRI GANGANAGAR,127,02:30,7
14528,SGNR-BTI EXP ,MEX,Mail/Express,"Mon,Tue,Wed,Thu,Sat,Sun",SGNR,SHRI GANGANAGAR,BTI,BATHINDA,127,02:35,7
14541,CDG ASR EXP,MEX,Mail/Express,Daily,CDG,CHANDIGARH,ASR,AMRITSAR,247,04:45,7
14542,ASR CDG EXP,MEX,Mail/Express,Daily,ASR,AMRITSAR,CDG,CHANDIGARH,247,04:35,7
14545,DLI SRE EXP,MEX,Mail/Express,Daily,DLI,DELHI JN.,SRE,SAHARANPUR JN.,164,04:25,22
14546,SRE DLI EXP,MEX,Mail/Express,Daily,SRE,SAHARANPUR JN.,DLI,DELHI JN.,164,04:15,22
14601,FZR-HMH EXPRESS ,MEX,Mail/Express,Daily,FZR,FIROZPUR CANT,HMH,HANUMANGARH JN,251,05:20,24
14602,HMH-FZR EXPRESS ,MEX,Mail/Express,Daily,HMH,HANUMANGARH JN,FZR,FIROZPUR CANT,251,04:55,24
14603,JANSADHARAN EXP ,MEX,Mail/Express,Fri,NPV,NARPATGANJ,ASR,AMRITSAR,1666,37:05,78
14604,JANSADHARAN EXP ,MEX,Mail/Express,Wed,ASR,AMRITSAR,NPV,NARPATGANJ,1665,34:00,78
14605,YNRK JAT EXP,MEX,Mail/Express,Mon,YNRK,YOG NAGARI RISHIKESH,JAT,JAMMUTAVI,558,11:35,16
14606,JAT YNRK EXP,MEX,Mail/Express,Sun,JAT,JAMMUTAVI,YNRK,YOG NAGARI RISHIKESH,558,12:10,16
14609,HEMKUNT EXPRESS,MEX,Mail/Express,Daily,YNRK,YOG NAGARI RISHIKESH,SVDK,SHRI MATA VAISHNO DEVI KATRA,678,14:00,23
14610,HEMKUNT EXPRESS,MEX,Mail/Express,Daily,SVDK,SHRI MATA VAISHNO DEVI KATRA,YNRK,YOG NAGARI RISHIKESH,678,15:50,22
14611,GCT SVDK EXP,MEX,Mail/Express,Fri,GCT,GHAZIPUR CITY,SVDK,SHRI MATA VAISHNO DEVI KATRA,1393,27:50,19
14612,SVDK GCT EXP,MEX,Mail/Express,Thu,SVDK,SHRI MATA VAISHNO DEVI KATRA,GCT,GHAZIPUR CITY,1393,26:20,17
14613,SASN-FZR EXP,MEX,Mail/Express,Daily,SASN,SAHIBZADA AJIT SINGH NAGAR,FZR,FIROZPUR CANT,224,04:55,8
14614,FZR-SASN- EXPRESS ,MEX,Mail/Express,Daily,FZR,FIROZPUR CANT,SASN,SAHIBZADA AJIT SINGH NAGAR,224,04:55,8
14615,LKU ASR EXP,MEX,Mail/Express,Sat,LKU,LALKUA JN.,ASR,AMRITSAR,673,15:20,18
14616,ASR LKU EXPRESS,MEX,Mail/Express,Sat,ASR,AMRITSAR,LKU,LALKUA JN.,673,15:15,18
14617,PRNC-ASR JANSEWA EXP,MEX,Mail/Express,Daily,PRNC,PURNIA COURT,ASR,AMRITSAR,1618,35:30,53
14618,ASR-PRNC JANSEWA EXP,MEX,Mail/Express,Daily,ASR,AMRITSAR,PRNC,PURNIA COURT,1618,36:10,52
14619,TRIPURA SUNDARI,MEX,Mail/Express,Thu,AGTL,AGARTALA,FZR,FIROZPUR CANT,2901,55:55,33
14620,TRIPURA SUNDARI,MEX,Mail/Express,Mon,FZR,FIROZPUR CANT,AGTL,AGARTALA,2901,57:45,33
14621,NED FZR EXPRESS,MEX,Mail/Express,Sun,NED,NANDED,FZR,FIROZPUR CANT,2014,40:30,29
14622,FZR-NED EXP,MEX,Mail/Express,Fri,FZR,FIROZPUR CANT,NED,NANDED,2014,37:50,29
14623,S G VARNASI EXP,MEX,Mail/Express,"Mon,Thu,Sat",BSB,VARANASI,CIA,CHHEHARTA,1139,21:20,13
14624,S G VARANASI EXP,MEX,Mail/Express,"Wed,Fri,Sun",CIA,CHHEHARTA,BSB,VARANASI,1139,22:10,13
14625,HW FZR EXP,MEX,Mail/Express,Thu,HW,HARIDWAR JN,FZR,FIROZPUR CANT,446,09:50,15
14626,FZR HW EXP,MEX,Mail/Express,Wed,FZR,FIROZPUR CANT,HW,HARIDWAR JN,446,09:50,15
14627,AMRIT BHARAT EXP,AMTB,Amrit Bharat,Mon,SHC,SAHARSA JN,CIA,CHHEHARTA,1596,38:20,35
14628,AMRIT BHARAT EXP,AMTB,Amrit Bharat,Sat,CIA,CHHEHARTA,SHC,SAHARSA JN,1595,35:50,35
14629,SUTLEJ EXP ,MEX,Mail/Express,Daily,CDG,CHANDIGARH,FZR,FIROZPUR CANT,235,04:55,12
14630,SUTLEZ EXP ,MEX,Mail/Express,Daily,FZR,FIROZPUR CANT,CDG,CHANDIGARH,235,05:10,12
14631,DDN ASR EXPRESS,MEX,Mail/Express,Daily,DDN,DEHRADOON,ASR,AMRITSAR,505,12:50,24
14632,ASR DDN EXPRESS,MEX,Mail/Express,Daily,ASR,AMRITSAR,DDN,DEHRADOON,505,12:10,27
14633,RAVI EXPRESS,MEX,Mail/Express,Daily,ASR,AMRITSAR,PTK,PATHANKOT,107,03:35,7
14634,RAVI EXPRESS ,MEX,Mail/Express,Daily,PTK,PATHANKOT,ASR,AMRITSAR,107,02:35,7
14649,SARYU YAMUNA EX,MEX,Mail/Express,"Tue,Fri,Sun",JYG,JAYNAGAR,ASR,AMRITSAR,1585,34:35,55
14650,SARYUYAMUNA EXP,MEX,Mail/Express,"Mon,Wed,Sat",ASR,AMRITSAR,JYG,JAYNAGAR,1585,35:40,53
14653,HSR ASR EXPRESS,MEX,Mail/Express,Daily,HSR,HISAR,ASR,AMRITSAR,345,07:45,20
14654,ASR HSR EXPRESS,MEX,Mail/Express,Daily,ASR,AMRITSAR,HSR,HISAR,345,06:35,17
14661,SHALIMAR MALANI,MEX,Mail/Express,Daily,BME,BARMER,JAT,JAMMUTAVI,1469,29:35,62
14662,SHALIMAR MALANI,MEX,Mail/Express,Daily,JAT,JAMMUTAVI,BME,BARMER,1469,29:35,64
14663,AMRIT BHARAT EXP,AMTB,Amrit Bharat,Sat,NJP,NEW JALPAIGURI,ASR,AMRITSAR,1843,42:20,37
14664,AMRIT BHARAT EXP,AMTB,Amrit Bharat,Thu,ASR,AMRITSAR,NJP,NEW JALPAIGURI,1843,39:30,37
14669,CNB-JAT EXPRESS,MEX,Mail/Express,"Wed,Fri",CNB,KANPUR CENTRAL,JAT,JAMMUTAVI,1026,18:40,14
14670,JAT-CNB EXPRESS,MEX,Mail/Express,"Tue,Thu",JAT,JAMMUTAVI,CNB,KANPUR CENTRAL,1026,18:37,14
14673,SHAHEED EXPRESS,MEX,Mail/Express,"Mon,Wed,Thu,Sat",JYG,JAYNAGAR,ASR,AMRITSAR,1569,34:35,106
14674,SHAHEED EXP,MEX,Mail/Express,"Tue,Thu,Fri,Sun",ASR,AMRITSAR,JYG,JAYNAGAR,1569,35:40,52
14679,DLI ASR EXP,MEX,Mail/Express,Daily,DLI,DELHI JN.,ASR,AMRITSAR,446,08:40,15
14680,ASR DLI EXP,MEX,Mail/Express,Daily,ASR,AMRITSAR,DLI,DELHI JN.,446,08:00,17
14681,DLI JUC EXP,MEX,Mail/Express,Daily,DLI,DELHI JN.,JUC,JALANDHAR CITY,433,09:05,22
14682,JUC DLI EXP,MEX,Mail/Express,Daily,JUC,JALANDHAR CITY,DLI,DELHI JN.,433,09:25,22
14687,SVDK-BDGM EXP,MEX,Mail/Express,"Mon,Tue,Wed,Thu,Fri,Sat",SVDK,SHRI MATA VAISHNO DEVI KATRA,BDGM,BADGAM,201,06:15,14
14688,BDGM-SVDK EXP,MEX,Mail/Express,"Mon,Tue,Wed,Thu,Fri,Sat",BDGM,BADGAM,SVDK,SHRI MATA VAISHNO DEVI KATRA,201,05:40,14
14691,MOUR DHWAJ EXP,MEX,Mail/Express,Sun,BJU,BARAUNI JN,JAT,JAMMUTAVI,1612,30:40,23
14692,MAUR DHAWAJ EXP,SUF,Superfast,Fri,JAT,JAMMUTAVI,BJU,BARAUNI JN,1612,29:10,23
14701,ARAVALI EXPRESS,MEX,Mail/Express,Daily,SGNR,SHRI GANGANAGAR,BDTS,BANDRA TERMINUS,1607,31:15,116
14702,ARAVALI EXP,MEX,Mail/Express,Daily,BDTS,BANDRA TERMINUS,SGNR,SHRI GANGANAGAR,1607,31:15,116
14703,JSM LGH EXP,MEX,Mail/Express,Daily,JSM,JAISALMER,LGH,LALGARH JN,319,06:05,14
14704,LGH JSM EXP,MEX,Mail/Express,Daily,LGH,LALGARH JN,JSM,JAISALMER,319,06:05,14
14705,BNW-DKBJ EXP SPL,MEX,Mail/Express,Daily,BNW,BHIWANI JN.,DKBJ,DAHAR KA BALAJI,285,07:00,23
14706,DKBJ- BNW EXP SPL,MEX,Mail/Express,Daily,DKBJ,DAHAR KA BALAJI,BNW,BHIWANI JN.,285,06:20,23
14707,RANAKPUR EXP,MEX,Mail/Express,Daily,HMH,HANUMANGARH JN,DDR,DADAR,1449,25:45,40
14708,RANAKPUR EXP,MEX,Mail/Express,Daily,DDR,DADAR,HMH,HANUMANGARH JN,1449,27:20,40
14709,HMH JP EXP,MEX,Mail/Express,Daily,HMH,HANUMANGARH JN,JP,JAIPUR JN.,457,10:25,27
14710,JP HMH EXP,MEX,Mail/Express,Daily,JP,JAIPUR JN.,HMH,HANUMANGARH JN,457,10:40,27
14711,BKN BDTS EXP,MEX,Mail/Express,Wed,BKN,BIKANER JN,BDTS,BANDRA TERMINUS,1521,26:20,25
14712,BDTS BKN EXP,MEX,Mail/Express,Thu,BDTS,BANDRA TERMINUS,BKN,BIKANER JN,1521,28:30,25
14713,SIKR DEE EXP,MEX,Mail/Express,"Wed,Fri",SIKR,SIKAR JN,DEE,DELHI SARAI ROHILLA,291,06:00,12
14714,DEE SIKR EXP,MEX,Mail/Express,"Wed,Fri",DEE,DELHI SARAI ROHILLA,SIKR,SIKAR JN,291,06:15,13
14715,HSR-JP EXP,MEX,Mail/Express,Daily,HSR,HISAR,JP,JAIPUR JN.,367,10:00,42
14716,JP HSR EXP,MEX,Mail/Express,Daily,JP,JAIPUR JN.,HSR,HISAR,368,09:05,36
14717,BKN HW EXP,MEX,Mail/Express,"Mon,Wed,Fri",BKN,BIKANER JN,HW,HARIDWAR JN,753,15:50,20
14718,HW BKN EXPRESS,MEX,Mail/Express,"Tue,Thu,Sat",HW,HARIDWAR JN,BKN,BIKANER JN,753,15:30,20
14719,BKN ASR EXP,MEX,Mail/Express,Thu,BKN,BIKANER JN,ASR,AMRITSAR,762,16:15,23
14720,ASR-BKN WEEKLY EXP,MEX,Mail/Express,Fri,ASR,AMRITSAR,BKN,BIKANER JN,762,16:35,23
14721,JU BTI EXP,MEX,Mail/Express,Daily,JU,JODHPUR JN,BTI,BATHINDA,601,13:20,36
14722,ABS JU EXPRESS,MEX,Mail/Express,Daily,ABS,ABOHAR,JU,JODHPUR JN,675,14:50,40
14723,HSR TPTY SPL,MEX,Mail/Express,Sat,HSR,HISAR,TPTY,TIRUPATI,2486,43:20,32
14724,TPTY HSR EXPRESS,MEX,Mail/Express,Mon,TPTY,TIRUPATI,HSR,HISAR,2486,46:50,32
14725,BNW MTJ EXP,MEX,Mail/Express,Daily,BNW,BHIWANI JN.,MTJ,MATHURA JN.,280,08:00,37
14726,MTJ BNW EXP,MEX,Mail/Express,Daily,MTJ,MATHURA JN.,BNW,BHIWANI JN.,280,07:55,35
14727,SGNR TKJ EXP,MEX,Mail/Express,Daily,SGNR,SHRI GANGANAGAR,TKJ,TILAK BRIDGE,473,13:05,57
14728,TKJ SGNR EXP,MEX,Mail/Express,Daily,TKJ,TILAK BRIDGE,SGNR,SHRI GANGANAGAR,473,12:25,52
14729,RE-FKA  EXP,MEX,Mail/Express,Daily,RE,REWARI JN.,FKA,FAZILKA,424,11:05,60
14730,FKA-RE EXP,MEX,Mail/Express,Daily,FKA,FAZILKA,RE,REWARI JN.,423,12:05,60
14731,KISAN EXPRESS,MEX,Mail/Express,Daily,DLI,DELHI JN.,BTI,BATHINDA,338,07:15,20
14732,KISAN EXPRESS,MEX,Mail/Express,Daily,BTI,BATHINDA,DLI,DELHI JN.,335,07:25,20
14733,BTI JP EXP,MEX,Mail/Express,Daily,BTI,BATHINDA,JP,JAIPUR JN.,525,11:35,43
14734,JP-BTI EXP,MEX,Mail/Express,Daily,JP,JAIPUR JN.,BTI,BATHINDA,525,13:30,49
14735,SGNR-UMB EXP,MEX,Mail/Express,Daily,SGNR,SHRI GANGANAGAR,UMB,AMBALA CANT JN,328,08:10,43
14736,UMB-SGNR EXP,MEX,Mail/Express,Daily,UMB,AMBALA CANT JN,SGNR,SHRI GANGANAGAR,328,07:55,25
14737,BHIWANI TKJ EXP ,MEX,Mail/Express,Daily,BNW,BHIWANI JN.,TKJ,TILAK BRIDGE,122,04:01,26
14738,TKJ BHIWANI EXP,MEX,Mail/Express,Daily,TKJ,TILAK BRIDGE,BNW,BHIWANI JN.,123,04:15,26
14795,BNW KLK EKTA EX,MEX,Mail/Express,Daily,BNW,BHIWANI JN.,KLK,KALKA,299,06:40,15
14796,KLK BNW EKTA EX,MEX,Mail/Express,Daily,KLK,KALKA,BNW,BHIWANI JN.,299,06:30,16
14801,JU INDB EXPRESS,MEX,Mail/Express,Daily,JU,JODHPUR JN,INDB,INDORE JN,736,15:05,36
14802,INDB JU EXP,MEX,Mail/Express,Daily,INDB,INDORE JN,JU,JODHPUR JN,736,15:10,36
14803,BGKT JAT EXP,MEX,Mail/Express,Daily,BGKT,BHAGAT KI KOTHI,JAT,JAMMUTAVI,1094,23:20,38
14804,JAT BGKT EXP,MEX,Mail/Express,Daily,JAT,JAMMUTAVI,BGKT,BHAGAT KI KOTHI,1095,24:50,38
14805,BARMER AC EXP,MEX,Mail/Express,Mon,YPR,YESVANTPUR JN.,BME,BARMER,2226,40:30,34
14806,BME YPR AC EXP,MEX,Mail/Express,Thu,BME,BARMER,YPR,YESVANTPUR JN.,2225,42:30,34
14807,JU DDR EXPRESS,MEX,Mail/Express,"Tue,Fri,Sun",JU,JODHPUR JN,DDR,DADAR,949,17:30,20
14808,DADAR JU EXP,MEX,Mail/Express,"Mon,Wed,Sat",DDR,DADAR,JU,JODHPUR JN,949,17:25,20
14813,JU BPL EXP,MEX,Mail/Express,Daily,JU,JODHPUR JN,BPL,BHOPAL JN.,993,23:20,74
14814,BPL JU EXPRESS,MEX,Mail/Express,Daily,BPL,BHOPAL JN.,JU,JODHPUR JN,993,25:40,74
14815,SGNR RKSH EXP,MEX,Mail/Express,Daily,SGNR,SHRI GANGANAGAR,RKSH,RISHIKESH,508,11:00,22
14816,RKSH SGNR EXP,MEX,Mail/Express,Daily,RKSH,RISHIKESH,SGNR,SHRI GANGANAGAR,508,11:25,23
14821,JODHPUR - GANDHIGRAM EXP,MEX,Mail/Express,Daily,JU,JODHPUR JN,GG,GANDHIGRAM,457,11:00,51
14822,GG - JU EXP,MEX,Mail/Express,Daily,GG,GANDHIGRAM,JU,JODHPUR JN,457,11:10,51
14823,JU-RE EXP ,MEX,Mail/Express,Daily,JU,JODHPUR JN,RE,REWARI JN.,538,12:50,64
14824,RE-JU EXP ,MEX,Mail/Express,Daily,RE,REWARI JN.,JU,JODHPUR JN,543,13:15,64
14853,MARUDHAR EXP,MEX,Mail/Express,"Mon,Wed,Sat",BCY,VARANASI CITY,JU,JODHPUR JN,1208,24:50,39
14854,MARUDHAR EXP,MEX,Mail/Express,"Mon,Thu,Sat",JU,JODHPUR JN,BCY,VARANASI CITY,1208,25:25,40
14863,MARUDHAR EXP,MEX,Mail/Express,"Tue,Fri,Sun",BCY,VARANASI CITY,JU,JODHPUR JN,1168,24:50,70
14864,MARUDHAR EXP,MEX,Mail/Express,"Tue,Fri,Sun",JU,JODHPUR JN,BCY,VARANASI CITY,1167,22:25,72
14865,MARUDHAR EXP,MEX,Mail/Express,Thu,BCY,VARANASI CITY,JU,JODHPUR JN,1186,24:50,72
14866,MARUDHAR EXP,MEX,Mail/Express,Wed,JU,JODHPUR JN,BCY,VARANASI CITY,1185,23:05,37
14887,RKSH BME EXP,MEX,Mail/Express,Daily,RKSH,RISHIKESH,BME,BARMER,1192,24:10,44
14888,BME RKSH EXP,MEX,Mail/Express,Daily,BME,BARMER,RKSH,RISHIKESH,1192,25:40,44
14891,JU-HSR EXP,MEX,Mail/Express,Daily,JU,JODHPUR JN,HSR,HISAR,472,10:55,49
14892,HSR JU EXP,MEX,Mail/Express,Daily,HSR,HISAR,JU,JODHPUR JN,472,10:40,49
14893,JU PNU EXP,MEX,Mail/Express,Daily,BGKT,BHAGAT KI KOTHI,PNU,PALANPUR JN,345,09:15,36
14894,PNU JU MEX,MEX,Mail/Express,Daily,PNU,PALANPUR JN,BGKT,BHAGAT KI KOTHI,346,08:10,36
14895,JU BME MEX,MEX,Mail/Express,Daily,BGKT,BHAGAT KI KOTHI,BME,BARMER,205,05:05,23
14896,BME JU MEX,MEX,Mail/Express,Daily,BME,BARMER,BGKT,BHAGAT KI KOTHI,206,05:40,23
14897,BKN HSR EXP,MEX,Mail/Express,Daily,BKN,BIKANER JN,HSR,HISAR,308,06:35,29
14898,HSR BKN EXP,MEX,Mail/Express,Daily,HSR,HISAR,BKN,BIKANER JN,308,06:35,29
15001,MFP DDN EXP,MEX,Mail/Express,Mon,MFP,MUZAFFARPUR JN,DDN,DEHRADOON,1124,24:15,27
15002,DDN MFP EXPRESS,MEX,Mail/Express,Sat,DDN,DEHRADOON,MFP,MUZAFFARPUR JN,1124,25:15,27
15003,CHAURICHAURA EXP,MEX,Mail/Express,Daily,CPA,KANPUR ANWRGANJ,GKP,GORAKHPUR JN,553,13:30,29
15004,CHAURICHAURA EXP,MEX,Mail/Express,Daily,GKP,GORAKHPUR JN,CPA,KANPUR ANWRGANJ,553,13:05,29
15005,RAPTI GANGA EXP,MEX,Mail/Express,"Wed,Fri",GKP,GORAKHPUR JN,DDN,DEHRADOON,814,17:00,16
15006,DDN GKP EXPRESS,MEX,Mail/Express,"Tue,Thu",DDN,DEHRADOON,GKP,GORAKHPUR JN,814,16:35,16
15007,BCY LJN EXPRESS,MEX,Mail/Express,Daily,BCY,VARANASI CITY,LJN,LUCKNOW,506,12:50,32
15008,LJN BCY EXPRESS,MEX,Mail/Express,Daily,LJN,LUCKNOW,BCY,VARANASI CITY,506,13:05,34
15009,GKP IZN EXP,MEX,Mail/Express,Daily,GKP,GORAKHPUR JN,IZN,IZZATNAGAR JN,642,14:50,60
15010,IZN GKP EXP,MEX,Mail/Express,Daily,IZN,IZZATNAGAR JN,GKP,GORAKHPUR JN,643,15:20,30
15011,LJN CDG EXPRESS,MEX,Mail/Express,Daily,LJN,LUCKNOW,CDG,CHANDIGARH,699,15:05,20
15012,CDG LJN EXPRESS,MEX,Mail/Express,Daily,CDG,CHANDIGARH,LJN,LUCKNOW,699,15:55,20
15013,RANIKHET EXP,MEX,Mail/Express,Daily,JSM,JAISALMER,KGM,KATHGODAM,1260,26:25,37
15014,RANIKHET EXP,MEX,Mail/Express,Daily,KGM,KATHGODAM,JSM,JAISALMER,1260,26:55,38
15015,ASR LKU EXP,MEX,Mail/Express,Wed,ASR,AMRITSAR,LKU,LALKUA JN.,617,11:45,10
15016,LKU ASR EXPRESS,MEX,Mail/Express,Tue,LKU,LALKUA JN.,ASR,AMRITSAR,617,12:40,10
15017,LTT GKP EXPRESS,MEX,Mail/Express,Daily,LTT,LOKMANYATILAK,GKP,GORAKHPUR JN,1708,36:20,69
15018,GKP LTT EXP,MEX,Mail/Express,Daily,GKP,GORAKHPUR JN,LTT,LOKMANYATILAK,1712,35:45,70
15019,DDN TPU EXP,MEX,Mail/Express,"Wed,Fri,Sun",DDN,DEHRADOON,TPU,TANAKPUR,452,13:25,13
15020,TPU DDN EXP,MEX,Mail/Express,"Tue,Thu,Sat",TPU,TANAKPUR,DDN,DEHRADOON,452,12:00,13
15021,SHM GKP EXP,MEX,Mail/Express,Tue,SHM,SHALIMAR,GKP,GORAKHPUR JN,1135,24:00,23
15022,GKP SHM EXPRESS,MEX,Mail/Express,Mon,GKP,GORAKHPUR JN,SHM,SHALIMAR,1135,23:05,23
15023,GKP YPR EXPRESS,MEX,Mail/Express,Tue,GKP,GORAKHPUR JN,YPR,YESVANTPUR JN.,2458,49:40,25
15024,YPR GKP EXP,MEX,Mail/Express,Thu,YPR,YESVANTPUR JN.,GKP,GORAKHPUR JN,2471,43:55,25
15025,MAU ANVT EXP,MEX,Mail/Express,"Tue,Sun",MAU,MAU JN,ANVT,ANAND VIHAR TERMINAL,834,15:50,11
15026,ANVT MAU EXP,MEX,Mail/Express,"Mon,Fri",ANVT,ANAND VIHAR TERMINAL,MAU,MAU JN,834,16:05,11
15027,MAURYA EXPRESS,MEX,Mail/Express,Daily,SBP,SAMBALPUR JN.,GKP,GORAKHPUR JN,1163,31:15,56
15028,MAURYA EXPRESS,MEX,Mail/Express,Daily,GKP,GORAKHPUR JN,SBP,SAMBALPUR JN.,1168,31:35,55
15029,GKP PUNE EXP,MEX,Mail/Express,Thu,GKP,GORAKHPUR JN,PUNE,PUNE JN,1741,33:05,20
15030,PUNE GKP EXPRESS,MEX,Mail/Express,Sat,PUNE,PUNE JN,GKP,GORAKHPUR JN,1742,31:35,20
15031,LJN INTERCITY,MEX,Mail/Express,Daily,GKP,GORAKHPUR JN,LJN,LUCKNOW,278,05:40,11
15032,GKP INTERCITY,MEX,Mail/Express,Daily,LJN,LUCKNOW,GKP,GORAKHPUR JN,279,05:25,11
15033,PPTA LJN EXP,MEX,Mail/Express,"Mon,Tue,Wed,Fri,Sat",PPTA,PATLIPUTRA,LJN,LUCKNOW,522,10:05,11
15034,LJN PPTA EXP,MEX,Mail/Express,"Mon,Tue,Wed,Fri,Sat",LJN,LUCKNOW,PPTA,PATLIPUTRA,523,09:55,11
15035,UTR SAMPRK KRTI,MEX,Mail/Express,Daily,DLI,DELHI JN.,KGM,KATHGODAM,277,06:45,10
15036,UTR SMPRK K EXP,MEX,Mail/Express,Daily,KGM,KATHGODAM,DLI,DELHI JN.,277,06:45,10
15037,CPA-KSJ EXP,MEX,Mail/Express,Daily,CPA,KANPUR ANWRGANJ,KSJ,KASGANJ,244,05:05,19
15038,KSJ-CPA  EXP ,MEX,Mail/Express,Daily,KSJ,KASGANJ,CPA,KANPUR ANWRGANJ,244,05:35,19
15039,CPA-KSJ EXP ,MEX,Mail/Express,Daily,CPA,KANPUR ANWRGANJ,KSJ,KASGANJ,244,05:45,19
15040,KSJ-CPA-EXP,MEX,Mail/Express,Daily,KSJ,KASGANJ,CPA,KANPUR ANWRGANJ,244,05:20,18
15041,FBD-KSJ EXP,MEX,Mail/Express,Daily,FBD,FARRUKHABAD,KSJ,KASGANJ,108,02:30,8
15042,KSJ-FBD EXP,MEX,Mail/Express,Daily,KSJ,KASGANJ,FBD,FARRUKHABAD,108,02:20,9
15043,LJN KGM EXPRESS,MEX,Mail/Express,"Mon,Wed,Thu,Fri,Sun",LJN,LUCKNOW,KGM,KATHGODAM,342,08:40,11
15044,KGM LJN EXPRESS,MEX,Mail/Express,"Mon,Tue,Thu,Fri,Sat",KGM,KATHGODAM,LJN,LUCKNOW,342,08:05,11
15045,GKP OKHA EXP,MEX,Mail/Express,Thu,GKP,GORAKHPUR JN,OKHA,OKHA,2291,46:15,40
15046,OKHA GKP EXP,MEX,Mail/Express,Sun,OKHA,OKHA,GKP,GORAKHPUR JN,2291,43:20,39
15047,PURBANCHAL EXP,MEX,Mail/Express,"Mon,Tue,Thu,Sat",KOAA,KOLKATTA TERMINAL,GKP,GORAKHPUR JN,860,17:20,20
15048,PURVANCHAL EXP,MEX,Mail/Express,"Mon,Tue,Fri,Sun",GKP,GORAKHPUR JN,KOAA,KOLKATTA TERMINAL,860,17:30,20
15049,PURBANCHAL EXP,MEX,Mail/Express,"Wed,Sun",KOAA,KOLKATTA TERMINAL,GKP,GORAKHPUR JN,883,18:50,26
15050,GKP KOAA EXP,MEX,Mail/Express,"Wed,Sat",GKP,GORAKHPUR JN,KOAA,KOLKATTA TERMINAL,883,20:05,26
15051,PURBANCHAL EXP,MEX,Mail/Express,Fri,KOAA,KOLKATTA TERMINAL,GKP,GORAKHPUR JN,876,17:40,23
15052,GKP KOAA EXP,MEX,Mail/Express,Thu,GKP,GORAKHPUR JN,KOAA,KOLKATTA TERMINAL,876,18:35,24
15053,CPR GTNR EXPRESS,MEX,Mail/Express,Daily,CPR,CHHAPRA,GTNR,GOMTI NAGAR,521,12:15,14
15054,GTNR CPR EXPRESS,MEX,Mail/Express,Daily,GTNR,GOMTI NAGAR,CPR,CHHAPRA,521,13:15,14
15055,AF RMR EXPRESS,MEX,Mail/Express,"Tue,Fri,Sun",AF,AGRA FORT,RMR,RAMNAGAR,442,11:45,23
15056,RMR AF EXP,MEX,Mail/Express,"Mon,Thu,Sat",RMR,RAMNAGAR,AF,AGRA FORT,442,11:10,23
15057,GKP ANVT EXP,MEX,Mail/Express,Thu,GKP,GORAKHPUR JN,ANVT,ANAND VIHAR TERMINAL,749,13:45,16
15058,ANVT GKP EXP,MEX,Mail/Express,Wed,ANVT,ANAND VIHAR TERMINAL,GKP,GORAKHPUR JN,750,14:10,8
15059,LKU ANVT EXP,MEX,Mail/Express,"Tue,Thu",LKU,LALKUA JN.,ANVT,ANAND VIHAR TERMINAL,261,06:15,12
15060,ANVT LKU EXP,MEX,Mail/Express,"Tue,Thu",ANVT,ANAND VIHAR TERMINAL,LKU,LALKUA JN.,261,06:55,12
15061,KSJ-LKU EXP,MEX,Mail/Express,Daily,KSJ,KASGANJ,LKU,LALKUA JN.,187,04:45,15
15062,LKU-KSJ EXP,MEX,Mail/Express,Daily,LKU,LALKUA JN.,KSJ,KASGANJ,187,04:45,13
15063,RMR CDG EXP,MEX,Mail/Express,Mon,RMR,RAMNAGAR,CDG,CHANDIGARH,395,07:25,11
15064,CDG RMR  EXPRESS,MEX,Mail/Express,Mon,CDG,CHANDIGARH,RMR,RAMNAGAR,395,07:35,11
15065,GKP PNVL EXP,MEX,Mail/Express,"Mon,Tue,Thu,Fri,Sun",GKP,GORAKHPUR JN,PNVL,PANVEL,1745,33:45,24
15066,PNVL GKP EXPRESS,MEX,Mail/Express,"Mon,Tue,Wed,Fri,Sat",PNVL,PANVEL,GKP,GORAKHPUR JN,1745,31:20,24
15067,GKP BDTS EXP,MEX,Mail/Express,Wed,GKP,GORAKHPUR JN,BDTS,BANDRA TERMINUS,1894,36:40,30
15068,BDTS GKP EXP,MEX,Mail/Express,Fri,BDTS,BANDRA TERMINUS,GKP,GORAKHPUR JN,1894,38:45,30
15069,GKP ASH EXPRESS,MEX,Mail/Express,Daily,GKP,GORAKHPUR JN,ASH,AISHBAGH,342,06:50,15
15070,ASH GKP EXPRESS,MEX,Mail/Express,Daily,ASH,AISHBAGH,GKP,GORAKHPUR JN,342,07:05,15
15073,TRIBENI EXPRESS,MEX,Mail/Express,"Tue,Thu,Sat",SGRL,SINGRAULI,TPU,TANAKPUR,843,23:20,43
15074,TRIVENI EXP,MEX,Mail/Express,"Mon,Wed,Fri",TPU,TANAKPUR,SGRL,SINGRAULI,843,23:45,43
15075,TRIBENI EXPRESS,MEX,Mail/Express,"Mon,Wed,Fri,Sun",SKTN,SHAKTINAGAR,TPU,TANAKPUR,862,23:50,44
15076,TRIVENI EXP,MEX,Mail/Express,"Tue,Thu,Sat,Sun",TPU,TANAKPUR,SKTN,SHAKTINAGAR,862,24:25,44
15077,KYQ GTNR EXPRESS,MEX,Mail/Express,Tue,KYQ,KAMAKHYA,GTNR,GOMTI NAGAR,1385,28:20,16
15078,GTNR KYQ EXP,MEX,Mail/Express,Mon,GTNR,GOMTI NAGAR,KYQ,KAMAKHYA,1385,27:30,15
15079,PPTA GKP EXP,MEX,Mail/Express,Daily,PPTA,PATLIPUTRA,GKP,GORAKHPUR JN,299,08:40,31
15080,GKP PPTA  EXP,MEX,Mail/Express,Daily,GKP,GORAKHPUR JN,PPTA,PATLIPUTRA,299,09:25,31
15081,GKP GTNR EXP,MEX,Mail/Express,Daily,GKP,GORAKHPUR JN,GTNR,GOMTI NAGAR,328,08:10,18
15082,GTNR GKP EXP,MEX,Mail/Express,Daily,GTNR,GOMTI NAGAR,GKP,GORAKHPUR JN,329,08:00,18
15083,CPR FBD EXPRESS,MEX,Mail/Express,Daily,CPR,CHHAPRA,FBD,FARRUKHABAD,683,18:45,36
15084,FBD CPR EXPRESS,MEX,Mail/Express,Daily,FBD,FARRUKHABAD,CPR,CHHAPRA,683,17:55,35
15085,AMRIT BHARAT EXP,AMTB,Amrit Bharat,Fri,GKP,GORAKHPUR JN,BDTS,BANDRA TERMINUS,1838,33:55,22
15086,BDTS GKP AMRIT B,AMTB,Amrit Bharat,Sat,BDTS,BANDRA TERMINUS,GKP,GORAKHPUR JN,1838,33:00,22
15089,GODA GTNR  EXP,MEX,Mail/Express,Sat,GODA,GODDA,GTNR,GOMTI NAGAR,805,17:25,24
15090,GTNR GODDA EXP,MEX,Mail/Express,Fri,GTNR,GOMTI NAGAR,GODA,GODDA,806,19:55,24
15091,DOZ TPU EXP,MEX,Mail/Express,"Mon,Tue,Thu,Sat",DOZ,DAURAI,TPU,TANAKPUR,779,17:30,24
15092,TPU DOZ EXPRESS,MEX,Mail/Express,"Mon,Wed,Fri,Sun",TPU,TANAKPUR,DOZ,DAURAI,779,19:35,24
15093,AH TPU EXPRESS,MEX,Mail/Express,"Mon,Tue,Thu,Fri,Sun",AH,ACHHNERA JN,TPU,TANAKPUR,364,08:15,17
15094,TPU AH EXP,MEX,Mail/Express,"Mon,Tue,Thu,Fri,Sun",TPU,TANAKPUR,AH,ACHHNERA JN,364,08:15,17
15095,AMRIT BHARAT EXP,AMTB,Amrit Bharat,Thu,GKP,GORAKHPUR JN,DLI,DELHI JN.,725,14:05,10
15096,DLI-GKP AMRIT BHARAT EXP,AMTB,Amrit Bharat,Fri,DLI,DELHI JN.,GKP,GORAKHPUR JN,725,16:20,10
15097,AMARNATH EXP,MEX,Mail/Express,Thu,BGP,BHAGALPUR,JAT,JAMMUTAVI,1781,37:05,32
15098,AMARNATH EXP,MEX,Mail/Express,Tue,JAT,JAMMUTAVI,BGP,BHAGALPUR,1781,35:10,32
15103,BNRS INTERCITY,MEX,Mail/Express,Daily,GKP,GORAKHPUR JN,BNRS,BANARAS,235,05:45,17
15104,GKP INTERCITY,MEX,Mail/Express,Daily,BNRS,BANARAS,GKP,GORAKHPUR JN,235,05:40,18
15105,CPR NTV EXP,MEX,Mail/Express,"Mon,Tue,Wed,Thu,Fri,Sat",CPR,CHHAPRA,NTV,NAUTANWA,262,06:25,16
15106,NTV CPR EXP,MEX,Mail/Express,"Mon,Tue,Wed,Thu,Fri,Sat",NTV,NAUTANWA,CPR,CHHAPRA,262,06:30,22
15107,BNRS LKO EXP,MEX,Mail/Express,"Mon,Tue,Wed,Thu,Fri,Sat",BNRS,BANARAS,LKO,LUCKNOW JN.,302,06:10,12
15108,LKO BSBS EXP,MEX,Mail/Express,"Mon,Tue,Wed,Thu,Fri,Sat",LKO,LUCKNOW JN.,BNRS,BANARAS,302,07:05,12
15109,CPR MTJ EXP,MEX,Mail/Express,"Mon,Wed,Fri",CPR,CHHAPRA,MTJ,MATHURA JN.,883,16:15,24
15110,MTJ CPR EXP,MEX,Mail/Express,"Mon,Wed,Fri",MTJ,MATHURA JN.,CPR,CHHAPRA,884,17:15,24
15111,CPR BCY EXP,MEX,Mail/Express,Daily,CPR,CHHAPRA,BCY,VARANASI CITY,223,05:00,16
15112,BCY CPR EXP,MEX,Mail/Express,Daily,BCY,VARANASI CITY,CPR,CHHAPRA,223,05:05,16
15113,GTNR CPR EXP,MEX,Mail/Express,Daily,GTNR,GOMTI NAGAR,CPR,CHHAPRA,502,12:05,21
15114,CPR GTNR EXP,MEX,Mail/Express,Daily,CPR,CHHAPRA,GTNR,GOMTI NAGAR,502,11:50,21
15115,CPR DLI EXP,MEX,Mail/Express,Sat,CPR,CHHAPRA,DLI,DELHI JN.,998,23:55,22
15116,DLI CPR EXPRESS,MEX,Mail/Express,Sun,DLI,DELHI JN.,CPR,CHHAPRA,998,23:10,22
15119,BNRS DDN EXPRES,MEX,Mail/Express,Daily,BNRS,BANARAS,DDN,DEHRADOON,847,22:15,46
15120,DDN BSBS EXP,MEX,Mail/Express,Daily,DDN,DEHRADOON,BNRS,BANARAS,847,20:35,48
15125,PNBE JANSHTABDI,JSH,Jan Shatabdi,Daily,BNRS,BANARAS,PNBE,PATNA JN,229,05:05,11
15126,JANSHATABDI EXP,JSH,Jan Shatabdi,Daily,PNBE,PATNA JN,BNRS,BANARAS,229,05:45,11
15127,KASHI V NATH EXP,MEX,Mail/Express,Daily,BNRS,BANARAS,NDLS,NEW DELHI,795,16:15,68
15128,KASHI V NATH EX,MEX,Mail/Express,Daily,NDLS,NEW DELHI,BNRS,BANARAS,795,17:05,37
15129,GKC-BCY EXP,MEX,Mail/Express,Daily,GKC,GORAKHPUR CANT,BCY,VARANASI CITY,224,05:30,17
15130,BCY-GKC EXPRESS,MEX,Mail/Express,Daily,BCY,VARANASI CITY,GKC,GORAKHPUR CANT,224,05:10,17
15131,NPR BCY EXP,MEX,Mail/Express,Daily,NPR,NEPALGANJ ROAD,BCY,VARANASI CITY,564,13:00,30
15132,BCY NPR EXP,MEX,Mail/Express,Daily,BCY,VARANASI CITY,NPR,NEPALGANJ ROAD,563,13:10,30
15133,AMRIT BHARAT EXP,AMTB,Amrit Bharat,"Mon,Thu",CPR,CHHAPRA,ANVT,ANAND VIHAR TERMINAL,1003,24:10,18
15134,AMRIT BHARAT EX,AMTB,Amrit Bharat,"Wed,Sat",ANVT,ANAND VIHAR TERMINAL,CPR,CHHAPRA,1003,22:30,18
15135,CPR ASR EXPRESS,MEX,Mail/Express,Fri,CPR,CHHAPRA,ASR,AMRITSAR,1315,27:35,20
15136,ASR CPR EXP,MEX,Mail/Express,Sat,ASR,AMRITSAR,CPR,CHHAPRA,1315,30:10,20
15137,BUDH PURNIMA EXP,MEX,Mail/Express,Daily,RGD,RAJGIR,BNRS,BANARAS,414,09:45,22
15138,BUDHPURNIMA EXP,MEX,Mail/Express,Daily,BNRS,BANARAS,RGD,RAJGIR,414,09:55,22
15159,SARNATH EXPRESS,MEX,Mail/Express,Daily,CPR,CHHAPRA,DURG,DURG,1078,23:55,47
15160,SARNATH EXP,MEX,Mail/Express,Daily,DURG,DURG,CPR,CHHAPRA,1077,25:05,47
15181,MAU LTT EXPRESS,MEX,Mail/Express,Sat,MAU,MAU JN,LTT,LOKMANYATILAK,1593,29:30,22
15182,LTT MAU EXPRESS,MEX,Mail/Express,Mon,LTT,LOKMANYATILAK,MAU,MAU JN,1593,31:20,22
15201,PPTA-BUG INTERCITY EXP,MEX,Mail/Express,Daily,PPTA,PATLIPUTRA,BUG,BAGAHA,275,08:45,25
15202,BUG-PPTA INTERCITY EXP,MEX,Mail/Express,Daily,BUG,BAGAHA,PPTA,PATLIPUTRA,275,07:55,25
15203,BJU LJN EXP,MEX,Mail/Express,Daily,BJU,BARAUNI JN,LJN,LUCKNOW,674,16:45,36
15204,LJN BJU EXPRESS,MEX,Mail/Express,Daily,LJN,LUCKNOW,BJU,BARAUNI JN,675,16:45,37
15205,CHITRAKOOT EXP,MEX,Mail/Express,Daily,LJN,LUCKNOW,JBP,JABALPUR,579,12:10,20
15206,CHITRAKOOT EXP,MEX,Mail/Express,Daily,JBP,JABALPUR,LJN,LUCKNOW,579,12:30,20
15211,DBG-ASR JANNAAYAK EXP,MEX,Mail/Express,Daily,DBG,DARBHANGA JN,ASR,AMRITSAR,1486,32:40,45
15212,ASR- DBG JANNAYAK EXP,MEX,Mail/Express,Daily,ASR,AMRITSAR,DBG,DARBHANGA JN,1486,31:50,45
15215,MFP-NKE EXPRESS,MEX,Mail/Express,Daily,MFP,MUZAFFARPUR JN,NKE,NARKATIAGANJ JN,159,04:10,14
15216,NKE-MFP EXPRESS,MEX,Mail/Express,Daily,NKE,NARKATIAGANJ JN,MFP,MUZAFFARPUR JN,159,04:00,14
15227,MUZAFFARPUR EXP,MEX,Mail/Express,Thu,SMVB,SMVT BENGALURU,MFP,MUZAFFARPUR JN,2695,49:20,35
15228,MFP SMVB EXP,MEX,Mail/Express,Mon,MFP,MUZAFFARPUR JN,SMVB,SMVT BENGALURU,2695,50:20,35
15231,BJU GONDIA EXP,MEX,Mail/Express,Daily,BJU,BARAUNI JN,G,GONDIA JN,1523,31:55,38
15232,GONDIA BJU EXP,MEX,Mail/Express,Daily,G,GONDIA JN,BJU,BARAUNI JN,1523,35:05,38
15233,KOAA DBG EXP,MEX,Mail/Express,"Mon,Thu",KOAA,KOLKATTA TERMINAL,DBG,DARBHANGA JN,542,12:50,11
15234,DBG KOAA EXPRES,MEX,Mail/Express,"Wed,Sun",DBG,DARBHANGA JN,KOAA,KOLKATTA TERMINAL,542,12:00,11
15235,HWH DBG EXPRESS,MEX,Mail/Express,Sat,HWH,HOWRAH JN,DBG,DARBHANGA JN,536,12:20,11
15236,DBG HWH EXPRESS,MEX,Mail/Express,Fri,DBG,DARBHANGA JN,HWH,HOWRAH JN,536,11:35,11
15267,RXL-LTT ANTYODAY EXP,MEX,Mail/Express,Sat,RXL,RAXAUL JN,LTT,LOKMANYATILAK,1913,38:05,26
15268,LTT-RXL ANTYODAY EXP,MEX,Mail/Express,Mon,LTT,LOKMANYATILAK,RXL,RAXAUL JN,1913,39:15,25
15269,MFP-SBIB JANSADHARAN EXP,MEX,Mail/Express,Thu,MFP,MUZAFFARPUR JN,SBIB,SABARMATI BG,1751,34:05,26
15270,SBIB-MFP JANSADHARAN EXP,MEX,Mail/Express,Sat,SBIB,SABARMATI BG,MFP,MUZAFFARPUR JN,1752,34:00,26
15271,HWH-MFP JANSADHARAN EXP,MEX,Mail/Express,Wed,HWH,HOWRAH JN,MFP,MUZAFFARPUR JN,551,12:00,12
15272,MFP-HWH JANSADHARAN EXP,MEX,Mail/Express,Tue,MFP,MUZAFFARPUR JN,HWH,HOWRAH JN,551,12:25,12
15273,SATYAGRAH EXP,MEX,Mail/Express,Daily,RXL,RAXAUL JN,ANVT,ANAND VIHAR TERMINAL,956,24:30,47
15274,SATYAGRAH EXP,MEX,Mail/Express,Daily,ANVT,ANAND VIHAR TERMINAL,RXL,RAXAUL JN,956,24:05,47
15279,POORBIYA EXP,MEX,Mail/Express,"Thu,Sun",SHC,SAHARSA JN,ANVT,ANAND VIHAR TERMINAL,1186,24:30,24
15280,POORABIYA EXP,MEX,Mail/Express,"Mon,Fri",ANVT,ANAND VIHAR TERMINAL,SHC,SAHARSA JN,1186,26:15,24
15283,JANKI EXPRESS,MEX,Mail/Express,Daily,MHI,MANIHARI,JYG,JAYNAGAR,396,12:05,26
15284,JANKI EXPRESS,MEX,Mail/Express,Daily,JYG,JAYNAGAR,MHI,MANIHARI,396,11:15,26
15293,AMRIT BHARAT EXP,AMTB,Amrit Bharat,Tue,MFP,MUZAFFARPUR JN,CHZ,CHARLAPALLI,1890,36:25,23
15294,MFP AMRITBHARAT,AMTB,Amrit Bharat,Thu,CHZ,CHARLAPALLI,MFP,MUZAFFARPUR JN,1890,35:55,23
15301,SBC-LKU EXPRESS,MEX,Mail/Express,Tue,SBC,KSR BENGALURU,LKU,LALKUA JN.,2626,49:50,42
15302,LKU-KSR BENGALURU CITY EX,MEX,Mail/Express,Sat,LKU,LALKUA JN.,SBC,KSR BENGALURU,2626,45:40,42
15303,INTERCITY EXP,MEX,Mail/Express,Daily,KSJ,KASGANJ,NDLS,NEW DELHI,358,07:30,20
15304,INTERCITY EXP,MEX,Mail/Express,Daily,NDLS,NEW DELHI,KSJ,KASGANJ,358,07:35,20
15305,NDLS ROK EXP,MEX,Mail/Express,Daily,NDLS,NEW DELHI,ROK,ROHTAK JN,71,01:35,6
15306,ROK NDLS EXP,MEX,Mail/Express,Daily,ROK,ROHTAK JN,NDLS,NEW DELHI,71,01:45,6
15307,HARYANA EXP,MEX,Mail/Express,Daily,TKJ,TILAK BRIDGE,SSA,SIRSA,310,07:45,23
15308,HARYANA EXP,MEX,Mail/Express,Daily,SSA,SIRSA,TKJ,TILAK BRIDGE,310,07:35,23
15309,DDN RMR EXPRESS,MEX,Mail/Express,"Wed,Fri",DDN,DEHRADOON,RMR,RAMNAGAR,295,07:35,8
15310,RMR DDN EXPRESS,MEX,Mail/Express,"Wed,Fri",RMR,RAMNAGAR,DDN,DEHRADOON,295,06:50,8
15311,ASH KSJ EXPRESS,MEX,Mail/Express,Daily,ASH,AISHBAGH,KSJ,KASGANJ,420,08:40,14
15312,KSJ ASH EXPRESS,MEX,Mail/Express,Daily,KSJ,KASGANJ,ASH,AISHBAGH,420,08:40,14
15417,RAJYA RANI EXP,MEX,Mail/Express,"Tue,Fri,Sun",APDJ,ALIPUR DUAR JN,SHTT,SILGHAT TOWN,558,14:35,22
15418,RAJYA RANI EXP,MEX,Mail/Express,"Mon,Wed,Sat",SHTT,SILGHAT TOWN,APDJ,ALIPUR DUAR JN,558,14:05,22
15463,BLGT-HDB I C EXPRESS ,MEX,Mail/Express,Daily,BLGT,BALURGHAT,HDB,HALDIBARI,384,10:00,25
15464,HDB-BLGT I C EXPRESS,MEX,Mail/Express,Daily,HDB,HALDIBARI,BLGT,BALURGHAT,384,09:30,25
15467,HDB-BXT I C EXPRESS,MEX,Mail/Express,Daily,HDB,HALDIBARI,BXT,BAMANHAT,297,09:15,23
15468,BXT-HDB I C EXPRESS,MEX,Mail/Express,Daily,BXT,BAMANHAT,HDB,HALDIBARI,297,11:45,23
15483,SIKKIMMAHANANDA,MEX,Mail/Express,Daily,APDJ,ALIPUR DUAR JN,DLI,DELHI JN.,1659,35:15,61
15484,MAHANANDA EXP,MEX,Mail/Express,Daily,DLI,DELHI JN.,APDJ,ALIPUR DUAR JN,1659,37:15,61
15501,RXL JBN EXP,MEX,Mail/Express,"Mon,Thu",RXL,RAXAUL JN,JBN,JOGBANI,321,09:50,16
15502,JBN RXL EXPRESS,MEX,Mail/Express,"Mon,Thu",JBN,JOGBANI,RXL,RAXAUL JN,321,11:35,16
15503,RAJYA RANI EXP,MEX,Mail/Express,"Mon,Fri",SHC,SAHARSA JN,PNBE,PATNA JN,215,04:15,9
15504,RAJYA RANI EXP,MEX,Mail/Express,"Thu,Sun",PNBE,PATNA JN,SHC,SAHARSA JN,215,04:15,9
15505,JANHIT EXP,MEX,Mail/Express,"Mon,Fri",SHC,SAHARSA JN,PPTA,PATLIPUTRA,218,05:35,11
15506,JANHIT EXP,MEX,Mail/Express,"Mon,Fri",PPTA,PATLIPUTRA,SHC,SAHARSA JN,217,05:40,11
15507,DBG-PPTA INTERCITY EXP,MEX,Mail/Express,Daily,DBG,DARBHANGA JN,PPTA,PATLIPUTRA,207,05:20,13
15508,PPTA-DBG INTERCITY EXP,MEX,Mail/Express,Daily,PPTA,PATLIPUTRA,DBG,DARBHANGA JN,207,06:00,13
15509,RAJYA RANI EXP,MEX,Mail/Express,"Tue,Wed,Thu,Sat,Sun",LLP,LALITGRAM,PNBE,PATNA JN,297,06:45,15
15510,RAJYA RANI EXP,MEX,Mail/Express,"Mon,Tue,Wed,Fri,Sat",PNBE,PATNA JN,LLP,LALITGRAM,297,06:40,15
15515,NKE-DNR EXPRESS,MEX,Mail/Express,Daily,NKE,NARKATIAGANJ JN,DNR,DANAPUR,318,09:25,28
15516,DNR-NKE EXPRESS,MEX,Mail/Express,Daily,DNR,DANAPUR,NKE,NARKATIAGANJ JN,318,10:15,28
15527,JYG PNBE EXP,MEX,Mail/Express,Daily,JYG,JAYNAGAR,PNBE,PATNA JN,264,11:15,44
15528,PNBE JYG EXP,MEX,Mail/Express,Daily,PNBE,PATNA JN,JYG,JAYNAGAR,264,11:15,44
15529,SHC-ANVT JANSADHARAN EXP,MEX,Mail/Express,Wed,SHC,SAHARSA JN,ANVT,ANAND VIHAR TERMINAL,1256,27:45,26
15530,ANVT-SHC JANSADHARAN EXP,MEX,Mail/Express,Thu,ANVT,ANAND VIHAR TERMINAL,SHC,SAHARSA JN,1256,27:15,26
15531,SHC-ASR JANSADHARAN EXP,MEX,Mail/Express,Sun,SHC,SAHARSA JN,ASR,AMRITSAR,1614,34:50,28
15532,ASR-SHC JANSADHARAN EXP,MEX,Mail/Express,Mon,ASR,AMRITSAR,SHC,SAHARSA JN,1614,33:15,28
15549,JYG PNBE INT EX,MEX,Mail/Express,"Mon,Tue,Wed,Thu,Fri,Sun",JYG,JAYNAGAR,PNBE,PATNA JN,244,07:55,13
15550,PNBE JYG INT EX,MEX,Mail/Express,"Mon,Tue,Wed,Thu,Fri,Sun",PNBE,PATNA JN,JYG,JAYNAGAR,244,06:50,13
15551,DBG-BCY ANTYODAYA EXP,MEX,Mail/Express,Wed,DBG,DARBHANGA JN,BCY,VARANASI CITY,404,09:10,10
15552,BCY-DBG ANTYODAYA EXP,MEX,Mail/Express,Thu,BCY,VARANASI CITY,DBG,DARBHANGA JN,404,11:40,10
15553,BGP JYG EXP,MEX,Mail/Express,Daily,BGP,BHAGALPUR,JYG,JAYNAGAR,268,08:15,16
15554,JYG BGP EXP,MEX,Mail/Express,Daily,JYG,JAYNAGAR,BGP,BHAGALPUR,268,09:10,16
15555,PPTA-BMKI INTERCITY EXP,MEX,Mail/Express,Daily,PPTA,PATLIPUTRA,BMKI,BAPUDM MOTIHARI,154,03:50,11
15556,BMKI-PPTA INTERCITY EXP,MEX,Mail/Express,Daily,BMKI,BAPUDM MOTIHARI,PPTA,PATLIPUTRA,154,03:40,11
15557,AMRIT BHARAT EXP,AMTB,Amrit Bharat,"Mon,Thu",DBG,DARBHANGA JN,ANVT,ANAND VIHAR TERMINAL,1145,21:55,22
15558,AMRIT BHARAT EXP,AMTB,Amrit Bharat,"Tue,Fri",ANVT,ANAND VIHAR TERMINAL,DBG,DARBHANGA JN,1145,21:10,22
15559,DBG-ADI ANTYODAY EXP,MEX,Mail/Express,Wed,DBG,DARBHANGA JN,ADI,AHMEDABAD JN,1835,38:50,28
15560,ADI-DBG ANTYODAY EXP,MEX,Mail/Express,Fri,ADI,AHMEDABAD JN,DBG,DARBHANGA JN,1835,35:35,28
15561,AMRIT BHARAT EXP,AMTB,Amrit Bharat,Sat,DBG,DARBHANGA JN,GTNR,GOMTI NAGAR,636,14:35,19
15562,AMRIT BHARAT EXP,AMTB,Amrit Bharat,Sun,GTNR,GOMTI NAGAR,DBG,DARBHANGA JN,635,17:35,19
15565,VAISHALI EXP,MEX,Mail/Express,Daily,LLP,LALITGRAM,NDLS,NEW DELHI,1380,26:30,60
15566,VAISHALI EXP,MEX,Mail/Express,Daily,NDLS,NEW DELHI,LLP,LALITGRAM,1380,26:05,30
15567,AMRIT BHARAT EXP,AMTB,Amrit Bharat,"Tue,Fri",BMKI,BAPUDM MOTIHARI,ANVT,ANAND VIHAR TERMINAL,980,22:10,18
15568,AMRIT BHARAT EXP,AMTB,Amrit Bharat,"Wed,Sat",ANVT,ANAND VIHAR TERMINAL,BMKI,BAPUDM MOTIHARI,980,20:40,18
15589,MFP HDP AC EXP,MEX,Mail/Express,Mon,MFP,MUZAFFARPUR JN,HDP,HADAPSAR,1816,35:05,25
15590,HDP MFP EXPRESS,MEX,Mail/Express,Wed,HDP,HADAPSAR,MFP,MUZAFFARPUR JN,1816,36:00,25
15601,DBB-GHY EXPRESS,MEX,Mail/Express,Daily,DBB,DHUBRI,GHY,GUWAHATI,290,07:40,18
15602,GHY-DBB EXPRESS,MEX,Mail/Express,Daily,GHY,GUWAHATI,DBB,DHUBRI,290,07:10,18
15603,GHY LEDO IC EXP,MEX,Mail/Express,Daily,GHY,GUWAHATI,LEDO,LEDO,571,13:50,35
15604,LEDO GHY IC EXP,MEX,Mail/Express,Daily,LEDO,LEDO,GHY,GUWAHATI,571,14:15,35
15607,ARONAI EXPRESS,MEX,Mail/Express,Tue,TVC,THIRUVANANTHAPURAM CENTRAL,SCL,SILCHAR,3921,71:50,57
15608,SCL TVC EXPRESS,MEX,Mail/Express,Thu,SCL,SILCHAR,TVC,THIRUVANANTHAPURAM CENTRAL,3920,73:35,56
15609,GHY SANG EXPRESS,MEX,Mail/Express,Daily,GHY,GUWAHATI,SANG,SAIRANG,494,13:45,16
15610,SANG GHY EXPRESS,MEX,Mail/Express,Daily,SANG,SAIRANG,GHY,GUWAHATI,494,13:40,16
15611,RNY SCL EXPRESS,MEX,Mail/Express,Daily,RNY,RANGIYA JN.,SCL,SILCHAR,428,13:30,18
15612,SCL RNY EXPRESS,MEX,Mail/Express,Daily,SCL,SILCHAR,RNY,RANGIYA JN.,428,13:40,18
15613,LACHIT EXPRESS,MEX,Mail/Express,Daily,GHY,GUWAHATI,SPTR,SILAPATHAR,446,10:50,25
15614,LACHIT EXPRESS,MEX,Mail/Express,Daily,SPTR,SILAPATHAR,GHY,GUWAHATI,446,12:40,25
15615,GHY SCL EXPRESS,MEX,Mail/Express,Daily,GHY,GUWAHATI,SCL,SILCHAR,380,13:55,34
15616,SCL GHY EXPRESS,MEX,Mail/Express,Daily,SCL,SILCHAR,GHY,GUWAHATI,380,14:05,34
15617,GHY DLCR EXPRESS,MEX,Mail/Express,"Mon,Wed,Sat",GHY,GUWAHATI,DLCR,DULLABCHERRA,414,12:00,24
15618,DLCR GHY EXPRESS,MEX,Mail/Express,"Tue,Thu,Sun",DLCR,DULLABCHERRA,GHY,GUWAHATI,414,12:10,12
15619,GAYA KYQ EXP,MEX,Mail/Express,Tue,GAYA,GAYA JN,KYQ,KAMAKHYA,1068,23:25,23
15620,KYQ GAYA EXP,MEX,Mail/Express,Mon,KYQ,KAMAKHYA,GAYA,GAYA JN,1068,23:10,23
15621,KYQ ANVT EXP,MEX,Mail/Express,Thu,KYQ,KAMAKHYA,ANVT,ANAND VIHAR TERMINAL,1882,37:45,27
15622,ANVT KYQ EXP,MEX,Mail/Express,Fri,ANVT,ANAND VIHAR TERMINAL,KYQ,KAMAKHYA,1882,39:45,27
15623,BGKT KYQ EXP,MEX,Mail/Express,Tue,BGKT,BHAGAT KI KOTHI,KYQ,KAMAKHYA,2542,53:30,44
15624,KYQ BGKT EXP,MEX,Mail/Express,Fri,KYQ,KAMAKHYA,BGKT,BHAGAT KI KOTHI,2542,51:00,45
15625,DGHR AGTL EXP,MEX,Mail/Express,Mon,DGHR,DEOGHAR,AGTL,AGARTALA,1477,35:00,27
15626,AGTL DGHR  EXP,MEX,Mail/Express,Sat,AGTL,AGARTALA,DGHR,DEOGHAR,1478,35:00,27
15627,CBE SCL EXPRESS,MEX,Mail/Express,Sun,CBE,COIMBATORE JN,SCL,SILCHAR,3496,66:45,46
15628,SCL CBE EXPRESS,MEX,Mail/Express,Tue,SCL,SILCHAR,CBE,COIMBATORE JN,3496,64:55,45
15629,NAGAON EXPRESS,MEX,Mail/Express,Mon,TBM,TAMBARAM,SHTT,SILGHAT TOWN,2963,56:35,51
15630,NAGAON EXPRESS,MEX,Mail/Express,Fri,SHTT,SILGHAT TOWN,TBM,TAMBARAM,2963,57:45,50
15631,BME GHY EXPRESS,MEX,Mail/Express,Sun,BME,BARMER,GHY,GUWAHATI,2468,47:50,34
15632,GHY BME EXPRESS,MEX,Mail/Express,Thu,GHY,GUWAHATI,BME,BARMER,2468,45:00,34
15633,BKN GHY EXPRESS,MEX,Mail/Express,Wed,BKN,BIKANER JN,GHY,GUWAHATI,2327,45:15,33
15634,GHY BKN EXPRESS,MEX,Mail/Express,Sat,GHY,GUWAHATI,BKN,BIKANER JN,2326,42:45,33
15635,GUWAHATI EXPRES,MEX,Mail/Express,Fri,OKHA,OKHA,GHY,GUWAHATI,3220,65:55,44
15636,GHY OKHA EXP,MEX,Mail/Express,Mon,GHY,GUWAHATI,OKHA,OKHA,3220,60:20,44
15637,AGTL KGBP EXP,MEX,Mail/Express,"Mon,Wed,Fri",AGTL,AGARTALA,KGBP,KHONGSANG,353,07:40,12
15638,KGBP AGTL EXP,MEX,Mail/Express,"Mon,Wed,Fri",KGBP,KHONGSANG,AGTL,AGARTALA,353,07:45,12
15639,PURI KYQ EXPRESS,MEX,Mail/Express,Tue,PURI,PURI,KYQ,KAMAKHYA,1517,30:20,26
15640,KYQ PURI EXP,MEX,Mail/Express,Sun,KYQ,KAMAKHYA,PURI,PURI,1517,30:45,27
15641,BARAK B EXPRESS,MEX,Mail/Express,Sat,SCL,SILCHAR,NTSK,NEW TINSUKIA,568,15:10,11
15642,BARAK B EXPRESS,MEX,Mail/Express,Sun,NTSK,NEW TINSUKIA,SCL,SILCHAR,568,15:45,11
15643,PURI KYQ EXPRES,MEX,Mail/Express,Sat,PURI,PURI,KYQ,KAMAKHYA,1524,31:10,29
15644,KYQ PURI EXP,MEX,Mail/Express,Thu,KYQ,KAMAKHYA,PURI,PURI,1524,33:05,29
15645,CHZ  SCL  EXP,MEX,Mail/Express,Sat,CHZ,CHARLAPALLI,SCL,SILCHAR,2860,55:30,37
15646,SCL SC EXPRESS,MEX,Mail/Express,Wed,SCL,SILCHAR,CHZ,CHARLAPALLI,2860,57:10,37
15647,LTT GHY EXPRES,MEX,Mail/Express,Fri,LTT,LOKMANYATILAK,GHY,GUWAHATI,2728,52:40,53
15648,GHY LTT EXPRESS,MEX,Mail/Express,Tue,GHY,GUWAHATI,LTT,LOKMANYATILAK,2728,50:50,54
15649,AGTL NNGE EXP,MEX,Mail/Express,Daily,AGTL,AGARTALA,NNGE,NARANGI,568,15:15,12
15650,NNGE AGTL EXP,MEX,Mail/Express,Daily,NNGE,NARANGI,AGTL,AGARTALA,568,16:30,12
15651,LOHIT EXPRESS,MEX,Mail/Express,Mon,GHY,GUWAHATI,JAT,JAMMUTAVI,2351,47:00,43
15652,LOHIT EXPRESS,MEX,Mail/Express,Wed,JAT,JAMMUTAVI,GHY,GUWAHATI,2351,48:10,44
15653,AMARNATH EXP,MEX,Mail/Express,Wed,GHY,GUWAHATI,JAT,JAMMUTAVI,2436,47:00,46
15654,AMARNATH EXP,MEX,Mail/Express,Fri,JAT,JAMMUTAVI,GHY,GUWAHATI,2436,48:10,46
15655,KYQ SVDK EXP,MEX,Mail/Express,Sun,KYQ,KAMAKHYA,SVDK,SHRI MATA VAISHNO DEVI KATRA,2585,52:55,40
15656,SVDK KYQ EXP,MEX,Mail/Express,Wed,SVDK,SHRI MATA VAISHNO DEVI KATRA,KYQ,KAMAKHYA,2585,54:30,40
15657,BRAHMPUTRA MAIL,MEX,Mail/Express,Daily,DLI,DELHI JN.,KYQ,KAMAKHYA,2026,37:45,47
15658,BRAHMAPUTRA EXP,MEX,Mail/Express,Daily,KYQ,KAMAKHYA,DLI,DELHI JN.,2027,35:55,48
15659,LTT AGTL AC EXP,MEX,Mail/Express,Sun,LTT,LOKMANYATILAK,AGTL,AGARTALA,3132,58:55,38
15660,AGTL LTT AC EXP,MEX,Mail/Express,Thu,AGTL,AGARTALA,LTT,LOKMANYATILAK,3131,57:15,38
15661,RNC KYQ EXP,MEX,Mail/Express,Wed,RNC,RANCHI,KYQ,KAMAKHYA,1196,27:30,26
15662,KYQ RNC EXPRESS,MEX,Mail/Express,Tue,KYQ,KAMAKHYA,RNC,RANCHI,1199,26:35,27
15663,AGTL SCL EXP,MEX,Mail/Express,Daily,AGTL,AGARTALA,SCL,SILCHAR,257,08:30,23
15664,SCL AGTL EXP,MEX,Mail/Express,Daily,SCL,SILCHAR,AGTL,AGARTALA,257,08:40,23
15665,BG EXPRESS,MEX,Mail/Express,Daily,GHY,GUWAHATI,MXN,MARIANI JN,405,09:50,19
15666,BG EXPRESS,MEX,Mail/Express,Daily,MXN,MARIANI JN,GHY,GUWAHATI,405,09:35,19
15667,KAMAKHYA EXP,MEX,Mail/Express,Sat,GIMB,GANDHIDHAM BG,KYQ,KAMAKHYA,3112,63:15,36
15668,KYQ GIMB EXP,MEX,Mail/Express,Wed,KYQ,KAMAKHYA,GIMB,GANDHIDHAM BG,3113,58:20,36
15669,NAGALAND EXP,MEX,Mail/Express,Daily,GHY,GUWAHATI,DBRG,DIBRUGARH,555,14:15,27
15670,NAGALAND EXP,MEX,Mail/Express,Daily,DBRG,DIBRUGARH,GHY,GUWAHATI,555,14:25,27
15671,AMRIT BHARAT EXP,AMTB,Amrit Bharat,Fri,KYQ,KAMAKHYA,ROK,ROHTAK JN,1945,40:45,31
15672,AMRIT BHARAT EXP,AMTB,Amrit Bharat,Sun,ROK,ROHTAK JN,KYQ,KAMAKHYA,1945,38:25,31
15673,KYQ AMRITBHARAT,AMTB,Amrit Bharat,Wed,CHZ,CHARLAPALLI,KYQ,KAMAKHYA,2525,50:20,43
15674,CHZ AMRIT BHARAT,AMTB,Amrit Bharat,Sun,KYQ,KAMAKHYA,CHZ,CHARLAPALLI,2524,44:10,43
15675,NJP GHY IC EXP,MEX,Mail/Express,Daily,NJP,NEW JALPAIGURI,GHY,GUWAHATI,411,09:00,20
15676,GHY NJP IC EXP,MEX,Mail/Express,Daily,GHY,GUWAHATI,NJP,NEW JALPAIGURI,411,09:25,20
15701,KIR-SGUJ EXPRESS,MEX,Mail/Express,Daily,KIR,KATIHAR JN,SGUJ,SILIGURI JN,229,05:30,22
15702,SGUJ-KIR EXPRESS,MEX,Mail/Express,Daily,SGUJ,SILIGURI JN,KIR,KATIHAR JN,229,05:30,22
15703,NJP-BNGN EXPRESS,MEX,Mail/Express,Daily,NJP,NEW JALPAIGURI,BNGN,BONGAIGAON,257,09:05,31
15704,BNGN-NJP EXPRESS,MEX,Mail/Express,Daily,BNGN,BONGAIGAON,NJP,NEW JALPAIGURI,257,10:05,31
15705,CHAMPARAN HUMSFR,SUF,Superfast,"Mon,Thu",KIR,KATIHAR JN,DLI,DELHI JN.,1416,27:35,21
15706,CHAMPARAN HMSFR,SUF,Superfast,"Tue,Fri",DLI,DELHI JN.,KIR,KATIHAR JN,1417,26:00,21
15707,KIR ASR EXPRESS,MEX,Mail/Express,Daily,KIR,KATIHAR JN,ASR,AMRITSAR,1805,37:55,57
15708,ASR KIR EXPRESS,MEX,Mail/Express,Daily,ASR,AMRITSAR,KIR,KATIHAR JN,1805,38:30,57
15709,MLDT-NJP EXPRESS,MEX,Mail/Express,Daily,MLDT,MALDA TOWN,NJP,NEW JALPAIGURI,233,07:40,29
15710,NJP-MLDT EXPRESS,MEX,Mail/Express,Daily,NJP,NEW JALPAIGURI,MLDT,MALDA TOWN,233,06:30,29
15711,HWH KIR EXPRESS,MEX,Mail/Express,Tue,HWH,HOWRAH JN,KIR,KATIHAR JN,425,08:50,11
15712,KIR HWH EXPRESS,MEX,Mail/Express,Mon,KIR,KATIHAR JN,HWH,HOWRAH JN,425,09:00,11
15713,INTERCITY EXP,MEX,Mail/Express,Daily,KIR,KATIHAR JN,PNBE,PATNA JN,286,07:05,21
15714,INTERCITY EXP,MEX,Mail/Express,Daily,PNBE,PATNA JN,KIR,KATIHAR JN,286,07:15,21
15715,GARIB NAWAZ EXP,MEX,Mail/Express,"Tue,Fri,Sun",KNE,KISHANGANJ,AII,AJMER JN,1834,39:40,35
15716,GARIB NAWAZ EXP,MEX,Mail/Express,"Mon,Tue,Thu",AII,AJMER JN,KNE,KISHANGANJ,1834,39:10,35
15719,KIR-SGUJ I C EXPRESS,MEX,Mail/Express,Daily,KIR,KATIHAR JN,SGUJ,SILIGURI JN,205,05:00,38
15720,SGUJ-KIR I C EXPRESS,MEX,Mail/Express,Daily,SGUJ,SILIGURI JN,KIR,KATIHAR JN,205,05:15,19
15721,PAHARIA EXP,MEX,Mail/Express,Sat,DGHA,DIGHA,NJP,NEW JALPAIGURI,779,16:25,22
15722,PAHARIA EXPRESS,MEX,Mail/Express,Fri,NJP,NEW JALPAIGURI,DGHA,DIGHA,779,16:05,22
15723,JBN SGUT EXPRESS,MEX,Mail/Express,"Mon,Tue,Thu,Fri,Sat",JBN,JOGBANI,SGUT,SILIGURI TOWN,315,08:05,14
15724,SGUT JBN EXPRESS,MEX,Mail/Express,"Mon,Tue,Thu,Fri,Sat",SGUT,SILIGURI TOWN,JBN,JOGBANI,315,07:45,14
15725,NJP ANVT EXPRESS,MEX,Mail/Express,"Tue,Sat",NJP,NEW JALPAIGURI,ANVT,ANAND VIHAR TERMINAL,1489,27:30,18
15726,ANVT NJP EXP,MEX,Mail/Express,"Wed,Sun",ANVT,ANAND VIHAR TERMINAL,NJP,NEW JALPAIGURI,1489,27:25,18
15733,FARAKKA EXPRESS,MEX,Mail/Express,"Mon,Thu,Sat",BLGT,BALURGHAT,BTI,BATHINDA,1826,44:05,83
15734,FARKKA EXPRESS,MEX,Mail/Express,"Mon,Wed,Sat",BTI,BATHINDA,BLGT,BALURGHAT,1825,45:55,81
15743,FARAKKA EXP,MEX,Mail/Express,"Tue,Wed,Fri,Sun",BLGT,BALURGHAT,BTI,BATHINDA,1861,42:50,79
15744,FARAKKA EXP,MEX,Mail/Express,"Tue,Thu,Fri,Sun",BTI,BATHINDA,BLGT,BALURGHAT,1861,44:30,78
15753,SIFHUNG EXPRESS,MEX,Mail/Express,Daily,APDJ,ALIPUR DUAR JN,GHY,GUWAHATI,269,07:25,31
15754,SIFHUNG EXPRESS,MEX,Mail/Express,Daily,GHY,GUWAHATI,APDJ,ALIPUR DUAR JN,269,07:40,31
15767,SGUJ-APDJ I C EXPRESS,MEX,Mail/Express,Daily,SGUJ,SILIGURI JN,APDJ,ALIPUR DUAR JN,161,06:15,21
15768,APDJ-SGUJ I C EXPRESS,MEX,Mail/Express,Daily,APDJ,ALIPUR DUAR JN,SGUJ,SILIGURI JN,161,04:55,21
15769,APDJ-MXN I C EXPRESS,MEX,Mail/Express,Daily,APDJ,ALIPUR DUAR JN,MXN,MARIANI JN,674,16:30,38
15770,MXN-APDJ I C EXPRESS,MEX,Mail/Express,Daily,MXN,MARIANI JN,APDJ,ALIPUR DUAR JN,674,16:10,38
15777,NJP APDJ TOURIST,MEX,Mail/Express,Daily,NJP,NEW JALPAIGURI,APDJ,ALIPUR DUAR JN,168,06:00,15
15778,APDJ NJP TOURIST,MEX,Mail/Express,Daily,APDJ,ALIPUR DUAR JN,NJP,NEW JALPAIGURI,168,06:25,15
15813,DKGN-SPTR EXPRESS,MEX,Mail/Express,Daily,DKGN,DEKARGAON,SPTR,SILAPATHAR,296,07:55,28
15814,SPTR-DKGN EXPRESS,MEX,Mail/Express,Daily,SPTR,SILAPATHAR,DKGN,DEKARGAON,296,08:10,28
15815,GHY-DKGN EXPRESS,MEX,Mail/Express,Daily,GHY,GUWAHATI,DKGN,DEKARGAON,191,05:55,14
15816,DKGN-GHY EXPRESS,MEX,Mail/Express,Daily,DKGN,DEKARGAON,GHY,GUWAHATI,191,05:55,14
15817,DONYI POLO EXP,MEX,Mail/Express,Daily,SKHV,SUKHOVI,NHLN,NAHARLAGUN,589,13:15,23
15818,DONYI POLO EXP,MEX,Mail/Express,Daily,NHLN,NAHARLAGUN,SKHV,SUKHOVI,590,14:30,23
15895,RNY-SPTR EXPRESS,MEX,Mail/Express,Daily,RNY,RANGIYA JN,SPTR,SILAPATHAR,399,10:30,40
15896,SPTR-RNY EXPRESS,MEX,Mail/Express,Daily,SPTR,SILAPATHAR,RNY,RANGIYA JN,399,10:20,40
15903,DBRG CDG EXP,MEX,Mail/Express,"Mon,Fri",DBRG,DIBRUGARH,CDG,CHANDIGARH,2643,52:30,36
15904,CDG DBRG EXP,MEX,Mail/Express,"Wed,Sun",CDG,CHANDIGARH,DBRG,DIBRUGARH,2643,53:45,72
15907,TSK NHLN VISTA,MEX,Mail/Express,"Tue,Wed,Fri,Sat,Sun",TSK,TINSUKIA JN.,NHLN,NAHARLAGUN,225,05:55,12
15908,NHLN TSK VISTA,MEX,Mail/Express,"Mon,Wed,Thu,Sat,Sun",NHLN,NAHARLAGUN,TSK,TINSUKIA JN.,225,05:45,12
15909,AVADH ASSAM EXP,MEX,Mail/Express,Daily,DBRG,DIBRUGARH,LGH,LALGARH JN,3117,66:35,97
15910,AVADH ASSAM EXP,MEX,Mail/Express,Daily,LGH,LALGARH JN,DBRG,DIBRUGARH,3118,66:25,97
15911,TSK NHLN EXP,MEX,Mail/Express,"Wed,Thu,Sun",TSK,TINSUKIA JN.,NHLN,NAHARLAGUN,225,06:15,11
15912,NHLN TSK EXPRESS,MEX,Mail/Express,"Mon,Thu,Fri",NHLN,NAHARLAGUN,TSK,TINSUKIA JN.,225,06:20,11
15925,DGHR DBRG EXP,MEX,Mail/Express,Thu,DGHR,DEOGHAR,DBRG,DIBRUGARH,1305,27:05,32
15926,DBRG DGHR EXP,MEX,Mail/Express,Wed,DBRG,DIBRUGARH,DGHR,DEOGHAR,1306,28:10,32
15927,RNY-NTSK EXPRESS,MEX,Mail/Express,"Mon,Tue,Fri,Sat",RNY,RANGIYA JN.,NTSK,NEW TINSUKIA,597,15:30,31
15928,NTSK-RNY EXPRESS,MEX,Mail/Express,"Tue,Wed,Sat,Sun",NTSK,NEW TINSUKIA,RNY,RANGIYA JN.,597,14:05,31
15929,TBM NTSK EXPRESS,MEX,Mail/Express,Thu,TBM,TAMBARAM,NTSK,NEW TINSUKIA,3227,60:30,47
15930,NTSK TBM EXP,MEX,Mail/Express,Mon,NTSK,NEW TINSUKIA,TBM,TAMBARAM,3228,62:05,46
15933,NTSK ASR EXPRESS,MEX,Mail/Express,Tue,NTSK,NEW TINSUKIA,ASR,AMRITSAR,2830,59:20,42
15934,ASR NTSK EXP,MEX,Mail/Express,Fri,ASR,AMRITSAR,NTSK,NEW TINSUKIA,2830,59:50,42
15945,LTT DIBRUGARH EX,MEX,Mail/Express,"Wed,Sat",LTT,LOKMANYATILAK,DBRG,DIBRUGARH,3125,60:15,54
15946,DBRG LTT EXP,MEX,Mail/Express,"Wed,Sun",DBRG,DIBRUGARH,LTT,LOKMANYATILAK,3125,60:50,56
15949,AMRIT BHARAT EXP,AMTB,Amrit Bharat,Fri,DBRG,DIBRUGARH,GTNR,GOMTI NAGAR,1902,40:30,42
15950,AMRIT BHARAT EXP,AMTB,Amrit Bharat,Sun,GTNR,GOMTI NAGAR,DBRG,DIBRUGARH,1902,42:00,42
15959,KAMRUP EXPRESS,MEX,Mail/Express,"Tue,Wed,Thu,Sat,Sun",HWH,HOWRAH JN,DBRG,DIBRUGARH,1534,33:50,61
15960,KAMRUP EXPRESS,MEX,Mail/Express,"Mon,Tue,Wed,Fri,Sat",DBRG,DIBRUGARH,HWH,HOWRAH JN,1534,32:55,61
15961,KAMRUP EXPRESS,MEX,Mail/Express,"Mon,Fri",HWH,HOWRAH JN,DBRG,DIBRUGARH,1367,28:25,46
15962,KAMRUP EXPRESS,MEX,Mail/Express,"Mon,Fri",DBRG,DIBRUGARH,HWH,HOWRAH JN,1368,27:25,46
15967,RANGIYA-LEDO EXPRESS,MEX,Mail/Express,"Wed,Thu,Sun",RNY,RANGIYA JN.,LEDO,LEDO,619,16:25,37
15968,LEDO-RANGIYA EXPRESS,MEX,Mail/Express,"Mon,Thu,Fri",LEDO,LEDO,RNY,RANGIYA JN.,619,15:05,37
16003,MAS NSL EXPRESS,MEX,Mail/Express,Sun,MAS,PURATCHI THALAIVAR DR. MGR CTL,NSL,NAGARSOL,1358,26:40,26
16004,NSL MAS WKLY EXP,MEX,Mail/Express,Mon,NSL,NAGARSOL,MAS,PURATCHI THALAIVAR DR. MGR CTL,1358,26:10,27
16021,KAVERI EXPRESS,MEX,Mail/Express,Daily,MAS,PURATCHI THALAIVAR DR. MGR CTL,AP,ASHOKAPURAM,497,09:45,24
16022,KAVERI EXPRESS,MEX,Mail/Express,Daily,AP,ASHOKAPURAM,MAS,PURATCHI THALAIVAR DR. MGR CTL,497,10:05,23
16031,ANDAMAN EXPRESS,MEX,Mail/Express,"Wed,Thu,Sun",MAS,PURATCHI THALAIVAR DR. MGR CTL,SVDK,SHRI MATA VAISHNO DEVI KATRA,2875,53:35,74
16032,ANDAMAN EXPRESS,MEX,Mail/Express,"Tue,Fri,Sat",SVDK,SHRI MATA VAISHNO DEVI KATRA,MAS,PURATCHI THALAIVAR DR. MGR CTL,2875,56:30,73
16053,MAS TPTY EXP,MEX,Mail/Express,Daily,MAS,PURATCHI THALAIVAR DR. MGR CTL,TPTY,TIRUPATI,145,03:10,8
16054,TPTY MAS EXP,MEX,Mail/Express,Daily,TPTY,TIRUPATI,MAS,PURATCHI THALAIVAR DR. MGR CTL,145,03:20,9
16057,SAPTHAGIRI EXP,MEX,Mail/Express,Daily,MAS,PURATCHI THALAIVAR DR. MGR CTL,TPTY,TIRUPATI,145,03:20,9
16058,SAPTHAGIRI EXP,MEX,Mail/Express,Daily,TPTY,TIRUPATI,MAS,PURATCHI THALAIVAR DR. MGR CTL,145,04:10,10
16085,AJJ-JTJ MEMU EXP ,MEX,Mail/Express,Daily,AJJ,ARAKKONAM JN.,JTJ,JOLARPETTAI JN.,145,03:10,16
16086,JTJ-AJJ  MEMU EXP ,MEX,Mail/Express,Daily,JTJ,JOLARPETTAI JN.,AJJ,ARAKKONAM JN.,145,02:50,15
16087,AJJ-SA MEMU EXP ,MEX,Mail/Express,"Mon,Tue,Wed,Thu,Fri",AJJ,ARAKKONAM JN.,SA,SALEM JN,270,05:35,21
16088,SA-AJJ MEMU EXP ,MEX,Mail/Express,"Mon,Tue,Wed,Thu,Fri",SA,SALEM JN,AJJ,ARAKKONAM JN.,270,05:20,21
16089,YELAGIRI EXPRESS,MEX,Mail/Express,Daily,MAS,PURATCHI THALAIVAR DR. MGR CTL,JTJ,JOLARPETTAI JN.,214,04:35,17
16090,YELAGIRI EXPRESS,MEX,Mail/Express,Daily,JTJ,JOLARPETTAI JN.,MAS,PURATCHI THALAIVAR DR. MGR CTL,214,04:10,16
16093,MAS LJN EXPRESS,MEX,Mail/Express,"Tue,Sat",MAS,PURATCHI THALAIVAR DR. MGR CTL,LJN,LUCKNOW,2086,39:10,46
16094,LJN MAS EXPRESS,MEX,Mail/Express,"Mon,Thu",LJN,LUCKNOW,MAS,PURATCHI THALAIVAR DR. MGR CTL,2086,38:40,46
16101,MS QLN EXPRESS,MEX,Mail/Express,Daily,TBM,TAMBARAM,QLN,KOLLAM JN,738,13:45,24
16102,QLN MS EXPRESS,MEX,Mail/Express,Daily,QLN,KOLLAM JN,TBM,TAMBARAM,738,14:05,24
16103,TBM RMM EXP,MEX,Mail/Express,Daily,TBM,TAMBARAM,RMM,RAMESWARAM,615,11:35,20
16104,RMM TBM EXP,MEX,Mail/Express,Daily,RMM,RAMESWARAM,TBM,TAMBARAM,615,11:45,20
16107,SRC AMRIT BHARAT,AMTB,Amrit Bharat,Fri,TBM,TAMBARAM,SRC,SANTRAGACHI JN,1669,28:45,28
16108,TBM AMRIT BHARAT,AMTB,Amrit Bharat,Sat,SRC,SANTRAGACHI JN,TBM,TAMBARAM,1669,33:10,28
16111,TPTY-PDY MEMU EXP ,MEX,Mail/Express,Daily,TPTY,TIRUPATI,PDY,PONDICHERRY,285,08:25,31
16112,PDY-TPTY MEMU EXP,MEX,Mail/Express,Daily,PDY,PONDICHERRY,TPTY,TIRUPATI,285,08:30,36
16115,MS PDY EXPRESS,MEX,Mail/Express,Daily,MS,CHENNAI EGMORE,PDY,PONDICHERRY,196,04:05,13
16116,PDY MS EXPRESS,MEX,Mail/Express,Daily,PDY,PONDICHERRY,MS,CHENNAI EGMORE,196,03:55,12
16121,TVC AMRIT BHARAT,AMTB,Amrit Bharat,Wed,TBM,TAMBARAM,TVC,THIRUVANANTHAPURAM CENTRAL,772,14:30,17
16122,TBM AMRIT BHARAT,AMTB,Amrit Bharat,Thu,TVC,THIRUVANANTHAPURAM CENTRAL,TBM,TAMBARAM,772,13:05,17
16127,MS GURUVAYUR EXP,MEX,Mail/Express,Daily,MS,CHENNAI EGMORE,GUV,GURUVAYUR,1099,21:00,50
16128,GUV CHENNAI EXP,MEX,Mail/Express,Daily,GUV,GURUVAYUR,MS,CHENNAI EGMORE,1099,21:10,49
16159,MS MAQ EXPRESS,MEX,Mail/Express,Daily,MS,CHENNAI EGMORE,MAQ,MANGALORE CENTRAL,982,20:05,50
16160,MAQ CHENNAI EXP,MEX,Mail/Express,Daily,MAQ,MANGALORE CENTRAL,MS,CHENNAI EGMORE,983,20:50,102
16175,MS VLNK EXPRESS,MEX,Mail/Express,Daily,MS,CHENNAI EGMORE,VLNK,VELLANKANNI,348,07:30,16
16176,VLNK MS EXPRESS,MEX,Mail/Express,Daily,VLNK,VELLANKANNI,MS,CHENNAI EGMORE,348,07:25,14
16179,MS MQ EXPRESS,MEX,Mail/Express,Daily,MS,CHENNAI EGMORE,MQ,MANNARGUDI,357,07:25,11
16180,MQ MS EXPRESS,MEX,Mail/Express,Daily,MQ,MANNARGUDI,MS,CHENNAI EGMORE,357,07:30,12
16187,KIK ERS EXPRESS,MEX,Mail/Express,Daily,KIK,KARAIKAL,ERS,ERNAKULAM JN,592,14:15,28
16188,ERS KIK EXPRESS,MEX,Mail/Express,Daily,ERS,ERNAKULAM JN,KIK,KARAIKAL,593,13:20,26
16203,MAS TPTY EXPRESS,MEX,Mail/Express,Daily,MAS,PURATCHI THALAIVAR DR. MGR CTL,TPTY,TIRUPATI,145,04:10,10
16204,TPTY MAS EXP,MEX,Mail/Express,Daily,TPTY,TIRUPATI,MAS,PURATCHI THALAIVAR DR. MGR CTL,145,03:40,11
16205,MYSURU EXP,MEX,Mail/Express,Daily,TLGP,TALGUPPA,MYS,MYSORE JN,372,07:40,15
16206,TALGUPPA EXP,MEX,Mail/Express,Daily,MYS,MYSORE JN,TLGP,TALGUPPA,372,07:25,15
16207,YPR-MYS UR EXP,MEX,Mail/Express,Daily,YPR,YESVANTPUR JN.,MYS,MYSORE JN,295,07:55,32
16208,MYS-YPR UR EXP,MEX,Mail/Express,Daily,MYS,MYSORE JN,YPR,YESVANTPUR JN.,295,07:45,32
16209,AII MYS EXP,MEX,Mail/Express,"Fri,Sun",AII,AJMER JN,MYS,MYSORE JN,2286,41:50,47
16210,AJMER EXPRESS,MEX,Mail/Express,"Tue,Thu",MYS,MYSORE JN,AII,AJMER JN,2285,41:55,46
16211,YPR-SA UR EXP,MEX,Mail/Express,Daily,YPR,YESVANTPUR JN.,SA,SALEM JN,223,05:50,22
16212,SA-YPR UR EXP,MEX,Mail/Express,Daily,SA,SALEM JN,YPR,YESVANTPUR JN.,223,05:55,22
16213,ASK-UBL UR EXP,MEX,Mail/Express,Daily,ASK,ARSIKERE JN,UBL,SSS HUBBALLI JN,303,06:50,36
16214,UBL-ASK UR EXP,MEX,Mail/Express,Daily,UBL,SSS HUBBALLI JN,ASK,ARSIKERE JN,303,06:55,36
16215,CHAMUNDI EXP,MEX,Mail/Express,Daily,MYS,MYSORE JN,SBC,KSR BENGALURU,138,02:50,10
16216,CHAMUNDI EXP,MEX,Mail/Express,Daily,SBC,KSR BENGALURU,MYS,MYSORE JN,138,02:45,9
16217,MYS SNSI EXP,MEX,Mail/Express,Mon,MYS,MYSORE JN,SNSI,SAINAGAR SHIRDI,1424,29:10,27
16218,SNSI MYSURU EXP,MEX,Mail/Express,Wed,SNSI,SAINAGAR SHIRDI,MYS,MYSORE JN,1425,27:10,27
16219,CMNR TPTY EXP,MEX,Mail/Express,Daily,CMNR,CHAMARAJANAGAR,TPTY,TIRUPATI,526,12:15,66
16220,TPTY CMNR EXP,MEX,Mail/Express,Daily,TPTY,TIRUPATI,CMNR,CHAMARAJANAGAR,527,11:40,34
16221,TLGP-MYS KUVEMPU EXPRESS,MEX,Mail/Express,Daily,TLGP,TALGUPPA,MYS,MYSORE JN,372,09:40,35
16222,MYS-TLGP KUVEMPU EXPRESS,MEX,Mail/Express,Daily,MYS,MYSORE JN,TLGP,TALGUPPA,372,09:00,35
16223,SMVB RDP EXP,MEX,Mail/Express,Thu,SMVB,SMVT BENGALURU,RDP,RADHIKAPUR,2476,46:55,50
16224,RDP SMVB EXPRESS,MEX,Mail/Express,Sun,RDP,RADHIKAPUR,SMVB,SMVT BENGALURU,2477,47:15,50
16225,MYS-SMET UR EXP,MEX,Mail/Express,Daily,MYS,MYSORE JN,SMET,SHIMOGA TOWN,274,06:25,16
16226,SMET-MYS UR EXP,MEX,Mail/Express,Daily,SMET,SHIMOGA TOWN,MYS,MYSORE JN,274,05:40,16
16227,MYS TLGP EXP,MEX,Mail/Express,Daily,MYS,MYSORE JN,TLGP,TALGUPPA,510,12:10,29
16228,TLGP MYS EXP,MEX,Mail/Express,Daily,TLGP,TALGUPPA,MYS,MYSORE JN,511,11:25,29
16231,MYSURU EXPRESS,MEX,Mail/Express,Daily,CUPJ,CUDDALORE PORT JN.,MYS,MYSORE JN,751,16:05,27
16232,MYS CUPJ EXP,MEX,Mail/Express,Daily,MYS,MYSORE JN,CUPJ,CUDDALORE PORT JN.,751,16:20,27
16235,TN MYSURU EXP,MEX,Mail/Express,Daily,TN,TUTICORIN,MYS,MYSORE JN,780,16:50,34
16236,TUTICORIN EXP,MEX,Mail/Express,Daily,MYS,MYSORE JN,TN,TUTICORIN,780,16:05,31
16239,CMGR-YPR UR EXP,MEX,Mail/Express,Daily,CMGR,CHIKKAMAGALURU,YPR,YESVANTPUR JN.,245,06:30,25
16240,YPR-CMGR UR EXP,MEX,Mail/Express,Daily,YPR,YESVANTPUR JN.,CMGR,CHIKKAMAGALURU,245,05:25,25
16301,VENAD EXPRESS,MEX,Mail/Express,Daily,SRR,SHORANUR JN,TVC,THIRUVANANTHAPURAM CENTRAL,324,07:25,28
16302,VENAD EXPRESS,MEX,Mail/Express,Daily,TVC,THIRUVANANTHAPURAM CENTRAL,SRR,SHORANUR JN,326,07:15,28
16303,VANCHINAD EXP,MEX,Mail/Express,Daily,ERS,ERNAKULAM JN,TVC,THIRUVANANTHAPURAM CENTRAL,220,04:50,20
16304,VANCHINAD EXP,MEX,Mail/Express,Daily,TVC,THIRUVANANTHAPURAM CENTRAL,ERS,ERNAKULAM JN,220,05:10,20
16305,ERS CAN EXPRESS,MEX,Mail/Express,Daily,ERS,ERNAKULAM JN,CAN,KANNUR,284,05:50,17
16306,CAN ERS EXPRESS,MEX,Mail/Express,Daily,CAN,KANNUR,ERS,ERNAKULAM JN,284,06:00,18
16307,ALLP CAN EXP,MEX,Mail/Express,Daily,ALLP,ALAPPUZHA,CAN,KANNUR,341,08:40,27
16308,CAN ALLP EXP,MEX,Mail/Express,Daily,CAN,KANNUR,ALLP,ALAPPUZHA,340,08:20,28
16309,ERS-KYJ MEMU EXP,MEX,Mail/Express,Daily,ERS,ERNAKULAM JN,KYJ,KAYANKULAM JN,114,02:50,10
16310,KYJ-ERS MEMU EXP,MEX,Mail/Express,Daily,KYJ,KAYANKULAM JN,ERS,ERNAKULAM JN,115,02:30,10
16311,SGNR KCVL EXP,MEX,Mail/Express,Tue,SGNR,SHRI GANGANAGAR,TVCN,THIRUVANANTHAPURAM NORTH,3018,56:35,53
16312,TVCN SGNR EXP,MEX,Mail/Express,Sat,TVCN,THIRUVANANTHAPURAM NORTH,SGNR,SHRI GANGANAGAR,3017,58:20,52
16313,TVCN-MAJN ANTYODAYA EXP,MEX,Mail/Express,Mon,TVCN,THIRUVANANTHAPURAM NORTH,MAJN,MANGALORE JUNCTION,624,13:35,24
16314,MAJN-TVCN ANTYODAYA EXP,MEX,Mail/Express,Tue,MAJN,MANGALORE JUNCTION,TVCN,THIRUVANANTHAPURAM NORTH,624,13:30,24
16315,MYS TVCN EXP,MEX,Mail/Express,Daily,MYS,MYSORE JN,TVCN,THIRUVANANTHAPURAM NORTH,964,20:00,27
16316,TVCN MYS EXP,MEX,Mail/Express,Daily,TVCN,THIRUVANANTHAPURAM NORTH,MYS,MYSORE JN,965,19:00,27
16317,HIMSAGAR EXPRESS,MEX,Mail/Express,Fri,CAPE,KANNIYAKUMARI,SVDK,SHRI MATA VAISHNO DEVI KATRA,3788,68:30,67
16318,SDVK-CAPE HIMSAGAR EXP,MEX,Mail/Express,Mon,SVDK,SHRI MATA VAISHNO DEVI KATRA,CAPE,KANNIYAKUMARI,3787,71:30,69
16319,SMVB HUMSAFAR,MEX,Mail/Express,"Thu,Sat",TVCN,THIRUVANANTHAPURAM NORTH,SMVB,SMVT BENGALURU,831,16:30,14
16320,TVCN HUMSAFAR,MEX,Mail/Express,"Fri,Sun",SMVB,SMVT BENGALURU,TVCN,THIRUVANANTHAPURAM NORTH,830,15:00,15
16321,NCJ-CBE EXP ,MEX,Mail/Express,Daily,NCJ,NAGERCOIL JUNCTION,CBE,COIMBATORE JN,536,11:30,34
16322,CBE-NCJ EXP ,MEX,Mail/Express,Daily,CBE,COIMBATORE JN,NCJ,NAGERCOIL JUNCTION,536,11:40,36
16323,CBE-MAQ EXP,MEX,Mail/Express,Daily,CBE,COIMBATORE JN,MAQ,MANGALORE CENTRAL,404,10:50,47
16324,MAQ-CBE EXP,MEX,Mail/Express,Daily,MAQ,MANGALORE CENTRAL,CBE,COIMBATORE JN,405,11:00,47
16325,NIL KTYM EXP,MEX,Mail/Express,Daily,NIL,NILAMBUR ROAD,KTYM,KOTTAYAM,231,06:35,29
16326,KTYM NIL EXP,MEX,Mail/Express,Daily,KTYM,KOTTAYAM,NIL,NILAMBUR ROAD,230,06:35,30
16327,MDU GUV EXP,MEX,Mail/Express,Daily,MDU,MADURAI JN,GUV,GURUVAYUR,516,14:40,56
16328,GUV MDU EXP,MEX,Mail/Express,Daily,GUV,GURUVAYUR,MDU,MADURAI JN,515,13:20,61
16329,MAJN AMRITBHARAT,AMTB,Amrit Bharat,Tue,NCJ,NAGERCOIL JUNCTION,MAJN,MANGALORE JUNCTION,701,17:20,26
16330,NCJ AMRIT BHARAT,AMTB,Amrit Bharat,Wed,MAJN,MANGALORE JUNCTION,NCJ,NAGERCOIL JUNCTION,701,14:05,26
16331,TRIVANDRAM EXP,MEX,Mail/Express,Sun,LTT,LOKMANYATILAK,TVC,THIRUVANANTHAPURAM CENTRAL,1918,34:05,41
16332,TVC LTT EXP,MEX,Mail/Express,Sat,TVC,THIRUVANANTHAPURAM CENTRAL,LTT,LOKMANYATILAK,1918,38:25,40
16333,VRL TVC EXP,MEX,Mail/Express,Thu,VRL,VERAVAL,TVC,THIRUVANANTHAPURAM CENTRAL,2404,48:20,59
16334,VERAVAL EXPRESS,MEX,Mail/Express,Mon,TVC,THIRUVANANTHAPURAM CENTRAL,VRL,VERAVAL,2404,47:50,57
16335,GIMB NCJ EXP,MEX,Mail/Express,Fri,GIMB,GANDHIDHAM BG,NCJ,NAGERCOIL JUNCTION,2344,47:00,58
16336,GANDHIDHAM EXP,MEX,Mail/Express,Tue,NCJ,NAGERCOIL JUNCTION,GIMB,GANDHIDHAM BG,2344,45:20,57
16337,OKHA ERS EXP,MEX,Mail/Express,"Mon,Sat",OKHA,OKHA,ERS,ERNAKULAM JN,2254,44:05,50
16338,ERS OKHA EXP,MEX,Mail/Express,"Wed,Fri",ERS,ERNAKULAM JN,OKHA,OKHA,2253,44:05,49
16339,NAGARCOIL EXP,MEX,Mail/Express,"Tue,Wed,Thu,Sat",LTT,LOKMANYATILAK,NCJ,NAGERCOIL JUNCTION,1873,36:50,40
16340,NCJ LTT EXPRESS,MEX,Mail/Express,"Mon,Tue,Wed,Fri",NCJ,NAGERCOIL JUNCTION,LTT,LOKMANYATILAK,1875,36:05,39
16341,GUV TVC EXP,MEX,Mail/Express,Daily,GUV,GURUVAYUR,TVC,THIRUVANANTHAPURAM CENTRAL,302,06:15,23
16342,TVC GUV EXP,MEX,Mail/Express,Daily,TVC,THIRUVANANTHAPURAM CENTRAL,GUV,GURUVAYUR,302,06:50,22
16343,AMRITHA EXP,MEX,Mail/Express,Daily,TVC,THIRUVANANTHAPURAM CENTRAL,RMM,RAMESWARAM,773,15:45,29
16344,AMRITHA EXPRESS,MEX,Mail/Express,Daily,RMM,RAMESWARAM,TVC,THIRUVANANTHAPURAM CENTRAL,773,15:30,29
16345,NETRAVATI EXP,MEX,Mail/Express,Daily,LTT,LOKMANYATILAK,TVC,THIRUVANANTHAPURAM CENTRAL,1505,31:55,49
16346,NETHRAVATHI EXP,MEX,Mail/Express,Daily,TVC,THIRUVANANTHAPURAM CENTRAL,LTT,LOKMANYATILAK,1505,31:50,98
16347,MANGALORE EXP,MEX,Mail/Express,Daily,TVC,THIRUVANANTHAPURAM CENTRAL,MAQ,MANGALORE CENTRAL,629,14:25,48
16348,TRIVANDRUM EXP,MEX,Mail/Express,Daily,MAQ,MANGALORE CENTRAL,TVC,THIRUVANANTHAPURAM CENTRAL,629,13:50,47
16349,RAJYA RANI EXP,MEX,Mail/Express,Daily,TVCN,THIRUVANANTHAPURAM NORTH,NIL,NILAMBUR ROAD,384,09:05,22
16350,RAJYA RANI EXP,MEX,Mail/Express,Daily,NIL,NILAMBUR ROAD,TVCN,THIRUVANANTHAPURAM NORTH,385,08:05,22
16351,NAGARCOIL EXP,MEX,Mail/Express,"Mon,Fri",LTT,LOKMANYATILAK,NCJ,NAGERCOIL JUNCTION,1934,34:05,44
16352,NCJ LTT EXPRESS,MEX,Mail/Express,"Thu,Sun",NCJ,NAGERCOIL JUNCTION,LTT,LOKMANYATILAK,1934,36:35,42
16353,KCG NCJ EXP,MEX,Mail/Express,Sun,KCG,KACHEGUDA,NCJ,NAGERCOIL JUNCTION,1494,28:45,29
16354,KACHEGUDA EXP,MEX,Mail/Express,Sat,NCJ,NAGERCOIL JUNCTION,KCG,KACHEGUDA,1493,27:15,28
16355,TVCN-MAJN ANTYODAYA EXP,MEX,Mail/Express,"Thu,Sat",TVCN,THIRUVANANTHAPURAM NORTH,MAJN,MANGALORE JUNCTION,612,11:50,13
16356,MAJN- TVCN ANTYODAYA EXP,MEX,Mail/Express,"Fri,Sun",MAJN,MANGALORE JUNCTION,TVCN,THIRUVANANTHAPURAM NORTH,612,11:50,13
16357,CHZ AMRIT BHARAT,AMTB,Amrit Bharat,Thu,NCJ,NAGERCOIL JUNCTION,CHZ,CHARLAPALLI,1478,28:35,32
16358,NCJ AMRITBHARAT,AMTB,Amrit Bharat,Sat,CHZ,CHARLAPALLI,NCJ,NAGERCOIL JUNCTION,1478,31:20,32
16361,ERS VLNK EXP,MEX,Mail/Express,"Mon,Sat",ERS,ERNAKULAM JN,VLNK,VELLANKANNI,688,16:40,34
16362,VLNK ERS EXP,MEX,Mail/Express,"Tue,Sun",VLNK,VELLANKANNI,ERS,ERNAKULAM JN,689,17:10,34
16363,ERS VLNK EXPRESS,MEX,Mail/Express,Wed,ERS,ERNAKULAM JN,VLNK,VELLANKANNI,720,17:45,29
16364,VLNK ERS EXPRESS,MEX,Mail/Express,Thu,VLNK,VELLANKANNI,ERS,ERNAKULAM JN,720,16:10,29
16366,NCJ-KTYM EXP,MEX,Mail/Express,Daily,NCJ,NAGERCOIL JUNCTION,KTYM,KOTTAYAM,231,06:45,34
16367,KASHI TAMIL EXP,MEX,Mail/Express,Thu,CAPE,KANNIYAKUMARI,BNRS,BANARAS,2770,51:20,37
16368,KASHI TAMIL EXP,MEX,Mail/Express,Sun,BNRS,BANARAS,CAPE,KANNIYAKUMARI,2769,52:35,37
16377,ERNAKULAM EXP,MEX,Mail/Express,Daily,SBC,KSR BENGALURU,ERS,ERNAKULAM JN,583,11:00,14
16378,SBC INTERCITY,MEX,Mail/Express,Daily,ERS,ERNAKULAM JN,SBC,KSR BENGALURU,584,11:55,14
16381,KANYAKUMARI EXP,MEX,Mail/Express,Daily,PUNE,PUNE JN,CAPE,KANNIYAKUMARI,1942,36:10,57
16382,CAPE PUNE EXP,MEX,Mail/Express,Daily,CAPE,KANNIYAKUMARI,PUNE,PUNE JN,1943,37:00,58
16511,SBC CLT EXPRESS,MEX,Mail/Express,Daily,SBC,KSR BENGALURU,CLT,KOZHIKKODE,587,15:05,22
16512,CLT SBC EXPRESS,MEX,Mail/Express,Daily,CLT,KOZHIKKODE,SBC,KSR BENGALURU,588,15:05,22
16515,KARWAR EXPRESS,MEX,Mail/Express,"Mon,Wed,Fri",YPR,YESVANTPUR JN.,KAWR,KARWAR,614,16:10,25
16516,KAWR YPR EXP,MEX,Mail/Express,"Tue,Thu,Sat",KAWR,KARWAR,YPR,YESVANTPUR JN.,614,15:20,25
16519,JTJ-SBC MEMU,MEX,Mail/Express,Daily,JTJ,JOLARPETTAI JN.,SBC,KSR BENGALURU,140,03:20,17
16520,SBC-JTJ MEMU,MEX,Mail/Express,Daily,SBC,KSR BENGALURU,JTJ,JOLARPETTAI JN.,140,03:30,16
16521,BWT-SBC UR MEMU EXP SPL,MEX,Mail/Express,Daily,BWT,BANGARAPET JN.,SBC,KSR BENGALURU,70,02:15,9
16522,SBC-BWT UR MEMU EXPRESS,MEX,Mail/Express,Daily,SBC,KSR BENGALURU,BWT,BANGARAPET JN.,70,01:35,7
16523,SMVB BLGT EXP,MEX,Mail/Express,Wed,SMVB,SMVT BENGALURU,BLGT,BALURGHAT,2414,42:00,43
16524,BLGT SMVB EXP,MEX,Mail/Express,Sat,BLGT,BALURGHAT,SMVB,SMVT BENGALURU,2414,45:45,43
16525,CAPE SBC EXPRESS,MEX,Mail/Express,Daily,CAPE,KANNIYAKUMARI,SBC,KSR BENGALURU,932,20:50,46
16526,KANYAKUMARI EXP,MEX,Mail/Express,Daily,SBC,KSR BENGALURU,CAPE,KANNIYAKUMARI,930,18:40,46
16527,YPR KANNUR EXP,MEX,Mail/Express,Daily,YPR,YESVANTPUR JN.,CAN,KANNUR,656,13:45,19
16528,YESVANTPUR EXP,MEX,Mail/Express,Daily,CAN,KANNUR,YPR,YESVANTPUR JN.,656,13:45,19
16529,SMVB-KIK EXPRESS,MEX,Mail/Express,Daily,SMVB,SMVT BENGALURU,KIK,KARAIKAL,562,15:05,56
16530,KIK-SMVB EXPRESS,MEX,Mail/Express,Daily,KIK,KARAIKAL,SMVB,SMVT BENGALURU,564,17:00,56
16531,AII SBC G NAWAJ,MEX,Mail/Express,Mon,AII,AJMER JN,SBC,KSR BENGALURU,2224,44:15,37
16532,GARIB NAWAZ EXP,MEX,Mail/Express,Fri,SBC,KSR BENGALURU,AII,AJMER JN,2213,45:25,37
16533,JU SBC EXP,MEX,Mail/Express,Wed,JU,JODHPUR JN,SBC,KSR BENGALURU,2187,44:15,34
16534,JODHPUR EXP,MEX,Mail/Express,Sun,SBC,KSR BENGALURU,JU,JODHPUR JN,2176,44:50,34
16535,GOLGUMBAZ EXP,MEX,Mail/Express,Daily,MYS,MYSORE JN,PVR,PANDHARPUR,1095,20:40,33
16536,GOLGUMBAZ EXP,MEX,Mail/Express,Daily,PVR,PANDHARPUR,MYS,MYSORE JN,1096,21:45,33
16539,YPR MAJN EXP,MEX,Mail/Express,Sat,YPR,YESVANTPUR JN.,MAJN,MANGALORE JUNCTION,358,09:40,14
16540,MAJN YPR EXP,MEX,Mail/Express,Sun,MAJN,MANGALORE JUNCTION,YPR,YESVANTPUR JN.,358,09:30,14
16541,YPR PVR EXP,MEX,Mail/Express,Thu,YPR,YESVANTPUR JN.,PVR,PANDHARPUR,879,17:20,15
16542,PVR YPR EXP,MEX,Mail/Express,Fri,PVR,PANDHARPUR,YPR,YESVANTPUR JN.,880,15:50,15
16545,YPR SNNR EXP,MEX,Mail/Express,Daily,YPR,YESVANTPUR JN.,SNNR,SINDHANUR,621,14:30,43
16546,SNNR YPR EXP,MEX,Mail/Express,Daily,SNNR,SINDHANUR,YPR,YESVANTPUR JN.,622,15:05,43
16547,YPR BJP EXP,MEX,Mail/Express,Daily,YPR,YESVANTPUR JN.,BJP,VIJAYAPURA,739,14:00,23
16548,BJP YPR EXP,MEX,Mail/Express,Daily,BJP,VIJAYAPURA,YPR,YESVANTPUR JN.,740,15:10,23
16549,SBC-KQZ UR DEMU EXP,MEX,Mail/Express,"Mon,Tue,Wed,Thu,Fri,Sat",SBC,KSR BENGALURU,KQZ,KOLAR,147,03:23,24
16550,KQZ-SBC UR DEMU EXP,MEX,Mail/Express,"Mon,Tue,Wed,Thu,Fri,Sat",KQZ,KOLAR,SBC,KSR BENGALURU,147,03:20,24
16551,MAS AP EXPRESS,MEX,Mail/Express,Daily,MAS,PURATCHI THALAIVAR DR. MGR CTL,AP,ASHOKAPURAM,497,09:50,27
16552,CHENNAI EXPRESS,MEX,Mail/Express,Daily,AP,ASHOKAPURAM,MAS,PURATCHI THALAIVAR DR. MGR CTL,497,09:50,27
16553,SMVB LTT  EXP,MEX,Mail/Express,"Tue,Sat",SMVB,SMVT BENGALURU,LTT,LOKMANYATILAK,1210,24:05,17
16554,LTT  SMVB  EXP,MEX,Mail/Express,"Wed,Sun",LTT,LOKMANYATILAK,SMVB,SMVT BENGALURU,1211,23:15,17
16555,YPR TLGP EXP,MEX,Mail/Express,Fri,YPR,YESVANTPUR JN.,TLGP,TALGUPPA,366,06:45,11
16556,TLGP YPR EXP,MEX,Mail/Express,Sat,TLGP,TALGUPPA,YPR,YESVANTPUR JN.,367,07:15,11
16559,SMVB BIDR  EXP,MEX,Mail/Express,"Fri,Sun",SMVB,SMVT BENGALURU,BIDR,BIDAR,672,15:00,16
16560,BIDR-SMVB EXPRESS,MEX,Mail/Express,"Mon,Sat",BIDR,BIDAR,SMVB,SMVT BENGALURU,672,14:00,16
16561,YPR TVCN AC EXP,MEX,Mail/Express,Thu,YPR,YESVANTPUR JN.,TVCN,THIRUVANANTHAPURAM NORTH,845,15:25,14
16562,TVCN YPR AC EXP,MEX,Mail/Express,Fri,TVCN,THIRUVANANTHAPURAM NORTH,YPR,YESVANTPUR JN.,847,15:55,14
16563,BNC KLBG EXP,MEX,Mail/Express,Sat,BNC,BANGALORE CANT,KLBG,KALABURAGI,552,12:20,14
16564,KLBG BNC EXPRESS,MEX,Mail/Express,Sun,KLBG,KALABURAGI,BNC,BANGALORE CANT,552,11:40,14
16565,YPR MAQ EXP,MEX,Mail/Express,Sun,YPR,YESVANTPUR JN.,MAQ,MANGALORE CENTRAL,835,16:05,20
16566,MAQ YPR EXPRESS,MEX,Mail/Express,Mon,MAQ,MANGALORE CENTRAL,YPR,YESVANTPUR JN.,835,16:50,20
16567,TK-SMET UR EXP,MEX,Mail/Express,Daily,TK,TUMKUR,SMET,SHIMOGA TOWN,203,05:10,28
16568,SMET-TK UR EXP,MEX,Mail/Express,Daily,SMET,SHIMOGA TOWN,TK,TUMKUR,204,05:10,28
16571,YPR BIDR EXP,MEX,Mail/Express,"Mon,Tue,Thu,Sun",YPR,YESVANTPUR JN.,BIDR,BIDAR,704,13:30,15
16572,BIDR YPR EXP,MEX,Mail/Express,"Mon,Tue,Wed,Fri",BIDR,BIDAR,YPR,YESVANTPUR JN.,704,13:25,16
16573,PUDUCHERRY EXP,MEX,Mail/Express,Fri,YPR,YESVANTPUR JN.,PDY,PONDICHERRY,454,10:30,10
16574,PDY YPR EXPRESS,MEX,Mail/Express,Sat,PDY,PONDICHERRY,YPR,YESVANTPUR JN.,454,09:55,10
16575,GOMTESHWARA EXP,MEX,Mail/Express,"Tue,Thu,Sun",YPR,YESVANTPUR JN.,MAJN,MANGALORE JUNCTION,358,09:40,14
16576,MAJN YPR EXP,MEX,Mail/Express,"Mon,Wed,Fri",MAJN,MANGALORE JUNCTION,YPR,YESVANTPUR JN.,358,09:30,14
16577,YPR BIDR EXP,MEX,Mail/Express,Sat,YPR,YESVANTPUR JN.,BIDR,BIDAR,674,14:35,16
16578,BIDR YPR EXP,MEX,Mail/Express,Sun,BIDR,BIDAR,YPR,YESVANTPUR JN.,674,13:20,16
16581,YPR SMET EXP,MEX,Mail/Express,"Tue,Thu,Sun",YPR,YESVANTPUR JN.,SMET,SHIMOGA TOWN,269,05:45,11
16582,SMET YPR EXP,MEX,Mail/Express,"Tue,Thu,Sun",SMET,SHIMOGA TOWN,YPR,YESVANTPUR JN.,269,04:50,11
16583,YPR LUR EXP,MEX,Mail/Express,"Wed,Fri,Sat",YPR,YESVANTPUR JN.,LUR,LATUR,850,17:25,22
16584,LUR YPR EXPRESS,MEX,Mail/Express,"Thu,Sat,Sun",LUR,LATUR,YPR,YESVANTPUR JN.,850,16:05,22
16585,SMVB MRDW EXP,MEX,Mail/Express,Daily,SMVB,SMVT BENGALURU,MRDW,MURDESHWAR,627,18:05,25
16586,MRDW SMVB EXP,MEX,Mail/Express,Daily,MRDW,MURDESHWAR,SMVB,SMVT BENGALURU,627,16:50,25
16587,BIKANER EXP,MEX,Mail/Express,"Fri,Sun",YPR,YESVANTPUR JN.,BKN,BIKANER JN,2444,44:45,37
16588,BKN YPR EXP,MEX,Mail/Express,"Tue,Sun",BKN,BIKANER JN,YPR,YESVANTPUR JN.,2445,45:00,37
16589,RANI CHENNAMMA,MEX,Mail/Express,Daily,SBC,KSR BENGALURU,SLI,SANGLI,755,14:05,27
16590,RANI CHENNAMMA,MEX,Mail/Express,Daily,SLI,SANGLI,SBC,KSR BENGALURU,756,15:15,27
16591,HAMPI EXPRESS,MEX,Mail/Express,Daily,UBL,SSS HUBBALLI JN,MYS,MYSORE JN,674,14:25,28
16592,HAMPI EXPRESS,MEX,Mail/Express,Daily,MYS,MYSORE JN,UBL,SSS HUBBALLI JN,674,15:30,28
16593,SBC NANDED EXP,MEX,Mail/Express,Daily,SBC,KSR BENGALURU,NED,NANDED,1037,23:50,37
16594,NED  YPR EXPRESS,MEX,Mail/Express,Daily,NED,NANDED,SBC,KSR BENGALURU,1037,21:40,37
16595,PANCHAGANGA EXP,MEX,Mail/Express,Daily,SBC,KSR BENGALURU,KAWR,KARWAR,615,13:50,21
16596,PANCHAGANGA EXP,MEX,Mail/Express,Daily,KAWR,KARWAR,SBC,KSR BENGALURU,615,13:15,21
16597,APDJ AMRITBHARAT,AMTB,Amrit Bharat,Sat,SMVB,SMVT BENGALURU,APDJ,ALIPUR DUAR JN,2655,49:35,46
16598,AMRIT BHARAT EXP,AMTB,Amrit Bharat,Mon,APDJ,ALIPUR DUAR JN,SMVB,SMVT BENGALURU,2655,52:35,46
16601,JBN AMRIT BHARAT,AMTB,Amrit Bharat,Thu,ED,ERODE JN,JBN,JOGBANI,3124,58:45,51
16602,AMRIT BHARAT,AMTB,Amrit Bharat,Sun,JBN,JOGBANI,ED,ERODE JN,3125,63:45,51
16603,MAVELI EXPRESS,MEX,Mail/Express,Daily,MAQ,MANGALORE CENTRAL,TVC,THIRUVANANTHAPURAM CENTRAL,620,12:40,30
16604,MAVELI EXPRESS,MEX,Mail/Express,Daily,TVC,THIRUVANANTHAPURAM CENTRAL,MAQ,MANGALORE CENTRAL,621,12:50,31
16605,ERNAD EXPRESS,MEX,Mail/Express,Daily,MAQ,MANGALORE CENTRAL,TVC,THIRUVANANTHAPURAM CENTRAL,620,13:55,40
16606,ERNAD EXPRESS,MEX,Mail/Express,Daily,TVC,THIRUVANANTHAPURAM CENTRAL,MAQ,MANGALORE CENTRAL,621,14:00,40
16607,CAN-CBE  EXP,MEX,Mail/Express,Daily,CAN,KANNUR,CBE,COIMBATORE JN,276,07:45,33
16608,CBE-CAN  EXP ,MEX,Mail/Express,Daily,CBE,COIMBATORE JN,CAN,KANNUR,275,07:05,33
16609,TCR-CAN EXP,MEX,Mail/Express,Daily,TCR,THRISUR,CAN,KANNUR,210,05:45,28
16610,MAQ-PGT EXP,MEX,Mail/Express,Daily,MAQ,MANGALORE CENTRAL,PGT,PALAKKAD JN,348,07:50,39
16611,PGT-CAN EXP,MEX,Mail/Express,Daily,PGT,PALAKKAD JN,CAN,KANNUR,219,05:50,16
16613,RJT CBE EXP,MEX,Mail/Express,Sun,RJT,RAJKOT,CBE,COIMBATORE JN,2220,38:35,33
16614,CBE RJT EXPRESS,MEX,Mail/Express,Fri,CBE,COIMBATORE JN,RJT,RAJKOT,2223,41:05,34
16615,CHEMMOZHI EXP,MEX,Mail/Express,Daily,MQ,MANNARGUDI,CBE,COIMBATORE JN,335,08:20,10
16616,CHEMMOZHI EXP,MEX,Mail/Express,Daily,CBE,COIMBATORE JN,MQ,MANNARGUDI,335,07:10,9
16617,RMM CBE EXPRESS,MEX,Mail/Express,Wed,RMM,RAMESWARAM,CBE,COIMBATORE JN,506,10:15,15
16618,CBE RMM EXPRESS,MEX,Mail/Express,Tue,CBE,COIMBATORE JN,RMM,RAMESWARAM,506,09:35,14
16619,DHN AMRIT BHARAT,AMTB,Amrit Bharat,Sat,PTJ,PODANUR JN,DHN,DHANBAD JN,2199,45:45,36
16620,AMRIT BHARAT EXP,AMTB,Amrit Bharat,Mon,DHN,DHANBAD JN,PTJ,PODANUR JN,2202,45:20,36
16621,RMM MAQ EXPRESS,MEX,Mail/Express,Sun,RMM,RAMESWARAM,MAQ,MANGALORE CENTRAL,753,15:25,17
16622,MAQ RMM EXPRESS,MEX,Mail/Express,Sat,MAQ,MANGALORE CENTRAL,RMM,RAMESWARAM,753,15:20,17
16629,MALABAR EXPRESS,MEX,Mail/Express,Daily,TVC,THIRUVANANTHAPURAM CENTRAL,MAQ,MANGALORE CENTRAL,633,15:35,53
16630,MALABAR EXPRESS,MEX,Mail/Express,Daily,MAQ,MANGALORE CENTRAL,TVC,THIRUVANANTHAPURAM CENTRAL,631,14:15,53
16649,PARASURAM EXP,MEX,Mail/Express,Daily,MAQ,MANGALORE CENTRAL,CAPE,KANNIYAKUMARI,715,16:30,57
16650,PARASURAM EXP,MEX,Mail/Express,Daily,CAPE,KANNIYAKUMARI,MAQ,MANGALORE CENTRAL,715,17:35,56
16707,MAJN TEN EXPRESS,MEX,Mail/Express,Thu,MAJN,MANGALORE JUNCTION,TEN,TIRUNELVELI JN,753,18:45,22
16708,TEN MAJN EXPRESS,MEX,Mail/Express,Wed,TEN,TIRUNELVELI JN,MAJN,MANGALORE JUNCTION,752,15:10,22
16721,CBE-MDU EXP,MEX,Mail/Express,Daily,CBE,COIMBATORE JN,MDU,MADURAI JN,233,05:05,21
16722,MDU-CBE EXP,MEX,Mail/Express,Daily,MDU,MADURAI JN,CBE,COIMBATORE JN,233,05:05,21
16729,MDU PUU EXP,MEX,Mail/Express,Daily,MDU,MADURAI JN,PUU,PUNALUR,409,10:40,39
16730,PUU MDU EXPRESS,MEX,Mail/Express,Daily,PUU,PUNALUR,MDU,MADURAI JN,409,10:20,41
16731,PGT-TCN EXP,MEX,Mail/Express,Daily,PGT,PALAKKAD JN,TCN,TIRUCHENDUR,463,09:20,35
16732,TCN-PGT EXP,MEX,Mail/Express,Daily,TCN,TIRUCHENDUR,PGT,PALAKKAD JN,463,09:15,35
16733,RMM OKHA EXP,MEX,Mail/Express,Fri,RMM,RAMESWARAM,OKHA,OKHA,3149,59:30,47
16734,OKHA RMM EXP,MEX,Mail/Express,Tue,OKHA,OKHA,RMM,RAMESWARAM,3150,58:30,48
16751,MS RMM EXPRESS,MEX,Mail/Express,Daily,MS,CHENNAI EGMORE,RMM,RAMESWARAM,664,12:25,23
16752,RMM MS EXPRESS,MEX,Mail/Express,Daily,RMM,RAMESWARAM,MS,CHENNAI EGMORE,665,13:50,24
16765,MTP TN EXPRESS,MEX,Mail/Express,"Fri,Sun",MTP,METUPALAIYAM,TN,TUTICORIN,435,08:30,15
16766,TN MTP EXPRESS,MEX,Mail/Express,"Thu,Sat",TN,TUTICORIN,MTP,METUPALAIYAM,433,08:00,15
16779,TPTY RMM EXP,MEX,Mail/Express,"Mon,Wed,Fri,Sat",TPTY,TIRUPATI,RMM,RAMESWARAM,825,16:40,24
16780,RMM TPTY EXP,MEX,Mail/Express,"Tue,Thu,Fri,Sun",RMM,RAMESWARAM,TPTY,TIRUPATI,825,17:15,24
16787,TEN SVDK EXPRESS,MEX,Mail/Express,Mon,TEN,TIRUNELVELI JN,SVDK,SHRI MATA VAISHNO DEVI KATRA,3634,64:45,60
16788,SVDK TEN EXPRES,MEX,Mail/Express,Thu,SVDK,SHRI MATA VAISHNO DEVI KATRA,TEN,TIRUNELVELI JN,3635,68:15,63
16791,PALARUVI EXP,MEX,Mail/Express,Daily,TN,TUTICORIN,PGT,PALAKKAD JN,538,14:50,43
16792,PALARUVI EXP,MEX,Mail/Express,Daily,PGT,PALAKKAD JN,TN,TUTICORIN,536,14:25,43
16807,TBM TPJ EXPRESS,MEX,Mail/Express,"Mon,Thu,Fri,Sat,Sun",TBM,TAMBARAM,TPJ,TIRUCHCHIRAPPALLI JN.,376,07:10,15
16808,TPJ TBM EXPRESS,MEX,Mail/Express,"Mon,Thu,Fri,Sat,Sun",TPJ,TIRUCHCHIRAPPALLI JN.,TBM,TAMBARAM,376,06:55,15
16811,MV-SA EXP,MEX,Mail/Express,Daily,MV,MAYILADUTURAI JN,SA,SALEM JN,281,07:30,45
16812,SA-MV EXP,MEX,Mail/Express,Daily,SA,SALEM JN,MV,MAYILADUTURAI JN,281,07:25,45
16833,MV-TPJ EXP,MEX,Mail/Express,Daily,MV,MAYILADUTURAI JN,TPJ,TIRUCHCHIRAPPALLI JN.,120,02:25,8
16834,TPJ-MV EXP,MEX,Mail/Express,Daily,TPJ,TIRUCHCHIRAPPALLI JN.,MV,MAYILADUTURAI JN,120,02:30,8
16843,TPJ-PGTN EXP,MEX,Mail/Express,Daily,TPJ,TIRUCHCHIRAPPALLI JN.,PGTN,PALGHAT TOWN,300,07:15,27
16844,PGTN-TPJ EXP ,MEX,Mail/Express,Daily,PGTN,PALGHAT TOWN,TPJ,TIRUCHCHIRAPPALLI JN.,300,07:35,25
16845,ED-SCT EXP,MEX,Mail/Express,Daily,ED,ERODE JN,SCT,SENGOTTAI,442,08:30,28
16846,SCT-ED EXP,MEX,Mail/Express,Daily,SCT,SENGOTTAI,ED,ERODE JN,442,09:40,28
16847,MV-SCT EXP,MEX,Mail/Express,Daily,MV,MAYILADUTURAI JN,SCT,SENGOTTAI,454,08:20,30
16848,SCT-MV EXP,MEX,Mail/Express,Daily,SCT,SENGOTTAI,MV,MAYILADUTURAI JN,454,08:40,30
16849,TPJ-RMM EXP,MEX,Mail/Express,Daily,TPJ,TIRUCHCHIRAPPALLI JN.,RMM,RAMESWARAM,267,05:30,18
16850,RMM-TPJ EXP,MEX,Mail/Express,Daily,RMM,RAMESWARAM,TPJ,TIRUCHCHIRAPPALLI JN.,264,05:15,18
16853,TPTY-VM EXP ,MEX,Mail/Express,Daily,TPTY,TIRUPATI,VM,VILLUPURAM JN,264,06:55,32
16854,VM-TPTY EXP ,MEX,Mail/Express,Daily,VM,VILLUPURAM JN,TPTY,TIRUPATI,264,05:45,16
16855,PDY MAQ EXPRESS,MEX,Mail/Express,Thu,PDY,PONDICHERRY,MAQ,MANGALORE CENTRAL,797,16:45,22
16856,MAQ PDY EXPRESS,MEX,Mail/Express,Fri,MAQ,MANGALORE CENTRAL,PDY,PONDICHERRY,796,17:40,22
16857,PDY MAQ EXPRESS,MEX,Mail/Express,Sat,PDY,PONDICHERRY,MAQ,MANGALORE CENTRAL,862,17:05,19
16858,MAQ PDY EXPRESS,MEX,Mail/Express,Sun,MAQ,MANGALORE CENTRAL,PDY,PONDICHERRY,862,17:40,19
16861,PDY CAPE EXP,MEX,Mail/Express,Sun,PDY,PONDICHERRY,CAPE,KANNIYAKUMARI,699,14:05,22
16862,CAPE PDY EXP,MEX,Mail/Express,Mon,CAPE,KANNIYAKUMARI,PDY,PONDICHERRY,699,13:55,21
16865,UZHAVAN EXPRESS,MEX,Mail/Express,Daily,MS,CHENNAI EGMORE,TJ,THANJAVUR JN.,351,07:20,16
16866,UZHAVAN EXPRESS,MEX,Mail/Express,Daily,TJ,THANJAVUR JN.,MS,CHENNAI EGMORE,351,06:35,16
16867,VM-DG EXP,MEX,Mail/Express,Daily,VM,VILLUPURAM JN,DG,DINDIGUL JN,272,05:45,26
16868,DG-VM EXP ,MEX,Mail/Express,Daily,DG,DINDIGUL JN,VM,VILLUPURAM JN,272,05:45,26
16870,VM-TPTY MEMU EXP,MEX,Mail/Express,Daily,VM,VILLUPURAM JN,TPTY,TIRUPATI,264,05:30,17
17001,SNSI SC EXPRESS,MEX,Mail/Express,"Mon,Sat",SNSI,SAINAGAR SHIRDI,SC,SECUNDERABAD JN,776,15:55,22
17002,SC SNSI EXP,MEX,Mail/Express,"Fri,Sun",SC,SECUNDERABAD JN,SNSI,SAINAGAR SHIRDI,776,17:00,20
17003,KZJ-SRUR RAMGIRI,MEX,Mail/Express,Daily,KZJ,KAZIPET JN,SRUR,SIRPUR TOWN,188,04:20,16
17004,BPQ-KZJ RAMGIRI,MEX,Mail/Express,Daily,BPQ,BALHARSHAH,KZJ,KAZIPET JN,240,05:00,20
17005,HYB RXL EXP,MEX,Mail/Express,Thu,HYB,HYDERABAD,RXL,RAXAUL JN,2077,41:50,31
17006,RXL HYB EXPRESS,MEX,Mail/Express,Sun,RXL,RAXAUL JN,HYB,HYDERABAD,2082,40:25,31
17007,CHZ DBG EXPRESS,MEX,Mail/Express,"Tue,Sat",CHZ,CHARLAPALLI,DBG,DARBHANGA JN,1901,38:50,27
17008,DBG CHZ EXPRESS,MEX,Mail/Express,"Tue,Fri",DBG,DARBHANGA JN,CHZ,CHARLAPALLI,1907,36:55,27
17009,BIDR-HYB,MEX,Mail/Express,Daily,BIDR,BIDAR,HYB,HYDERABAD,166,04:00,10
17011,HYB SKZR EXP,MEX,Mail/Express,Daily,HYB,HYDERABAD,SKZR,SIRPUR KAGHAZNAGAR,312,06:45,22
17012,SKZR BIDR EXP,MEX,Mail/Express,Daily,SKZR,SIRPUR KAGHAZNAGAR,BIDR,BIDAR,464,10:50,30
17013,HDP KZJ EXPRESS,MEX,Mail/Express,"Tue,Fri,Sun",HDP,HADAPSAR,KZJ,KAZIPET JN,781,15:15,19
17014,KZJ HDP EXPRESS,MEX,Mail/Express,"Mon,Thu,Sat",KZJ,KAZIPET JN,HDP,HADAPSAR,781,16:35,19
17015,VISAKHA EXPRESS,MEX,Mail/Express,Daily,BBSN,BHUBANESWAR NEW JN,SC,SECUNDERABAD JN,1141,23:45,43
17016,VISAKHA EXP,MEX,Mail/Express,Daily,SC,SECUNDERABAD JN,BBSN,BHUBANESWAR NEW JN,1142,23:45,43
17019,HSR HYB EXP,MEX,Mail/Express,Tue,HSR,HISAR,HYB,HYDERABAD,2344,48:15,45
17020,HYB HSR EXPRESS,MEX,Mail/Express,Sat,HYB,HYDERABAD,HSR,HISAR,2351,46:30,46
17021,HYB VSG EXPRESS,MEX,Mail/Express,Thu,HYB,HYDERABAD,GTL,GUNTAKAL JN,376,07:35,9
17022,VSG HYB EXP,MEX,Mail/Express,Fri,GTL,GUNTAKAL JN,HYB,HYDERABAD,376,08:25,9
17023,TUNGABHADRA EXP,MEX,Mail/Express,Daily,KCG,KACHEGUDA,KRNT,KURNOOL CITY,233,04:35,15
17024,TUNGABHADRA EXP,MEX,Mail/Express,Daily,KRNT,KURNOOL CITY,KCG,KACHEGUDA,233,04:55,13
17027,HUNDRY EXPRESS,MEX,Mail/Express,Daily,HYB,HYDERABAD,KRNT,KURNOOL CITY,253,05:15,15
17028,HUNDRY EXPRESS,MEX,Mail/Express,Daily,KRNT,KURNOOL CITY,HYB,HYDERABAD,253,06:10,15
17029,BJP HYB EXP,MEX,Mail/Express,Daily,BJP,VIJAYAPURA,HYB,HYDERABAD,445,11:50,38
17030,HYB BJP EXP,MEX,Mail/Express,Daily,HYB,HYDERABAD,BJP,VIJAYAPURA,445,10:55,33
17031,CHZ AGTL EXP,MEX,Mail/Express,Mon,CHZ,CHARLAPALLI,AGTL,AGARTALA,3072,62:35,37
17032,AGTL CHZ EXPRESS,MEX,Mail/Express,Fri,AGTL,AGARTALA,CHZ,CHARLAPALLI,3072,63:10,37
17033,BDCR-BPQ SINGARENI,MEX,Mail/Express,Daily,BDCR,BHADRACHALAM RD,BPQ,BALHARSHAH,385,09:45,33
17034,SRUR-BDCR SINGARENI,MEX,Mail/Express,Daily,SRUR,SIRPUR TOWN,BDCR,BHADRACHALAM RD,340,07:50,60
17035,KZJ-BPQ ,MEX,Mail/Express,Daily,KZJ,KAZIPET JN,BPQ,BALHARSHAH,240,04:20,15
17036,BPQ-KZJ,MEX,Mail/Express,Daily,BPQ,BALHARSHAH,KZJ,KAZIPET JN,240,05:00,16
17039,SC VSG EXPRESS,MEX,Mail/Express,"Wed,Fri",SC,SECUNDERABAD JN,VSG,VASCO DA GAMA,817,19:50,21
17040,VSG SC EXPRESS,MEX,Mail/Express,"Thu,Sat",VSG,VASCO DA GAMA,SC,SECUNDERABAD JN,817,19:20,21
17041,TVCN  AMRITBHART,AMTB,Amrit Bharat,Tue,CHZ,CHARLAPALLI,TVCN,THIRUVANANTHAPURAM NORTH,1539,31:30,31
17042,CHZ AMRIT BHARAT,AMTB,Amrit Bharat,Wed,TVCN,THIRUVANANTHAPURAM NORTH,CHZ,CHARLAPALLI,1543,31:00,31
17043,SC AKP EXP,MEX,Mail/Express,Sun,SC,SECUNDERABAD JN,AKP,ANAKAPALLE,650,15:00,16
17044,AKP SC EXPRESS,MEX,Mail/Express,Mon,AKP,ANAKAPALLE,SC,SECUNDERABAD JN,655,15:15,16
17045,CHZ AKP EXPRESS,MEX,Mail/Express,Sat,CHZ,CHARLAPALLI,AKP,ANAKAPALLE,651,13:20,16
17046,AKP CHZ EXPRES,MEX,Mail/Express,Sun,AKP,ANAKAPALLE,CHZ,CHARLAPALLI,653,13:45,16
17047,CHZ TCNR EXP,MEX,Mail/Express,Wed,CHZ,CHARLAPALLI,TCNR,TIRUCHANUR,720,13:05,15
17048,TCNR CHZ EXP,MEX,Mail/Express,Thu,TCNR,TIRUCHANUR,CHZ,CHARLAPALLI,720,14:05,15
17049,HYDERABAD EXP,MEX,Mail/Express,Daily,UBL,SSS HUBBALLI JN,HYB,HYDERABAD,662,13:00,23
17050,HYB UBL EXP,MEX,Mail/Express,Daily,HYB,HYDERABAD,UBL,SSS HUBBALLI JN,662,14:05,23
17053,CHZ AKP EXPRESS,MEX,Mail/Express,Thu,CHZ,CHARLAPALLI,AKP,ANAKAPALLE,612,12:50,13
17054,AKP CHZ EXPRESS,MEX,Mail/Express,Fri,AKP,ANAKAPALLE,CHZ,CHARLAPALLI,612,13:05,13
17057,DEVAGIRI EXPRESS,MEX,Mail/Express,Daily,CSMT,C SHIVAJI MAH T,LPI,LINGAMPALLI,904,18:50,30
17058,DEVAGIRI EXP,MEX,Mail/Express,Daily,LPI,LINGAMPALLI,CSMT,C SHIVAJI MAH T,904,18:45,29
17059,CHZ TCNR EXP,MEX,Mail/Express,Sun,CHZ,CHARLAPALLI,TCNR,TIRUCHANUR,645,15:00,16
17060,TCNR CHZ EXP,MEX,Mail/Express,Mon,TCNR,TIRUCHANUR,CHZ,CHARLAPALLI,645,16:00,16
17061,CHZ NS EXP,MEX,Mail/Express,Sat,CHZ,CHARLAPALLI,NS,NARASAPUR,433,11:10,11
17062,NS CHZ EXP,MEX,Mail/Express,Sun,NS,NARASAPUR,CHZ,CHARLAPALLI,434,11:50,11
17063,AJANTA EXPRESS,MEX,Mail/Express,Daily,MMR,MANMAD JN,KCG,KACHEGUDA,624,13:05,22
17064,AJANTA EXP,MEX,Mail/Express,Daily,KCG,KACHEGUDA,MMR,MANMAD JN,625,14:00,22
17065,SHM AMRITBHARAT,AMTB,Amrit Bharat,Tue,CHZ,CHARLAPALLI,SHM,SHALIMAR,1550,28:25,24
17066,CHZ AMRIT BHARAT,AMTB,Amrit Bharat,Wed,SHM,SHALIMAR,CHZ,CHARLAPALLI,1550,30:10,24
17067,CHZ BBSN EXP,MEX,Mail/Express,Mon,CHZ,CHARLAPALLI,BBSN,BHUBANESWAR NEW JN,1114,22:35,23
17068,BBSN CHZ EXP,MEX,Mail/Express,Tue,BBSN,BHUBANESWAR NEW JN,CHZ,CHARLAPALLI,1116,23:35,23
17069,HYB CAPE EXPRESS,MEX,Mail/Express,Wed,HYB,HYDERABAD,CAPE,KANNIYAKUMARI,1573,33:45,36
17070,CAPE HYB EXPRESS,MEX,Mail/Express,Fri,CAPE,KANNIYAKUMARI,HYB,HYDERABAD,1576,33:15,36
17071,HYB BGM EXP,MEX,Mail/Express,Thu,HYB,HYDERABAD,BGM,BELAGAVI,811,18:00,22
17072,BGM HYB EXP,MEX,Mail/Express,Fri,BGM,BELAGAVI,HYB,HYDERABAD,811,18:00,22
17073,SC BGM EXPRESSS,MEX,Mail/Express,Mon,SC,SECUNDERABAD JN,BGM,BELAGAVI,809,18:00,22
17074,BGM  SC EXP,MEX,Mail/Express,Tue,BGM,BELAGAVI,SC,SECUNDERABAD JN,809,18:15,22
17075,CHZ BGM EXPRESS,MEX,Mail/Express,Sat,CHZ,CHARLAPALLI,BGM,BELAGAVI,820,18:30,23
17076,BGM CHZ EXP,MEX,Mail/Express,Sun,BGM,BELAGAVI,CHZ,CHARLAPALLI,820,19:45,23
17077,CHZ TPJ EXP,MEX,Mail/Express,Tue,CHZ,CHARLAPALLI,TPJ,TIRUCHCHIRAPPALLI JN.,1081,25:25,24
17078,TPJ CHZ EXPRESS,MEX,Mail/Express,Wed,TPJ,TIRUCHCHIRAPPALLI JN.,CHZ,CHARLAPALLI,1080,24:50,24
17079,HYB JP EXP,MEX,Mail/Express,Fri,HYB,HYDERABAD,JP,JAIPUR JN.,1844,33:35,26
17080,JP HYB EXP,MEX,Mail/Express,Sun,JP,JAIPUR JN.,HYB,HYDERABAD,1844,37:30,26
17201,GOLCONDA EXP,MEX,Mail/Express,Daily,GNT,GUNTUR JN,SC,SECUNDERABAD JN,386,08:05,24
17202,GOLCONDA EXP,MEX,Mail/Express,Daily,SC,SECUNDERABAD JN,GNT,GUNTUR JN,384,09:05,25
17205,SNSI COA EXPRESS,MEX,Mail/Express,"Tue,Thu,Sun",SNSI,SAINAGAR SHIRDI,COA,KAKINADA PORT,1340,26:45,39
17206,COA SNSI EXP,MEX,Mail/Express,"Mon,Wed,Sat",COA,KAKINADA PORT,SNSI,SAINAGAR SHIRDI,1341,28:05,35
17207,SNSI MTM EXP,MEX,Mail/Express,Wed,SNSI,SAINAGAR SHIRDI,MTM,MACHILIPATNAM,1205,24:35,36
17208,MTM SNSI EXP,MEX,Mail/Express,Tue,MTM,MACHILIPATNAM,SNSI,SAINAGAR SHIRDI,1209,26:20,32
17209,SESHADRI EXP,MEX,Mail/Express,Daily,SMVB,SMVT BENGALURU,CCT,KAKINADA TOWN,945,19:00,35
17210,SESHADRI EXP,MEX,Mail/Express,Daily,CCT,KAKINADA TOWN,SMVB,SMVT BENGALURU,947,19:00,35
17211,KONDAVEEDU EXP,MEX,Mail/Express,"Mon,Wed,Fri",MTM,MACHILIPATNAM,YPR,YESVANTPUR JN.,769,18:00,20
17212,KONDAVEEDU EXP,MEX,Mail/Express,"Tue,Thu,Sat",YPR,YESVANTPUR JN.,MTM,MACHILIPATNAM,768,16:30,40
17215,MTM DMM EXP,MEX,Mail/Express,Daily,MTM,MACHILIPATNAM,DMM,DHARMAVARAM JN,689,14:00,22
17216,DMM MTM EXP,MEX,Mail/Express,Daily,DMM,DHARMAVARAM JN,MTM,MACHILIPATNAM,688,14:45,22
17219,MTM VSKP EXP,MEX,Mail/Express,Daily,MTM,MACHILIPATNAM,VSKP,VISAKHAPATNAM,371,10:55,25
17220,VSKP MTM EXP,MEX,Mail/Express,Daily,VSKP,VISAKHAPATNAM,MTM,MACHILIPATNAM,371,11:00,26
17221,COA LTT EXPRESS,MEX,Mail/Express,"Wed,Sat",COA,KAKINADA PORT,LTT,LOKMANYATILAK,1297,26:15,24
17222,LTT COA EXPRESS,MEX,Mail/Express,"Thu,Sun",LTT,LOKMANYATILAK,COA,KAKINADA PORT,1293,25:05,24
17225,AMARAVATHI EXP,MEX,Mail/Express,Daily,NS,NARASAPUR,UBL,SSS HUBBALLI JN,827,19:10,28
17226,AMARAVATHI EXP,MEX,Mail/Express,Daily,UBL,SSS HUBBALLI JN,NS,NARASAPUR,825,18:25,28
17227,DHNE-GNT,MEX,Mail/Express,Daily,DHNE,DHONE JN,GNT,GUNTUR JN,324,07:30,20
17228,GNT-DHNE,MEX,Mail/Express,Daily,GNT,GUNTUR JN,DHNE,DHONE JN,324,07:45,38
17231,NS NSL EXP,MEX,Mail/Express,"Fri,Sun",NS,NARASAPUR,NSL,NAGARSOL,1035,22:30,26
17232,NSL NS EXP,MEX,Mail/Express,"Mon,Sat",NSL,NAGARSOL,NS,NARASAPUR,1034,21:25,26
17233,BHAGYANAGAR EXP,MEX,Mail/Express,Daily,SC,SECUNDERABAD JN,SKZR,SIRPUR KAGHAZNAGAR,301,06:55,28
17234,BHAGYANAGAR EXP,MEX,Mail/Express,Daily,SKZR,SIRPUR KAGHAZNAGAR,SC,SECUNDERABAD JN,301,07:20,28
17235,NAGERCOIL EXP,MEX,Mail/Express,Daily,SMVB,SMVT BENGALURU,NCJ,NAGERCOIL JUNCTION,666,14:05,15
17236,NCJ SMVB EXPRESS,MEX,Mail/Express,Daily,NCJ,NAGERCOIL JUNCTION,SMVB,SMVT BENGALURU,666,14:15,15
17237,BTTR MAS EXP,MEX,Mail/Express,"Mon,Tue,Wed,Thu,Fri",BTTR,BITRAGUNTA,MAS,PURATCHI THALAIVAR DR. MGR CTL,208,04:40,14
17238,MAS BTTR EXP,MEX,Mail/Express,"Mon,Tue,Wed,Thu,Fri",MASS,CHENNAI CENTRAL SUBURBAN STATION,BTTR,BITRAGUNTA,208,04:25,13
17239,SIMHADRI EXP,MEX,Mail/Express,Daily,GNT,GUNTUR JN,VSKP,VISAKHAPATNAM,386,08:45,24
17240,SIMHADRI EXP,MEX,Mail/Express,Daily,VSKP,VISAKHAPATNAM,GNT,GUNTUR JN,386,08:45,24
17243,GNT RGDA EXP,MEX,Mail/Express,Daily,GNT,GUNTUR JN,RGDA,RAYAGADA,570,14:40,32
17244,RGDA GNT EXP,MEX,Mail/Express,Daily,RGDA,RAYAGADA,GNT,GUNTUR JN,570,14:00,32
17247,NS DMM EXP,MEX,Mail/Express,Daily,NS,NARASAPUR,DMM,DHARMAVARAM JN,794,16:05,28
17248,DMM NS EXP,MEX,Mail/Express,Daily,DMM,DHARMAVARAM JN,NS,NARASAPUR,793,15:05,28
17249,TPTY CCT EXP,MEX,Mail/Express,Daily,TPTY,TIRUPATI,CCT,KAKINADA TOWN,598,13:05,36
17250,CCT TPTY EXP,MEX,Mail/Express,Daily,CCT,KAKINADA TOWN,TPTY,TIRUPATI,598,14:10,64
17251,GNT KCG EXP,MEX,Mail/Express,Daily,GNT,GUNTUR JN,KCG,KACHEGUDA,611,12:55,33
17252,KCG GNT EXP,MEX,Mail/Express,Daily,KCG,KACHEGUDA,GNT,GUNTUR JN,611,14:15,33
17253,GNT CPSN EXPRESS,MEX,Mail/Express,Daily,GNT,GUNTUR JN,CPSN,CHHATRAPATI SAMBHAJINAGAR,1199,29:20,77
17254,CPSN GNT EXP,MEX,Mail/Express,Daily,CPSN,CHHATRAPATI SAMBHAJINAGAR,GNT,GUNTUR JN,1199,29:40,78
17255,NS LPI  EXP,MEX,Mail/Express,Daily,NS,NARASAPUR,LPI,LINGAMPALLI,469,10:15,18
17256,NARASAPUR EXP,MEX,Mail/Express,Daily,LPI,LINGAMPALLI,NS,NARASAPUR,468,11:15,18
17257,COA PASS,MEX,Mail/Express,Daily,BZA,VIJAYAWADA JN,COA,KAKINADA PORT,214,05:20,20
17258,COA-BZA PASS,MEX,Mail/Express,Daily,COA,KAKINADA PORT,BZA,VIJAYAWADA JN,214,05:20,21
17259,NLR-BZAPASS,MEX,Mail/Express,Daily,NLR,NELLORE,BZA,VIJAYAWADA JN,254,06:35,62
17260,BZA-GDR PASS,MEX,Mail/Express,Daily,BZA,VIJAYAWADA JN,GDR,GUDUR JN,293,08:15,40
17261,GNT TPTY EXP,MEX,Mail/Express,Daily,GNT,GUNTUR JN,TPTY,TIRUPATI,546,11:20,20
17262,TPTY GNT EXP,MEX,Mail/Express,Daily,TPTY,TIRUPATI,GNT,GUNTUR JN,546,11:55,20
17263,BVRM-NS,MEX,Mail/Express,Daily,BVRM,BHIMAVARAM JN,NS,NARASAPUR,29,00:45,4
17264,NS-BVRM,MEX,Mail/Express,Daily,NS,NARASAPUR,BVRM,BHIMAVARAM JN,29,00:45,4
17267,COA-VSKP ,MEX,Mail/Express,Daily,COA,KAKINADA PORT,VSKP,VISAKHAPATNAM,165,04:50,18
17268,VSKP-COA,MEX,Mail/Express,Daily,VSKP,VISAKHAPATNAM,COA,KAKINADA PORT,165,05:10,18
17269,BZA-NS,MEX,Mail/Express,Daily,BZA,VIJAYAWADA JN,NS,NARASAPUR,138,03:50,17
17270,NS-BZA,MEX,Mail/Express,Daily,NS,NARASAPUR,BZA,VIJAYAWADA JN,139,03:50,18
17281,GNT NS EXP,MEX,Mail/Express,Daily,GNT,GUNTUR JN,NS,NARASAPUR,173,04:50,23
17282,NS GNT EXP,MEX,Mail/Express,Daily,NS,NARASAPUR,GNT,GUNTUR JN,175,05:45,22
17289,CCT MYS EXPRESS,MEX,Mail/Express,"Mon,Fri",CCT,KAKINADA TOWN,MYS,MYSORE JN,1390,31:00,34
17290,MYS CCT EXP,MEX,Mail/Express,"Tue,Sat",MYS,MYSORE JN,CCT,KAKINADA TOWN,1385,30:25,34
17291,NS TNM WEEKLY EX,MEX,Mail/Express,Wed,NS,NARASAPUR,TNM,TIRUVANNAMALAI,724,15:55,20
17292,TNM NS EXPRESS,MEX,Mail/Express,Thu,TNM,TIRUVANNAMALAI,NS,NARASAPUR,722,16:50,20
17293,NS SMVB EXP,MEX,Mail/Express,Fri,NS,NARASAPUR,SMVB,SMVT BENGALURU,856,17:55,23
17294,SMVT NS EXP,MEX,Mail/Express,Sat,SMVB,SMVT BENGALURU,NS,NARASAPUR,854,18:50,23
17295,CCT HSR  EXPRESS,MEX,Mail/Express,Tue,CCT,KAKINADA TOWN,HSR,HISAR,2703,56:00,48
17296,HSR CCT EXP,MEX,Mail/Express,Fri,HSR,HISAR,CCT,KAKINADA TOWN,2703,55:25,48
17301,MYS BGM EXP,MEX,Mail/Express,Daily,MYS,MYSORE JN,BGM,BELAGAVI,611,11:10,20
17302,BGM MYS EXP,MEX,Mail/Express,Daily,BGM,BELAGAVI,MYS,MYSORE JN,611,11:30,20
17303,UBL-SNNR EXPRESS,MEX,Mail/Express,Daily,UBL,SSS HUBBALLI JN,SNNR,SINDHANUR,210,04:45,17
17304,KARATAGI-HUBBALLI EXPRESS,MEX,Mail/Express,Daily,SNNR,SINDHANUR,UBL,SSS HUBBALLI JN,210,04:35,17
17307,BASAVA EXPRESS,MEX,Mail/Express,Daily,MYS,MYSORE JN,BGK,BAGALKOT,1014,21:30,39
17308,BASAVA EXPRESS,MEX,Mail/Express,Daily,BGK,BAGALKOT,MYS,MYSORE JN,1014,20:25,39
17309,YPR VSG EXP,MEX,Mail/Express,Daily,YPR,YESVANTPUR JN.,VSG,VASCO DA GAMA,659,13:40,21
17310,VSG YPR EXP,MEX,Mail/Express,Daily,VSG,VASCO DA GAMA,YPR,YESVANTPUR JN.,660,13:40,21
17313,UBL MAS EXP,MEX,Mail/Express,"Wed,Fri",UBL,SSS HUBBALLI JN,MAS,PURATCHI THALAIVAR DR. MGR CTL,701,13:35,11
17314,MAS UBL EXPRESS,MEX,Mail/Express,"Thu,Sat",MAS,PURATCHI THALAIVAR DR. MGR CTL,UBL,SSS HUBBALLI JN,701,13:00,10
17315,VELANKANNI EXP,MEX,Mail/Express,Mon,VSG,VASCO DA GAMA,VLNK,VELLANKANNI,1266,27:45,27
17316,VASCO EXPRESS,MEX,Mail/Express,Tue,VLNK,VELLANKANNI,VSG,VASCO DA GAMA,1265,26:55,27
17317,UBL DR EXPRESS,MEX,Mail/Express,Daily,UBL,SSS HUBBALLI JN,DR,DADAR,737,14:30,21
17318,DR HUBBALLI EXP,MEX,Mail/Express,Daily,DR,DADAR,UBL,SSS HUBBALLI JN,737,14:40,21
17321,VSG JSME EXP,MEX,Mail/Express,Fri,VSG,VASCO DA GAMA,JSME,JASIDIH JN.,2550,50:40,38
17322,JSME VSG EXP,MEX,Mail/Express,Mon,JSME,JASIDIH JN.,VSG,VASCO DA GAMA,2556,49:55,38
17323,UBL BANARAS EXP,MEX,Mail/Express,Fri,UBL,SSS HUBBALLI JN,BNRS,BANARAS,2030,38:30,25
17324,BNRS UBL EXPRES,MEX,Mail/Express,Sun,BNRS,BANARAS,UBL,SSS HUBBALLI JN,2030,36:40,25
17327,UBL-KHTI EXPRESS,MEX,Mail/Express,Daily,UBL,SSS HUBBALLI JN,KHTI,KUSHTAGI,152,04:00,19
17328,KHTI-UBL EXPRESS,MEX,Mail/Express,Daily,KHTI,KUSHTAGI,UBL,SSS HUBBALLI JN,152,03:55,19
17329,UBL BZA EXP,MEX,Mail/Express,Daily,UBL,SSS HUBBALLI JN,BZA,VIJAYAWADA JN,687,16:30,42
17330,BZA UBL EXP,MEX,Mail/Express,Daily,BZA,VIJAYAWADA JN,UBL,SSS HUBBALLI JN,687,16:25,42
17331,MRJ-UBL UR EXP,MEX,Mail/Express,Daily,MRJ,MIRAJ JN.,UBL,SSS HUBBALLI JN,278,07:15,30
17332,UBL-MRJ UR EXP,MEX,Mail/Express,Daily,UBL,SSS HUBBALLI JN,MRJ,MIRAJ JN.,278,06:45,30
17333,MRJ-CLR UR EXP,MEX,Mail/Express,Daily,MRJ,MIRAJ JN.,CLR,CASTLE ROCK,209,05:50,22
17334,CLR-MRJ UR EXP,MEX,Mail/Express,Daily,CLR,CASTLE ROCK,MRJ,MIRAJ JN.,209,05:45,22
17347,UBL-CTA UR EXP,MEX,Mail/Express,Daily,UBL,SSS HUBBALLI JN,CTA,CHITRADURG,224,06:05,27
17348,CTA-UBL UR EXP,MEX,Mail/Express,Daily,CTA,CHITRADURG,UBL,SSS HUBBALLI JN,224,05:00,27
17363,UBL YNRK EXP,MEX,Mail/Express,Mon,UBL,SSS HUBBALLI JN,YNRK,YOG NAGARI RISHIKESH,2416,51:45,32
17364,YNRK UBL EXP,MEX,Mail/Express,Thu,YNRK,YOG NAGARI RISHIKESH,UBL,SSS HUBBALLI JN,2416,48:15,64
17377,BJP MAQ EXP,MEX,Mail/Express,Daily,BJP,VIJAYAPURA,MAQ,MANGALORE CENTRAL,787,18:45,28
17378,MAQ BJP EXPRESS,MEX,Mail/Express,Daily,MAQ,MANGALORE CENTRAL,BJP,VIJAYAPURA,787,17:45,28
17391,SBC SNNR EXP,MEX,Mail/Express,Daily,SBC,KSR BENGALURU,SNNR,SINDHANUR,680,14:40,49
17392,SNNR SBC EXP,MEX,Mail/Express,Daily,SNNR,SINDHANUR,SBC,KSR BENGALURU,681,14:10,49
17405,KRISHNA EXPRESS,MEX,Mail/Express,Daily,TPTY,TIRUPATI,ADB,ADILABAD,1152,24:35,57
17406,KRISHNA EXPRESS,MEX,Mail/Express,Daily,ADB,ADILABAD,TPTY,TIRUPATI,1150,24:35,58
17407,PAMANI EXPRESS,MEX,Mail/Express,"Tue,Thu,Sun",TPTY,TIRUPATI,MQ,MANNARGUDI,462,10:25,20
17408,PAMANI EXPRESS,MEX,Mail/Express,"Mon,Wed,Fri",MQ,MANNARGUDI,TPTY,TIRUPATI,462,10:20,20
17409,ADB-NED EXP,MEX,Mail/Express,Daily,ADB,ADILABAD,NED,NANDED,195,03:55,9
17410,NED-ADB EXP,MEX,Mail/Express,Daily,NED,NANDED,ADB,ADILABAD,196,04:00,9
17411,MAHALAXMI EXP,MEX,Mail/Express,Daily,CSMT,C SHIVAJI MAH T,KOP,KOLHAPUR,518,11:05,15
17412,MAHALAXMI EXP,MEX,Mail/Express,Daily,KOP,KOLHAPUR,CSMT,C SHIVAJI MAH T,520,10:30,17
17415,HARIPRIYA EXP,MEX,Mail/Express,Daily,TPTY,TIRUPATI,KOP,KOLHAPUR,901,19:05,29
17416,HARIPRIYA EXP,MEX,Mail/Express,Daily,KOP,KOLHAPUR,TPTY,TIRUPATI,901,20:25,29
17417,TPTY SNSI EXP,MEX,Mail/Express,Tue,TPTY,TIRUPATI,SNSI,SAINAGAR SHIRDI,1433,26:30,36
17418,SNSI TPTY EXP,MEX,Mail/Express,Wed,SNSI,SAINAGAR SHIRDI,TPTY,TIRUPATI,1433,27:15,34
17419,TPTY VSG  EXP,MEX,Mail/Express,Thu,TPTY,TIRUPATI,VSG,VASCO DA GAMA,770,18:30,23
17420,VSG TPTY EXP,MEX,Mail/Express,Fri,VSG,VASCO DA GAMA,TPTY,TIRUPATI,770,18:35,23
17421,TPTY QLN EXPRESS,MEX,Mail/Express,"Tue,Fri",TPTY,TIRUPATI,QLN,KOLLAM JN,831,15:45,19
17422,QLN TPTY EXPRESS,MEX,Mail/Express,"Wed,Sat",QLN,KOLLAM JN,TPTY,TIRUPATI,832,16:40,19
17423,TPTY CMGR EXP,MEX,Mail/Express,Thu,TPTY,TIRUPATI,CMGR,CHIKKAMAGALURU,591,13:30,20
17424,CMGR TPTY  EXP,MEX,Mail/Express,Fri,CMGR,CHIKKAMAGALURU,TPTY,TIRUPATI,592,14:20,20
17425,TPTY SNSI EXP,MEX,Mail/Express,Sun,TPTY,TIRUPATI,SNSI,SAINAGAR SHIRDI,1428,30:45,31
17426,SNSI TPTY EXP,MEX,Mail/Express,Mon,SNSI,SAINAGAR SHIRDI,TPTY,TIRUPATI,1431,29:50,31
17427,TPTY NS EXPRESS,MEX,Mail/Express,Sun,TPTY,TIRUPATI,NS,NARASAPUR,524,11:20,14
17428,NS TPTY EXPRESS,MEX,Mail/Express,Mon,NS,NARASAPUR,TPTY,TIRUPATI,525,11:50,14
17429,TPTY AK EXPRESS,MEX,Mail/Express,Fri,TPTY,TIRUPATI,AK,AKOLA JN.,1216,25:35,25
17430,AK TPTY EXPRESS,MEX,Mail/Express,Sun,AK,AKOLA JN.,TPTY,TIRUPATI,1216,22:15,25
17433,TPTY RXL EXP,MEX,Mail/Express,Mon,TPTY,TIRUPATI,RXL,RAXAUL JN,2796,56:45,44
17434,RXL TPTY EXP,MEX,Mail/Express,Thu,RXL,RAXAUL JN,TPTY,TIRUPATI,2801,54:15,44
17435,KCG-KRNT EXP,MEX,Mail/Express,Daily,KCG,KACHEGUDA,KRNT,KURNOOL CITY,235,05:30,19
17436,KRNT-KCG EXP,MEX,Mail/Express,Daily,KRNT,KURNOOL CITY,KCG,KACHEGUDA,235,05:55,35
17437,TPTY PVR EXP,MEX,Mail/Express,Sat,TPTY,TIRUPATI,PVR,PANDHARPUR,1163,27:00,28
17438,PVR TIRUPATI EXP,MEX,Mail/Express,Sun,PVR,PANDHARPUR,TPTY,TIRUPATI,1163,27:25,28
17439,CHE HUMSAFAR EXP,MEX,Mail/Express,Sun,TPTY,TIRUPATI,CHE,SRIKAKULAM ROAD,853,19:35,20
17440,HUMSAFAR EXPRES,MEX,Mail/Express,Mon,CHE,SRIKAKULAM ROAD,TPTY,TIRUPATI,853,17:10,20
17441,TPTY CHZ EXP,MEX,Mail/Express,Tue,TPTY,TIRUPATI,CHZ,CHARLAPALLI,722,16:20,15
17442,CHZ TPTY EXP,MEX,Mail/Express,Wed,CHZ,CHARLAPALLI,TPTY,TIRUPATI,722,15:00,15
17443,TPTY CHZ EXP,MEX,Mail/Express,Thu,TPTY,TIRUPATI,CHZ,CHARLAPALLI,722,15:55,15
17444,CHZ TPTY EXP,MEX,Mail/Express,Fri,CHZ,CHARLAPALLI,TPTY,TIRUPATI,722,15:10,15
17479,PURI TPTY EXP,MEX,Mail/Express,"Mon,Wed,Thu,Fri,Sun",PURI,PURI,TPTY,TIRUPATI,1232,25:35,60
17480,TPTY PURI EXP,MEX,Mail/Express,"Mon,Tue,Wed,Fri,Sat",TPTY,TIRUPATI,PURI,PURI,1230,27:50,61
17481,BSP TPTY EXP,MEX,Mail/Express,"Tue,Sat",BSP,BILASPUR JN.,TPTY,TIRUPATI,1408,28:30,60
17482,TPTY BSP EXP,MEX,Mail/Express,"Thu,Sun",TPTY,TIRUPATI,BSP,BILASPUR JN.,1407,30:20,61
17601,KCG SGNR EXP,MEX,Mail/Express,Sat,KCG,KACHEGUDA,SGNR,SHRI GANGANAGAR,2441,47:30,37
17602,SGNR KCG EXP,MEX,Mail/Express,Tue,SGNR,SHRI GANGANAGAR,KCG,KACHEGUDA,2441,48:20,37
17603,KCG YNK EXP,MEX,Mail/Express,Daily,KCG,KACHEGUDA,YNK,YELAHANKA JN.,655,12:30,16
17604,YNK KCG EXP,MEX,Mail/Express,Daily,YNK,YELAHANKA JN.,KCG,KACHEGUDA,650,12:40,16
17605,KCG BGKT EXPRESS,MEX,Mail/Express,Daily,KCG,KACHEGUDA,BGKT,BHAGAT KI KOTHI,1945,44:05,33
17606,BGKT KCG EXPRESS,MEX,Mail/Express,Daily,BGKT,BHAGAT KI KOTHI,KCG,KACHEGUDA,1945,41:15,33
17607,KCG TCNR EXP,MEX,Mail/Express,Thu,KCG,KACHEGUDA,TCNR,TIRUCHANUR,657,14:25,11
17608,TCNR KCG EXP,MEX,Mail/Express,Fri,TCNR,TIRUCHANUR,KCG,KACHEGUDA,657,17:00,11
17609,PNBE PAU EXP,MEX,Mail/Express,Sat,PNBE,PATNA JN,PAU,PURNA JN,1737,32:15,19
17610,PAU PNBE EXP,MEX,Mail/Express,Thu,PAU,PURNA JN,PNBE,PATNA JN,1737,32:50,19
17611,RAJYARANI EXP,MEX,Mail/Express,Daily,NED,NANDED,CSMT,C SHIVAJI MAH T,610,12:07,17
17612,RAJYA RANI EXP,MEX,Mail/Express,Daily,CSMT,C SHIVAJI MAH T,NED,NANDED,610,12:35,16
17613,PNVL NED EXPRESS,MEX,Mail/Express,Daily,PNVL,PANVEL,NED,NANDED,685,16:45,17
17614,NED PNVL EXP,MEX,Mail/Express,Daily,NED,NANDED,PNVL,PANVEL,685,14:15,16
17615,KCG TN EXPRESS,MEX,Mail/Express,Mon,KCG,KACHEGUDA,TN,TUTICORIN,1442,28:15,35
17616,TN KCG EXPRESS,MEX,Mail/Express,Wed,TN,TUTICORIN,KCG,KACHEGUDA,1442,29:45,35
17617,TAPOVAN EXPRESS,MEX,Mail/Express,Daily,CSMT,C SHIVAJI MAH T,NED,NANDED,609,12:30,21
17618,TAPOVAN EXPRESS,MEX,Mail/Express,Daily,NED,NANDED,CSMT,C SHIVAJI MAH T,609,12:03,21
17619,CPSN NED EXP,MEX,Mail/Express,Sun,CPSN,CHHATRAPATI SAMBHAJINAGAR,NED,NANDED,236,05:00,5
17620,NED CPSN EXP,MEX,Mail/Express,Fri,NED,NANDED,CPSN,CHHATRAPATI SAMBHAJINAGAR,236,05:00,8
17621,CPSN TPTY EXP,MEX,Mail/Express,Fri,CPSN,CHHATRAPATI SAMBHAJINAGAR,TPTY,TIRUPATI,1167,23:40,26
17622,TPTY CPSN EXP,MEX,Mail/Express,Sat,TPTY,TIRUPATI,CPSN,CHHATRAPATI SAMBHAJINAGAR,1167,23:45,26
17625,KCG RAL EXP,MEX,Mail/Express,Daily,KCG,KACHEGUDA,RAL,REPALLE,341,08:05,14
17626,RAL VKB EXP,MEX,Mail/Express,Daily,RAL,REPALLE,VKB,VIKARABAD JN,403,10:40,21
17629,HDP NANDED EXP,MEX,Mail/Express,Daily,HDP,HADAPSAR,NED,NANDED,655,12:30,13
17630,NED HDP EXP,MEX,Mail/Express,Daily,NED,NANDED,HDP,HADAPSAR,655,13:05,13
17631,NED TPU EXPRESS,MEX,Mail/Express,Sun,NED,NANDED,TPU,TANAKPUR,1654,30:15,24
17632,TPU NED EXPRESS,MEX,Mail/Express,Tue,TPU,TANAKPUR,NED,NANDED,1654,31:30,24
17633,NED TCNR EXP,MEX,Mail/Express,Sat,NED,NANDED,TCNR,TIRUCHANUR,962,19:35,19
17634,TCNR NED EXP,MEX,Mail/Express,Sun,TCNR,TIRUCHANUR,NED,NANDED,962,22:35,19
17635,NED DMM EXP,MEX,Mail/Express,Fri,NED,NANDED,DMM,DHARMAVARAM JN,1236,26:45,25
17636,DMM NED EXP,MEX,Mail/Express,Sun,DMM,DHARMAVARAM JN,NED,NANDED,1235,26:40,25
17637,J TCNR EXP,MEX,Mail/Express,Mon,J,JALNA,TCNR,TIRUCHANUR,1173,28:00,23
17638,TCNR J EXP,MEX,Mail/Express,Tue,TCNR,TIRUCHANUR,J,JALNA,1173,29:45,23
17639,KCG AK EXPRESS,MEX,Mail/Express,Mon,KCG,KACHEGUDA,AK,AKOLA JN.,516,11:20,20
17640,AK KCG EXPRESS,MEX,Mail/Express,Tue,AK,AKOLA JN.,KCG,KACHEGUDA,516,11:05,20
17641,KCG NRKR EXP,MEX,Mail/Express,"Tue,Wed,Thu,Fri,Sat,Sun",KCG,KACHEGUDA,NRKR,NARKHER,733,15:50,28
17642,NRKR KCG EXP,MEX,Mail/Express,"Mon,Wed,Thu,Fri,Sat,Sun",NRKR,NARKHER,KCG,KACHEGUDA,733,15:35,28
17643,CIRCAR EXPRESS,MEX,Mail/Express,"Tue,Wed,Fri,Sun",CGL,CHENGALPATTU JN.,COA,KAKINADA PORT,756,17:25,34
17644,CIRCAR EXPRESS,MEX,Mail/Express,"Tue,Wed,Fri,Sun",COA,KAKINADA PORT,CGL,CHENGALPATTU JN.,758,17:00,34
17645,SC RAL EXP,MEX,Mail/Express,Daily,SC,SECUNDERABAD JN,RAL,REPALLE,331,08:30,21
17646,RAL SC EXPRESS,MEX,Mail/Express,Daily,RAL,REPALLE,SC,SECUNDERABAD JN,331,08:45,22
17647,HYB PAU EXPRESS,MEX,Mail/Express,Daily,HYB,HYDERABAD,PAU,PURNA JN,435,12:00,35
17648,PAU HYB EXPRESS,MEX,Mail/Express,Daily,PAU,PURNA JN,HYB,HYDERABAD,435,11:30,35
17651,KACHEGUDA EXP,MEX,Mail/Express,"Mon,Wed,Thu,Sat",CGL,CHENGALPATTU JN.,KCG,KACHEGUDA,817,16:20,22
17652,KCG CGL EXPRESS,MEX,Mail/Express,"Mon,Tue,Thu,Sat",KCG,KACHEGUDA,CGL,CHENGALPATTU JN.,817,15:45,23
17653,KCG PDY EXPRESS,MEX,Mail/Express,"Wed,Fri,Sun",KCG,KACHEGUDA,PDY,PONDICHERRY,958,18:05,25
17654,PDY KCG EXP,MEX,Mail/Express,"Tue,Fri,Sun",PDY,PONDICHERRY,KCG,KACHEGUDA,958,19:10,25
17655,COA PDY EXPRESS,MEX,Mail/Express,"Mon,Thu,Sat",COA,KAKINADA PORT,PDY,PONDICHERRY,899,19:20,37
17656,PDY COA EXP,MEX,Mail/Express,"Mon,Thu,Sat",PDY,PONDICHERRY,COA,KAKINADA PORT,897,19:55,37
17659,SC BDCR EXP,MEX,Mail/Express,Daily,SC,SECUNDERABAD JN,BDCR,BHADRACHALAM RD,288,06:45,27
17660,BDCR SC EXP,MEX,Mail/Express,Daily,BDCR,BHADRACHALAM RD,SC,SECUNDERABAD JN,288,06:30,30
17661,KCG NSL EXP,MEX,Mail/Express,Daily,KCG,KACHEGUDA,NSL,NAGARSOL,602,16:15,81
17662,NSL KCG EXP,MEX,Mail/Express,Daily,NSL,NAGARSOL,KCG,KACHEGUDA,602,17:30,81
17663,RC J EXPRESS,MEX,Mail/Express,Daily,RC,RAICHUR,J,JALNA,734,17:40,31
17664,J RC EXPRESS,MEX,Mail/Express,Daily,J,JALNA,RC,RAICHUR,734,17:00,33
17665,NED LTT EXPRESS,MEX,Mail/Express,Mon,NED,NANDED,LTT,LOKMANYATILAK,808,16:25,14
17666,LTT NED EXP,MEX,Mail/Express,Tue,LTT,LOKMANYATILAK,NED,NANDED,808,16:35,14
17667,NED LTT EXP,MEX,Mail/Express,Wed,NED,NANDED,LTT,LOKMANYATILAK,808,15:45,13
17668,LTT NED EXPRESS,MEX,Mail/Express,Thu,LTT,LOKMANYATILAK,NED,NANDED,808,16:15,13
17683,AK-PAU,MEX,Mail/Express,Daily,AK,AKOLA JN.,PAU,PURNA JN,209,03:45,5
17684,PAU-AK,MEX,Mail/Express,Daily,PAU,PURNA JN,AK,AKOLA JN.,209,04:30,5
17687,MARATHWADA EXP,MEX,Mail/Express,Daily,MMR,MANMAD JN,DAB,DHARMABAD,421,10:05,46
17688,MARATHWADA EXP,MEX,Mail/Express,Daily,DAB,DHARMABAD,MMR,MANMAD JN,419,09:40,23
17693,KCG-RC PASS,MEX,Mail/Express,"Mon,Tue,Wed,Thu,Fri,Sun",KCG,KACHEGUDA,RC,RAICHUR,238,07:05,20
17694,RC-KCG ,MEX,Mail/Express,"Mon,Tue,Wed,Thu,Fri,Sun",RC,RAICHUR,KCG,KACHEGUDA,238,05:35,19
18003,HWH-ADRA RANI SHIROMONI ,MEX,Mail/Express,Daily,HWH,HOWRAH JN,ADRA,ADRA,284,06:10,28
18004,ADRA-HWH RANI SHIROMONI ,MEX,Mail/Express,Daily,ADRA,ADRA,HWH,HOWRAH JN,285,05:55,28
18005,SAMBALESWARI EX,MEX,Mail/Express,Daily,HWH,HOWRAH JN,JDB,JAGDALPUR,1164,24:20,40
18006,SAMALESWARI EXP,MEX,Mail/Express,Daily,JDB,JAGDALPUR,HWH,HOWRAH JN,1164,25:00,40
18007,SHM-VZR SIMLIPAL EXPRESS ,MEX,Mail/Express,"Mon,Tue,Wed",SHM,SHALIMAR,VZR,BHANJPUR,272,05:30,15
18008,VZR-SHM SIMLIPAL EXPRESS,MEX,Mail/Express,"Tue,Wed,Thu",VZR,BHANJPUR,SHM,SHALIMAR,273,07:00,30
18009,SRC AII EXPRESS,MEX,Mail/Express,Fri,SRC,SANTRAGACHI JN,AII,AJMER JN,1988,39:35,23
18010,SANTRAGACHI EXP,MEX,Mail/Express,Sun,AII,AJMER JN,SRC,SANTRAGACHI JN,1989,39:20,24
18011,HWH CKP EXP,MEX,Mail/Express,Daily,HWH,HOWRAH JN,CKP,CHAKARADHARPUR,443,11:45,40
18012,CKP HWH EXP,MEX,Mail/Express,Daily,CKP,CHAKARADHARPUR,HWH,HOWRAH JN,443,12:00,40
18013,HWH BKSC EXP,MEX,Mail/Express,Daily,ADRA,ADRA,BKSC,BOKARO STEEL CITY,83,03:00,12
18014,BKSC HWH EXP,MEX,Mail/Express,Daily,BKSC,BOKARO STEEL CITY,ADRA,ADRA,83,02:55,12
18015,SHM VZR EXP,MEX,Mail/Express,"Thu,Sat",SHM,SHALIMAR,VZR,BHANJPUR,272,05:20,15
18016,VZR SHM EXP,MEX,Mail/Express,"Mon,Sat",VZR,BHANJPUR,SHM,SHALIMAR,272,06:15,15
18017,VZR PURI EXP,MEX,Mail/Express,"Thu,Sat",VZR,BHANJPUR,PURI,PURI,338,06:40,12
18018,PURI VZR EXPRESS,MEX,Mail/Express,"Fri,Sun",PURI,PURI,VZR,BHANJPUR,338,07:00,12
18019,JGM-DHN MEMU EXP,MEX,Mail/Express,"Mon,Tue,Wed,Thu,Fri,Sun",JGM,JHARGRAM,DHN,DHANBAD JN,296,08:20,47
18020,DHN-JGM MEMU EXP,MEX,Mail/Express,"Mon,Tue,Wed,Thu,Fri,Sun",DHN,DHANBAD JN,JGM,JHARGRAM,296,08:00,47
18021,KGP KUR EXP,MEX,Mail/Express,Daily,KGP,KHARAGPUR JN,KUR,KHURDA ROAD JN,364,09:10,35
18022,KUR KGP EXP,MEX,Mail/Express,Daily,KUR,KHURDA ROAD JN,KGP,KHARAGPUR JN,364,08:00,34
18023,KGP-GOMO EXP,MEX,Mail/Express,Daily,KGP,KHARAGPUR JN,GMO,NSC BOSE J GOMO,249,08:20,40
18024,GOMO-KGP EXP,MEX,Mail/Express,Daily,GMO,NSC BOSE J GOMO,KGP,KHARAGPUR JN,250,08:10,40
18027,KGP-ASN MEMU EXP ,MEX,Mail/Express,Daily,KGP,KHARAGPUR JN,ASN,ASANSOL JN.,210,05:25,31
18028,ASN-KGP MEMU EXP ,MEX,Mail/Express,Daily,ASN,ASANSOL JN.,KGP,KHARAGPUR JN,210,05:40,31
18029,LTT SHALIMAR EXP,MEX,Mail/Express,Daily,LTT,LOKMANYATILAK,SHM,SHALIMAR,1951,39:00,72
18030,SHM LTT EXPRESS,MEX,Mail/Express,Daily,SHM,SHALIMAR,LTT,LOKMANYATILAK,1950,37:20,71
18033,HWH-GTS MEMU EXP,MEX,Mail/Express,"Mon,Tue,Wed,Thu,Fri,Sun",HWH,HOWRAH JN,GTS,GHATSILA,214,04:15,22
18034,GTS-HWH MEMU EXP,MEX,Mail/Express,"Mon,Tue,Wed,Thu,Fri,Sun",GTS,GHATSILA,HWH,HOWRAH JN,214,04:45,22
18035,KGP HTE EXP,MEX,Mail/Express,Daily,KGP,KHARAGPUR JN,HTE,HATIA,337,10:55,44
18036,HTE KGP EXP,MEX,Mail/Express,Daily,HTE,HATIA,KGP,KHARAGPUR JN,335,09:55,44
18037,KGP JJKR EXPRESS,MEX,Mail/Express,Daily,KGP,KHARAGPUR JN,JJKR,JAJPUR K ROAD,223,06:00,36
18038,JJKR  KGP  EXP ,MEX,Mail/Express,Daily,JJKR,JAJPUR K ROAD,KGP,KHARAGPUR JN,223,06:00,36
18039,SHM PURI  EXP,MEX,Mail/Express,Sun,SHM,SHALIMAR,PURI,PURI,499,08:50,11
18040,PURI SHM EXPRESS,MEX,Mail/Express,Mon,PURI,PURI,SHM,SHALIMAR,499,09:30,11
18041,SHM MAS EXP,MEX,Mail/Express,Mon,SHM,SHALIMAR,MAS,PURATCHI THALAIVAR DR. MGR CTL,1644,26:00,17
18042,MAS SHM EXPRESS,MEX,Mail/Express,Tue,MAS,PURATCHI THALAIVAR DR. MGR CTL,SHM,SHALIMAR,1644,33:15,17
18043,HWH-BHC BAGHAJATIN EXP,MEX,Mail/Express,Daily,HWH,HOWRAH JN,BHC,BHADRAKH,296,07:55,40
18044,BHC-HWH BAGHAJATIN EXP,MEX,Mail/Express,Daily,BHC,BHADRAKH,HWH,HOWRAH JN,296,07:45,40
18045,EAST COAST EXP,MEX,Mail/Express,Daily,SHM,SHALIMAR,CHZ,CHARLAPALLI,1568,30:05,56
18046,EAST COAST EXP,MEX,Mail/Express,Daily,CHZ,CHARLAPALLI,SHM,SHALIMAR,1567,30:55,57
18047,AMARAVATI EXP,MEX,Mail/Express,"Mon,Tue,Thu,Sat",SHM,SHALIMAR,VSG,VASCO DA GAMA,2111,41:00,43
18048,VSG SHM EXP,MEX,Mail/Express,"Tue,Thu,Fri,Sun",VSG,VASCO DA GAMA,SHM,SHALIMAR,2112,41:15,43
18049,SHM BMPR EXP,MEX,Mail/Express,Sat,SHM,SHALIMAR,BMPR,BADAMPAHAR,336,07:15,10
18050,BMPR SHM EXP,MEX,Mail/Express,Sun,BMPR,BADAMPAHAR,SHM,SHALIMAR,336,08:15,10
18051,BMPR ROU EXP,MEX,Mail/Express,Sun,BMPR,BADAMPAHAR,ROU,ROURKELA,252,05:50,11
18052,ROU BMPR EXP,MEX,Mail/Express,Sun,ROU,ROURKELA,BMPR,BADAMPAHAR,252,05:40,22
18063,SRC YNK  AC EXP,MEX,Mail/Express,Thu,SRC,SANTRAGACHI JN,YNK,YELAHANKA JN.,1876,35:30,27
18064,YNK SRC EXPRESS,MEX,Mail/Express,Sat,YNK,YELAHANKA JN.,SRC,SANTRAGACHI JN,1877,36:10,27
18085,KGP-RNC MEMU EXP,MEX,Mail/Express,Daily,KGP,KHARAGPUR JN,RNC,RANCHI,330,08:10,30
18086,RNC-KGP MEMU EXP ,MEX,Mail/Express,Daily,RNC,RANCHI,KGP,KHARAGPUR JN,328,08:05,60
18101,TATA JAT EXP,MEX,Mail/Express,"Wed,Fri,Sun",TATA,TATANAGAR JN,JAT,JAMMUTAVI,2070,46:05,61
18102,JAT TATA EXPRESS,MEX,Mail/Express,"Mon,Wed,Sat",JAT,JAMMUTAVI,TATA,TATANAGAR JN,2070,44:00,62
18103,JALIANWALABAG EX,MEX,Mail/Express,"Mon,Wed",TATA,TATANAGAR JN,ASR,AMRITSAR,1747,34:00,28
18104,ASR TATA EXP,MEX,Mail/Express,"Wed,Fri",ASR,AMRITSAR,TATA,TATANAGAR JN,1747,33:15,28
18105,ROU JYG EXP,MEX,Mail/Express,"Tue,Thu,Sat",ROU,ROURKELA,JYG,JAYNAGAR,773,19:00,16
18106,JYG ROU EXP,MEX,Mail/Express,"Wed,Fri,Sun",JYG,JAYNAGAR,ROU,ROURKELA,777,19:30,16
18107,INTERCITY EXP,MEX,Mail/Express,Daily,ROU,ROURKELA,JDB,JAGDALPUR,750,16:05,19
18108,JDB ROU EXPRESS,MEX,Mail/Express,Daily,JDB,JAGDALPUR,ROU,ROURKELA,750,16:40,19
18109,TATA  NITR EXP,MEX,Mail/Express,Daily,TATA,TATANAGAR JN,NITR,NETAJI SUBHASH,877,22:20,63
18110,NITR TATA EXP,MEX,Mail/Express,Daily,NITR,NETAJI SUBHASH,TATA,TATANAGAR JN,877,20:15,70
18111,TATA YPR EXP,MEX,Mail/Express,Thu,TATA,TATANAGAR JN,YPR,YESVANTPUR JN.,2432,43:55,41
18112,YPR TATA EXP,MEX,Mail/Express,Sun,YPR,YESVANTPUR JN.,TATA,TATANAGAR JN,2431,47:10,40
18113,TATA BSP EXPRESS,MEX,Mail/Express,Daily,TATA,TATANAGAR JN,BSP,BILASPUR JN.,469,11:30,42
18114,BSP TATA EXPRESS,MEX,Mail/Express,Daily,BSP,BILASPUR JN.,TATA,TATANAGAR JN,469,11:10,42
18115,GMO - CKP MEMU EXP,MEX,Mail/Express,Daily,GMO,NSC BOSE J GOMO,CKP,CHAKARADHARPUR,239,08:20,39
18116,CKP - GMO MEMU EXP ,MEX,Mail/Express,Daily,CKP,CHAKARADHARPUR,GMO,NSC BOSE J GOMO,239,08:00,39
18117,RAJYARANI EXP,MEX,Mail/Express,Daily,ROU,ROURKELA,GNPR,GUNUPUR,797,16:05,26
18118,RAJYARANI EXP,MEX,Mail/Express,Daily,GNPR,GUNUPUR,ROU,ROURKELA,797,16:45,25
18119,TATA JYG EXPRESS,MEX,Mail/Express,Fri,TATA,TATANAGAR JN,JYG,JAYNAGAR,646,16:55,18
18120,JYG TATA EXP,MEX,Mail/Express,Sat,JYG,JAYNAGAR,TATA,TATANAGAR JN,646,16:10,18
18125,ROU-PURI EXPRESS,MEX,Mail/Express,Daily,ROU,ROURKELA,PURI,PURI,528,17:25,79
18126,PURI-ROU EXPRESS,MEX,Mail/Express,Daily,PURI,PURI,ROU,ROURKELA,527,16:00,78
18175,HTE-JSG MEMU,MEX,Mail/Express,Daily,HTE,HATIA,JSG,JHARSUGUDA JN,266,08:30,33
18176,JSG-HTE MEMU EXP,MEX,Mail/Express,Daily,JSG,JHARSUGUDA JN,HTE,HATIA,266,09:40,33
18181,TATA THE EXP,MEX,Mail/Express,"Mon,Tue,Thu,Fri",TATA,TATANAGAR JN,THE,THAWE JN,718,20:35,39
18182,THE TATA EXP,MEX,Mail/Express,"Wed,Thu,Sat,Sun",THE,THAWE JN,TATA,TATANAGAR JN,718,20:50,39
18183,TATA BXR EXP,MEX,Mail/Express,Daily,TATA,TATANAGAR JN,BXR,BUXAR,615,15:00,39
18184,BXR TATA EXP,MEX,Mail/Express,Daily,BXR,BUXAR,TATA,TATANAGAR JN,615,14:30,38
18185,TATA GODDA EXP,MEX,Mail/Express,Mon,TATA,TATANAGAR JN,GODA,GODDA,652,16:25,25
18186,GODDA TATA  EXP,MEX,Mail/Express,Tue,GODA,GODDA,TATA,TATANAGAR JN,652,17:10,23
18189,TATA ERS EXP,MEX,Mail/Express,Daily,TATA,TATANAGAR JN,ERS,ERNAKULAM JN,2299,44:55,52
18190,ERS TATA EXP,MEX,Mail/Express,Daily,ERS,ERNAKULAM JN,TATA,TATANAGAR JN,2298,45:45,52
18201,DURG NTV EXP,MEX,Mail/Express,"Wed,Fri",DURG,DURG,NTV,NAUTANWA,1197,25:50,26
18202,NTV DURG EXP,MEX,Mail/Express,"Fri,Sun",NTV,NAUTANWA,DURG,DURG,1198,25:25,26
18203,BETWA EXPRESS,MEX,Mail/Express,"Tue,Sun",DURG,DURG,CNB,KANPUR CENTRAL,875,17:15,21
18204,BETWA EXPRESS,MEX,Mail/Express,"Mon,Wed",CNB,KANPUR CENTRAL,DURG,DURG,876,19:20,21
18205,DURG NTV EXP,MEX,Mail/Express,Thu,DURG,DURG,NTV,NAUTANWA,1147,25:50,27
18206,NTV DURG EXP,MEX,Mail/Express,Sat,NTV,NAUTANWA,DURG,DURG,1148,28:00,27
18207,DURG AII EXPRESS,MEX,Mail/Express,Mon,DURG,DURG,AII,AJMER JN,1392,25:25,24
18208,AII DURG EXP,MEX,Mail/Express,Tue,AII,AJMER JN,DURG,DURG,1393,26:50,24
18213,DURG AII EXP,MEX,Mail/Express,Sun,DURG,DURG,AII,AJMER JN,1392,25:25,21
18214,AII DURG EXP,MEX,Mail/Express,Mon,AII,AJMER JN,DURG,DURG,1393,26:50,21
18233,INDB BSP EXP,MEX,Mail/Express,Daily,INDB,INDORE JN,BSP,BILASPUR JN.,1013,21:40,52
18234,NARMADA EXPRESS,MEX,Mail/Express,Daily,BSP,BILASPUR JN.,INDB,INDORE JN,1013,23:20,53
18235,BPL BSP EXP PAS,MEX,Mail/Express,Daily,BPL,BHOPAL JN.,BSP,BILASPUR JN.,718,16:45,50
18236,BSP BPL PAS EXP,MEX,Mail/Express,Daily,BSP,BILASPUR JN.,BPL,BHOPAL JN.,718,18:40,50
18237,CHATTISGARH EXP,MEX,Mail/Express,Daily,KRBA,KORBA,ASR,AMRITSAR,2108,43:22,92
18238,CHHATISGARH EXP,MEX,Mail/Express,Daily,ASR,AMRITSAR,BSP,BILASPUR JN.,2017,43:00,85
18239,SHIVNATH EXPRES,MEX,Mail/Express,Daily,GAD,GEVRA ROAD,NITR,NETAJI SUBHASH,511,11:35,30
18240,SHIVNATH EXPRES,MEX,Mail/Express,Daily,NITR,NETAJI SUBHASH,KRBA,KORBA,504,09:25,21
18241,DURG ABKP EXP,MEX,Mail/Express,Daily,DURG,DURG,ABKP,AMBIKAPUR,470,10:55,21
18242,ABKP DURG EXP,MEX,Mail/Express,Daily,ABKP,AMBIKAPUR,DURG,DURG,471,11:25,21
18247,BSP REWA EXPRESS,MEX,Mail/Express,Daily,BSP,BILASPUR JN.,REWA,REWA,465,10:45,28
18248,REWA BSP EXP,MEX,Mail/Express,Daily,REWA,REWA,BSP,BILASPUR JN.,465,11:15,28
18249,HASDEO EXPRESS,MEX,Mail/Express,Daily,R,RAIPUR JN.,KRBA,KORBA,200,03:50,9
18250,HASDEO EXPRESS,MEX,Mail/Express,Daily,KRBA,KORBA,R,RAIPUR JN.,200,04:05,9
18257,BSP CHRM EXPRES,MEX,Mail/Express,Daily,BSP,BILASPUR JN.,CHRM,CHIRMIRI,237,06:20,13
18258,CHRM BSP EXPRES,MEX,Mail/Express,Daily,CHRM,CHIRMIRI,BSP,BILASPUR JN.,237,06:30,13
18261,BSP YNK EXPRESS,MEX,Mail/Express,Wed,BSP,BILASPUR JN.,YNK,YELAHANKA JN.,1589,29:00,27
18262,YNK BSP EXP,MEX,Mail/Express,Thu,YNK,YELAHANKA JN.,BSP,BILASPUR JN.,1589,30:00,27
18301,SBP RGDA EXPRES,MEX,Mail/Express,Daily,SBP,SAMBALPUR JN.,RGDA,RAYAGADA,321,06:35,21
18302,RGDA SBP EXPRESS,MEX,Mail/Express,Daily,RGDA,RAYAGADA,SBP,SAMBALPUR JN.,321,06:25,21
18303,SBP PURI INT EXP,MEX,Mail/Express,Daily,SBP,SAMBALPUR JN.,PURI,PURI,341,07:30,15
18304,PURI SBP INT EXP,MEX,Mail/Express,Daily,PURI,PURI,SBP,SAMBALPUR JN.,341,07:10,15
18309,SBP JAT EXPRESS,MEX,Mail/Express,"Mon,Tue,Thu,Sat",SBP,SAMBALPUR JN.,JAT,JAMMUTAVI,2347,52:20,71
18310,JAT SBP EXPRESS,MEX,Mail/Express,"Tue,Thu,Fri,Sun",JAT,JAMMUTAVI,SBP,SAMBALPUR JN.,2352,50:10,72
18311,SBP BOUDH EXP,MEX,Mail/Express,Sun,SBP,SAMBALPUR JN.,BOUH,BOUDH,211,05:15,11
18312,BOUDH SBP EXP,MEX,Mail/Express,Tue,BOUH,BOUDH,SBP,SAMBALPUR JN.,211,05:15,22
18313,BOUDH BBSN EXP,MEX,Mail/Express,Mon,BOUH,BOUDH,BBSN,BHUBANESWAR NEW JN,476,11:15,19
18314,BBSN-BOUH EXPRESS,MEX,Mail/Express,Mon,BBSN,BHUBANESWAR NEW JN,BOUH,BOUDH,476,11:45,19
18401,BGY PURI EXP,MEX,Mail/Express,Daily,BGY,BANGRIPOSI,PURI,PURI,371,07:30,24
18402,PURI BGY EXPRESS,MEX,Mail/Express,Daily,PURI,PURI,BGY,BANGRIPOSI,371,07:15,48
18403,BBS DHN EXPRESS,MEX,Mail/Express,Daily,BBS,BHUBANESWAR,DHN,DHANBAD JN,775,14:35,15
18404,DHN BBS EXPRESS,MEX,Mail/Express,Daily,DHN,DHANBAD JN,BBS,BHUBANESWAR,780,16:15,15
18405,PURI PNBE EXP,MEX,Mail/Express,Sat,PURI,PURI,PNBE,PATNA JN,1024,20:20,22
18406,PNBE PURI EXP,MEX,Mail/Express,Sun,PNBE,PATNA JN,PURI,PURI,1024,20:25,22
18407,PURI KORAPUT EXP,MEX,Mail/Express,"Mon,Thu,Sat",PURI,PURI,KRPU,KORAPUT JN.,835,16:30,21
18408,KORAPUT PURI EXP,MEX,Mail/Express,"Tue,Fri,Sun",KRPU,KORAPUT JN.,PURI,PURI,835,17:20,21
18409,JAGANNATH EXP,MEX,Mail/Express,Daily,SHM,SHALIMAR,PURI,PURI,499,09:40,17
18410,SRI JAGANNATH EX,MEX,Mail/Express,Daily,PURI,PURI,SHM,SHALIMAR,500,09:50,17
18413,PRDP-PURI SPECIAL,MEX,Mail/Express,Daily,PRDP,PARADEEP,PURI,PURI,173,04:25,13
18414,PURI-PRDPEXP,MEX,Mail/Express,Daily,PURI,PURI,PRDP,PARADEEP,173,04:15,13
18415,BARBIL PURI EXP,MEX,Mail/Express,Daily,BBN,BARBIL,PURI,PURI,399,11:00,30
18416,PURI BBN EXP,MEX,Mail/Express,Daily,PURI,PURI,BBN,BARBIL,399,11:35,30
18417,PURI GNPR EXPRE,MEX,Mail/Express,Daily,PURI,PURI,GNPR,GUNUPUR,380,08:45,37
18418,GNPR PURI EXP,MEX,Mail/Express,Daily,GNPR,GUNUPUR,PURI,PURI,380,10:05,37
18419,PURI JYG EXPRES,MEX,Mail/Express,Thu,PURI,PURI,JYG,JAYNAGAR,996,21:55,24
18420,JYG PURI EXP,MEX,Mail/Express,Sat,JYG,JAYNAGAR,PURI,PURI,996,21:35,24
18421,PURI SONEPUR EXP,MEX,Mail/Express,Thu,PURI,PURI,SNPU,SONEPUR,518,10:25,16
18422,SONEPUR PURI EXP,MEX,Mail/Express,Fri,SNPU,SONEPUR,PURI,PURI,519,11:40,16
18423,BBS-DSPL EXPRESS SPECIAL,MEX,Mail/Express,Daily,BBS,BHUBANESWAR,DSPL,DASPALLA,125,03:05,15
18424,DSPL-BBS EXPRESS SPECIAL,MEX,Mail/Express,Daily,DSPL,DASPALLA,BBS,BHUBANESWAR,125,03:00,15
18425,PURI DURG EXP,MEX,Mail/Express,Daily,PURI,PURI,DURG,DURG,800,16:45,30
18426,DURG PURI EXP,MEX,Mail/Express,Daily,DURG,DURG,PURI,PURI,799,17:20,30
18427,PURI ANVT EXP,MEX,Mail/Express,Sat,PURI,PURI,ANVT,ANAND VIHAR TERMINAL,1786,32:55,23
18428,ANVT PURI EXP,MEX,Mail/Express,Sun,ANVT,ANAND VIHAR TERMINAL,PURI,PURI,1786,30:35,23
18447,HIRAKHAND EXP,MEX,Mail/Express,Daily,BBS,BHUBANESWAR,JDB,JAGDALPUR,785,16:40,27
18448,HIRAKHAND EXP,MEX,Mail/Express,Daily,JDB,JAGDALPUR,BBS,BHUBANESWAR,784,16:20,27
18449,BAIDYANATH DHAM,MEX,Mail/Express,Mon,PURI,PURI,PNBE,PATNA JN,923,18:40,27
18450,B NATH DHAM EXP,MEX,Mail/Express,Wed,PNBE,PATNA JN,PURI,PURI,924,18:10,27
18451,TAPASWINI EXP,MEX,Mail/Express,Daily,HTE,HATIA,PURI,PURI,693,16:25,24
18452,TAPASWINI EXP,MEX,Mail/Express,Daily,PURI,PURI,HTE,HATIA,690,16:00,24
18463,PRASHANTHI EXP,MEX,Mail/Express,Daily,BBS,BHUBANESWAR,SBC,KSR BENGALURU,1543,30:05,47
18464,PRASHANTHI EXP,MEX,Mail/Express,Daily,SBC,KSR BENGALURU,BBS,BHUBANESWAR,1543,29:10,46
18477,UTKAL EXPRESS,MEX,Mail/Express,Daily,PURI,PURI,YNRK,YOG NAGARI RISHIKESH,2384,49:05,80
18478,KALINGAUTKAL EXP,MEX,Mail/Express,Daily,YNRK,YOG NAGARI RISHIKESH,PURI,PURI,2384,45:50,81
18501,VSKP QLN EXP,MEX,Mail/Express,Tue,VSKP,VISAKHAPATNAM,QLN,KOLLAM JN,1563,30:30,27
18502,QLN VSKP EXP,MEX,Mail/Express,Wed,QLN,KOLLAM JN,VSKP,VISAKHAPATNAM,1565,29:40,27
18503,VSKP SNSI EXP,MEX,Mail/Express,Thu,VSKP,VISAKHAPATNAM,SNSI,SAINAGAR SHIRDI,1398,26:30,24
18504,SNSI VSKP EXP,MEX,Mail/Express,Fri,SNSI,SAINAGAR SHIRDI,VSKP,VISAKHAPATNAM,1396,26:15,24
18505,VSKP TPTY EXP,MEX,Mail/Express,Wed,VSKP,VISAKHAPATNAM,TPTY,TIRUPATI,764,14:30,21
18506,TPTY VSKP EXP,MEX,Mail/Express,Thu,TPTY,TIRUPATI,VSKP,VISAKHAPATNAM,762,15:40,21
18507,VSKP TPTY EXP,MEX,Mail/Express,Mon,VSKP,VISAKHAPATNAM,TPTY,TIRUPATI,764,14:20,22
18508,TPTY VSKP EXP,MEX,Mail/Express,Tue,TPTY,TIRUPATI,VSKP,VISAKHAPATNAM,762,15:40,22
18509,VSKP SMVB EXP,MEX,Mail/Express,Sun,VSKP,VISAKHAPATNAM,SMVB,SMVT BENGALURU,1067,22:30,18
18510,SMVB VSKP EXP,MEX,Mail/Express,Mon,SMVB,SMVT BENGALURU,VSKP,VISAKHAPATNAM,1067,21:40,18
18511,INTERCITY EXP,MEX,Mail/Express,"Tue,Sat",KRPU,KORAPUT JN.,VSKP,VISAKHAPATNAM,358,07:15,11
18512,INTERCITY EXP,MEX,Mail/Express,"Mon,Fri",VSKP,VISAKHAPATNAM,KRPU,KORAPUT JN.,358,07:15,11
18515,VSKP KRDL EXP,MEX,Mail/Express,Daily,VSKP,VISAKHAPATNAM,KRDL,KIRANDUL,472,11:50,11
18516,KRDL VSKP EXP,MEX,Mail/Express,Daily,KRDL,KIRANDUL,VSKP,VISAKHAPATNAM,472,11:40,11
18517,KRBA VSKP EXP,MEX,Mail/Express,Daily,KRBA,KORBA,VSKP,VISAKHAPATNAM,734,14:35,30
18518,VSKP KRBA EXP,MEX,Mail/Express,Daily,VSKP,VISAKHAPATNAM,KRBA,KORBA,729,14:15,30
18519,VSKP LTT EXPRES,MEX,Mail/Express,Daily,VSKP,VISAKHAPATNAM,LTT,LOKMANYATILAK,1504,29:10,24
18520,LTT VSKP EXPRESS,MEX,Mail/Express,Daily,LTT,LOKMANYATILAK,VSKP,VISAKHAPATNAM,1500,27:55,24
18521,TIRUMALA EXP,MEX,Mail/Express,Daily,VSKP,VISAKHAPATNAM,GTL,GUNTAKAL JN,1055,21:30,40
18522,TIRUMALA EXP,MEX,Mail/Express,Daily,GTL,GUNTAKAL JN,VSKP,VISAKHAPATNAM,1055,22:00,43
18523,VSKP BNRS EXP,MEX,Mail/Express,"Wed,Sun",VSKP,VISAKHAPATNAM,BNRS,BANARAS,1403,29:10,45
18524,BNRS VSKP EXP,MEX,Mail/Express,"Mon,Thu",BNRS,BANARAS,VSKP,VISAKHAPATNAM,1408,28:55,45
18525,BAM VSKP EXP,MEX,Mail/Express,Daily,BAM,BRAHMAPUR,VSKP,VISAKHAPATNAM,277,05:15,14
18526,VSKP BAM EXP,MEX,Mail/Express,Daily,VSKP,VISAKHAPATNAM,BAM,BRAHMAPUR,277,05:25,14
18527,VSKP CHZ EXPRESS,MEX,Mail/Express,Fri,VSKP,VISAKHAPATNAM,CHZ,CHARLAPALLI,685,14:30,14
18528,CHZ VSKP EXP,MEX,Mail/Express,Sat,CHZ,CHARLAPALLI,VSKP,VISAKHAPATNAM,685,14:50,14
18529,DURG VSKP EXP,MEX,Mail/Express,Daily,DURG,DURG,VSKP,VISAKHAPATNAM,565,15:32,49
18530,VSKP DURG EXP,MEX,Mail/Express,Daily,VSKP,VISAKHAPATNAM,DURG,DURG,565,13:20,47
18567,VSKP QLN EXP,MEX,Mail/Express,Thu,VSKP,VISAKHAPATNAM,QLN,KOLLAM JN,1577,29:35,34
18568,QLN VSKP EXPRES,MEX,Mail/Express,Fri,QLN,KOLLAM JN,VSKP,VISAKHAPATNAM,1578,28:10,34
18573,VSKP BGKT EXP,MEX,Mail/Express,Thu,VSKP,VISAKHAPATNAM,BGKT,BHAGAT KI KOTHI,2066,38:00,37
18574,BGKT VSKP EXP,MEX,Mail/Express,Sat,BGKT,BHAGAT KI KOTHI,VSKP,VISAKHAPATNAM,2066,37:50,37
18601,TATA-HTE EXP,MEX,Mail/Express,Daily,TATA,TATANAGAR JN,HTE,HATIA,221,07:00,29
18602,HTE TATA EXP,MEX,Mail/Express,Daily,HTE,HATIA,TATA,TATANAGAR JN,218,07:15,29
18603,RNC GODA EXP,MEX,Mail/Express,"Tue,Thu,Sat",RNC,RANCHI,GODA,GODDA,609,15:30,27
18604,GODA RNC EXP,MEX,Mail/Express,"Wed,Fri,Sun",GODA,GODDA,RNC,RANCHI,611,15:55,28
18609,RNC LTT EXP,MEX,Mail/Express,Wed,RNC,RANCHI,LTT,LOKMANYATILAK,2002,34:40,29
18610,LTT RANCHI EXP,MEX,Mail/Express,Fri,LTT,LOKMANYATILAK,RNC,RANCHI,2005,38:15,28
18611,RNC BSBS EXP,MEX,Mail/Express,"Mon,Tue,Thu,Fri,Sat",RNC,RANCHI,BNRS,BANARAS,576,13:15,28
18612,BNRS RNC EXP,MEX,Mail/Express,"Tue,Wed,Fri,Sat,Sun",BNRS,BANARAS,RNC,RANCHI,579,13:30,28
18613,RNC CPU EXPRESS,MEX,Mail/Express,"Mon,Thu,Sat",RNC,RANCHI,CPU,CHOPAN,478,09:55,21
18614,CPU RNC EXPRESS,MEX,Mail/Express,"Wed,Fri,Sun",CPU,CHOPAN,RNC,RANCHI,481,11:00,21
18615,KRIYA YOGA EXP,MEX,Mail/Express,Daily,HWH,HOWRAH JN,HTE,HATIA,424,09:40,17
18616,KRIYA YOGA EXP,MEX,Mail/Express,Daily,HTE,HATIA,HWH,HOWRAH JN,421,10:00,16
18619,INTERCITY EXP,MEX,Mail/Express,Daily,RNC,RANCHI,GODA,GODDA,454,12:20,25
18620,INTERCITY EXP,MEX,Mail/Express,Daily,GODA,GODDA,RNC,RANCHI,457,12:05,24
18621,PATLIPUTRA EXP,MEX,Mail/Express,Daily,PNBE,PATNA JN,HTE,HATIA,540,14:40,45
18622,PATALIPUTRA EXP,MEX,Mail/Express,Daily,HTE,HATIA,PNBE,PATNA JN,536,15:35,45
18623,IPR HATIA EXP,MEX,Mail/Express,Daily,IPR,ISLAMPUR,HTE,HATIA,479,12:55,36
18624,HTE IPR EXP,MEX,Mail/Express,Daily,HTE,HATIA,IPR,ISLAMPUR,476,14:05,35
18625,PRNC HTE EXPRES,MEX,Mail/Express,Daily,PRNC,PURNIA COURT,HTE,HATIA,729,19:35,50
18626,HTE PRNC EXP,MEX,Mail/Express,Daily,HTE,HATIA,PRNC,PURNIA COURT,725,18:35,50
18627,INTERCITY EXP,MEX,Mail/Express,"Mon,Tue,Sun",HWH,HOWRAH JN,RNC,RANCHI,483,10:05,14
18628,INTERCITY EXP,MEX,Mail/Express,"Mon,Tue,Sun",RNC,RANCHI,HWH,HOWRAH JN,480,10:30,14
18629,RNC GKP EXPRESS,MEX,Mail/Express,Fri,RNC,RANCHI,GKP,GORAKHPUR JN,786,18:45,21
18630,GKP RNC EXP,MEX,Mail/Express,Sat,GKP,GORAKHPUR JN,RNC,RANCHI,789,18:45,21
18631,RNC CPU EXP,MEX,Mail/Express,"Wed,Fri,Sun",RNC,RANCHI,CPU,CHOPAN,385,07:50,14
18632,CPU RNC EXP,MEX,Mail/Express,"Mon,Thu,Sat",CPU,CHOPAN,RNC,RANCHI,386,07:50,14
18635,RNC SSM EXPRESS,MEX,Mail/Express,"Mon,Tue,Wed,Thu,Fri,Sat",RNC,RANCHI,SSM,SASARAM,360,08:10,16
18636,RANCHI EXPRESS,MEX,Mail/Express,"Tue,Wed,Thu,Fri,Sat,Sun",SSM,SASARAM,RNC,RANCHI,361,07:30,16
18637,HTE SMVB EXP,MEX,Mail/Express,Sat,HTE,HATIA,SMVB,SMVT BENGALURU,1879,33:50,28
18638,SMVB HTE EXP,MEX,Mail/Express,Tue,SMVB,SMVT BENGALURU,HTE,HATIA,1877,35:50,28
18639,ARA RNC EXP,MEX,Mail/Express,"Tue,Fri,Sun",ARA,ARA,RNC,RANCHI,518,11:15,12
18640,RNC ARA EXP,MEX,Mail/Express,"Mon,Thu,Sat",RNC,RANCHI,ARA,ARA,515,11:25,12
18641,HTE DURG EXP,MEX,Mail/Express,"Tue,Thu",HTE,HATIA,DURG,DURG,623,11:00,9
18642,DURG HTE EXP,MEX,Mail/Express,"Wed,Fri",DURG,DURG,HTE,HATIA,622,11:50,9
18755,SDL ABKP EXP,MEX,Mail/Express,Daily,SDL,SHAHDOL,ABKP,AMBIKAPUR,217,05:45,13
18756,ABKP SDL EXP,MEX,Mail/Express,Daily,ABKP,AMBIKAPUR,SDL,SHAHDOL,217,04:30,13
19001,VIRAR ST EXP,MEX,Mail/Express,Daily,VR,VIRAR,ST,SURAT,207,06:20,29
19002,SURAT VR EXP,MEX,Mail/Express,Daily,ST,SURAT,VR,VIRAR,207,05:55,30
19003,KHANDESH EXP,MEX,Mail/Express,"Mon,Tue,Wed,Thu,Sat,Sun",DDR,DADAR,BSL,BHUSAVAL JN,582,11:55,22
19004,KHANDESH EXP,MEX,Mail/Express,"Mon,Tue,Wed,Thu,Sat,Sun",BSL,BHUSAVAL JN,DDR,DADAR,582,11:35,22
19005,SURAT BSL EXP,MEX,Mail/Express,Daily,ST,SURAT,BSL,BHUSAVAL JN,335,08:50,31
19006,BSL SURAT EXP,MEX,Mail/Express,Daily,BSL,BHUSAVAL JN,ST,SURAT,335,09:30,31
19007,SURAT BSL EXP,MEX,Mail/Express,Daily,ST,SURAT,BSL,BHUSAVAL JN,335,08:25,28
19008,BSL SURAT EXP,MEX,Mail/Express,Daily,BSL,BHUSAVAL JN,ST,SURAT,335,10:05,28
19011,BL DHD EXPRESS,MEX,Mail/Express,Daily,BL,VALSAD,DHD,DAHOD,342,05:50,14
19012,DHD BL EXPRESS,MEX,Mail/Express,Daily,DHD,DAHOD,BL,VALSAD,342,08:10,14
19013,BSL KATNI EXP,MEX,Mail/Express,Daily,BSL,BHUSAVAL JN,KTE,KATNI,637,18:00,61
19014,KTE BSL EXP,MEX,Mail/Express,Daily,KTE,KATNI,BSL,BHUSAVAL JN,642,17:55,61
19015,SAURASHTRA EXP,MEX,Mail/Express,Daily,DDR,DADAR,PBR,PORBANDAR,948,20:05,57
19016,SAURASHTRA EXP,MEX,Mail/Express,Daily,PBR,PORBANDAR,DDR,DADAR,948,20:40,56
19017,LOK SHAKTI EXP,MEX,Mail/Express,Daily,BDTS,BANDRA TERMINUS,VDG,VADNAGAR,582,11:00,24
19018,LOK SHAKTI EXP,MEX,Mail/Express,Daily,VDG,VADNAGAR,BDTS,BANDRA TERMINUS,582,11:05,20
19019,BDTS HW EXP,MEX,Mail/Express,Daily,BDTS,BANDRA TERMINUS,HW,HARIDWAR JN,1617,31:30,76
19020,HW BDTS EXP,MEX,Mail/Express,Daily,HW,HARIDWAR JN,BDTS,BANDRA TERMINUS,1617,33:00,71
19021,BAM AMRIT BHARAT,AMTB,Amrit Bharat,Daily,UDN,UDHNA JN,BAM,BRAHMAPUR,1710,30:45,32
19022,AMRIT BHARAT EXP,AMTB,Amrit Bharat,Daily,BAM,BRAHMAPUR,UDN,UDHNA JN,1710,33:00,32
19027,JAT VIVEK EXP,MEX,Mail/Express,Sat,BDTS,BANDRA TERMINUS,JAT,JAMMUTAVI,1881,35:25,34
19028,JAT BDTS EXP,MEX,Mail/Express,Mon,JAT,JAMMUTAVI,BDTS,BANDRA TERMINUS,1881,33:15,34
19031,YOGA EXPRESS,MEX,Mail/Express,Daily,SBIB,SABARMATI BG,YNRK,YOG NAGARI RISHIKESH,1219,25:00,45
19032,YOGA EXPRESS,MEX,Mail/Express,Daily,YNRK,YOG NAGARI RISHIKESH,SBIB,SABARMATI BG,1219,24:25,45
19033,GUJARAT QUEEN,MEX,Mail/Express,Daily,BL,VALSAD,ADI,AHMEDABAD JN,298,06:30,26
19034,GUJARAT QUEEN,MEX,Mail/Express,Daily,ADI,AHMEDABAD JN,BL,VALSAD,298,06:40,26
19035,BRC - VTA INTERCITY EXP,MEX,Mail/Express,Daily,BRC,VADODARA JN,VTA,VATVA,90,02:20,9
19036,MAN - BRC INTERCITY EXP,MEX,Mail/Express,Daily,MAN,MANINAGAR,BRC,VADODARA JN,95,02:40,10
19037,AVADH EXP,MEX,Mail/Express,Daily,BDTS,BANDRA TERMINUS,BJU,BARAUNI JN,2252,49:10,87
19038,AVADH EXPRESS,MEX,Mail/Express,Daily,BJU,BARAUNI JN,BDTS,BANDRA TERMINUS,2252,44:45,87
19045,TAPTI GANGA EXP,MEX,Mail/Express,"Mon,Wed,Thu,Fri,Sun",ST,SURAT,THE,THAWE JN,1821,34:45,40
19046,TAPTI GANGA EXP,MEX,Mail/Express,"Tue,Wed,Fri,Sat,Sun",THE,THAWE JN,ST,SURAT,1821,34:25,40
19051,MFP SHRAMIK EXP,MEX,Mail/Express,Sat,BL,VALSAD,MFP,MUZAFFARPUR JN,1854,32:50,19
19052,BL SHRAMIK EXP,MEX,Mail/Express,Mon,MFP,MUZAFFARPUR JN,BL,VALSAD,1854,34:55,19
19053,ST MFP EXP,MEX,Mail/Express,Fri,ST,SURAT,MFP,MUZAFFARPUR JN,2138,44:55,29
19054,MFP ST EXPRESS,MEX,Mail/Express,Sun,MFP,MUZAFFARPUR JN,ST,SURAT,2138,44:45,29
19055,BDTS UDN EXP,MEX,Mail/Express,Daily,BDTS,BANDRA TERMINUS,UDN,UDHNA JN,248,06:05,25
19056,UDN BDTS EXPRESS,MEX,Mail/Express,Daily,UDN,UDHNA JN,BDTS,BANDRA TERMINUS,248,05:50,27
19057,SURAT MAJN EXP,MEX,Mail/Express,"Wed,Sun",ST,SURAT,MAJN,MANGALORE JUNCTION,1114,24:10,38
19058,MAJN SURAT EXP,MEX,Mail/Express,"Mon,Thu",MAJN,MANGALORE JUNCTION,ST,SURAT,1114,25:15,38
19091,GKP HUMSAFAR EX,MEX,Mail/Express,Mon,BDTS,BANDRA TERMINUS,GKP,GORAKHPUR JN,1974,37:05,25
19092,BDTS HUMSAFAR,MEX,Mail/Express,Tue,GKP,GORAKHPUR JN,BDTS,BANDRA TERMINUS,1974,35:10,25
19101,VIRAR - BH EXPRESS,MEX,Mail/Express,Daily,VR,VIRAR,BH,BHARUCH JN,266,06:35,41
19102,ST - VR EXPRESS,MEX,Mail/Express,Daily,ST,SURAT,VR,VIRAR,207,05:37,32
19103,RTM-KOTA MEMU EXP,MEX,Mail/Express,Daily,RTM,RATLAM JN,KOTA,KOTA JN,266,06:20,30
19104,KOTA-RTM MEMU EXP,MEX,Mail/Express,Daily,KOTA,KOTA JN,RTM,RATLAM JN,266,07:15,30
19105,UDN PLD EXPRESS,MEX,Mail/Express,Daily,UDN,UDHNA JN,BSL,BHUSAVAL JN,331,09:05,36
19106,BSL - UDN EXPRESS,MEX,Mail/Express,Daily,BSL,BHUSAVAL JN,UDN,UDHNA JN,331,09:00,36
19107,JANMABHOOMI EXP,MEX,Mail/Express,Sun,BVC,BHAVNAGAR TERMINUS,MCTM,MARTYR CAPTAIN TUSHAR MAHAJAN,1843,34:35,29
19108,BHAVNAGAR EXP,MEX,Mail/Express,Mon,MCTM,MARTYR CAPTAIN TUSHAR MAHAJAN,BVC,BHAVNAGAR TERMINUS,1843,35:35,29
19109,KOTA -  DEEG  EXPRESS,MEX,Mail/Express,Daily,KOTA,KOTA JN,DEEG,DEEG,365,10:05,48
19110,AWR - KOTA EXPRESS,MEX,Mail/Express,Daily,AWR,ALWAR JUNCTION,KOTA,KOTA JN,447,12:20,57
19119,GNC SMNH IC EXP,MEX,Mail/Express,Daily,GNC,GANDHINAGAR CAPITAL,VRL,VERAVAL,442,09:10,18
19120,SMNH ADI IC EXP,MEX,Mail/Express,Daily,VRL,VERAVAL,GNC,GANDHINAGAR CAPITAL,442,08:30,18
19165,SABARMATI EXP,MEX,Mail/Express,"Wed,Fri,Sun",ADI,AHMEDABAD JN,DBG,DARBHANGA JN,1930,44:15,65
19166,SABARMATI EXP,MEX,Mail/Express,"Mon,Wed,Sat",DBG,DARBHANGA JN,ADI,AHMEDABAD JN,1930,44:35,65
19167,SABARMATI EXP,MEX,Mail/Express,"Mon,Tue,Thu,Sat",ADI,AHMEDABAD JN,BCY,VARANASI CITY,1589,34:50,53
19168,SABARMATI EXP,MEX,Mail/Express,"Tue,Thu,Fri,Sun",BCY,VARANASI CITY,ADI,AHMEDABAD JN,1589,34:55,53
19201,BVC AYC EXPRESS,MEX,Mail/Express,Mon,BVC,BHAVNAGAR TERMINUS,AYC,AYODHYA CANTT,1551,28:40,26
19202,AYC BVC EXPRESS,MEX,Mail/Express,Tue,AYC,AYODHYA CANTT,BVC,BHAVNAGAR TERMINUS,1551,29:55,26
19203,BDTS VRL EXP,MEX,Mail/Express,Sat,BDTS,BANDRA TERMINUS,VRL,VERAVAL,940,17:50,25
19204,VRL BDTS EXP,MEX,Mail/Express,Fri,VRL,VERAVAL,BDTS,BANDRA TERMINUS,940,20:50,25
19205,BVC - MHV EXPRESS,MEX,Mail/Express,Daily,BVP,BHAVANAGAR PARA,MHV,MAHUVA JN,199,04:55,24
19206,MHV - BVC EXPRESS,MEX,Mail/Express,Daily,MHV,MAHUVA JN,BVP,BHAVANAGAR PARA,199,04:50,24
19207,PBR-RJT EXPRESS,MEX,Mail/Express,Daily,PBR,PORBANDAR,RJT,RAJKOT,201,04:35,18
19208,RJT-PBR  EXPRESS,MEX,Mail/Express,Daily,RJT,RAJKOT,PBR,PORBANDAR,201,05:15,18
19209,BVC OKHA EXP,MEX,Mail/Express,Daily,BVC,BHAVNAGAR TERMINUS,OKHA,OKHA,540,13:00,40
19210,OKHA BVC EXP,MEX,Mail/Express,Daily,OKHA,OKHA,BVC,BHAVNAGAR TERMINUS,540,14:20,41
19217,SAURASHTRA JANTA,MEX,Mail/Express,Daily,BDTS,BANDRA TERMINUS,VRL,VERAVAL,911,17:15,35
19218,SAURASHTRA JANTA,MEX,Mail/Express,Daily,VRL,VERAVAL,BDTS,BANDRA TERMINUS,911,18:00,78
19223,SBIB JAT EXP,MEX,Mail/Express,Daily,SBIB,SABARMATI BG,JAT,JAMMUTAVI,1488,32:15,52
19224,JAT SBIB EXP,MEX,Mail/Express,Daily,JAT,JAMMUTAVI,SBIB,SABARMATI BG,1489,32:00,54
19251,SMNH OKHA EXP,MEX,Mail/Express,Daily,VRL,VERAVAL,OKHA,OKHA,437,09:10,17
19252,OKHA SMNH EXP,MEX,Mail/Express,Daily,OKHA,OKHA,VRL,VERAVAL,437,09:00,17
19255,SURAT MAHUVA EX,MEX,Mail/Express,"Mon,Tue,Thu,Sat,Sun",ST,SURAT,MHV,MAHUVA JN,631,12:10,16
19256,MAHUVA SURAT EX,MEX,Mail/Express,"Mon,Tue,Wed,Fri,Sun",MHV,MAHUVA JN,ST,SURAT,631,13:05,16
19259,TVCN BVC EXPRESS,MEX,Mail/Express,Thu,TVCN,THIRUVANANTHAPURAM NORTH,BVC,BHAVNAGAR TERMINUS,2266,44:40,42
19260,BVC TVCN EXP,MEX,Mail/Express,Tue,BVC,BHAVNAGAR TERMINUS,TVCN,THIRUVANANTHAPURAM NORTH,2266,44:55,42
19269,PBR MFP EXPRESS,MEX,Mail/Express,"Thu,Fri",PBR,PORBANDAR,MFP,MUZAFFARPUR JN,2444,47:45,39
19270,PBR EXPRESS,MEX,Mail/Express,"Mon,Sun",MFP,MUZAFFARPUR JN,PBR,PORBANDAR,2444,46:20,39
19271,BVC HW EXPRESS,MEX,Mail/Express,"Mon,Thu",BVC,BHAVNAGAR TERMINUS,HW,HARIDWAR JN,1575,31:20,38
19272,HW BVC EXPRESS,MEX,Mail/Express,"Wed,Sat",HW,HARIDWAR JN,BVC,BHAVNAGAR TERMINUS,1575,30:50,38
19301,DADN YPR EXP,MEX,Mail/Express,Sun,DADN,DR. AMBEDKAR NAGAR,YPR,YESVANTPUR JN.,1929,39:25,32
19302,YPR DADN EXP,MEX,Mail/Express,Tue,YPR,YESVANTPUR JN.,DADN,DR. AMBEDKAR NAGAR,1929,39:20,33
19303,INDB BHOPAL  EXP,MEX,Mail/Express,Daily,INDB,INDORE JN,BPL,BHOPAL JN.,268,05:55,14
19304,BPL INDB EXPRESS,MEX,Mail/Express,Daily,BPL,BHOPAL JN.,INDB,INDORE JN,268,05:35,14
19305,DADN KYQ EXP,MEX,Mail/Express,Thu,DADN,DR. AMBEDKAR NAGAR,KYQ,KAMAKHYA,2326,47:05,38
19306,KYQ DADN EXP,MEX,Mail/Express,Sun,KYQ,KAMAKHYA,DADN,DR. AMBEDKAR NAGAR,2326,48:45,38
19307,INDB UHL EXP,MEX,Mail/Express,"Thu,Fri",INDB,INDORE JN,UHL,UNA HIMACHAL,1325,27:05,28
19308,UHL - INDB  EXPRESS,MEX,Mail/Express,"Fri,Sat",UHL,UNA HIMACHAL,INDB,INDORE JN,1326,25:10,27
19309,SHANTI EXPRESS,MEX,Mail/Express,Daily,GNC,GANDHINAGAR CAPITAL,INDB,INDORE JN,558,11:45,19
19310,SHANTI EXP,MEX,Mail/Express,Daily,INDB,INDORE JN,GNC,GANDHINAGAR CAPITAL,558,10:45,19
19313,INDB PNBE EXP,MEX,Mail/Express,"Mon,Wed",INDB,INDORE JN,PNBE,PATNA JN,1357,25:05,18
19314,INDORE EXPRESS,MEX,Mail/Express,"Wed,Fri",PNBE,PATNA JN,INDB,INDORE JN,1357,27:00,18
19315,VIRBHUMI EXP,MEX,Mail/Express,Daily,INDB,INDORE JN,ASV,ASARVA JN,779,16:20,33
19316,VIRBHUMI EXP,MEX,Mail/Express,Daily,ASV,ASARVA JN,INDB,INDORE JN,779,16:50,33
19319,VRL INDB MAHMANA,MEX,Mail/Express,Wed,VRL,VERAVAL,INDB,INDORE JN,936,18:45,12
19320,INDB VRL MAHMANA,MEX,Mail/Express,Tue,INDB,INDORE JN,VRL,VERAVAL,936,18:05,12
19321,INDB PNBE EXP,MEX,Mail/Express,Sat,INDB,INDORE JN,PNBE,PATNA JN,1398,26:00,16
19322,PNBE INDB EXP,MEX,Mail/Express,Mon,PNBE,PATNA JN,INDB,INDORE JN,1398,27:00,16
19323,BPL INTERCITY,MEX,Mail/Express,Daily,DADN,DR. AMBEDKAR NAGAR,BPL,BHOPAL JN.,244,04:30,10
19324,DADN INTERCITY,MEX,Mail/Express,Daily,BPL,BHOPAL JN.,DADN,DR. AMBEDKAR NAGAR,244,04:55,10
19325,INDB AMRITSAR EX,MEX,Mail/Express,"Tue,Fri",INDB,INDORE JN,ASR,AMRITSAR,1343,25:50,26
19326,ASR INDB EXP,MEX,Mail/Express,"Thu,Sun",ASR,AMRITSAR,INDB,INDORE JN,1344,23:05,25
19327,RTM-UDZ EXPRESS,MEX,Mail/Express,Daily,RTM,RATLAM JN,UDZ,UDAIPUR CITY,303,06:25,16
19328,COR-RTM ,MEX,Mail/Express,Daily,UDZ,UDAIPUR CITY,RTM,RATLAM JN,303,06:15,16
19333,BKN MAHAMANA EX,MEX,Mail/Express,Sat,INDB,INDORE JN,BKN,BIKANER JN,960,19:00,21
19334,INDB MAHMNA EXP,MEX,Mail/Express,Sun,BKN,BIKANER JN,INDB,INDORE JN,960,19:00,21
19337,INDB DEE EXP,MEX,Mail/Express,Sun,INDB,INDORE JN,DEE,DELHI SARAI ROHILLA,930,16:40,15
19338,DEE INDB EXP,MEX,Mail/Express,Mon,DEE,DELHI SARAI ROHILLA,INDB,INDORE JN,930,17:30,15
19339,DHD BPL EXP,MEX,Mail/Express,Daily,DHD,DAHOD,BPL,BHOPAL JN.,396,10:30,47
19340,BHOPAL DAHOD EX,MEX,Mail/Express,Daily,BPL,BHOPAL JN.,DHD,DAHOD,396,10:55,47
19341,NAGDA BINA  EXPRESS,MEX,Mail/Express,Daily,NAD,NAGDA JN,BINA,BINA JN,428,10:30,43
19342,BINA -NAGDA EXPRESS,MEX,Mail/Express,Daily,BINA,BINA JN,NAD,NAGDA JN,428,10:10,43
19343,PANCHVALLEY EXP,MEX,Mail/Express,Daily,INDB,INDORE JN,NIR,NAINPUR JN,698,17:15,36
19344,PANCHVALLEY  EXP,MEX,Mail/Express,Daily,NIR,NAINPUR JN,INDB,INDORE JN,698,17:45,36
19345,RTM - BHL EXPRESS,MEX,Mail/Express,Daily,RTM,RATLAM JN,BHL,BHILWARA,243,05:55,23
19346,BHL - RTM EXPRESS,MEX,Mail/Express,Daily,BHL,BHILWARA,RTM,RATLAM JN,243,05:30,23
19401,SBIB LUCKNOW EX,MEX,Mail/Express,Mon,SBIB,SABARMATI BG,LKO,LUCKNOW JN.,1293,24:20,26
19402,LKO ADI EXPRESS,MEX,Mail/Express,Tue,LKO,LUCKNOW JN.,SBIB,SABARMATI BG,1293,24:15,26
19403,BHUJ DLI EXP,MEX,Mail/Express,Daily,BHUJ,BHUJ,DLI,DELHI JN.,1238,24:30,24
19404,DLI BHUJ EXPRESS,MEX,Mail/Express,Daily,DLI,DELHI JN.,BHUJ,BHUJ,1238,26:55,24
19405,PNU GIMB EXP,MEX,Mail/Express,Daily,PNU,PALANPUR JN,GIMB,GANDHIDHAM BG,301,06:55,33
19406,GIMB PNU EXP,MEX,Mail/Express,Daily,GIMB,GANDHIDHAM BG,PNU,PALANPUR JN,301,06:40,33
19407,SBIB LGH EXP,MEX,Mail/Express,Daily,SBIB,SABARMATI BG,LGH,LALGARH JN,738,14:15,19
19408,LGH SBIB EXP,MEX,Mail/Express,Daily,LGH,LALGARH JN,SBIB,SABARMATI BG,738,14:25,19
19409,SBIB THAWE EXP,MEX,Mail/Express,"Thu,Sat",SBIB,SABARMATI BG,GKP,GORAKHPUR JN,1563,30:10,30
19410,GKP ADI EXP,MEX,Mail/Express,"Mon,Sat",GKP,GORAKHPUR JN,SBIB,SABARMATI BG,1563,29:00,30
19411,GNC DLPC EXP,MEX,Mail/Express,Daily,GNC,GANDHINAGAR CAPITAL,DLPC,DAULATPUR CHAUK,1373,26:20,45
19412,DLPC GNC EXP,MEX,Mail/Express,Daily,DLPC,DAULATPUR CHAUK,GNC,GANDHINAGAR CAPITAL,1373,24:40,45
19413,ADI KOLKATA EXP,MEX,Mail/Express,Wed,ADI,AHMEDABAD JN,KOAA,KOLKATTA TERMINAL,2094,42:10,29
19414,KOAA ADI EXP,MEX,Mail/Express,Sat,KOAA,KOLKATTA TERMINAL,ADI,AHMEDABAD JN,2094,42:15,29
19415,SBIB SVDK EXP,MEX,Mail/Express,Sun,SBIB,SABARMATI BG,SVDK,SHRI MATA VAISHNO DEVI KATRA,1712,33:00,34
19416,SVDK SBIB EXP,MEX,Mail/Express,Tue,SVDK,SHRI MATA VAISHNO DEVI KATRA,SBIB,SABARMATI BG,1712,34:30,34
19417,MMCT ADI EXPRESS,MEX,Mail/Express,Daily,BVI,BORIVALI,VTA,VATVA,454,13:05,48
19418,ADI MMCT EXP,MEX,Mail/Express,Daily,ADI,AHMEDABAD JN,BVI,BORIVALI,462,14:35,57
19419,ADI - TPJ JN EXPRESS,MEX,Mail/Express,Thu,ADI,AHMEDABAD JN,TPJ,TIRUCHCHIRAPPALLI JN.,2121,42:15,34
19420,TPJ JN - ADI EXPRESS,MEX,Mail/Express,Sun,TPJ,TIRUCHCHIRAPPALLI JN.,ADI,AHMEDABAD JN,2121,39:30,34
19421,ADI PNBE EXP,MEX,Mail/Express,Sun,ADI,AHMEDABAD JN,PNBE,PATNA JN,1653,30:20,29
19422,PNBE ADI EXP,MEX,Mail/Express,Tue,PNBE,PATNA JN,ADI,AHMEDABAD JN,1653,31:30,29
19423,BGP AMRIT BHARAT,AMTB,Amrit Bharat,Wed,ADI,AHMEDABAD JN,BGP,BHAGALPUR,1973,36:10,29
19424,AMRIT BHARAT EXP,AMTB,Amrit Bharat,Fri,BGP,BHAGALPUR,ADI,AHMEDABAD JN,1973,36:40,29
19425,MMCT NDB EXP,MEX,Mail/Express,Daily,BVI,BORIVALI,NDB,NANDURBAR,383,10:35,44
19426,NDB MMCT EXPRESS,MEX,Mail/Express,Daily,NDB,NANDURBAR,BVI,BORIVALI,383,10:05,46
19435,ADI ASN EXP,MEX,Mail/Express,Thu,ADI,AHMEDABAD JN,ASN,ASANSOL JN.,2316,44:10,30
19436,ASN ADI EXPRESS,MEX,Mail/Express,Sat,ASN,ASANSOL JN.,ADI,AHMEDABAD JN,2316,40:25,30
19483,ADI SHC EXP,MEX,Mail/Express,"Mon,Tue,Wed,Fri,Sat,Sun",ADI,AHMEDABAD JN,SHC,SAHARSA JN,2267,46:25,36
19484,SHC ADI EXP,MEX,Mail/Express,"Mon,Tue,Wed,Thu,Fri,Sun",SHC,SAHARSA JN,ADI,AHMEDABAD JN,2267,43:20,36
19489,ADI GKP EXP,MEX,Mail/Express,"Tue,Wed,Thu,Fri,Sat,Sun",ADI,AHMEDABAD JN,GKP,GORAKHPUR JN,1682,33:05,22
19490,GKP ADI EXPRESS,MEX,Mail/Express,"Mon,Wed,Thu,Fri,Sat,Sun",GKP,GORAKHPUR JN,ADI,AHMEDABAD JN,1682,30:45,22
19525,HAPA - NAHARLAGUN EXPRESS,MEX,Mail/Express,Wed,HAPA,HAPA,NHLN,NAHARLAGUN,3198,63:20,49
19526,NAHARLAGUN - HAPA EXPRESS,MEX,Mail/Express,Sat,NHLN,NAHARLAGUN,HAPA,HAPA,3199,62:35,49
19559,TPTY OKHA EXP,MEX,Mail/Express,Thu,TPTY,TIRUPATI,OKHA,OKHA,2349,51:35,39
19560,OKHA TPTY EXP,MEX,Mail/Express,Mon,OKHA,OKHA,TPTY,TIRUPATI,2349,46:55,39
19565,OKHA DDN EXP,MEX,Mail/Express,Fri,OKHA,OKHA,DDN,DEHRADOON,1667,33:00,35
19566,UTTARANCHAL EXP,MEX,Mail/Express,Sun,DDN,DEHRADOON,OKHA,OKHA,1667,30:45,35
19567,VIVEK EXPRESS,MEX,Mail/Express,Sun,TN,TUTICORIN,OKHA,OKHA,2725,51:55,42
19568,VIVEK EXPRESS,MEX,Mail/Express,Fri,OKHA,OKHA,TN,TUTICORIN,2723,48:20,42
19571,RJT-PBR EXP,MEX,Mail/Express,Daily,RJT,RAJKOT,PBR,PORBANDAR,201,04:30,18
19572,PBR-RJT  EXPRESS,MEX,Mail/Express,Daily,PBR,PORBANDAR,RJT,RAJKOT,201,05:00,18
19575,OKHA  NDT EXP,MEX,Mail/Express,Wed,OKHA,OKHA,NDT,NATHDWARA,1120,22:05,20
19576,NDT OKHA EXP,MEX,Mail/Express,Thu,NDT,NATHDWARA,OKHA,OKHA,1120,22:45,20
19577,TEN JAM EXPRESS,MEX,Mail/Express,"Mon,Tue",TEN,TIRUNELVELI JN,JAM,JAMNAGAR,2436,47:15,34
19578,JAM TEN EXP,MEX,Mail/Express,"Fri,Sat",JAM,JAMNAGAR,TEN,TIRUNELVELI JN,2436,48:40,34
19601,UDZ NJP EXP,MEX,Mail/Express,Sat,UDZ,UDAIPUR CITY,NJP,NEW JALPAIGURI,2233,41:55,30
19602,NJP UDZ EXPRESS,MEX,Mail/Express,Mon,NJP,NEW JALPAIGURI,UDZ,UDAIPUR CITY,2232,43:30,31
19603,DOZ GODA EXP,MEX,Mail/Express,Sun,DOZ,DAURAI,GODA,GODDA,1683,30:30,36
19604,GODA  DOZ EXP,MEX,Mail/Express,Tue,GODA,GODDA,DOZ,DAURAI,1683,36:20,36
19605,MDJN - UDZ EXP,MEX,Mail/Express,Daily,MDJN,MADAR JN,UDZ,UDAIPUR CITY,306,09:45,39
19606,UDZ-MDJN EXP,MEX,Mail/Express,Daily,UDZ,UDAIPUR CITY,MDJN,MADAR JN,306,07:55,39
19607,KOAA MDJN EXP,MEX,Mail/Express,Thu,KOAA,KOLKATTA TERMINAL,MDJN,MADAR JN,1984,41:35,33
19608,MDJN KOAA EXP,MEX,Mail/Express,Mon,MDJN,MADAR JN,KOAA,KOLKATTA TERMINAL,1984,41:25,33
19609,UDZ YNRK EXP,MEX,Mail/Express,"Mon,Thu,Sat",UDZ,UDAIPUR CITY,YNRK,YOG NAGARI RISHIKESH,995,20:30,38
19610,UDAIPUR EXPRESS,MEX,Mail/Express,"Tue,Fri,Sun",YNRK,YOG NAGARI RISHIKESH,UDZ,UDAIPUR CITY,995,21:35,38
19611,AII ASR EXP,MEX,Mail/Express,"Thu,Sat",AII,AJMER JN,ASR,AMRITSAR,1006,20:50,62
19612,ASR AII EXPRESS,MEX,Mail/Express,"Tue,Thu",ASR,AMRITSAR,AII,AJMER JN,1006,19:35,31
19613,AII ASR EXP,MEX,Mail/Express,"Mon,Wed",AII,AJMER JN,ASR,AMRITSAR,847,16:40,25
19614,ASR AII EXP,MEX,Mail/Express,"Fri,Sun",ASR,AMRITSAR,AII,AJMER JN,846,15:15,25
19615,KAVI GURU EXP,MEX,Mail/Express,Mon,UDZ,UDAIPUR CITY,KYQ,KAMAKHYA,2618,56:15,45
19616,KAVI GURU EXP,MEX,Mail/Express,Thu,KYQ,KAMAKHYA,UDZ,UDAIPUR CITY,2618,54:48,45
19617,MDJN-RE M EXP,MEX,Mail/Express,Daily,MDJN,MADAR JN,RE,REWARI JN.,289,06:40,31
19618,RE-MDJN EXP,MEX,Mail/Express,Daily,RE,REWARI JN.,MDJN,MADAR JN,289,07:15,32
19619,FL-RE EXP,MEX,Mail/Express,Daily,FL,PHULERA,RE,REWARI JN.,215,05:00,28
19620,RE-FL PAS SPL,MEX,Mail/Express,Daily,RE,REWARI JN.,FL,PHULERA,215,05:05,28
19621,FL-RE EXP,MEX,Mail/Express,Daily,FL,PHULERA,RE,REWARI JN.,215,04:55,26
19622,RE-FL EXP,MEX,Mail/Express,Daily,RE,REWARI JN.,FL,PHULERA,215,05:05,27
19623,AMRIT BHARAT EXP,AMTB,Amrit Bharat,Fri,MDJN,MADAR JN,DBG,DARBHANGA JN,1319,27:30,32
19624,AMRIT BHARAT EXP,AMTB,Amrit Bharat,Sun,DBG,DARBHANGA JN,MDJN,MADAR JN,1315,33:10,32
19625,AII BDTS EXPRESS,MEX,Mail/Express,Sun,DOZ,DAURAI,BDTS,BANDRA TERMINUS,1284,22:15,16
19626,BDTS DOZ EXP,MEX,Mail/Express,Mon,BDTS,BANDRA TERMINUS,DOZ,DAURAI,1284,25:05,16
19665,KURJ UDZ EXP,MEX,Mail/Express,Daily,KURJ,KHAJURAHO,UDZ,UDAIPUR CITY,1094,21:30,70
19666,UDZ KURJ EXP,MEX,Mail/Express,Daily,UDZ,UDAIPUR CITY,KURJ,KHAJURAHO,1094,21:15,35
19667,MYS HUMSAFAR EXP,MEX,Mail/Express,Mon,UDZ,UDAIPUR CITY,MYS,MYSORE JN,2256,42:10,19
19668,UDZ HUMSAFAR EXP,MEX,Mail/Express,Thu,MYS,MYSORE JN,UDZ,UDAIPUR CITY,2255,41:05,19
19669,PPTA HUMSAFAR,MEX,Mail/Express,Wed,UDZ,UDAIPUR CITY,PPTA,PATLIPUTRA,1563,31:25,22
19670,HUMSAFAR EXPRESS,MEX,Mail/Express,Fri,PPTA,PATLIPUTRA,UDZ,UDAIPUR CITY,1563,32:00,22
19701,SAINIK EXPRESS,MEX,Mail/Express,Daily,JP,JAIPUR JN.,DEC,DELHI CANTT,389,08:30,23
19702,SAINIK EXPRESS,MEX,Mail/Express,Daily,DEC,DELHI CANTT,JP,JAIPUR JN.,389,08:23,22
19711,JP BPL EXPRESS,MEX,Mail/Express,Daily,KWP,KHATIPURA,BPL,BHOPAL JN.,805,17:45,38
19712,BPL JP EXP,MEX,Mail/Express,Daily,BPL,BHOPAL JN.,KWP,KHATIPURA,805,18:05,38
19713,JP KRNT EXP,MEX,Mail/Express,Sat,JP,JAIPUR JN.,KRNT,KURNOOL CITY,1976,36:35,37
19714,KRNT JP EXP,MEX,Mail/Express,Mon,KRNT,KURNOOL CITY,JP,JAIPUR JN.,1976,38:25,36
19715,JP GTNR EXP,MEX,Mail/Express,"Tue,Fri,Sun",JP,JAIPUR JN.,GTNR,GOMTI NAGAR,692,14:30,21
19716,GTNR JP EXP,MEX,Mail/Express,"Mon,Wed,Sat",GTNR,GOMTI NAGAR,JP,JAIPUR JN.,692,14:35,21
19719,JP-SOG EXP,MEX,Mail/Express,Daily,JP,JAIPUR JN.,SOG,SURATGARH JN,560,13:10,55
19720,SOG-JP EXP,MEX,Mail/Express,Daily,SOG,SURATGARH JN,JP,JAIPUR JN.,561,13:00,55
19721,JP BXN EXP,MEX,Mail/Express,Daily,JP,JAIPUR JN.,BTE,BHARATPUR JN,314,06:40,24
19722,BXN JP EXP,MEX,Mail/Express,Daily,BTE,BHARATPUR JN,JP,JAIPUR JN.,314,06:45,24
19723,JP BDTS EXP,MEX,Mail/Express,Wed,JP,JAIPUR JN.,BDTS,BANDRA TERMINUS,1148,20:50,16
19724,BDTS JP EXP,MEX,Mail/Express,Thu,BDTS,BANDRA TERMINUS,JP,JAIPUR JN.,1148,22:10,16
19725,DBG AMRIT BHARAT,AMTB,Amrit Bharat,"Mon,Tue,Wed,Thu,Sat,Sun",KWP,KHATIPURA,DBG,DARBHANGA JN,1171,26:25,25
19726,AMRIT BHARAT EXP,AMTB,Amrit Bharat,"Mon,Tue,Wed,Thu,Fri,Sat",DBG,DARBHANGA JN,KWP,KHATIPURA,1171,28:10,50
19735,JP MJ EXP ,MEX,Mail/Express,Daily,JP,JAIPUR JN.,MJ,MARWAR JN,274,07:45,33
19736,MJ-JP EXP ,MEX,Mail/Express,Daily,MJ,MARWAR JN,JP,JAIPUR JN.,274,08:05,34
19801,SGAC DNR EXP,MEX,Mail/Express,Mon,SGAC,SOGARIYA,DNR,DANAPUR,1166,21:15,16
19802,DNR SGAC EXP,MEX,Mail/Express,Tue,DNR,DANAPUR,SGAC,SOGARIYA,1166,22:15,16
19803,KOTA SVDK EXP,MEX,Mail/Express,Sat,KOTA,KOTA JN,SVDK,SHRI MATA VAISHNO DEVI KATRA,1135,21:00,28
19804,KOTA EXPRESS,MEX,Mail/Express,Sun,SVDK,SHRI MATA VAISHNO DEVI KATRA,KOTA,KOTA JN,1135,22:20,28
19807,KOTA SIRSA EXP,MEX,Mail/Express,"Tue,Wed,Fri,Sun",KOTA,KOTA JN,SSA,SIRSA,670,13:35,28
19808,SSA KOTA EXP,MEX,Mail/Express,"Mon,Wed,Thu,Sat",SSA,SIRSA,KOTA,KOTA JN,670,13:05,56
19811,KOTA ETW EXP,MEX,Mail/Express,Daily,KOTA,KOTA JN,ETW,ETAWAH JN,531,12:25,30
19812,ETW KOTA EXP,MEX,Mail/Express,Daily,ETW,ETAWAH JN,KOTA,KOTA JN,531,14:25,31
19813,KOTA SIRSA EXP,MEX,Mail/Express,"Mon,Thu,Sat",KOTA,KOTA JN,SSA,SIRSA,646,13:35,26
19814,SSA KOTA EXP,MEX,Mail/Express,"Tue,Fri,Sun",SSA,SIRSA,KOTA,KOTA JN,646,13:05,26
19815,MDS KOTA EXP,MEX,Mail/Express,Daily,MDS,MANDASOR,KOTA,KOTA JN,274,05:10,11
19816,KOTA MDS EXP,MEX,Mail/Express,Daily,KOTA,KOTA JN,MDS,MANDASOR,274,05:15,11
19817,RTM AF EXPRESS,MEX,Mail/Express,Daily,RTM,RATLAM JN,AF,AGRA FORT,691,19:40,65
19818,JAB RTM EXP,MEX,Mail/Express,Daily,JAB,YAMUNA BRIDGE,RTM,RATLAM JN,693,19:15,66
19819,BRC-KOTA EXPRESS,MEX,Mail/Express,Daily,BRC,VADODARA JN,KOTA,KOTA JN,524,14:15,57
19820,KOTA-BRC EXPRESS,MEX,Mail/Express,Daily,KOTA,KOTA JN,BRC,VADODARA JN,524,15:35,55
19821,ASV KOTA EXPRESS,MEX,Mail/Express,"Wed,Sat",ASV,ASARVA JN,KOTA,KOTA JN,578,11:55,21
19822,KOTA ASV EXP,MEX,Mail/Express,"Tue,Fri",KOTA,KOTA JN,ASV,ASARVA JN,578,10:50,21
20101,SC VANDE BHARAT,VNDB,Vande Bharat,"Mon,Wed,Thu,Fri,Sat,Sun",NGP,NAGPUR JN.,SC,SECUNDERABAD JN,579,07:15,9
20102,NGP VANDE BHARAT,VNDB,Vande Bharat,"Mon,Wed,Thu,Fri,Sat,Sun",SC,SECUNDERABAD JN,NGP,NAGPUR JN.,579,07:20,9
20103,LTT AMH SF EXP,SUF,Superfast,Daily,LTT,LOKMANYATILAK,GKP,GORAKHPUR JN,1678,30:22,18
20104,GKP LTT SF EXP,SUF,Superfast,Daily,GKP,GORAKHPUR JN,LTT,LOKMANYATILAK,1678,30:05,17
20111,KONKAN KANYA EXP,SUF,Superfast,Daily,CSMT,C SHIVAJI MAH T,MAO,MADGAON JUNCTION,588,12:38,19
20112,KONKAN KANYA EXP,SUF,Superfast,Daily,MAO,MADGAON JUNCTION,CSMT,C SHIVAJI MAH T,587,11:40,19
20151,HDP REWA SFAST,SUF,Superfast,Thu,HDP,HADAPSAR,REWA,REWA,1485,26:15,19
20152,REWA HDP SF EXP,SUF,Superfast,Wed,REWA,REWA,HDP,HADAPSAR,1490,27:00,19
20153,CSMT REWA SF,SUF,Superfast,Fri,CSMT,C SHIVAJI MAH T,REWA,REWA,1229,20:15,18
20154,REWA CSMT SF,SUF,Superfast,Thu,REWA,REWA,CSMT,C SHIVAJI MAH T,1229,20:30,18
20155,DADN NDLS SF EXP,SUF,Superfast,Daily,DADN,DR. AMBEDKAR NAGAR,NDLS,NEW DELHI,848,12:55,16
20156,NDLS DADN SF EXP,SUF,Superfast,Daily,NDLS,NEW DELHI,DADN,DR. AMBEDKAR NAGAR,848,13:25,16
20159,CBE-JBP SF,SUF,Superfast,Mon,CBE,COIMBATORE JN,JBP,JABALPUR,2215,39:40,33
20160,JBP-CBE SF EXPRESS,SUF,Superfast,Fri,JBP,JABALPUR,CBE,COIMBATORE JN,2216,38:40,33
20161,PUNE JBP SF,SUF,Superfast,Mon,PUNE,PUNE JN,JBP,JABALPUR,1042,18:40,14
20162,JBP PUNE SF EXP,SUF,Superfast,Sun,JBP,JABALPUR,PUNE,PUNE JN,1042,16:35,14
20163,BDTS JBP SF EXP,SUF,Superfast,Sat,BDTS,BANDRA TERMINUS,JBP,JABALPUR,1255,22:40,14
20164,JBP BDTS SF EXP,SUF,Superfast,Fri,JBP,JABALPUR,BDTS,BANDRA TERMINUS,1255,21:15,14
20171,VANDE BHARAT EXP,VNDB,Vande Bharat,"Mon,Tue,Wed,Thu,Fri,Sun",RKMP,RANI KAMALAPATI,NZM,HAZRAT NIZAMUDDIN JN,699,07:36,5
20172,VANDE BHARAT EXP,VNDB,Vande Bharat,"Mon,Tue,Wed,Thu,Fri,Sun",NZM,HAZRAT NIZAMUDDIN JN,RKMP,RANI KAMALAPATI,699,07:36,5
20173,VANDE BHARAT EXP,VNDB,Vande Bharat,"Mon,Wed,Thu,Fri,Sat,Sun",RKMP,RANI KAMALAPATI,REWA,REWA,569,08:05,10
20174,VANDE BHARAT EXP,VNDB,Vande Bharat,"Mon,Wed,Thu,Fri,Sat,Sun",REWA,REWA,RKMP,RANI KAMALAPATI,569,08:10,10
20175,VANDE BHARAT EXP,VNDB,Vande Bharat,"Mon,Tue,Thu,Fri,Sat,Sun",BNRS,BANARAS,AGC,AGRA CANTT JN,575,07:00,6
20176,VANDE BHARAT EXP,VNDB,Vande Bharat,"Mon,Tue,Thu,Fri,Sat,Sun",AGC,AGRA CANTT JN,BNRS,BANARAS,575,07:00,6
20177,ASV AGC SF EXP,SUF,Superfast,"Mon,Thu,Fri,Sat,Sun",ASV,ASARVA JN,AGC,AGRA CANTT JN,894,16:15,15
20178,AGC ASV SF EXP,SUF,Superfast,"Wed,Thu,Fri,Sat,Sun",AGC,AGRA CANTT JN,ASV,ASARVA JN,894,16:15,15
20401,BSB LKO SF EXP,SUF,Superfast,Daily,BSB,VARANASI,LKO,LUCKNOW JN.,283,04:30,12
20402,LKO BSB SF EXP,SUF,Superfast,Daily,LKO,LUCKNOW JN.,BSB,VARANASI,283,04:40,12
20403,PRYJ LGH SF EXP,SUF,Superfast,"Wed,Fri,Sun",PRYJ,PRAYAGRAJ JN,LGH,LALGARH JN,1318,23:30,35
20404,LGH PRYJ SF EXP,SUF,Superfast,"Mon,Thu,Sat",LGH,LALGARH JN,PRYJ,PRAYAGRAJ JN,1318,24:00,35
20407,RNC NDLS RAJ EX,RAJ,Rajdhani,Thu,RNC,RANCHI,NDLS,NEW DELHI,1249,16:45,8
20408,RNC RAJDHANI,RAJ,Rajdhani,Wed,NDLS,NEW DELHI,RNC,RANCHI,1250,16:15,8
20409,DEC BTI SF EXP,SUF,Superfast,Daily,DEC,DELHI CANTT,BTI,BATHINDA,299,04:55,9
20410,BTI DEC SF EXP,SUF,Superfast,Daily,BTI,BATHINDA,DEC,DELHI CANTT,299,04:50,9
20411,DLI-SRE SUF EXP,SUF,Superfast,Daily,DLI,DELHI JN.,SRE,SAHARANPUR JN.,181,03:15,6
20412,SRE-DLI SUF EXP,SUF,Superfast,Daily,SRE,SAHARANPUR JN.,DLI,DELHI JN.,181,02:55,6
20413,MAHAKAL EXPRESS,SUF,Superfast,"Tue,Thu",BSB,VARANASI,INDB,INDORE JN,1136,19:00,10
20414,MAHAKAL EXPRESS,SUF,Superfast,"Wed,Fri",INDB,INDORE JN,BSB,VARANASI,1136,19:30,10
20415,MAHAKAL EXPRESS,SUF,Superfast,Sun,BSB,VARANASI,INDB,INDORE JN,1083,17:45,10
20416,MAHAKAL SUP EXP,SUF,Superfast,Mon,INDB,INDORE JN,BSB,VARANASI,1083,17:25,10
20423,PATALKOT SF EXP,SUF,Superfast,Daily,SEY,SEONI,FZR,FIROZPUR CANT,1491,27:05,86
20424,PATALKOT EXP,SUF,Superfast,Daily,FZR,FIROZPUR CANT,SEY,SEONI,1491,26:10,43
20433,JAMMU MAIL,SUF,Superfast,Daily,SFG,SUBEDARGANJ,SVDK,SHRI MATA VAISHNO DEVI KATRA,1278,22:45,29
20434,JAMMU MAIL,SUF,Superfast,Daily,SVDK,SHRI MATA VAISHNO DEVI KATRA,SFG,SUBEDARGANJ,1278,21:20,29
20435,PRYJ AMRITBHARAT,AMTB,Amrit Bharat,Sat,LTT,LOKMANYATILAK,PRYJ,PRAYAGRAJ JN,1341,19:20,7
20436,LTT AMRIT BHARAT,AMTB,Amrit Bharat,Fri,PRYJ,PRAYAGRAJ JN,LTT,LOKMANYATILAK,1341,21:35,7
20437,AMRIT BHARAT,AMTB,Amrit Bharat,Mon,PRYJ,PRAYAGRAJ JN,UDN,UDHNA JN,1437,22:45,16
20438,PRYJ AMRITBHARAT,AMTB,Amrit Bharat,Tue,UDN,UDHNA JN,PRYJ,PRAYAGRAJ JN,1437,24:45,16
20451,SGAC NDLS SF EXP,SUF,Superfast,Daily,SGAC,SOGARIYA,NDLS,NEW DELHI,465,06:20,9
20452,NDLS SGAC SF EX,SUF,Superfast,Daily,NDLS,NEW DELHI,SGAC,SOGARIYA,465,06:25,9
20471,SGNR PURI SF EXP,SUF,Superfast,Sun,SGNR,SHRI GANGANAGAR,PURI,PURI,2405,43:40,39
20472,PURI SGNR SF,SUF,Superfast,Wed,PURI,PURI,SGNR,SHRI GANGANAGAR,2404,43:30,39
20473,CHETAK EXPRESS,SUF,Superfast,Daily,DEE,DELHI SARAI ROHILLA,UDZ,UDAIPUR CITY,673,12:08,25
20474,CHETAK EXPRESS,SUF,Superfast,Daily,UDZ,UDAIPUR CITY,DEE,DELHI SARAI ROHILLA,673,12:05,48
20475,BKN MRJ SF EXP,SUF,Superfast,Mon,BKN,BIKANER JN,MRJ,MIRAJ JN.,1640,29:30,33
20476,MRJ BKN SF EXP,SUF,Superfast,Tue,MRJ,MIRAJ JN.,BKN,BIKANER JN,1641,29:35,33
20481,TPJ SF HUMSAFAR,SUF,Superfast,Wed,JU,JODHPUR JN,TPJ,TIRUCHCHIRAPPALLI JN.,2809,46:40,44
20482,JU SF HUMSAFAR,SUF,Superfast,Sat,TPJ,TIRUCHCHIRAPPALLI JN.,JU,JODHPUR JN,2809,45:50,23
20483,BGKT DDR SF EXP,SUF,Superfast,"Mon,Thu",BGKT,BHAGAT KI KOTHI,DDR,DADAR,946,16:50,18
20484,DDR BGKT SF EXP,SUF,Superfast,"Tue,Fri",DDR,DADAR,BGKT,BHAGAT KI KOTHI,946,16:30,18
20485,JSM SBIB SF EXP,SUF,Superfast,Daily,JSM,JAISALMER,SBIB,SABARMATI BG,748,13:30,19
20486,SBIB JSM SF EXP,SUF,Superfast,Daily,SBIB,SABARMATI BG,JSM,JAISALMER,748,13:30,19
20487,MALANI EXPRESS,SUF,Superfast,"Mon,Thu",BME,BARMER,DEE,DELHI SARAI ROHILLA,824,14:00,20
20488,MALANI EXPRESS,SUF,Superfast,"Tue,Fri",DEE,DELHI SARAI ROHILLA,BME,BARMER,824,14:10,21
20489,BME MTJ SUP FAST,SUF,Superfast,"Tue,Wed,Fri,Sat,Sun",BME,BARMER,MTJ,MATHURA JN.,795,14:25,30
20490,MTJ  BME SF,SUF,Superfast,"Mon,Wed,Thu,Sat,Sun",MTJ,MATHURA JN.,BME,BARMER,795,14:15,30
20491,JSM SBIB SF EXP,SUF,Superfast,Daily,JSM,JAISALMER,SBIB,SABARMATI BG,754,13:45,46
20492,SBIB JSM SUP EXP,SUF,Superfast,Daily,SBIB,SABARMATI BG,JSM,JAISALMER,757,13:45,23
20493,MDU CDG SF EXP,SUF,Superfast,"Wed,Sun",MDU,MADURAI JN,CDG,CHANDIGARH,3083,51:50,31
20494,CDG MDU SF EXP,SUF,Superfast,"Mon,Fri",CDG,CHANDIGARH,MDU,MADURAI JN,3083,53:35,31
20495,JU HDP SF EXP,SUF,Superfast,Daily,JU,JODHPUR JN,HDP,HADAPSAR,1089,19:10,44
20496,JODHPUR SF EXP,SUF,Superfast,Daily,HDP,HADAPSAR,JU,JODHPUR JN,1091,19:55,22
20497,FZR SF HUMSAFAR,SUF,Superfast,Tue,RMM,RAMESWARAM,FZR,FIROZPUR CANT,3540,63:05,43
20498,RMM HUMSAFAR SF,SUF,Superfast,Sat,FZR,FIROZPUR CANT,RMM,RAMESWARAM,3540,62:40,43
20501,TEJAS EXPRESS,RAJ,Rajdhani,Mon,AGTL,AGARTALA,ANVT,ANAND VIHAR TERMINAL,2593,43:50,22
20502,AGTL TEJAS RAJ,RAJ,Rajdhani,Wed,ANVT,ANAND VIHAR TERMINAL,AGTL,AGARTALA,2592,44:35,22
20503,RAJDHANI EXP,RAJ,Rajdhani,"Tue,Wed,Thu,Sat,Sun",DBRG,DIBRUGARH,NDLS,NEW DELHI,2477,41:58,26
20504,DBRG RAJDHANI,RAJ,Rajdhani,"Mon,Tue,Wed,Fri,Sat",NDLS,NEW DELHI,DBRG,DIBRUGARH,2477,41:35,26
20505,RAJDHANI EXP,RAJ,Rajdhani,"Mon,Fri",DBRG,DIBRUGARH,NDLS,NEW DELHI,2312,39:53,28
20506,DBRG RAJDHANI,RAJ,Rajdhani,"Thu,Sun",NDLS,NEW DELHI,DBRG,DIBRUGARH,2312,39:45,28
20507,RAJDHANI EXP,RAJ,Rajdhani,Fri,SANG,SAIRANG,ANVT,ANAND VIHAR TERMINAL,2511,42:40,20
20508,SANG RAJDHANI,RAJ,Rajdhani,Sun,ANVT,ANAND VIHAR TERMINAL,SANG,SAIRANG,2510,43:35,20
20601,MAS BDNK SF EXP,SUF,Superfast,"Mon,Tue,Wed,Thu,Fri,Sun",MAS,PURATCHI THALAIVAR DR. MGR CTL,BDNK,BODINAYAKKANUR,654,10:20,11
20602,BDNK MAS SF EXP,SUF,Superfast,"Mon,Tue,Wed,Thu,Fri,Sun",BDNK,BODINAYAKKANUR,MAS,PURATCHI THALAIVAR DR. MGR CTL,654,11:00,12
20603,AMRIT BHARAT EXP,AMTB,Amrit Bharat,Wed,NJP,NEW JALPAIGURI,NCJ,NAGERCOIL JUNCTION,3115,54:15,45
20604,NJP AMRIT BHARAT,AMTB,Amrit Bharat,Sun,NCJ,NAGERCOIL JUNCTION,NJP,NEW JALPAIGURI,3115,54:00,45
20605,MS TCN SF EXP,SUF,Superfast,Daily,MS,CHENNAI EGMORE,TCN,TIRUCHENDUR,778,14:00,30
20606,TCN MS SF EXP,SUF,Superfast,Daily,TCN,TIRUCHENDUR,MS,CHENNAI EGMORE,778,13:40,31
20607,MYS VANDEBHARAT,VNDB,Vande Bharat,"Mon,Tue,Thu,Fri,Sat,Sun",MAS,PURATCHI THALAIVAR DR. MGR CTL,MYS,MYSORE JN,492,06:30,4
20608,MAS VANDEBHARAT,VNDB,Vande Bharat,"Mon,Tue,Thu,Fri,Sat,Sun",MYS,MYSORE JN,MAS,PURATCHI THALAIVAR DR. MGR CTL,492,06:15,4
20609,AMRIT BHARAT EXP,AMTB,Amrit Bharat,Fri,NJP,NEW JALPAIGURI,TPJ,TIRUCHCHIRAPPALLI JN.,2618,47:30,40
20610,NJP AMRIT BHARAT,AMTB,Amrit Bharat,Wed,TPJ,TIRUCHCHIRAPPALLI JN.,NJP,NEW JALPAIGURI,2618,47:15,40
20623,MALGUDI EXP,SUF,Superfast,Daily,AP,ASHOKAPURAM,SBC,KSR BENGALURU,143,02:45,10
20624,MALGUDI EXP,SUF,Superfast,Daily,SBC,KSR BENGALURU,AP,ASHOKAPURAM,143,03:10,10
20625,MAS BGKT SF EXP,SUF,Superfast,"Mon,Tue,Thu,Fri,Sun",MAS,PURATCHI THALAIVAR DR. MGR CTL,BGKT,BHAGAT KI KOTHI,2353,40:05,33
20626,BGKT MAS SF EXP,SUF,Superfast,"Mon,Wed,Thu,Fri,Sun",BGKT,BHAGAT KI KOTHI,MAS,PURATCHI THALAIVAR DR. MGR CTL,2351,41:35,33
20627,MS NCJ VB EXP,VNDB,Vande Bharat,"Mon,Tue,Thu,Fri,Sat,Sun",MS,CHENNAI EGMORE,NCJ,NAGERCOIL JUNCTION,726,08:50,9
20628,NCJ MS VB EXP,VNDB,Vande Bharat,"Mon,Tue,Thu,Fri,Sat,Sun",NCJ,NAGERCOIL JUNCTION,MS,CHENNAI EGMORE,726,08:45,9
20629,SABARI SF EXPRES,SUF,Superfast,Daily,SC,SECUNDERABAD JN,TVC,THIRUVANANTHAPURAM CENTRAL,1550,27:55,42
20630,SABARI SF EXPRES,SUF,Superfast,Daily,TVC,THIRUVANANTHAPURAM CENTRAL,SC,SECUNDERABAD JN,1550,28:17,42
20631,MAQ TVC VB EXP,VNDB,Vande Bharat,"Mon,Tue,Thu,Fri,Sat,Sun",MAQ,MANGALORE CENTRAL,TVC,THIRUVANANTHAPURAM CENTRAL,620,08:40,11
20632,TVC MAQ VB EXP,VNDB,Vande Bharat,"Mon,Tue,Thu,Fri,Sat,Sun",TVC,THIRUVANANTHAPURAM CENTRAL,MAQ,MANGALORE CENTRAL,621,08:40,11
20633,TVC VANDEBHARAT,VNDB,Vande Bharat,"Mon,Tue,Wed,Fri,Sat,Sun",KGQ,KASARAGOD,TVC,THIRUVANANTHAPURAM CENTRAL,585,08:10,10
20634,KGQ VANDEBHARAT,VNDB,Vande Bharat,"Mon,Tue,Wed,Fri,Sat,Sun",TVC,THIRUVANANTHAPURAM CENTRAL,KGQ,KASARAGOD,587,08:05,10
20635,ANANTAPURI EXP,SUF,Superfast,Daily,MS,CHENNAI EGMORE,QLN,KOLLAM JN,862,15:25,29
20636,ANANTAPURI EXP,SUF,Superfast,Daily,QLN,KOLLAM JN,MS,CHENNAI EGMORE,862,15:10,30
20641,CBE VANDE BHARAT,VNDB,Vande Bharat,"Mon,Tue,Wed,Fri,Sat,Sun",BNC,BANGALORE CANT,CBE,COIMBATORE JN,372,06:20,7
20642,BNC VANDEBHARAT,VNDB,Vande Bharat,"Mon,Tue,Wed,Fri,Sat,Sun",CBE,COIMBATORE JN,BNC,BANGALORE CANT,372,06:20,7
20643,CBE VANDEBHARAT,VNDB,Vande Bharat,"Mon,Tue,Thu,Fri,Sat,Sun",MAS,PURATCHI THALAIVAR DR. MGR CTL,CBE,COIMBATORE JN,499,06:00,5
20644,MAS VANDEBHARAT,VNDB,Vande Bharat,"Mon,Tue,Thu,Fri,Sat,Sun",CBE,COIMBATORE JN,MAS,PURATCHI THALAIVAR DR. MGR CTL,499,05:50,5
20645,MAQ VANDEBHARAT,VNDB,Vande Bharat,"Mon,Tue,Wed,Fri,Sat,Sun",MAO,MADGAON JUNCTION,MAQ,MANGALORE CENTRAL,321,05:10,4
20646,MAO VANDEBHARAT,VNDB,Vande Bharat,"Mon,Tue,Wed,Fri,Sat,Sun",MAQ,MANGALORE CENTRAL,MAO,MADGAON JUNCTION,321,05:40,4
20651,SBC TLGP EXP,SUF,Superfast,Daily,SBC,KSR BENGALURU,TLGP,TALGUPPA,372,06:45,16
20652,TLGP SBC EXP,SUF,Superfast,Daily,TLGP,TALGUPPA,SBC,KSR BENGALURU,372,06:40,16
20653,SBC BGM EXP,SUF,Superfast,Daily,SBC,KSR BENGALURU,BGM,BELAGAVI,610,09:40,8
20654,BGM SBC EXP,SUF,Superfast,Daily,BGM,BELAGAVI,SBC,KSR BENGALURU,611,09:30,8
20655,YPR UBL EXP,SUF,Superfast,Sat,YPR,YESVANTPUR JN.,UBL,SSS HUBBALLI JN,464,07:00,8
20656,UBL YPR EXP,SUF,Superfast,Sat,UBL,SSS HUBBALLI JN,YPR,YESVANTPUR JN.,465,07:35,8
20657,UBL NZM EXP,SUF,Superfast,Fri,UBL,SSS HUBBALLI JN,NZM,HAZRAT NIZAMUDDIN JN,2052,34:50,19
20658,NZM UBL SF EXP,SUF,Superfast,Sun,NZM,HAZRAT NIZAMUDDIN JN,UBL,SSS HUBBALLI JN,2052,35:35,19
20659,RAJYA RANI EXP,SUF,Superfast,Daily,MYS,MYSORE JN,SBC,KSR BENGALURU,138,02:30,8
20660,RAJYA RANI EXP,SUF,Superfast,Daily,SBC,KSR BENGALURU,MYS,MYSORE JN,138,02:30,8
20661,DWR VANDE BHARAT,VNDB,Vande Bharat,"Mon,Wed,Thu,Fri,Sat,Sun",SBC,KSR BENGALURU,DWR,DHARWAR,490,06:15,7
20662,SBC VANDE BHARAT,VNDB,Vande Bharat,"Mon,Wed,Thu,Fri,Sat,Sun",DWR,DHARWAR,SBC,KSR BENGALURU,490,06:15,7
20663,MAS VANDE BHARAT,VNDB,Vande Bharat,"Mon,Tue,Wed,Fri,Sat,Sun",MYS,MYSORE JN,MAS,PURATCHI THALAIVAR DR. MGR CTL,492,06:30,6
20664,MYS VANDEBHARAT,VNDB,Vande Bharat,"Mon,Tue,Wed,Fri,Sat,Sun",MAS,PURATCHI THALAIVAR DR. MGR CTL,MYS,MYSORE JN,492,06:30,6
20665,TEN VANDEBHARAT,VNDB,Vande Bharat,"Mon,Wed,Thu,Fri,Sat,Sun",MS,CHENNAI EGMORE,TEN,TIRUNELVELI JN,653,07:50,10
20666,MS VANDE BHARAT,VNDB,Vande Bharat,"Mon,Wed,Thu,Fri,Sat,Sun",TEN,TIRUNELVELI JN,MS,CHENNAI EGMORE,653,08:00,10
20667,YPR KWP EXP,SUF,Superfast,Thu,YPR,YESVANTPUR JN.,KWP,KHATIPURA,2461,42:05,28
20668,JP YPR SF EXP,SUF,Superfast,Sat,KWP,KHATIPURA,YPR,YESVANTPUR JN.,2459,43:30,28
20669,UBL PUNE VB EXP,VNDB,Vande Bharat,"Wed,Fri,Sun",UBL,SSS HUBBALLI JN,PUNE,PUNE JN,557,08:30,9
20670,UBL VANDEBHARAT,VNDB,Vande Bharat,"Mon,Thu,Sat",PUNE,PUNE JN,UBL,SSS HUBBALLI JN,557,08:30,9
20671,MDU BNC VB EXP,VNDB,Vande Bharat,"Mon,Wed,Thu,Fri,Sat,Sun",MDU,MADURAI JN,BNC,BANGALORE CANT,578,07:45,16
20672,MDU VANDE BHARAT,VNDB,Vande Bharat,"Mon,Wed,Thu,Fri,Sat,Sun",BNC,BANGALORE CANT,MDU,MADURAI JN,578,08:10,8
20673,PUNE VANDEBHARAT,VNDB,Vande Bharat,"Mon,Thu,Sat",KOP,KOLHAPUR,PUNE,PUNE JN,326,05:15,7
20674,KOP VANDEBHARAT,VNDB,Vande Bharat,"Wed,Fri,Sun",PUNE,PUNE JN,KOP,KOLHAPUR,326,05:25,7
20675,VISHWAMANAV EXP,SUF,Superfast,Daily,BGM,BELAGAVI,MYS,MYSORE JN,749,13:35,33
20676,VISHWAMANAV EXP,SUF,Superfast,Daily,MYS,MYSORE JN,BGM,BELAGAVI,749,13:35,33
20677,NS VANDE BHARAT,VNDB,Vande Bharat,"Mon,Wed,Thu,Fri,Sat,Sun",MAS,PURATCHI THALAIVAR DR. MGR CTL,NS,NARASAPUR,652,08:40,9
20678,MAS VANDEBHARAT,VNDB,Vande Bharat,"Mon,Wed,Thu,Fri,Sat,Sun",NS,NARASAPUR,MAS,PURATCHI THALAIVAR DR. MGR CTL,651,08:55,9
20679,MAS UBL SF EXP,SUF,Superfast,Fri,MAS,PURATCHI THALAIVAR DR. MGR CTL,UBL,SSS HUBBALLI JN,824,14:00,17
20680,UBL MAS SF EXP,SUF,Superfast,Thu,UBL,SSS HUBBALLI JN,MAS,PURATCHI THALAIVAR DR. MGR CTL,825,14:40,18
20681,SILAMBU SF EXP,SUF,Superfast,"Wed,Fri,Sat",TBM,TAMBARAM,SCT,SENGOTTAI,664,11:35,22
20682,SILAMBU SF EXP,SUF,Superfast,"Thu,Sat,Sun",SCT,SENGOTTAI,TBM,TAMBARAM,664,11:15,21
20683,TBM SCT SF EXP,SUF,Superfast,"Tue,Thu,Sun",TBM,TAMBARAM,SCT,SENGOTTAI,763,14:00,23
20684,SCT TBM SF EXP,SUF,Superfast,"Mon,Wed,Fri",SCT,SENGOTTAI,TBM,TAMBARAM,763,13:50,23
20685,GIMB SBC SF EXP,SUF,Superfast,Tue,GIMB,GANDHIDHAM BG,SBC,KSR BENGALURU,1957,35:15,33
20686,GANDHIDHAM EXP,SUF,Superfast,Sat,SBC,KSR BENGALURU,GIMB,GANDHIDHAM BG,1956,35:05,32
20687,UBL SBC SF EXP,SUF,Superfast,Daily,UBL,SSS HUBBALLI JN,SBC,KSR BENGALURU,470,07:20,9
20688,SBC UBL SF EXP,SUF,Superfast,Daily,SBC,KSR BENGALURU,UBL,SSS HUBBALLI JN,469,07:10,9
20689,SMET INTERCITY,SUF,Superfast,Daily,YPR,YESVANTPUR JN.,SMET,SHIMOGA TOWN,269,04:50,10
20690,YPR INTERCITY,SUF,Superfast,Daily,SMET,SHIMOGA TOWN,YPR,YESVANTPUR JN.,269,04:45,10
20691,TBM-NCJ ANTYODAYA SF EXP,SUF,Superfast,Daily,TBM,TAMBARAM,NCJ,NAGERCOIL JUNCTION,766,13:55,21
20692,NCJ-TBM ANTYODAYA SF EXP,SUF,Superfast,Daily,NCJ,NAGERCOIL JUNCTION,TBM,TAMBARAM,766,13:15,21
20693,JU SBC SUPERFAST,SUF,Superfast,"Thu,Sat",JU,JODHPUR JN,SBC,KSR BENGALURU,2110,38:15,45
20694,JODHPUR EXP,SUF,Superfast,"Mon,Wed",SBC,KSR BENGALURU,JU,JODHPUR JN,2112,38:00,44
20701,TPTY VANDEBHARAT,VNDB,Vande Bharat,"Mon,Wed,Thu,Fri,Sat,Sun",SC,SECUNDERABAD JN,TPTY,TIRUPATI,651,08:25,7
20702,SC VANDE BHARAT,VNDB,Vande Bharat,"Mon,Wed,Thu,Fri,Sat,Sun",TPTY,TIRUPATI,SC,SECUNDERABAD JN,651,08:27,7
20703,YPR VANDEBHARAT,VNDB,Vande Bharat,"Mon,Tue,Thu,Fri,Sat,Sun",KCG,KACHEGUDA,YPR,YESVANTPUR JN.,603,08:15,7
20704,KCG VANDE BHARAT,VNDB,Vande Bharat,"Mon,Tue,Thu,Fri,Sat,Sun",YPR,YESVANTPUR JN.,KCG,KACHEGUDA,603,08:15,7
20705,CSMT VANDEBHARAT,VNDB,Vande Bharat,"Mon,Tue,Thu,Fri,Sat,Sun",NED,NANDED,CSMT,C SHIVAJI MAH T,610,08:55,10
20706,NED VANDEBHARAT,VNDB,Vande Bharat,"Mon,Tue,Wed,Fri,Sat,Sun",CSMT,C SHIVAJI MAH T,NED,NANDED,610,09:10,10
20707,VSKP VANDEBHARAT,VNDB,Vande Bharat,"Tue,Wed,Thu,Fri,Sat,Sun",SC,SECUNDERABAD JN,VSKP,VISAKHAPATNAM,699,08:50,8
20708,VANDE BHARAT EXP,VNDB,Vande Bharat,"Tue,Wed,Thu,Fri,Sat,Sun",VSKP,VISAKHAPATNAM,SC,SECUNDERABAD JN,701,08:55,8
20801,MAGADH EXP,SUF,Superfast,Daily,IPR,ISLAMPUR,NDLS,NEW DELHI,1059,20:30,29
20802,MAGADH EXPRESS,SUF,Superfast,Daily,NDLS,NEW DELHI,IPR,ISLAMPUR,1059,18:20,29
20803,VSKP GIMB SF EXP,SUF,Superfast,Thu,VSKP,VISAKHAPATNAM,GIMB,GANDHIDHAM BG,2114,36:45,29
20804,GIMB VSKP SF EX,SUF,Superfast,Sun,GIMB,GANDHIDHAM BG,VSKP,VISAKHAPATNAM,2114,35:05,29
20805,AP EXPRESS,SUF,Superfast,Daily,VSKP,VISAKHAPATNAM,NDLS,NEW DELHI,2099,31:40,21
20806,AP EXPRESS,SUF,Superfast,Daily,NDLS,NEW DELHI,VSKP,VISAKHAPATNAM,2099,32:20,21
20807,HIRAKUD EXPRESS,SUF,Superfast,"Tue,Fri,Sat",VSKP,VISAKHAPATNAM,ASR,AMRITSAR,2567,47:00,48
20808,HIRAKUND EXP,SUF,Superfast,"Wed,Sat,Sun",ASR,AMRITSAR,VSKP,VISAKHAPATNAM,2567,45:55,48
20809,SBP NED S F,SUF,Superfast,"Mon,Fri,Sun",SBP,SAMBALPUR JN.,NED,NANDED,1468,26:50,23
20810,NED SBP SF EXP,SUF,Superfast,"Mon,Tue,Sat",NED,NANDED,SBP,SAMBALPUR JN.,1468,26:15,23
20811,VSKP NED SF,SUF,Superfast,"Tue,Wed,Sat",VSKP,VISAKHAPATNAM,NED,NANDED,962,17:40,13
20812,NED VSKP SF EXP,SUF,Superfast,"Wed,Thu,Sun",NED,NANDED,VSKP,VISAKHAPATNAM,962,16:50,13
20813,PURI JU S F,SUF,Superfast,Wed,PURI,PURI,JU,JODHPUR JN,2438,43:35,84
20814,JU PURI SF EXP,SUF,Superfast,Sat,JU,JODHPUR JN,PURI,PURI,2438,43:00,42
20815,ADTP  VSKP SF EX,SUF,Superfast,Mon,ADTP,ADITYAPUR,VSKP,VISAKHAPATNAM,860,15:15,22
20816,VSKP ADTP SF EXP,SUF,Superfast,Sun,VSKP,VISAKHAPATNAM,ADTP,ADITYAPUR,860,15:00,22
20817,TEJAS RAJ EXP,RAJ,Rajdhani,Sat,BBS,BHUBANESWAR,NDLS,NEW DELHI,1912,26:40,17
20818,BBS TEJAS RAJ,RAJ,Rajdhani,Sun,NDLS,NEW DELHI,BBS,BHUBANESWAR,1913,27:10,17
20819,PURI OKHA SF EXP,SUF,Superfast,Sun,PURI,PURI,OKHA,OKHA,2780,48:20,41
20820,OKHA PURI EXP,SUF,Superfast,Wed,OKHA,OKHA,PURI,PURI,2780,47:50,41
20821,PUNE SRC HUMSAFR,SUF,Superfast,Mon,PUNE,PUNE JN,SRC,SANTRAGACHI JN,2074,32:20,15
20822,PUNE HUMSAFAR,SUF,Superfast,Sat,SRC,SANTRAGACHI JN,PUNE,PUNE JN,2073,32:50,15
20823,PURI AII S F,SUF,Superfast,"Mon,Thu",PURI,PURI,AII,AJMER JN,2478,43:35,45
20824,AII PURI SF EXP,SUF,Superfast,"Tue,Thu",AII,AJMER JN,PURI,PURI,2477,43:20,45
20825,VANDE BHARAT EXP,VNDB,Vande Bharat,"Mon,Tue,Wed,Thu,Fri,Sun",BSP,BILASPUR JN.,NGP,NAGPUR JN.,417,05:30,7
20826,BSP VANDE BHARAT,VNDB,Vande Bharat,"Mon,Tue,Wed,Thu,Fri,Sun",NGP,NAGPUR JN.,BSP,BILASPUR JN.,417,05:20,7
20827,JBP SRC HUMSAFAR,SUF,Superfast,Thu,JBP,JABALPUR,SRC,SANTRAGACHI JN,1120,19:40,12
20828,HUMSAFAR EXP,SUF,Superfast,Wed,SRC,SANTRAGACHI JN,JBP,JABALPUR,1120,19:10,12
20829,VANDE BHARAT EXP,VNDB,Vande Bharat,"Mon,Tue,Wed,Fri,Sat,Sun",DURG,DURG,VSKP,VISAKHAPATNAM,565,08:10,11
20830,VANDE BHARAT EXP,VNDB,Vande Bharat,"Mon,Tue,Wed,Fri,Sat,Sun",VSKP,VISAKHAPATNAM,DURG,DURG,565,08:00,11
20831,MAHIMAGOSAIN EX,SUF,Superfast,"Mon,Wed,Fri",SHM,SHALIMAR,SBP,SAMBALPUR JN.,671,11:15,24
20832,MAHIMAGOSAIN EX,SUF,Superfast,"Tue,Thu,Sun",SBP,SAMBALPUR JN.,SHM,SHALIMAR,671,12:10,12
20833,VANDE BHARAT EXP,VNDB,Vande Bharat,"Mon,Wed,Thu,Fri,Sat,Sun",VSKP,VISAKHAPATNAM,SC,SECUNDERABAD JN,701,08:35,7
20834,VANDE BHARAT EX,VNDB,Vande Bharat,"Mon,Wed,Thu,Fri,Sat,Sun",SC,SECUNDERABAD JN,VSKP,VISAKHAPATNAM,699,08:35,7
20835,VANDE BHARAT EXP,VNDB,Vande Bharat,"Mon,Wed,Thu,Fri,Sat,Sun",ROU,ROURKELA,PURI,PURI,505,07:40,11
20836,VANDE BHARAT EXP,VNDB,Vande Bharat,"Mon,Wed,Thu,Fri,Sat,Sun",PURI,PURI,ROU,ROURKELA,505,07:45,11
20837,BBS JNRD S F,SUF,Superfast,Daily,BBS,BHUBANESWAR,JNRD,JUNAGARH ROAD,653,11:40,19
20838,JNRD BBS S F,SUF,Superfast,Daily,JNRD,JUNAGARH ROAD,BBS,BHUBANESWAR,653,11:55,19
20839,RNC NDLS RAJ EX,RAJ,Rajdhani,"Wed,Sat",RNC,RANCHI,NDLS,NEW DELHI,1306,17:10,8
20840,NDLS RNC RAJ EX,RAJ,Rajdhani,"Mon,Fri",NDLS,NEW DELHI,RNC,RANCHI,1309,16:55,8
20841,VANDE BHARAT EXP,VNDB,Vande Bharat,"Tue,Wed,Thu,Fri,Sat,Sun",BBS,BHUBANESWAR,VSKP,VISAKHAPATNAM,443,05:45,9
20842,VANDE BHARAT EXP,VNDB,Vande Bharat,"Tue,Wed,Thu,Fri,Sat,Sun",VSKP,VISAKHAPATNAM,BBS,BHUBANESWAR,443,06:00,9
20843,BSP BGKT SF EXP,SUF,Superfast,"Mon,Tue",BSP,BILASPUR JN.,BGKT,BHAGAT KI KOTHI,1827,32:05,36
20844,BGKT BSP SF EXP,SUF,Superfast,"Thu,Sat",BGKT,BHAGAT KI KOTHI,BSP,BILASPUR JN.,1826,32:05,36
20845,BSP BKN SF EXP,SUF,Superfast,"Thu,Sat",BSP,BILASPUR JN.,BKN,BIKANER JN,1890,32:50,34
20846,BKN BSP SF EXP,SUF,Superfast,"Tue,Sun",BKN,BIKANER JN,BSP,BILASPUR JN.,1889,32:40,34
20847,DURG MCTM SF,SUF,Superfast,Wed,DURG,DURG,MCTM,MARTYR CAPTAIN TUSHAR MAHAJAN,1908,33:05,24
20848,DURG SF EXP,SUF,Superfast,Fri,MCTM,MARTYR CAPTAIN TUSHAR MAHAJAN,DURG,DURG,1909,33:00,23
20849,BBS RMM SF,SUF,Superfast,Fri,BBS,BHUBANESWAR,RMM,RAMESWARAM,1894,34:20,27
20850,RMM BBS SF EXP,SUF,Superfast,Sun,RMM,RAMESWARAM,BBS,BHUBANESWAR,1894,32:40,27
20851,BBS PDY SF EXP,SUF,Superfast,Tue,BBS,BHUBANESWAR,PDY,PONDICHERRY,1423,23:50,19
20852,PDY BBS SF EXP,SUF,Superfast,Wed,PDY,PONDICHERRY,BBS,BHUBANESWAR,1423,23:35,19
20853,BBS MAS S F,SUF,Superfast,Thu,BBS,BHUBANESWAR,MAS,PURATCHI THALAIVAR DR. MGR CTL,1221,20:10,21
20854,MAS BBS SF EXP,SUF,Superfast,Fri,MAS,PURATCHI THALAIVAR DR. MGR CTL,BBS,BHUBANESWAR,1221,20:15,21
20857,PURI SNSI SF EXP,SUF,Superfast,Fri,PURI,PURI,SNSI,SAINAGAR SHIRDI,1689,29:30,25
20858,SNSI PURI EXP,SUF,Superfast,Sun,SNSI,SAINAGAR SHIRDI,PURI,PURI,1688,30:40,25
20861,PURI ADI SF,SUF,Superfast,Wed,PURI,PURI,ADI,AHMEDABAD JN,1999,35:00,39
20862,ADI PURI EXP,SUF,Superfast,Fri,ADI,AHMEDABAD JN,PURI,PURI,1999,35:40,39
20871,VANDE BHARAT EXP,VNDB,Vande Bharat,"Mon,Wed,Thu,Fri,Sat,Sun",HWH,HOWRAH JN,ROU,ROURKELA,413,06:05,5
20872,VANDE BHARAT EXP,VNDB,Vande Bharat,"Mon,Wed,Thu,Fri,Sat,Sun",ROU,ROURKELA,HWH,HOWRAH JN,414,06:20,5
20887,VANDE BHARAT EXP,VNDB,Vande Bharat,"Mon,Wed,Thu,Fri,Sat,Sun",RNC,RANCHI,BSB,VARANASI,536,07:50,20
20888,VANDE BHARAT EXP,VNDB,Vande Bharat,"Mon,Wed,Thu,Fri,Sat,Sun",BSB,VARANASI,RNC,RANCHI,540,08:00,10
20889,TPTY HUMSAFR EX,SUF,Superfast,Sat,HWH,HOWRAH JN,TPTY,TIRUPATI,1617,25:25,12
20890,HWH HUMSAFAR SF,SUF,Superfast,Sun,TPTY,TIRUPATI,HWH,HOWRAH JN,1617,27:00,12
20891,VANDE BHARAT EXP,VNDB,Vande Bharat,"Mon,Wed,Thu,Fri,Sat,Sun",TATA,TATANAGAR JN,BAM,BRAHMAPUR,588,09:35,11
20892,VANDE BHARAT EXP,VNDB,Vande Bharat,"Mon,Wed,Thu,Fri,Sat,Sun",BAM,BRAHMAPUR,TATA,TATANAGAR JN,588,09:35,11
20893,VANDE BHARAT EXP,VNDB,Vande Bharat,"Wed,Thu,Fri,Sat",TATA,TATANAGAR JN,PNBE,PATNA JN,450,07:20,9
20894,VANDE BHARAT EXP,VNDB,Vande Bharat,"Wed,Thu,Fri,Sat",PNBE,PATNA JN,TATA,TATANAGAR JN,450,07:35,9
20897,VANDE BHARAT EXP,VNDB,Vande Bharat,"Mon,Wed,Thu,Fri,Sat,Sun",HWH,HOWRAH JN,RNC,RANCHI,464,07:25,8
20898,VANDE BHARAT EXP,VNDB,Vande Bharat,"Mon,Wed,Thu,Fri,Sat,Sun",RNC,RANCHI,HWH,HOWRAH JN,461,07:10,8
20901,VANDE BHARAT EXP,VNDB,Vande Bharat,"Mon,Tue,Thu,Fri,Sat,Sun",MMCT,MUMBAI CENTRAL,GNC,GANDHINAGAR CAPITAL,520,06:30,10
20902,VANDE BHARAT EXP,VNDB,Vande Bharat,"Mon,Tue,Thu,Fri,Sat,Sun",GNC,GANDHINAGAR CAPITAL,MMCT,MUMBAI CENTRAL,520,06:35,10
20903,BSB MAHAMANA,SUF,Superfast,Tue,EKNR,EKTA NAGAR,BSB,VARANASI,1608,28:25,13
20904,EKNR MAHAMANA,SUF,Superfast,Thu,BSB,VARANASI,EKNR,EKTA NAGAR,1608,27:35,13
20905,REWA MAHAMANA,SUF,Superfast,Fri,EKNR,EKTA NAGAR,REWA,REWA,1332,22:30,17
20906,EKNR MAHAMANA,SUF,Superfast,Sat,REWA,REWA,EKNR,EKTA NAGAR,1332,20:55,17
20907,SAYAJINAGRI EXP,SUF,Superfast,Daily,DDR,DADAR,BHUJ,BHUJ,844,15:15,28
20908,SAYAJINAGRI EXP,SUF,Superfast,Daily,BHUJ,BHUJ,DDR,DADAR,844,15:15,27
20909,TVCN PBR SF EXP,SUF,Superfast,Sun,TVCN,THIRUVANANTHAPURAM NORTH,PBR,PORBANDAR,2417,46:05,32
20910,PBR TVCN SF EXP,SUF,Superfast,Thu,PBR,PORBANDAR,TVCN,THIRUVANANTHAPURAM NORTH,2417,47:05,32
20911,NGP VANDEBHARAT,VNDB,Vande Bharat,"Mon,Tue,Wed,Thu,Fri,Sat",INDB,INDORE JN,NGP,NAGPUR JN.,635,08:25,7
20912,INDB VANDEBHARAT,VNDB,Vande Bharat,"Mon,Tue,Wed,Thu,Fri,Sat",NGP,NAGPUR JN.,INDB,INDORE JN,635,08:30,7
20913,RJT DEE EXPRESS,SUF,Superfast,Thu,RJT,RAJKOT,DEE,DELHI SARAI ROHILLA,1105,18:45,24
20914,RAJKOT EXPRESS,SUF,Superfast,Fri,DEE,DELHI SARAI ROHILLA,RJT,RAJKOT,1105,18:30,24
20915,CHZ INDB HUMSAFR,SUF,Superfast,Sun,CHZ,CHARLAPALLI,INDB,INDORE JN,1573,27:30,14
20916,INDB CHZ HUMSFR,SUF,Superfast,Sat,INDB,INDORE JN,CHZ,CHARLAPALLI,1573,27:00,14
20917,PURI HUMSAFAR,SUF,Superfast,Tue,INDB,INDORE JN,PURI,PURI,1610,27:40,17
20918,HUMSAFAR EXP,SUF,Superfast,Thu,PURI,PURI,INDB,INDORE JN,1610,28:55,18
20919,MAS EKNR SF EXP,SUF,Superfast,Fri,MAS,PURATCHI THALAIVAR DR. MGR CTL,EKNR,EKTA NAGAR,1699,28:40,16
20920,EKNR MAS SF EXP,SUF,Superfast,Wed,EKNR,EKTA NAGAR,MAS,PURATCHI THALAIVAR DR. MGR CTL,1702,30:05,16
20921,BDTS LJN SF EXP,SUF,Superfast,Sat,BDTS,BANDRA TERMINUS,LJN,LUCKNOW,1682,26:05,22
20922,LJN BDTS SF EXP,SUF,Superfast,Sun,LJN,LUCKNOW,BDTS,BANDRA TERMINUS,1682,27:05,22
20923,GIMB HUMSAFAR,SUF,Superfast,Thu,TEN,TIRUNELVELI JN,GIMB,GANDHIDHAM BG,2406,45:25,22
20924,TEN HUMSAFAR,SUF,Superfast,Mon,GIMB,GANDHIDHAM BG,TEN,TIRUNELVELI JN,2406,45:15,22
20925,SURAT AMI SF EXP,SUF,Superfast,"Thu,Fri,Sun",ST,SURAT,AMI,AMRAVATI,563,10:05,21
20926,AMI SURAT SF EXP,SUF,Superfast,"Mon,Fri,Sat",AMI,AMRAVATI,ST,SURAT,563,10:10,21
20929,UDN BANARAS EXP,SUF,Superfast,Fri,UDN,UDHNA JN,BNRS,BANARAS,1400,24:25,15
20930,BNRS UDHANA EXP,SUF,Superfast,Sun,BNRS,BANARAS,UDN,UDHNA JN,1400,24:30,14
20931,TVCN INDB SF EX,SUF,Superfast,Fri,TVCN,THIRUVANANTHAPURAM NORTH,INDB,INDORE JN,2291,43:20,32
20932,INDB TVCN SF EX,SUF,Superfast,Tue,INDB,INDORE JN,TVCN,THIRUVANANTHAPURAM NORTH,2291,44:20,32
20933,UDN DANAPUR EXP,SUF,Superfast,"Tue,Sat",UDN,UDHNA JN,DNR,DANAPUR,1589,27:15,18
20934,DNR UDHNA SF EX,SUF,Superfast,"Wed,Sun",DNR,DANAPUR,UDN,UDHNA JN,1589,28:25,18
20935,GIMB INDB SFAST,SUF,Superfast,Mon,GIMB,GANDHIDHAM BG,INDB,INDORE JN,807,14:30,11
20936,INDB GIMB SFAST,SUF,Superfast,Sun,INDB,INDORE JN,GIMB,GANDHIDHAM BG,807,14:35,11
20937,PBR DEE EXPRESS,SUF,Superfast,"Tue,Sat",PBR,PORBANDAR,DEE,DELHI SARAI ROHILLA,1373,23:50,28
20938,DEE PBR EXPRESS,SUF,Superfast,"Mon,Thu",DEE,DELHI SARAI ROHILLA,PBR,PORBANDAR,1373,24:30,31
20939,SBIB SLN SF EXP,SUF,Superfast,Tue,SBIB,SABARMATI BG,SLN,SULTANPUR,1553,27:10,19
20940,SLN SBIB SF EXP,SUF,Superfast,Wed,SLN,SULTANPUR,SBIB,SABARMATI BG,1553,27:15,19
20941,BDTS GCT SF EXP,SUF,Superfast,"Fri,Sun",BDTS,BANDRA TERMINUS,GCT,GHAZIPUR CITY,1919,31:20,28
20942,GCT BDTS SF EXP,SUF,Superfast,"Tue,Sun",GCT,GHAZIPUR CITY,BDTS,BANDRA TERMINUS,1919,32:50,28
20943,BGKT HUMSAFAR,SUF,Superfast,Thu,BDTS,BANDRA TERMINUS,BGKT,BHAGAT KI KOTHI,932,15:10,11
20944,BGKT BDTS HMSFR,SUF,Superfast,Fri,BGKT,BHAGAT KI KOTHI,BDTS,BANDRA TERMINUS,932,14:25,11
20945,EKNR NZM SF EXP,SUF,Superfast,"Thu,Sat",EKNR,EKTA NAGAR,NZM,HAZRAT NIZAMUDDIN JN,1065,14:25,8
20946,NZM EKNR SF EXP,SUF,Superfast,"Fri,Sun",NZM,HAZRAT NIZAMUDDIN JN,EKNR,EKTA NAGAR,1065,15:10,8
20947,JAN SHATABDI EX,JSH,Jan Shatabdi,Daily,ADI,AHMEDABAD JN,EKNR,EKTA NAGAR,183,02:55,5
20948,EKNR - ADI JANSHATABDHI,JSH,Jan Shatabdi,Daily,EKNR,EKTA NAGAR,ADI,AHMEDABAD JN,183,02:55,5
20949,ADI - EKNR JANSHATABDHI,JSH,Jan Shatabdi,Daily,ADI,AHMEDABAD JN,EKNR,EKTA NAGAR,183,03:00,5
20950,JAN SHATABDI EX,JSH,Jan Shatabdi,Daily,EKNR,EKTA NAGAR,ADI,AHMEDABAD JN,183,03:05,5
20951,OKHA JAIPUR SUP,SUF,Superfast,Mon,OKHA,OKHA,JP,JAIPUR JN.,1054,17:50,21
20952,JP OKHA SF EXP,SUF,Superfast,Tue,JP,JAIPUR JN.,OKHA,OKHA,1054,18:10,21
20953,MAS ADI SF EXP,SUF,Superfast,Sun,MAS,PURATCHI THALAIVAR DR. MGR CTL,ADI,AHMEDABAD JN,1717,28:40,27
20954,ADI MAS SFAST,SUF,Superfast,Sat,ADI,AHMEDABAD JN,MAS,PURATCHI THALAIVAR DR. MGR CTL,1715,29:45,28
20957,INDB HSR SUP,SUF,Superfast,"Wed,Fri,Sun",INDB,INDORE JN,HSR,HISAR,1016,16:35,17
20958,HSR INDB SUP,SUF,Superfast,"Mon,Thu,Sat",HSR,HISAR,INDB,INDORE JN,1017,17:25,17
20959,BL VADNAGAR SUP,SUF,Superfast,Daily,BL,VALSAD,VDG,VADNAGAR,421,07:30,15
20960,VDG VALSAD SUP,SUF,Superfast,Daily,VDG,VADNAGAR,BL,VALSAD,421,07:38,15
20961,UDN BSBS SFAST,SUF,Superfast,Tue,UDN,UDHNA JN,BNRS,BANARAS,1541,27:25,22
20962,BNRS UDN SF EXP,SUF,Superfast,Wed,BNRS,BANARAS,UDN,UDHNA JN,1541,27:00,22
20963,SBIB BSB S FAST,SUF,Superfast,Thu,SBIB,SABARMATI BG,BSB,VARANASI,1696,30:35,20
20964,BSB SBIB EXPRESS,SUF,Superfast,Sat,BSB,VARANASI,SBIB,SABARMATI BG,1696,29:45,21
20965,BVC INTERCITY,SUF,Superfast,Daily,SBIB,SABARMATI BG,BVC,BHAVNAGAR TERMINUS,260,04:40,11
20966,SABARMATI INCITY,SUF,Superfast,Daily,BVC,BHAVNAGAR TERMINUS,SBIB,SABARMATI BG,264,04:30,11
20967,SC PBR SF EXP,SUF,Superfast,Wed,SC,SECUNDERABAD JN,PBR,PORBANDAR,1688,30:40,27
20968,PBR SC SF EXP,SUF,Superfast,Tue,PBR,PORBANDAR,SC,SECUNDERABAD JN,1688,30:15,28
20971,UDZ SHM EXP,SUF,Superfast,Sat,UDZ,UDAIPUR CITY,SHM,SHALIMAR,1873,33:00,27
20972,SHM UDZ SUF EXP,SUF,Superfast,Sun,SHM,SHALIMAR,UDZ,UDAIPUR CITY,1872,33:50,27
20975,HWH AGC EXPRESS,SUF,Superfast,Tue,HWH,HOWRAH JN,AGC,AGRA CANTT JN.,1406,25:15,34
20976,CHAMBAL EXP,SUF,Superfast,Thu,AGC,AGRA CANTT JN.,HWH,HOWRAH JN,1406,25:10,34
20977,CDG VANDEBHARAT,VNDB,Vande Bharat,"Mon,Tue,Thu,Fri,Sat,Sun",AII,AJMER JN,CDG,CHANDIGARH,675,08:35,10
20978,VANDEBHARAT EXP,VNDB,Vande Bharat,"Mon,Tue,Thu,Fri,Sat,Sun",CDG,CHANDIGARH,AII,AJMER JN,675,08:43,10
20983,BHUJ DEE SF EXP,SUF,Superfast,"Tue,Fri",BHUJ,BHUJ,DEE,DELHI SARAI ROHILLA,1153,19:20,19
20984,DEE BHUJ SF EXP,SUF,Superfast,"Wed,Sat",DEE,DELHI SARAI ROHILLA,BHUJ,BHUJ,1153,20:00,19
20985,KOTA MCTM EXP,SUF,Superfast,Wed,KOTA,KOTA JN,MCTM,MARTYR CAPTAIN TUSHAR MAHAJAN,1111,19:35,20
20986,MCTM KOTA EXP,SUF,Superfast,Thu,MCTM,MARTYR CAPTAIN TUSHAR MAHAJAN,KOTA,KOTA JN,1111,17:55,19
20987,UDZ ASV SF EXP,SUF,Superfast,Daily,UDZ,UDAIPUR CITY,ASV,ASARVA JN,298,05:25,16
20988,ASV UDZ SF EXP,SUF,Superfast,Daily,ASV,ASARVA JN,UDZ,UDAIPUR CITY,298,05:30,16
20989,UDZ CDG SF EXP,SUF,Superfast,"Wed,Sat",UDZ,UDAIPUR CITY,CDG,CHANDIGARH,998,17:45,25
20990,CDG UDZ SF EXP,SUF,Superfast,"Thu,Sun",CDG,CHANDIGARH,UDZ,UDAIPUR CITY,998,18:05,25
20991,AII DD SUPERFAST,SUF,Superfast,Thu,AII,AJMER JN,DD,DAUND JN,1500,26:25,22
20992,DD AJMER SF EXP,SUF,Superfast,Fri,DD,DAUND JN,AII,AJMER JN,1500,24:30,22
20993,JP UDZ SUPERFAST,SUF,Superfast,Daily,JP,JAIPUR JN.,UDZ,UDAIPUR CITY,429,07:20,26
20994,UDZ JP SUPERFAST,SUF,Superfast,Daily,UDZ,UDAIPUR CITY,JP,JAIPUR JN.,429,07:20,26
20995,AII BDTS SF,SUF,Superfast,Sat,AII,AJMER JN,BDTS,BANDRA TERMINUS,1013,18:25,20
20996,BDTS AII SF,SUF,Superfast,Sun,BDTS,BANDRA TERMINUS,AII,AJMER JN,1013,17:35,20
21125,RTM BHIND EXP,MEX,Mail/Express,"Tue,Fri,Sat",RTM,RATLAM JN,BIX,BHIND,765,16:25,23
21126,BIX RTM EXP,MEX,Mail/Express,"Wed,Sat,Sun",BIX,BHIND,RTM,RATLAM JN,765,16:40,23
21893,VANDE BHARAT EXP,VNDB,Vande Bharat,Sun,TATA,TATANAGAR JN,PNBE,PATNA JN,644,10:30,9
21894,VANDE BHARAT EXP,VNDB,Vande Bharat,Mon,PNBE,PATNA JN,TATA,TATANAGAR JN,644,10:35,9
21895,VANDE BHARAT EXP,VNDB,Vande Bharat,Mon,TATA,TATANAGAR JN,PNBE,PATNA JN,450,07:20,9
21896,VANDE BHARAT EXP,VNDB,Vande Bharat,Sun,PNBE,PATNA JN,TATA,TATANAGAR JN,450,07:10,9
21901,BARMER HUMSAFAR,SUF,Superfast,Fri,BDTS,BANDRA TERMINUS,BME,BARMER,993,17:55,23
21902,BDTS HUMSAFAR,SUF,Superfast,Sat,BME,BARMER,BDTS,BANDRA TERMINUS,993,17:30,23
21903,BDTS BKN SUP EXP,SUF,Superfast,Mon,BDTS,BANDRA TERMINUS,BKN,BIKANER JN,1212,20:50,21
21904,BKN BDTS SF,SUF,Superfast,Wed,BKN,BIKANER JN,BDTS,BANDRA TERMINUS,1213,21:45,21
21907,MMCT KGM SF EXP,SUF,Superfast,Wed,MMCT,MUMBAI CENTRAL,KGM,KATHGODAM,1581,26:55,25
21908,KGM MMCT SF EXP,SUF,Superfast,Thu,KGM,KATHGODAM,MMCT,MUMBAI CENTRAL,1581,27:30,25
22075,CHZ-GKP,AMTB,Amrit Bharat,Fri,CHZ,CHARLAPALLI,GKP,GORAKHPUR JN,1813,32:40,21
22076,GKP-CHZ,AMTB,Amrit Bharat,Sun,GKP,GORAKHPUR JN,CHZ,CHARLAPALLI,1812,32:30,21
22101,LTT MADURAI EXP,SUF,Superfast,Wed,LTT,LOKMANYATILAK,MDU,MADURAI JN,1699,29:15,26
22102,MDU LTT SF EXP,SUF,Superfast,Fri,MDU,MADURAI JN,LTT,LOKMANYATILAK,1698,28:30,25
22103,LTT AYODHYA EXP,SUF,Superfast,Mon,LTT,LOKMANYATILAK,AYC,AYODHYA CANTT,1593,27:55,17
22104,LTT EXPRESS,SUF,Superfast,Tue,AYC,AYODHYA CANTT,LTT,LOKMANYATILAK,1593,28:35,17
22105,INDRAYANI EXP,SUF,Superfast,Daily,CSMT,C SHIVAJI MAH T,PUNE,PUNE JN,192,03:25,8
22106,INDRAYANI EXP,SUF,Superfast,Daily,PUNE,PUNE JN,CSMT,C SHIVAJI MAH T,192,03:25,7
22107,CSMT LATUR EXP,SUF,Superfast,"Mon,Tue,Thu,Sun",CSMT,C SHIVAJI MAH T,LUR,LATUR,538,09:30,11
22108,LATUR CSMT EXP,SUF,Superfast,"Mon,Tue,Wed,Fri",LUR,LATUR,CSMT,C SHIVAJI MAH T,541,09:30,11
22109,LTT BPQ EXPRESS,SUF,Superfast,Tue,LTT,LOKMANYATILAK,BPQ,BALHARSHAH,875,14:25,17
22110,BPQ LTT EXPRESS,SUF,Superfast,Wed,BPQ,BALHARSHAH,LTT,LOKMANYATILAK,875,15:50,16
22111,AYC AMRIT BHARAT,AMTB,Amrit Bharat,Tue,LTT,LOKMANYATILAK,AYC,AYODHYA CANTT,1498,26:20,14
22112,AMRIT BHARAT EXP,AMTB,Amrit Bharat,Wed,AYC,AYODHYA CANTT,LTT,LOKMANYATILAK,1498,25:55,14
22113,LTT TVCN SF EXP,SUF,Superfast,"Tue,Sat",LTT,LOKMANYATILAK,TVCN,THIRUVANANTHAPURAM NORTH,1511,30:00,28
22114,TVCN LTT SF EXP,SUF,Superfast,"Mon,Thu",TVCN,THIRUVANANTHAPURAM NORTH,LTT,LOKMANYATILAK,1511,31:05,28
22115,LTT KRMI EXP,SUF,Superfast,Thu,LTT,LOKMANYATILAK,KRMI,KARMALI,543,11:50,8
22116,KRMI LTT AC EXP,SUF,Superfast,Thu,KRMI,KARMALI,LTT,LOKMANYATILAK,543,10:30,8
22117,PUNE AMI AC EXP,SUF,Superfast,Wed,PUNE,PUNE JN,AMI,AMRAVATI,719,13:00,11
22118,AMI PUNE AC EXP,SUF,Superfast,Thu,AMI,AMRAVATI,PUNE,PUNE JN,719,12:25,11
22119,MAO TEJAS EXP,TEJ,Tejas,"Tue,Thu,Sat",CSMT,C SHIVAJI MAH T,MAO,MADGAON JUNCTION,588,11:30,9
22120,CSMT TEJAS EXP,TEJ,Tejas,"Wed,Fri,Sun",MAO,MADGAON JUNCTION,CSMT,C SHIVAJI MAH T,588,11:40,9
22121,LTT LKO AC EXP,SUF,Superfast,Sat,LTT,LOKMANYATILAK,LKO,LUCKNOW JN.,1408,23:45,11
22122,LKO LTT AC EXP,SUF,Superfast,Sun,LKO,LUCKNOW JN.,LTT,LOKMANYATILAK,1408,24:30,11
22123,PUNE AJNI AC EX,SUF,Superfast,Fri,PUNE,PUNE JN,AJNI,AJNI,881,13:35,11
22124,AJNI PUNE AC EX,SUF,Superfast,Tue,AJNI,AJNI,PUNE,PUNE JN,886,15:35,11
22125,NGP ASR AC EXP,SUF,Superfast,Sat,NGP,NAGPUR JN.,ASR,AMRITSAR,1539,25:10,11
22126,NAGPUR AC EXP,SUF,Superfast,Mon,ASR,AMRITSAR,NGP,NAGPUR JN.,1539,23:45,11
22129,TULSI EXPRESS,SUF,Superfast,"Tue,Sun",LTT,LOKMANYATILAK,AYC,AYODHYA CANTT,1664,30:15,30
22130,TULSI EXPRESS,SUF,Superfast,"Mon,Wed",AYC,AYODHYA CANTT,LTT,LOKMANYATILAK,1664,30:00,29
22131,PUNE BANARAS EXP,SUF,Superfast,Mon,PUNE,PUNE JN,BNRS,BANARAS,1529,27:45,19
22132,GYAN GANGA EXP,SUF,Superfast,Wed,BNRS,BANARAS,PUNE,PUNE JN,1529,26:50,19
22135,MYS RU EXP,SUF,Superfast,Fri,MYS,MYSORE JN,RU,RENIGUNTA JN,486,08:50,7
22136,RU MYS SF EXP,SUF,Superfast,Sat,RU,RENIGUNTA JN,MYS,MYSORE JN,486,08:35,7
22137,PRERANA EXPRESS,SUF,Superfast,"Wed,Sat,Sun",NGP,NAGPUR JN.,ADI,AHMEDABAD JN,957,16:30,16
22138,PRERANA EXPRESS,SUF,Superfast,"Mon,Thu,Sun",ADI,AHMEDABAD JN,NGP,NAGPUR JN.,957,15:55,32
22139,AJNI HUMSAFAR,SUF,Superfast,Sat,PUNE,PUNE JN,AJNI,AJNI,881,14:50,9
22140,PUNE HUMSAFAR,SUF,Superfast,Sun,AJNI,AJNI,PUNE,PUNE JN,886,15:35,9
22141,NGP HUMSAFAR,SUF,Superfast,Thu,PUNE,PUNE JN,NGP,NAGPUR JN.,884,15:05,10
22142,PUNE HUMSAFAR,SUF,Superfast,Fri,NGP,NAGPUR JN.,PUNE,PUNE JN,884,15:10,9
22143,CSMT BIDAR EXP,SUF,Superfast,"Wed,Fri,Sat",CSMT,C SHIVAJI MAH T,BIDR,BIDAR,685,12:20,15
22144,BIDR CSMT SF EXP,SUF,Superfast,"Thu,Sat,Sun",BIDR,BIDAR,CSMT,C SHIVAJI MAH T,688,12:20,15
22145,BPL REWA SF EXP,SUF,Superfast,"Fri,Sun",BPL,BHOPAL JN.,REWA,REWA,575,10:15,12
22146,REWA BPL SF EXP,SUF,Superfast,"Mon,Sat",REWA,REWA,BPL,BHOPAL JN.,575,09:55,12
22147,DR SNSI SF EXP,SUF,Superfast,Fri,DR,DADAR,SNSI,SAINAGAR SHIRDI,336,06:05,7
22148,SNSI DR SF EXP,SUF,Superfast,Sat,SNSI,SAINAGAR SHIRDI,DR,DADAR,336,06:05,7
22149,ERS PUNE SF EXP,SUF,Superfast,"Tue,Fri",ERS,ERNAKULAM JN,PUNE,PUNE JN,1367,27:35,20
22150,PUNE ERS SF EXP,SUF,Superfast,"Wed,Sun",PUNE,PUNE JN,ERS,ERNAKULAM JN,1369,27:10,20
22151,PUNE KAZIPET EXP,SUF,Superfast,Fri,PUNE,PUNE JN,KZJ,KAZIPET JN,1178,21:20,22
22152,KZJ PUNE SF EXP,SUF,Superfast,Sun,KZJ,KAZIPET JN,PUNE,PUNE JN,1178,21:25,22
22153,MS SALEM SF EXP,SUF,Superfast,Daily,MS,CHENNAI EGMORE,SA,SALEM JN,353,06:20,12
22154,SALEM MS SF EXP,SUF,Superfast,Daily,SA,SALEM JN,MS,CHENNAI EGMORE,352,06:20,13
22155,KLBG KOP SUP EXP,SUF,Superfast,Daily,KLBG,KALABURAGI,KOP,KOLHAPUR,428,07:35,11
22156,KOP KLBG SUP EXP,SUF,Superfast,Daily,KOP,KOLHAPUR,KLBG,KALABURAGI,428,07:40,11
22157,CSMT MS SF MAIL,SUF,Superfast,Daily,CSMT,C SHIVAJI MAH T,MS,CHENNAI EGMORE,1284,23:23,35
22158,MS CSMT SF EXP,SUF,Superfast,Daily,MS,CHENNAI EGMORE,CSMT,C SHIVAJI MAH T,1287,23:15,34
22159,CSMT CHENNAI EXP,SUF,Superfast,Daily,CSMT,C SHIVAJI MAH T,MAS,PURATCHI THALAIVAR DR. MGR CTL,1279,22:00,64
22160,MAS CSMT SF EXP,SUF,Superfast,Daily,MAS,PURATCHI THALAIVAR DR. MGR CTL,CSMT,C SHIVAJI MAH T,1280,23:15,29
22161,RAJYARANI EXP,SUF,Superfast,Daily,BPL,BHOPAL JN.,DMO,DAMOH,290,05:10,11
22162,RAJYARANI EXP,SUF,Superfast,Daily,DMO,DAMOH,BPL,BHOPAL JN.,290,05:15,11
22163,KURJ MAHMANA EXP,SUF,Superfast,Daily,BPL,BHOPAL JN.,KURJ,KHAJURAHO,367,06:25,12
22164,MAHAMANA EXP,SUF,Superfast,Daily,KURJ,KHAJURAHO,BPL,BHOPAL JN.,367,06:35,12
22165,URJADHANI EXP,SUF,Superfast,"Tue,Wed,Sat",BPL,BHOPAL JN.,SGRL,SINGRAULI,662,12:00,13
22166,SGRL BPL SF EXP,SUF,Superfast,"Tue,Thu,Fri",SGRL,SINGRAULI,BPL,BHOPAL JN.,662,12:00,13
22167,SGRL NZM SF EXP,SUF,Superfast,"Wed,Sun",SGRL,SINGRAULI,NZM,HAZRAT NIZAMUDDIN JN,1071,18:10,15
22168,URJADHANI EXP,SUF,Superfast,"Mon,Thu",NZM,HAZRAT NIZAMUDDIN JN,SGRL,SINGRAULI,1071,18:05,15
22169,SRC HUMSAFAR,SUF,Superfast,Wed,RKMP,RANI KAMALAPATI,SRC,SANTRAGACHI JN,1437,25:35,16
22170,RKMP HUMSAFAR,SUF,Superfast,Thu,SRC,SANTRAGACHI JN,RKMP,RANI KAMALAPATI,1436,23:50,16
22171,RKMP HUMSAFAR,SUF,Superfast,Sun,PUNE,PUNE JN,RKMP,RANI KAMALAPATI,882,13:35,9
22172,PUNE HUMSAFAR,SUF,Superfast,Sat,RKMP,RANI KAMALAPATI,PUNE,PUNE JN,882,14:45,9
22173,CAF JBP SF EXP,SUF,Superfast,"Tue,Thu,Fri",CAF,CHANDA FORT,JBP,JABALPUR,477,08:40,7
22174,JBP CAF SF EXP,SUF,Superfast,"Tue,Thu,Fri",JBP,JABALPUR,CAF,CHANDA FORT,477,08:30,7
22175,NGP JP SUP EXP,SUF,Superfast,Thu,NGP,NAGPUR JN.,JP,JAIPUR JN.,1328,24:05,48
22176,JP NGP SF EXP,SUF,Superfast,Fri,JP,JAIPUR JN.,NGP,NAGPUR JN.,1328,23:10,24
22177,MAHANAGARI EXP,SUF,Superfast,Daily,CSMT,C SHIVAJI MAH T,BNRS,BANARAS,1508,27:30,30
22178,MAHANAGARI EXP,SUF,Superfast,Daily,BNRS,BANARAS,CSMT,C SHIVAJI MAH T,1508,26:05,29
22179,LTT CHENNAI EXP,SUF,Superfast,Mon,LTT,LOKMANYATILAK,MAS,PURATCHI THALAIVAR DR. MGR CTL,1263,21:40,18
22180,MAS LTT SF EXP,SUF,Superfast,Tue,MAS,PURATCHI THALAIVAR DR. MGR CTL,LTT,LOKMANYATILAK,1265,22:40,17
22181,JBP NZM SF EXP,SUF,Superfast,Daily,JBP,JABALPUR,NZM,HAZRAT NIZAMUDDIN JN,899,12:55,15
22182,NZM JBP SF EXP,SUF,Superfast,Daily,NZM,HAZRAT NIZAMUDDIN JN,JBP,JABALPUR,899,13:40,15
22183,SAKET EXPRESS,SUF,Superfast,"Wed,Sat",LTT,LOKMANYATILAK,AYC,AYODHYA CANTT,1503,26:00,20
22184,SAKET EXPRESS,SUF,Superfast,"Thu,Sun",AYC,AYODHYA CANTT,LTT,LOKMANYATILAK,1503,26:05,19
22185,ADI PUNE SF,SUF,Superfast,Thu,ADI,AHMEDABAD JN,PUNE,PUNE JN,629,11:15,17
22186,PUNE ADI SF EXP,SUF,Superfast,Wed,PUNE,PUNE JN,ADI,AHMEDABAD JN,631,11:25,16
22187,INTERCITY EXP,SUF,Superfast,Daily,RKMP,RANI KAMALAPATI,ADTL,ADHARTAL,339,05:45,12
22188,INTERCITY EXP,SUF,Superfast,Daily,ADTL,ADHARTAL,RKMP,RANI KAMALAPATI,339,06:08,12
22189,REWA INTERCITY,SUF,Superfast,Daily,MML,MADAN MAHAL,REWA,REWA,242,04:22,13
22190,MML INTERCITY,SUF,Superfast,Daily,REWA,REWA,MML,MADAN MAHAL,242,04:22,26
22191,INDB JBP SF EXP,SUF,Superfast,Daily,INDB,INDORE JN,JBP,JABALPUR,557,10:00,20
22192,JBP INDB SF EXP,SUF,Superfast,Daily,JBP,JABALPUR,INDB,INDORE JN,557,10:08,20
22193,DD GWL SF EXP,SUF,Superfast,Sun,DD,DAUND JN,GWL,GWALIOR JN.,1442,25:45,24
22194,GWL DD SF EXP,SUF,Superfast,Sat,GWL,GWALIOR JN.,DD,DAUND JN,1441,25:55,24
22195,VGLJ BDTS SF EX,SUF,Superfast,"Mon,Sun",VGLJ,VIRANGANA LAKSHMIBAI JHANSI JN,BDTS,BANDRA TERMINUS,1315,23:20,22
22196,BDTS VGLJ SFAST,SUF,Superfast,"Tue,Wed",BDTS,BANDRA TERMINUS,VGLJ,VIRANGANA LAKSHMIBAI JHANSI JN,1316,23:50,22
22197,KOAA VGLJ SF EX,SUF,Superfast,Sun,KOAA,KOLKATTA TERMINAL,VGLJ,VIRANGANA LAKSHMIBAI JHANSI JN,1321,23:55,19
22198,VGLJ KOAA SF EX,SUF,Superfast,Fri,VGLJ,VIRANGANA LAKSHMIBAI JHANSI JN,KOAA,KOLKATTA TERMINAL,1321,23:15,19
22199,SUSHASAN EXP,SUF,Superfast,Wed,GWL,GWALIOR JN.,BLP,BALRAMPUR,955,16:05,12
22200,SUSHASAN SF EXP,SUF,Superfast,Thu,BLP,BALRAMPUR,GWL,GWALIOR JN.,955,17:00,12
22201,DURONTO EXPRESS,DRNT,Duronto,"Mon,Wed,Fri",SDAH,SEALDAH,PURI,PURI,551,08:10,4
22202,DURONTO EXPRESS,DRNT,Duronto,"Tue,Thu,Sat",PURI,PURI,SDAH,SEALDAH,551,08:50,4
22203,DURONTO EXPRESS,DRNT,Duronto,"Tue,Thu,Sun",VSKP,VISAKHAPATNAM,SC,SECUNDERABAD JN,657,10:55,4
22204,VSKP DURONTO,DRNT,Duronto,"Mon,Wed,Sat",SC,SECUNDERABAD JN,VSKP,VISAKHAPATNAM,657,10:15,4
22207,TVC AC SF EXP,SUF,Superfast,"Tue,Fri",MAS,PURATCHI THALAIVAR DR. MGR CTL,TVC,THIRUVANANTHAPURAM CENTRAL,909,15:00,11
22208,MAS SF AC EXP,SUF,Superfast,"Wed,Sun",TVC,THIRUVANANTHAPURAM CENTRAL,MAS,PURATCHI THALAIVAR DR. MGR CTL,910,15:10,11
22209,NZM DURONTO,DRNT,Duronto,"Mon,Fri",MMCT,MUMBAI CENTRAL,NZM,HAZRAT NIZAMUDDIN JN,1373,16:40,5
22210,MMCT DURONTO,DRNT,Duronto,"Tue,Sat",NZM,HAZRAT NIZAMUDDIN JN,MMCT,MUMBAI CENTRAL,1373,17:35,5
22213,PNBE DURONTO EX,DRNT,Duronto,"Mon,Wed,Fri",SHM,SHALIMAR,PNBE,PATNA JN,540,08:25,4
22214,DURONTO EXP,DRNT,Duronto,"Tue,Thu,Sat",PNBE,PATNA JN,SHM,SHALIMAR,540,09:00,4
22221,NZM RAJDHANI,RAJ,Rajdhani,Daily,CSMT,C SHIVAJI MAH T,NZM,HAZRAT NIZAMUDDIN JN,1535,17:55,10
22222,CSMT RAJDHANI,RAJ,Rajdhani,Daily,NZM,HAZRAT NIZAMUDDIN JN,CSMT,C SHIVAJI MAH T,1535,18:20,10
22223,SNSI VANDEBHARAT,VNDB,Vande Bharat,"Mon,Wed,Thu,Fri,Sat,Sun",CSMT,C SHIVAJI MAH T,SNSI,SAINAGAR SHIRDI,343,05:10,6
22224,CSMT VANDEBHARAT,VNDB,Vande Bharat,"Mon,Wed,Thu,Fri,Sat,Sun",SNSI,SAINAGAR SHIRDI,CSMT,C SHIVAJI MAH T,343,05:05,6
22225,SUR VANDE BHARAT,VNDB,Vande Bharat,"Mon,Tue,Thu,Fri,Sat,Sun",CSMT,C SHIVAJI MAH T,SUR,SOLAPUR JN,455,06:35,8
22226,CSMT VANDEBHARAT,VNDB,Vande Bharat,"Mon,Tue,Wed,Fri,Sat,Sun",SUR,SOLAPUR JN,CSMT,C SHIVAJI MAH T,454,06:30,8
22227,VANDE BHARAT EXP,VNDB,Vande Bharat,"Mon,Wed,Thu,Fri,Sat,Sun",NJP,NEW JALPAIGURI,GHY,GUWAHATI,411,05:30,10
22228,VANDE BHARAT EXP,VNDB,Vande Bharat,"Mon,Wed,Thu,Fri,Sat,Sun",GHY,GUWAHATI,NJP,NEW JALPAIGURI,411,05:30,10
22229,MAO VANDE BHARAT,VNDB,Vande Bharat,"Mon,Wed,Fri",CSMT,C SHIVAJI MAH T,MAO,MADGAON JUNCTION,588,10:35,9
22230,CSMT VANDEBHARAT,VNDB,Vande Bharat,"Tue,Thu,Sat",MAO,MADGAON JUNCTION,CSMT,C SHIVAJI MAH T,588,10:10,9
22231,SMVB VANDEBHARAT,VNDB,Vande Bharat,"Mon,Tue,Wed,Thu,Sat,Sun",KLBG,KALABURAGI,SMVB,SMVT BENGALURU,564,08:00,9
22232,KLBG VANDEBHARAT,VNDB,Vande Bharat,"Mon,Tue,Wed,Fri,Sat,Sun",SMVB,SMVT BENGALURU,KLBG,KALABURAGI,561,08:00,9
22233,VANDE BHARAT EXP,VNDB,Vande Bharat,"Mon,Wed,Thu,Fri,Sat,Sun",NJP,NEW JALPAIGURI,PNBE,PATNA JN,471,07:00,9
22234,VANDE BHARAT EXP,VNDB,Vande Bharat,"Mon,Wed,Thu,Fri,Sat,Sun",PNBE,PATNA JN,NJP,NEW JALPAIGURI,471,07:05,9
22301,VANDE BHARAT EXP,VNDB,Vande Bharat,"Mon,Tue,Thu,Fri,Sat,Sun",HWH,HOWRAH JN,NJP,NEW JALPAIGURI,562,07:35,6
22302,VANDE BHARAT EXP,VNDB,Vande Bharat,"Mon,Tue,Thu,Fri,Sat,Sun",NJP,NEW JALPAIGURI,HWH,HOWRAH JN,562,07:35,6
22303,VANDE BHARAT EXP,VNDB,Vande Bharat,"Mon,Tue,Wed,Fri,Sat,Sun",HWH,HOWRAH JN,GAYA,GAYA JN,456,05:45,7
22304,VANDE BHARAT EXP,VNDB,Vande Bharat,"Mon,Tue,Wed,Fri,Sat,Sun",GAYA,GAYA JN,HWH,HOWRAH JN,456,05:55,7
22305,SMVB JSME EXP,SUF,Superfast,Sun,SMVB,SMVT BENGALURU,JSME,JASIDIH JN.,2303,38:35,20
22306,JSME SMVT EXP,SUF,Superfast,Fri,JSME,JASIDIH JN.,SMVB,SMVT BENGALURU,2303,37:00,20
22307,HWH BKN EXPRESS,SUF,Superfast,"Mon,Thu,Fri",HWH,HOWRAH JN,BKN,BIKANER JN,1882,30:45,32
22308,BKN HWH SF EXP,SUF,Superfast,"Wed,Sat,Sun",BKN,BIKANER JN,HWH,HOWRAH JN,1882,30:25,32
22309,VANDE BHARAT EXP,VNDB,Vande Bharat,"Mon,Tue,Wed,Thu,Sat,Sun",HWH,HOWRAH JN,JMP,JAMALPUR JN,438,06:30,10
22310,VANDE BHARAT EXP,VNDB,Vande Bharat,"Mon,Tue,Wed,Thu,Sat,Sun",JMP,JAMALPUR JN,HWH,HOWRAH JN,439,06:35,10
22311,GODA  LTT  EXP,SUF,Superfast,Sun,GODA,GODDA,LTT,LOKMANYATILAK,2009,36:20,44
22312,LTT GODDA EXP,SUF,Superfast,Thu,LTT,LOKMANYATILAK,GODA,GODDA,2014,36:30,43
22317,HUMSAFAR EXP,SUF,Superfast,Mon,SDAH,SEALDAH,JAT,JAMMUTAVI,1952,34:15,13
22318,SDAH HUMSAFAR,SUF,Superfast,Wed,JAT,JAMMUTAVI,SDAH,SEALDAH,1952,34:10,13
22321,HOOL EXPRESS,SUF,Superfast,Daily,HWH,HOWRAH JN,SURI,SIURI,246,04:20,11
22322,HOOL EXPRESS,SUF,Superfast,Daily,SURI,SIURI,HWH,HOWRAH JN,246,04:20,11
22323,SHABD BHEDI EXP,SUF,Superfast,Thu,KOAA,KOLKATTA TERMINAL,GCT,GHAZIPUR CITY,842,15:05,10
22324,SHABD BHEDI SF,SUF,Superfast,Fri,GCT,GHAZIPUR CITY,KOAA,KOLKATTA TERMINAL,842,14:45,10
22329,HLZ ASN SUF EXP,SUF,Superfast,"Mon,Tue,Wed,Thu,Fri,Sat",HLZ,HALDIA,ASN,ASANSOL JN.,326,05:50,18
22330,ASN HLZ SF EXP,SUF,Superfast,"Mon,Tue,Wed,Thu,Fri,Sat",ASN,ASANSOL JN.,HLZ,HALDIA,327,05:55,18
22345,VANDE BHARAT EXP,VNDB,Vande Bharat,"Mon,Tue,Wed,Thu,Sat,Sun",PNBE,PATNA JN,GTNR,GOMTI NAGAR,541,08:30,7
22346,VANDE BHARAT EXP,VNDB,Vande Bharat,"Mon,Tue,Wed,Thu,Sat,Sun",GTNR,GOMTI NAGAR,PNBE,PATNA JN,541,08:25,7
22347,VANDE BHARAT EXP,VNDB,Vande Bharat,"Mon,Tue,Thu,Fri,Sat,Sun",HWH,HOWRAH JN,PNBE,PATNA JN,532,06:50,11
22348,VANDE BHARAT EXP,VNDB,Vande Bharat,"Mon,Tue,Thu,Fri,Sat,Sun",PNBE,PATNA JN,HWH,HOWRAH JN,532,06:35,11
22349,VANDE BHARAT EXP,VNDB,Vande Bharat,"Mon,Wed,Thu,Fri,Sat,Sun",PNBE,PATNA JN,RNC,RANCHI,377,06:05,8
22350,VANDE BHARAT EXP,VNDB,Vande Bharat,"Mon,Wed,Thu,Fri,Sat,Sun",RNC,RANCHI,PNBE,PATNA JN,377,05:55,8
22351,SHC SMVB EXP,SUF,Superfast,Fri,SHC,SAHARSA JN,SMVB,SMVT BENGALURU,2897,51:00,36
22352,SMVB SHC EXP,SUF,Superfast,Mon,SMVB,SMVT BENGALURU,SHC,SAHARSA JN,2896,51:30,36
22353,HUMSAFAR EXP,SUF,Superfast,Thu,PNBE,PATNA JN,SMVB,SMVT BENGALURU,2682,44:15,22
22354,HUMSAFAR EXP,SUF,Superfast,Sun,SMVB,SMVT BENGALURU,PNBE,PATNA JN,2682,44:35,23
22355,PPTA CDG EXP,SUF,Superfast,"Wed,Sun",PPTA,PATLIPUTRA,CDG,CHANDIGARH,1149,20:45,16
22356,CDG PPTA EXP,SUF,Superfast,"Mon,Thu",CDG,CHANDIGARH,PPTA,PATLIPUTRA,1149,21:30,16
22357,LTT GAYA SF EXP,SUF,Superfast,Fri,LTT,LOKMANYATILAK,GAYA,GAYA JN,1998,32:45,23
22358,GAYA LTT SUP EXP,SUF,Superfast,Wed,GAYA,GAYA JN,LTT,LOKMANYATILAK,2000,34:45,23
22359,PNBE CSMT SF EXP,SUF,Superfast,"Wed,Sun",PNBE,PATNA JN,CSMT,C SHIVAJI MAH T,1705,25:50,10
22360,CSMT PNBE SF EXP,SUF,Superfast,"Tue,Fri",CSMT,C SHIVAJI MAH T,PNBE,PATNA JN,1705,26:35,10
22361,AMRIT BHARAT EXP,AMTB,Amrit Bharat,Daily,RJPB,RAJENDRA NAGAR,NDLS,NEW DELHI,997,17:20,10
22362,AMRIT BHARAT EXP,AMTB,Amrit Bharat,Daily,NDLS,NEW DELHI,RJPB,RAJENDRA NAGAR,997,16:35,10
22363,AMRIT BHARAT EXP,AMTB,Amrit Bharat,Sat,DHN,DHANBAD JN,CBE,COIMBATORE JN,2974,50:20,41
22364,CBE DHN AMRIT BH,AMTB,Amrit Bharat,Tue,CBE,COIMBATORE JN,DHN,DHANBAD JN,2988,53:10,41
22365,DNR SMVB EXP,SUF,Superfast,Daily,DNR,DANAPUR,SMVB,SMVT BENGALURU,2672,47:45,22
22366,SMVB DNR SF EXP,SUF,Superfast,Daily,SMVB,SMVT BENGALURU,DNR,DANAPUR,2672,48:25,22
22387,BLACKDIAMOND EX,SUF,Superfast,Daily,HWH,HOWRAH JN,DHN,DHANBAD JN,269,05:03,16
22388,BLACKDIAMOND EX,SUF,Superfast,Daily,DHN,DHANBAD JN,HWH,HOWRAH JN,269,05:10,16
22401,DEE MCTM AC SF,MEX,Mail/Express,"Mon,Wed,Sat",DEE,DELHI SARAI ROHILLA,MCTM,MARTYR CAPTAIN TUSHAR MAHAJAN,631,10:10,8
22402,MCTM DEE AC SF,MEX,Mail/Express,"Tue,Thu,Sun",MCTM,MARTYR CAPTAIN TUSHAR MAHAJAN,DEE,DELHI SARAI ROHILLA,631,09:45,8
22403,PDY NDLS SF EXP,SUF,Superfast,Wed,PDY,PONDICHERRY,NDLS,NEW DELHI,2379,38:25,15
22404,NDLS PDY SF EXP,SUF,Superfast,Sun,NDLS,NEW DELHI,PDY,PONDICHERRY,2379,38:20,15
22405,ANVT GARIB RATH,GBR,Garib Rath,"Tue,Thu,Sat",BGP,BHAGALPUR,ANVT,ANAND VIHAR TERMINAL,1204,19:05,20
22406,BGP GARIB RATH,GBR,Garib Rath,"Mon,Wed,Fri",ANVT,ANAND VIHAR TERMINAL,BGP,BHAGALPUR,1203,17:40,20
22407,ABKP NZM SF EXP,SUF,Superfast,Thu,ABKP,AMBIKAPUR,NZM,HAZRAT NIZAMUDDIN JN,1152,20:55,16
22408,NZM ABKP SF EXP,SUF,Superfast,Tue,NZM,HAZRAT NIZAMUDDIN JN,ABKP,AMBIKAPUR,1152,19:50,16
22409,ANVT GARIB RATH,GBR,Garib Rath,Sun,GAYA,GAYA JN,ANVT,ANAND VIHAR TERMINAL,979,13:15,10
22410,GAYA GARIB RATH,GBR,Garib Rath,Sat,ANVT,ANAND VIHAR TERMINAL,GAYA,GAYA JN,979,13:25,10
22411,ARUNACHAL EXP,SUF,Superfast,"Tue,Sat",NHLN,NAHARLAGUN,ANVT,ANAND VIHAR TERMINAL,2123,37:30,21
22412,ARUNACHAL EXP,SUF,Superfast,"Thu,Sun",ANVT,ANAND VIHAR TERMINAL,NHLN,NAHARLAGUN,2123,36:45,20
22413,MAO NZM RAJDHANI,RAJ,Rajdhani,"Mon,Sun",MAO,MADGAON JUNCTION,NZM,HAZRAT NIZAMUDDIN JN,1909,28:30,11
22414,NZM MAO RAJDANI,RAJ,Rajdhani,"Fri,Sat",NZM,HAZRAT NIZAMUDDIN JN,MAO,MADGAON JUNCTION,1909,26:19,11
22415,VANDE BHARAT EXP,VNDB,Vande Bharat,"Mon,Wed,Thu,Fri,Sat,Sun",BSB,VARANASI,NDLS,NEW DELHI,759,08:05,4
22416,VANDE BHARAT EXP,VNDB,Vande Bharat,"Mon,Wed,Thu,Fri,Sat,Sun",NDLS,NEW DELHI,BSB,VARANASI,759,08:05,4
22417,MAHAMANA EXP,SUF,Superfast,"Tue,Thu,Sat",BSB,VARANASI,NDLS,NEW DELHI,775,13:10,9
22418,MAHAMANA EXP,SUF,Superfast,"Mon,Wed,Fri",NDLS,NEW DELHI,BSB,VARANASI,775,13:45,9
22419,SUHAILDEV SFAST,SUF,Superfast,"Mon,Wed,Fri,Sun",GCT,GHAZIPUR CITY,ANVT,ANAND VIHAR TERMINAL,817,14:35,12
22420,SUHALDEV EXP,SUF,Superfast,"Tue,Thu,Sat,Sun",ANVT,ANAND VIHAR TERMINAL,GCT,GHAZIPUR CITY,817,14:40,12
22421,DEE JU SF EXP,SUF,Superfast,Daily,DEE,DELHI SARAI ROHILLA,JU,JODHPUR JN,621,10:45,22
22422,JU DEE EXP,SUF,Superfast,Daily,JU,JODHPUR JN,DEE,DELHI SARAI ROHILLA,621,11:15,21
22423,GKP-ASR SUPERFAST EXP,SUF,Superfast,Mon,GKP,GORAKHPUR JN,ASR,AMRITSAR,1088,19:40,16
22424,ASR-GKP SUPERFAST EXP,SUF,Superfast,Sun,ASR,AMRITSAR,GKP,GORAKHPUR JN,1087,19:05,16
22425,VANDE BHARAT EXP,VNDB,Vande Bharat,"Mon,Tue,Thu,Fri,Sat,Sun",AYC,AYODHYA CANTT,ANVT,ANAND VIHAR TERMINAL,629,08:15,6
22426,VANDE BHARAT EXP,VNDB,Vande Bharat,"Mon,Tue,Thu,Fri,Sat,Sun",ANVT,ANAND VIHAR TERMINAL,AYC,AYODHYA CANTT,629,08:20,6
22427,BHRIGU  SUP EXP,SUF,Superfast,Sun,BUI,BALLIA,ANVT,ANAND VIHAR TERMINAL,886,14:30,10
22428,BHRIGU SF EXP,SUF,Superfast,Sat,ANVT,ANAND VIHAR TERMINAL,BUI,BALLIA,886,14:10,10
22429,DLI PTK EXP,SUF,Superfast,"Mon,Tue,Wed,Fri,Sat,Sun",DLI,DELHI JN.,PTK,PATHANKOT,553,10:03,15
22430,PTK DLI EXP,SUF,Superfast,"Mon,Tue,Wed,Thu,Sat,Sun",PTK,PATHANKOT,DLI,DELHI JN.,553,09:55,17
22431,SFG MCTM SUP EXP,SUF,Superfast,"Tue,Sat",SFG,SUBEDARGANJ,MCTM,MARTYR CAPTAIN TUSHAR MAHAJAN,1262,20:35,18
22432,SFG MCTM SF EXP,SUF,Superfast,"Wed,Sun",MCTM,MARTYR CAPTAIN TUSHAR MAHAJAN,SFG,SUBEDARGANJ,1262,20:50,18
22433,GCT ANVT SF EXP,SUF,Superfast,"Tue,Sat",GCT,GHAZIPUR CITY,ANVT,ANAND VIHAR TERMINAL,835,14:40,11
22434,SUHALDEV EXP,SUF,Superfast,"Mon,Fri",ANVT,ANAND VIHAR TERMINAL,GCT,GHAZIPUR CITY,835,13:10,11
22435,VANDE BHARAT EX,VNDB,Vande Bharat,"Mon,Tue,Wed,Fri,Sat,Sun",BSB,VARANASI,NDLS,NEW DELHI,759,08:00,4
22436,VANDE BHARAT EX,VNDB,Vande Bharat,"Mon,Tue,Wed,Fri,Sat,Sun",NDLS,NEW DELHI,BSB,VARANASI,759,08:00,4
22437,ANVT HUMSAFAR,SUF,Superfast,"Mon,Wed,Sat",PRYJ,PRAYAGRAJ JN,ANVT,ANAND VIHAR TERMINAL,622,07:40,3
22438,PRYJ HUMSAFAR,SUF,Superfast,"Tue,Thu,Sun",ANVT,ANAND VIHAR TERMINAL,PRYJ,PRAYAGRAJ JN,622,07:45,3
22439,VANDE BHARAT EX,VNDB,Vande Bharat,"Mon,Tue,Thu,Fri,Sat,Sun",NDLS,NEW DELHI,SVDK,SHRI MATA VAISHNO DEVI KATRA,655,08:20,7
22440,VANDE BHARAT EX,VNDB,Vande Bharat,"Mon,Tue,Thu,Fri,Sat,Sun",SVDK,SHRI MATA VAISHNO DEVI KATRA,NDLS,NEW DELHI,655,08:15,7
22441,CKTD-CNB-INTERCITY,SUF,Superfast,Daily,CKTD,CHITRAKOT,CNB,KANPUR CENTRAL,326,05:55,12
22442,CNB-CKTD-INTERCITY,SUF,Superfast,Daily,CNB,KANPUR CENTRAL,CKTD,CHITRAKOT,326,05:55,12
22443,CNB BDTS EXP,SUF,Superfast,Wed,CNB,KANPUR CENTRAL,BDTS,BANDRA TERMINUS,1608,27:05,22
22444,BDTS KANPUR SUP,SUF,Superfast,Fri,BDTS,BANDRA TERMINUS,CNB,KANPUR CENTRAL,1608,26:00,22
22445,CNB-ASR SUF ,SUF,Superfast,Mon,CNB,KANPUR CENTRAL,ASR,AMRITSAR,897,16:00,14
22446,ASR CNB SF EXP,SUF,Superfast,Tue,ASR,AMRITSAR,CNB,KANPUR CENTRAL,897,16:05,14
22447,VANDE BHARAT EX,VNDB,Vande Bharat,"Mon,Wed,Thu,Fri,Sat,Sun",NDLS,NEW DELHI,AADR,AMB  ANDAURA,412,05:20,7
22448,VANDE BHARAT EX,VNDB,Vande Bharat,"Mon,Wed,Thu,Fri,Sat,Sun",AADR,AMB  ANDAURA,NDLS,NEW DELHI,412,05:25,7
22449,PORVOTR S KRNTI,SUF,Superfast,"Wed,Sat",GHY,GUWAHATI,NDLS,NEW DELHI,1901,30:40,14
22450,PORVOTR S KRNTI,SUF,Superfast,"Wed,Sun",NDLS,NEW DELHI,GHY,GUWAHATI,1901,32:15,14
22451,BDTS CDG SF EXP,SUF,Superfast,"Mon,Thu",BDTS,BANDRA TERMINUS,CDG,CHANDIGARH,1583,26:15,28
22452,CDG BDTS EXP,SUF,Superfast,"Wed,Sun",CDG,CHANDIGARH,BDTS,BANDRA TERMINUS,1583,25:55,28
22453,RAJYA RANI EXP,SUF,Superfast,Daily,LJN,LUCKNOW,MTC,MEERUT CITY,459,08:10,10
22454,RAJYA RANI EXP,SUF,Superfast,Daily,MTC,MEERUT CITY,LJN,LUCKNOW,459,08:00,10
22455,SNSI KALKA EXP,MEX,Mail/Express,"Tue,Sat",SNSI,SAINAGAR SHIRDI,KLK,KALKA,1633,26:10,16
22456,S NGR SHIRDI EX,MEX,Mail/Express,"Thu,Sun",KLK,KALKA,SNSI,SAINAGAR SHIRDI,1628,25:40,16
22457,VANDE BHARAT EXP,VNDB,Vande Bharat,"Mon,Tue,Wed,Fri,Sat,Sun",ANVT,ANAND VIHAR TERMINAL,DDN,DEHRADOON,301,04:45,8
22458,VANDE BHARAT EX,VNDB,Vande Bharat,"Mon,Tue,Wed,Fri,Sat,Sun",DDN,DEHRADOON,ANVT,ANAND VIHAR TERMINAL,301,04:45,8
22459,ANVT HUMSAFAR,MEX,Mail/Express,Tue,MDP,MADHUPUR JN.,ANVT,ANAND VIHAR TERMINAL,1232,18:30,12
22460,BV DHAM HUMSAFR,MEX,Mail/Express,Mon,ANVT,ANAND VIHAR TERMINAL,MDP,MADHUPUR JN.,1232,16:50,12
22461,SHRI SHAKTI EXP,SUF,Superfast,Daily,NDLS,NEW DELHI,SVDK,SHRI MATA VAISHNO DEVI KATRA,655,10:35,8
22462,SHRI SHAKTI EXP,SUF,Superfast,Daily,SVDK,SHRI MATA VAISHNO DEVI KATRA,NDLS,NEW DELHI,655,10:25,8
22463,RJSTHN S KRANTI,SUF,Superfast,"Fri,Sun",DEE,DELHI SARAI ROHILLA,BKN,BIKANER JN,682,10:50,11
22464,RJSTHN S KRANTI,SUF,Superfast,"Tue,Sat",BKN,BIKANER JN,DEE,DELHI SARAI ROHILLA,682,11:40,10
22465,BABA B DHAM EXP,SUF,Superfast,Thu,MDP,MADHUPUR JN.,ANVT,ANAND VIHAR TERMINAL,1232,18:30,12
22466,BABA V DHAM EXP,SUF,Superfast,Wed,ANVT,ANAND VIHAR TERMINAL,MDP,MADHUPUR JN.,1232,16:50,12
22469,VANDE BHARAT EXP,VNDB,Vande Bharat,"Tue,Wed,Thu,Fri,Sat,Sun",KURJ,KHAJURAHO,NZM,HAZRAT NIZAMUDDIN JN,658,08:20,9
22470,VANDE BHARAT EXP,VNDB,Vande Bharat,"Tue,Wed,Thu,Fri,Sat,Sun",NZM,HAZRAT NIZAMUDDIN JN,KURJ,KHAJURAHO,658,08:20,9
22471,LGH DEE EXP,SUF,Superfast,Daily,LGH,LALGARH JN,DEE,DELHI SARAI ROHILLA,461,08:20,15
22472,INTERCITY EXP,SUF,Superfast,Daily,DEE,DELHI SARAI ROHILLA,LGH,LALGARH JN,461,08:00,15
22473,BKN BDTS SF EXP,SUF,Superfast,Mon,BKN,BIKANER JN,BDTS,BANDRA TERMINUS,1213,20:30,23
22474,BDTS BKN SF EXP,SUF,Superfast,Tue,BDTS,BANDRA TERMINUS,BKN,BIKANER JN,1212,19:45,23
22475,HSR CBE AC EXP,SUF,Superfast,Wed,HSR,HISAR,CBE,COIMBATORE JN,2789,51:20,42
22476,CBE HSR AC EXP,SUF,Superfast,Sat,CBE,COIMBATORE JN,HSR,HISAR,2787,50:35,42
22477,VANDE BHARAT EXP,VNDB,Vande Bharat,"Mon,Tue,Thu,Fri,Sat,Sun",NDLS,NEW DELHI,SVDK,SHRI MATA VAISHNO DEVI KATRA,655,08:20,7
22478,VANDE BHARAT EXP,VNDB,Vande Bharat,"Mon,Tue,Thu,Fri,Sat,Sun",SVDK,SHRI MATA VAISHNO DEVI KATRA,NDLS,NEW DELHI,655,08:15,7
22479,SARBAT DA BHALA,SUF,Superfast,"Tue,Wed,Thu,Sat,Sun",NDLS,NEW DELHI,LNK,LOHIAN KHAS JN,437,07:50,17
22480,SARBAT DA BHALA,SUF,Superfast,"Tue,Wed,Thu,Sat,Sun",LNK,LOHIAN KHAS JN,NDLS,NEW DELHI,437,07:55,17
22481,JU DEE SF EXP,SUF,Superfast,Daily,JU,JODHPUR JN,DEE,DELHI SARAI ROHILLA,621,10:50,20
22482,DEE JU SF EXP,SUF,Superfast,Daily,DEE,DELHI SARAI ROHILLA,JU,JODHPUR JN,621,10:40,21
22483,BGKT GIMB EXP,SUF,Superfast,Daily,BGKT,BHAGAT KI KOTHI,GIMB,GANDHIDHAM BG,555,09:50,15
22484,GIMB BGKT SF EXP,SUF,Superfast,Daily,GIMB,GANDHIDHAM BG,BGKT,BHAGAT KI KOTHI,555,09:45,15
22485,FZR INTERCITY,SUF,Superfast,"Mon,Fri",NDLS,NEW DELHI,FZR,FIROZPUR CANT,452,07:50,15
22486,FZR INTERCITY,SUF,Superfast,"Mon,Fri",FZR,FIROZPUR CANT,NDLS,NEW DELHI,452,07:55,15
22487,VANDE BHARAT EXP,VNDB,Vande Bharat,"Mon,Tue,Wed,Thu,Sat,Sun",DLI,DELHI JN.,ASR,AMRITSAR,446,05:30,7
22488,VANDE BHARAT EXP,VNDB,Vande Bharat,"Mon,Tue,Wed,Thu,Sat,Sun",ASR,AMRITSAR,DLI,DELHI JN.,446,05:30,7
22489,VANDE BHARAT EXP,VNDB,Vande Bharat,"Mon,Wed,Thu,Fri,Sat,Sun",BSB,VARANASI,MTC,MEERUT CITY,782,11:55,7
22490,VANDE BHARAT EXP,VNDB,Vande Bharat,"Mon,Wed,Thu,Fri,Sat,Sun",MTC,MEERUT CITY,BSB,VARANASI,782,11:50,7
22491,MANDORE EXPRESS,SUF,Superfast,Daily,JU,JODHPUR JN,DLI,DELHI JN.,620,10:15,17
22492,MANDORE EXPRESS,SUF,Superfast,Daily,DLI,DELHI JN.,JU,JODHPUR JN,620,10:10,20
22497,SGNR TPJ HUMSFAR,SUF,Superfast,Mon,SGNR,SHRI GANGANAGAR,TPJ,TIRUCHCHIRAPPALLI JN.,3110,56:25,38
22498,SGNR HUMSAFAR,SUF,Superfast,Fri,TPJ,TIRUCHCHIRAPPALLI JN.,SGNR,SHRI GANGANAGAR,3109,55:35,38
22499,VANDE BHARAT EXP,VNDB,Vande Bharat,"Mon,Wed,Thu,Fri,Sat,Sun",DGHR,DEOGHAR,BSB,VARANASI,455,07:20,8
22500,VANDE BHARAT EX,VNDB,Vande Bharat,"Mon,Wed,Thu,Fri,Sat,Sun",BSB,VARANASI,DGHR,DEOGHAR,455,07:30,8
22501,NEWTINSUKIA EXP,SUF,Superfast,Tue,SMVB,SMVT BENGALURU,NTSK,NEW TINSUKIA,3541,60:55,42
22502,NTSK SMVB EXP,SUF,Superfast,Fri,NTSK,NEW TINSUKIA,SMVB,SMVT BENGALURU,3541,64:15,40
22503,DBRG VIVEK EXP,SUF,Superfast,Daily,CAPE,KANNIYAKUMARI,DBRG,DIBRUGARH,4158,75:35,60
22504,VIVEK EXPRESS,SUF,Superfast,Daily,DBRG,DIBRUGARH,CAPE,KANNIYAKUMARI,4156,74:45,120
22511,KARMABHOOMI EXP,SUF,Superfast,Tue,LTT,LOKMANYATILAK,KYQ,KAMAKHYA,2966,50:20,31
22512,KARMABHOOMI EXP,SUF,Superfast,Sat,KYQ,KAMAKHYA,LTT,LOKMANYATILAK,2967,51:30,31
22533,GKP YPR SUP,SUF,Superfast,Mon,GKP,GORAKHPUR JN,YPR,YESVANTPUR JN.,2509,44:12,24
22534,YPR GORAKPUR EXP,SUF,Superfast,Wed,YPR,YESVANTPUR JN.,GKP,GORAKHPUR JN,2509,43:15,25
22535,RMM BNRS SF EXP,SUF,Superfast,Wed,RMM,RAMESWARAM,BNRS,BANARAS,2791,49:15,36
22536,BNRS RMM EXP,SUF,Superfast,Sun,BNRS,BANARAS,RMM,RAMESWARAM,2791,50:30,36
22537,KUSHINAGAR EXP,SUF,Superfast,Daily,GKP,GORAKHPUR JN,LTT,LOKMANYATILAK,1686,30:45,45
22538,KUSHINAGAR EXP,SUF,Superfast,Daily,LTT,LOKMANYATILAK,GKP,GORAKHPUR JN,1686,30:35,45
22539,MAU ANVT SF EXP,SUF,Superfast,"Tue,Fri",MAU,MAU JN,ANVT,ANAND VIHAR TERMINAL,857,14:40,8
22540,ANVT MAU SF EXP,SUF,Superfast,"Wed,Sat",ANVT,ANAND VIHAR TERMINAL,MAU,MAU JN,857,13:35,8
22541,ANVT GARIB RATH,GBR,Garib Rath,"Thu,Sun",BNRS,BANARAS,ANVT,ANAND VIHAR TERMINAL,782,14:10,9
22542,BNRS GARIB RATH,GBR,Garib Rath,"Mon,Fri",ANVT,ANAND VIHAR TERMINAL,BNRS,BANARAS,782,13:55,9
22543,BDTS LKU SF EXP,SUF,Superfast,Tue,BDTS,BANDRA TERMINUS,LKU,LALKUA JN.,1623,26:20,18
22544,LKU BDTS SUP EXP,SUF,Superfast,Mon,LKU,LALKUA JN.,BDTS,BANDRA TERMINUS,1623,24:45,18
22545,VANDE BHARAT EXP,VNDB,Vande Bharat,"Tue,Wed,Thu,Fri,Sat,Sun",LJN,LUCKNOW,DDN,DEHRADOON,544,08:25,7
22546,VANDE BHARAT EXP,VNDB,Vande Bharat,"Tue,Wed,Thu,Fri,Sat,Sun",DDN,DEHRADOON,LJN,LUCKNOW,544,08:15,7
22547,GWL GG SF EXP,SUF,Superfast,"Wed,Sat,Sun",GWL,GWALIOR JN.,GG,GANDHIGRAM,986,15:50,19
22548,GG GWL SF EXP,SUF,Superfast,"Tue,Fri,Sat",GG,GANDHIGRAM,GWL,GWALIOR JN.,986,16:45,19
22549,VANDE BHARAT EXP,VNDB,Vande Bharat,"Mon,Tue,Wed,Thu,Fri,Sun",GKP,GORAKHPUR JN,PRYJ,PRAYAGRAJ JN,500,07:30,6
22550,VANDE BHARAT EXP,VNDB,Vande Bharat,"Mon,Tue,Wed,Thu,Fri,Sun",PRYJ,PRAYAGRAJ JN,GKP,GORAKHPUR JN,500,07:25,6
22551,DBG-JUC ANTYODAY EXPRESS,SUF,Superfast,Sat,DBG,DARBHANGA JN,JUC,JALANDHAR CITY,1401,25:45,16
22552,JUC-DBG ANTYODAY EXPRESS,SUF,Superfast,Sun,JUC,JALANDHAR CITY,DBG,DARBHANGA JN,1401,26:15,16
22553,RXL-LTT ANTYODAY EXPRESS,SUF,Superfast,Mon,RXL,RAXAUL JN,LTT,LOKMANYATILAK,1905,34:40,18
22554,LTT-RXL ANTYODAY EXPRESS,SUF,Superfast,Wed,LTT,LOKMANYATILAK,RXL,RAXAUL JN,1909,32:55,18
22563,JYG-UDN ANTYODAY SF EXP,SUF,Superfast,Thu,JYG,JAYNAGAR,UDN,UDHNA JN,1856,33:45,24
22564,UDN-JYG ANTYODAY SF EXP,SUF,Superfast,Sun,UDN,UDHNA JN,JYG,JAYNAGAR,1856,33:55,25
22581,BUI NDLS SF EXP,SUF,Superfast,"Tue,Wed",BUI,BALLIA,NDLS,NEW DELHI,899,14:15,11
22582,NDLS BUI SF EXP,SUF,Superfast,"Mon,Tue",NDLS,NEW DELHI,BUI,BALLIA,899,14:45,11
22583,CPR-LTT ANTYODAYA SUP,SUF,Superfast,Tue,CPR,CHHAPRA,LTT,LOKMANYATILAK,2037,36:15,24
22584,LTT CPR ANTYODAY SUP  ,SUF,Superfast,Thu,LTT,LOKMANYATILAK,CPR,CHHAPRA,2037,36:50,24
22585,BNRS GNC EXP,SUF,Superfast,Wed,BNRS,BANARAS,GNC,GANDHINAGAR CAPITAL,1494,24:10,14
22586,GNC BNRS EXP,SUF,Superfast,Thu,GNC,GANDHINAGAR CAPITAL,BNRS,BANARAS,1494,24:15,14
22587,AMRIT BHARAT EXP,AMTB,Amrit Bharat,"Mon,Wed,Sat",SDAH,SEALDAH,BNRS,BANARAS,773,11:50,8
22588,AMRIT BHARAT EXP,AMTB,Amrit Bharat,"Tue,Fri,Sun",BNRS,BANARAS,SDAH,SEALDAH,773,11:45,8
22589,AMRIT BHARAT EXP,AMTB,Amrit Bharat,Daily,BNRS,BANARAS,HDP,HADAPSAR,1706,29:55,20
22590,BNRS AMRITBHARAT,AMTB,Amrit Bharat,Daily,HDP,HADAPSAR,BNRS,BANARAS,1706,30:40,20
22601,MAS SNSI SF EXP,SUF,Superfast,Wed,MAS,PURATCHI THALAIVAR DR. MGR CTL,SNSI,SAINAGAR SHIRDI,1386,24:25,23
22602,SNSI MAS SF EXP,SUF,Superfast,Fri,SNSI,SAINAGAR SHIRDI,MAS,PURATCHI THALAIVAR DR. MGR CTL,1386,24:30,24
22603,KGP VM SF EXP,SUF,Superfast,Thu,KGP,KHARAGPUR JN,VM,VILLUPURAM JN,1829,29:05,20
22604,VM KGP SF EXP,SUF,Superfast,Tue,VM,VILLUPURAM JN,KGP,KHARAGPUR JN,1829,31:30,20
22605,PRR TEN SF EXP,SUF,Superfast,"Mon,Fri",PRR,PURULIA JN.,TEN,TIRUNELVELI JN,2527,41:55,37
22606,TEN PRR SF EXP,SUF,Superfast,"Wed,Sat",TEN,TIRUNELVELI JN,PRR,PURULIA JN.,2527,44:00,37
22609,INTERCITY SF EX,SUF,Superfast,Daily,MAQ,MANGALORE CENTRAL,CBE,COIMBATORE JN,405,07:20,15
22610,INTERCITY SF EX,SUF,Superfast,Daily,CBE,COIMBATORE JN,MAQ,MANGALORE CENTRAL,405,07:15,15
22611,MAS NJP SF EXP,SUF,Superfast,Wed,MAS,PURATCHI THALAIVAR DR. MGR CTL,NJP,NEW JALPAIGURI,2270,40:45,26
22612,NJP MAS EXPRESS,SUF,Superfast,Fri,NJP,NEW JALPAIGURI,MAS,PURATCHI THALAIVAR DR. MGR CTL,2271,40:00,26
22613,RMM AYC SF EXP,SUF,Superfast,Sun,RMM,RAMESWARAM,AYC,AYODHYA CANTT,2922,52:45,26
22614,AYC RMM SF EXP,SUF,Superfast,Wed,AYC,AYODHYA CANTT,RMM,RAMESWARAM,2922,51:25,26
22615,TPTY CBE SF EXP,SUF,Superfast,"Mon,Wed,Thu,Sat",TPTY,TIRUPATI,CBE,COIMBATORE JN,472,07:55,11
22616,TIRUPATI SF EXP,SUF,Superfast,"Tue,Thu,Fri,Sun",CBE,COIMBATORE JN,TPTY,TIRUPATI,471,07:15,10
22617,TPTY SMVB SF EX,SUF,Superfast,"Tue,Fri,Sun",TPTY,TIRUPATI,SMVB,SMVT BENGALURU,321,06:00,9
22618,TIRUPATHI EXP,SUF,Superfast,"Mon,Wed,Sat",SMVB,SMVT BENGALURU,TPTY,TIRUPATI,321,05:45,9
22619,BSP TEN SF EXP,SUF,Superfast,Tue,BSP,BILASPUR JN.,TEN,TIRUNELVELI JN,2505,43:00,32
22620,TEN BSP SF EXP,SUF,Superfast,Sun,TEN,TIRUNELVELI JN,BSP,BILASPUR JN.,2503,44:10,32
22621,RMM CAPE SF EXP,SUF,Superfast,"Mon,Wed,Sat",RMM,RAMESWARAM,CAPE,KANNIYAKUMARI,406,07:15,10
22622,CAPE RMM SF EXP,SUF,Superfast,"Tue,Thu,Sun",CAPE,KANNIYAKUMARI,RMM,RAMESWARAM,406,07:15,10
22623,MS MDU SF EXP,SUF,Superfast,"Fri,Sun",TBM,TAMBARAM,MDU,MADURAI JN,536,09:25,10
22624,MDU MS SF EXP,SUF,Superfast,"Thu,Sat",MDU,MADURAI JN,TBM,TAMBARAM,536,09:35,10
22625,SBC DBLDECK EXP,SUF,Superfast,Daily,MAS,PURATCHI THALAIVAR DR. MGR CTL,SBC,KSR BENGALURU,354,05:45,12
22626,MAS DOUBLE DECK,SUF,Superfast,Daily,SBC,KSR BENGALURU,MAS,PURATCHI THALAIVAR DR. MGR CTL,354,06:15,13
22627,TPJ TVC SF EXP,SUF,Superfast,Daily,TPJ,TIRUCHCHIRAPPALLI JN.,TVC,THIRUVANANTHAPURAM CENTRAL,461,08:05,12
22628,TVC TPJ SF EXP,SUF,Superfast,Daily,TVC,THIRUVANANTHAPURAM CENTRAL,TPJ,TIRUCHCHIRAPPALLI JN.,461,08:10,12
22629,LTT TEN EXP,SUF,Superfast,Thu,LTT,LOKMANYATILAK,TEN,TIRUNELVELI JN,1757,36:15,28
22630,TEN LTT SF EXP,SUF,Superfast,Wed,TEN,TIRUNELVELI JN,LTT,LOKMANYATILAK,1756,33:50,28
22631,ANUVRAT SF EXP,SUF,Superfast,Thu,MDU,MADURAI JN,BKN,BIKANER JN,3062,50:40,42
22632,BKN MDU SF EXP,SUF,Superfast,Sun,BKN,BIKANER JN,MDU,MADURAI JN,3063,51:00,42
22633,TVC NZM SF EXP,SUF,Superfast,Wed,TVC,THIRUVANANTHAPURAM CENTRAL,NZM,HAZRAT NIZAMUDDIN JN,2842,45:50,29
22634,NZM TVC EXPRESS,SUF,Superfast,Fri,NZM,HAZRAT NIZAMUDDIN JN,TVC,THIRUVANANTHAPURAM CENTRAL,2843,49:05,29
22637,WESTCOAST SF EXP,SUF,Superfast,Daily,MAS,PURATCHI THALAIVAR DR. MGR CTL,MAQ,MANGALORE CENTRAL,901,16:25,29
22638,WESTCOAST SF EXP,SUF,Superfast,Daily,MAQ,MANGALORE CENTRAL,MAS,PURATCHI THALAIVAR DR. MGR CTL,904,16:15,30
22639,ALLEPPEY SF EXP,SUF,Superfast,Daily,MAS,PURATCHI THALAIVAR DR. MGR CTL,ALLP,ALAPPUZHA,761,13:45,24
22640,CHENNAI SF EXP,SUF,Superfast,Daily,ALLP,ALAPPUZHA,MAS,PURATCHI THALAIVAR DR. MGR CTL,761,13:55,25
22641,SHALIMAR SF EXP,SUF,Superfast,"Thu,Sat",TVC,THIRUVANANTHAPURAM CENTRAL,SHM,SHALIMAR,2563,43:35,37
22642,SHM TVC SUF EXP,SUF,Superfast,"Tue,Sun",SHM,SHALIMAR,TVC,THIRUVANANTHAPURAM CENTRAL,2562,44:10,37
22643,ERS PNBE SF EXP,SUF,Superfast,"Mon,Tue",ERS,ERNAKULAM JN,PNBE,PATNA JN,2781,50:40,45
22644,PNBE ERS EXP,SUF,Superfast,"Thu,Fri",PNBE,PATNA JN,ERS,ERNAKULAM JN,2781,49:20,86
22645,INDB KCVL SF EXP,SUF,Superfast,Mon,INDB,INDORE JN,TVCN,THIRUVANANTHAPURAM NORTH,2648,46:55,50
22646,AHILYANAGARI EXP,SUF,Superfast,Sat,TVCN,THIRUVANANTHAPURAM NORTH,INDB,INDORE JN,2646,46:30,49
22647,KRBA TVCN SF EXP,SUF,Superfast,"Wed,Sat",KRBA,KORBA,TVCN,THIRUVANANTHAPURAM NORTH,2513,44:00,53
22648,TVCN KRBA SF EXP,SUF,Superfast,"Mon,Thu",TVCN,THIRUVANANTHAPURAM NORTH,KRBA,KORBA,2513,44:45,53
22649,YERCAUD SF EXP,SUF,Superfast,Daily,MAS,PURATCHI THALAIVAR DR. MGR CTL,ED,ERODE JN,398,06:50,12
22650,YERCAUD SF EXP,SUF,Superfast,Daily,ED,ERODE JN,MAS,PURATCHI THALAIVAR DR. MGR CTL,398,06:40,13
22651,MAS PGT EXPRESS,SUF,Superfast,Daily,MAS,PURATCHI THALAIVAR DR. MGR CTL,PGT,PALAKKAD JN,677,11:40,20
22652,PGT MAS EXPRESS,SUF,Superfast,Daily,PGT,PALAKKAD JN,MAS,PURATCHI THALAIVAR DR. MGR CTL,677,11:55,21
22653,TVC NZM SF EXP,SUF,Superfast,Fri,TVC,THIRUVANANTHAPURAM CENTRAL,NZM,HAZRAT NIZAMUDDIN JN,2854,48:40,31
22654,NZM TVC SF EXP,SUF,Superfast,Mon,NZM,HAZRAT NIZAMUDDIN JN,TVC,THIRUVANANTHAPURAM CENTRAL,2854,49:50,31
22655,ERS NZM SF EXP,SUF,Superfast,Wed,ERS,ERNAKULAM JN,NZM,HAZRAT NIZAMUDDIN JN,2637,44:25,26
22656,NZM ERS SF EXP,SUF,Superfast,Fri,NZM,HAZRAT NIZAMUDDIN JN,ERS,ERNAKULAM JN,2637,45:35,26
22657,TBM CAPE SF EXP,SUF,Superfast,"Mon,Wed,Sun",TBM,TAMBARAM,CAPE,KANNIYAKUMARI,717,11:45,14
22658,CAPE TBM SF EXP,SUF,Superfast,"Mon,Tue,Thu",CAPE,KANNIYAKUMARI,TBM,TAMBARAM,717,11:35,14
22659,TVCN YNRK SF EXP,SUF,Superfast,Fri,TVCN,THIRUVANANTHAPURAM NORTH,YNRK,YOG NAGARI RISHIKESH,3114,56:50,29
22660,YNRK TVCN SF EXP,SUF,Superfast,Mon,YNRK,YOG NAGARI RISHIKESH,TVCN,THIRUVANANTHAPURAM NORTH,3114,56:15,30
22661,MS RMM SF EXP,SUF,Superfast,Daily,MS,CHENNAI EGMORE,RMM,RAMESWARAM,600,10:05,18
22662,RMM MS SF EXP,SUF,Superfast,Daily,RMM,RAMESWARAM,MS,CHENNAI EGMORE,600,10:10,18
22663,TBM-JU SF EXP,SUF,Superfast,Sat,TBM,TAMBARAM,JU,JODHPUR JN,2376,41:15,31
22664,JU MS SF EXPRESS,SUF,Superfast,Tue,JU,JODHPUR JN,TBM,TAMBARAM,2376,40:55,31
22665,SBC CBE UDAY EXP,SUF,Superfast,Daily,SBC,KSR BENGALURU,CBE,COIMBATORE JN,420,06:50,9
22666,CBE SBC UDAY EXP,SUF,Superfast,Daily,CBE,COIMBATORE JN,SBC,KSR BENGALURU,420,06:55,8
22667,NCJ CBE SF EXP,SUF,Superfast,Daily,NCJ,NAGERCOIL JUNCTION,CBE,COIMBATORE JN,536,09:20,13
22668,CBE NCJ SF EXP,SUF,Superfast,Daily,CBE,COIMBATORE JN,NCJ,NAGERCOIL JUNCTION,536,09:10,13
22669,ERS PNBE SF EXP,SUF,Superfast,Sat,ERS,ERNAKULAM JN,PNBE,PATNA JN,3047,54:30,36
22670,PNBE ERS EXPRES,SUF,Superfast,Tue,PNBE,PATNA JN,ERS,ERNAKULAM JN,3046,53:10,37
22671,TEJAS EXPRESS,TEJ,Tejas,"Mon,Tue,Wed,Fri,Sat,Sun",MS,CHENNAI EGMORE,MDU,MADURAI JN,496,06:10,5
22672,TEJAS EXPRESS,TEJ,Tejas,"Mon,Tue,Wed,Fri,Sat,Sun",MDU,MADURAI JN,MS,CHENNAI EGMORE,496,06:15,5
22673,JU MQ SF EXP,SUF,Superfast,Thu,JU,JODHPUR JN,MQ,MANNARGUDI,2856,47:45,42
22674,MQ JU SF EXPRESS,SUF,Superfast,Mon,MQ,MANNARGUDI,JU,JODHPUR JN,2856,49:15,42
22675,CHOZHAN SF EXP,SUF,Superfast,Daily,MS,CHENNAI EGMORE,TPJ,TIRUCHCHIRAPPALLI JN.,400,07:15,20
22676,CHOZHAN SF EXP,SUF,Superfast,Daily,TPJ,TIRUCHCHIRAPPALLI JN.,MS,CHENNAI EGMORE,400,07:15,20
22679,INTERCITY EXP,SUF,Superfast,Daily,YPR,YESVANTPUR JN.,HAS,HASSAN,175,03:05,10
22680,INTERCITY EXP,SUF,Superfast,Daily,HAS,HASSAN,YPR,YESVANTPUR JN.,175,03:05,10
22681,MYS MAS SF EXP,SUF,Superfast,Wed,MYS,MYSORE JN,MAS,PURATCHI THALAIVAR DR. MGR CTL,492,08:40,12
22682,MAS MYS SF EXP,SUF,Superfast,Thu,MAS,PURATCHI THALAIVAR DR. MGR CTL,MYS,MYSORE JN,492,08:15,11
22683,YPR LKO EXP,SUF,Superfast,Mon,YPR,YESVANTPUR JN.,LKO,LUCKNOW JN.,2341,42:20,31
22684,LKO YPR SF EXP,SUF,Superfast,Thu,LKO,LUCKNOW JN.,YPR,YESVANTPUR JN.,2330,42:35,31
22685,CDG SKRANTI EXP,SUF,Superfast,"Wed,Sat",YPR,YESVANTPUR JN.,CDG,CHANDIGARH,2853,48:45,19
22686,KARNTK S KRANTI,SUF,Superfast,"Tue,Sat",CDG,CHANDIGARH,YPR,YESVANTPUR JN.,2854,49:50,19
22687,MYS BSB EXP,SUF,Superfast,"Tue,Thu",MYS,MYSORE JN,BSB,VARANASI,2697,48:25,34
22688,BSB MYS EXPRESS,SUF,Superfast,"Thu,Sat",BSB,VARANASI,MYS,MYSORE JN,2697,48:20,34
22689,ADI YPR SUP FAST,SUF,Superfast,Tue,ADI,AHMEDABAD JN,YPR,YESVANTPUR JN.,1778,31:30,24
22690,AHMEDABAD EXP,SUF,Superfast,Sun,YPR,YESVANTPUR JN.,ADI,AHMEDABAD JN,1778,32:15,25
22691,RAJDHANI EXP,RAJ,Rajdhani,Daily,SBC,KSR BENGALURU,NZM,HAZRAT NIZAMUDDIN JN,2374,33:30,16
22692,SBC RAJDHANI,RAJ,Rajdhani,Daily,NZM,HAZRAT NIZAMUDDIN JN,SBC,KSR BENGALURU,2374,33:30,16
22697,UBL MAS SF EXP,SUF,Superfast,Sat,UBL,SSS HUBBALLI JN,MAS,PURATCHI THALAIVAR DR. MGR CTL,825,14:40,18
22698,MAS UBL SF EXP,SUF,Superfast,Sun,MAS,PURATCHI THALAIVAR DR. MGR CTL,UBL,SSS HUBBALLI JN,824,14:00,17
22705,JAT HUMSAFAR,SUF,Superfast,Tue,TPTY,TIRUPATI,JAT,JAMMUTAVI,2982,44:50,14
22706,TPTY HAMSAFAR,SUF,Superfast,Fri,JAT,JAMMUTAVI,TPTY,TIRUPATI,2982,48:55,14
22707,DOUBLE DECKER SF,SUF,Superfast,"Mon,Thu,Sat",VSKP,VISAKHAPATNAM,TPTY,TIRUPATI,763,13:30,18
22708,TPTY VSKP DD EX,SUF,Superfast,"Wed,Fri,Sun",TPTY,TIRUPATI,VSKP,VISAKHAPATNAM,763,12:50,18
22709,NED AADR SF EXP,SUF,Superfast,Tue,NED,NANDED,AADR,AMB  ANDAURA,1882,31:05,26
22710,AADR NED SF EXP,SUF,Superfast,Thu,AADR,AMB  ANDAURA,NED,NANDED,1882,29:50,26
22715,KCG MDU SF EXP,SUF,Superfast,Sat,KCG,KACHEGUDA,MDU,MADURAI JN,1289,22:55,23
22716,MDU KCG SF EXP,SUF,Superfast,Sun,MDU,MADURAI JN,KCG,KACHEGUDA,1289,23:25,23
22717,RJT SC SUP EXP,SUF,Superfast,"Mon,Wed,Thu",RJT,RAJKOT,SC,SECUNDERABAD JN,1471,26:00,28
22718,RAJKOT SF EXP,SUF,Superfast,"Mon,Tue,Sat",SC,SECUNDERABAD JN,RJT,RAJKOT,1471,26:40,29
22723,NED SGNR SF EXP,SUF,Superfast,Thu,NED,NANDED,SGNR,SHRI GANGANAGAR,1994,36:10,36
22724,SGNR NED SF EXP,SUF,Superfast,Sat,SGNR,SHRI GANGANAGAR,NED,NANDED,1995,36:10,36
22731,MUMBAI SF EXP,SUF,Superfast,Daily,HYB,HYDERABAD,CSMT,C SHIVAJI MAH T,792,14:25,22
22732,HYDERABAD EXP,SUF,Superfast,Daily,CSMT,C SHIVAJI MAH T,HYB,HYDERABAD,792,14:20,22
22737,SC HSR SF EXP,SUF,Superfast,"Tue,Wed",SC,SECUNDERABAD JN,HSR,HISAR,2421,43:10,37
22738,HSR SC SF EXP,SUF,Superfast,"Fri,Sun",HSR,HISAR,SC,SECUNDERABAD JN,2421,43:00,36
22801,VSKP MAS S F,SUF,Superfast,Fri,VSKP,VISAKHAPATNAM,MAS,PURATCHI THALAIVAR DR. MGR CTL,778,13:00,15
22802,MAS VSKP SF EXP,SUF,Superfast,Sat,MAS,PURATCHI THALAIVAR DR. MGR CTL,VSKP,VISAKHAPATNAM,778,12:30,15
22803,SHM SBP SUF EXP,SUF,Superfast,Sat,SHM,SHALIMAR,SBP,SAMBALPUR JN.,658,11:00,11
22804,SBP SHM SUP EXP,SUF,Superfast,Fri,SBP,SAMBALPUR JN.,SHM,SHALIMAR,659,11:45,11
22805,BBS ANVT S F,SUF,Superfast,Sat,BBS,BHUBANESWAR,ANVT,ANAND VIHAR TERMINAL,1883,31:05,18
22806,ANVT BBS SF EXP,SUF,Superfast,Mon,ANVT,ANAND VIHAR TERMINAL,BBS,BHUBANESWAR,1883,30:45,18
22807,MAS SUF AC EXP,SUF,Superfast,"Tue,Fri",SRC,SANTRAGACHI JN,MAS,PURATCHI THALAIVAR DR. MGR CTL,1652,26:25,18
22808,SRC AC SF EXP,SUF,Superfast,"Thu,Sun",MAS,PURATCHI THALAIVAR DR. MGR CTL,SRC,SANTRAGACHI JN,1652,26:40,18
22809,VSKP SF EXP,SUF,Superfast,Mon,PRDP,PARADEEP,VSKP,VISAKHAPATNAM,553,10:00,15
22810,PRDP SF EXP,SUF,Superfast,Sun,VSKP,VISAKHAPATNAM,PRDP,PARADEEP,553,09:50,15
22811,TEJAS RAJ EXP,RAJ,Rajdhani,"Wed,Sun",BBS,BHUBANESWAR,NDLS,NEW DELHI,1721,23:20,15
22812,BBS TEJAS RAJ,RAJ,Rajdhani,"Mon,Fri",NDLS,NEW DELHI,BBS,BHUBANESWAR,1722,23:15,15
22815,BSP ERS SF EXP,SUF,Superfast,Mon,BSP,BILASPUR JN.,ERS,ERNAKULAM JN,2153,36:00,23
22816,ERS BSP SF EXP,SUF,Superfast,Wed,ERS,ERNAKULAM JN,BSP,BILASPUR JN.,2153,36:55,23
22817,HWH MYS EXP,SUF,Superfast,Fri,HWH,HOWRAH JN,MYS,MYSORE JN,2093,35:35,21
22818,MYS HOWRAH EXP,SUF,Superfast,Sun,MYS,MYSORE JN,HWH,HOWRAH JN,2093,35:15,22
22819,INTERCITY SF EXP,SUF,Superfast,Daily,BBSN,BHUBANESWAR NEW JN,VSKP,VISAKHAPATNAM,456,08:15,30
22820,INTERCITY SF EX,SUF,Superfast,Daily,VSKP,VISAKHAPATNAM,BBSN,BHUBANESWAR NEW JN,455,08:15,30
22823,TEJAS RAJ EXP,RAJ,Rajdhani,"Mon,Tue,Thu,Fri",BBS,BHUBANESWAR,NDLS,NEW DELHI,1797,24:25,15
22824,BBS TEJAS RAJ,RAJ,Rajdhani,"Tue,Wed,Thu,Sat",NDLS,NEW DELHI,BBS,BHUBANESWAR,1797,24:30,15
22825,SHM MAS SF EXP,SUF,Superfast,Tue,SHM,SHALIMAR,MAS,PURATCHI THALAIVAR DR. MGR CTL,1657,25:55,24
22826,MAS SHM SF EXP,SUF,Superfast,Wed,MAS,PURATCHI THALAIVAR DR. MGR CTL,SHM,SHALIMAR,1657,28:15,24
22827,PURI ST S F,SUF,Superfast,Sun,PURI,PURI,ST,SURAT,1758,30:50,18
22828,SURAT PURI EXP,SUF,Superfast,Tue,ST,SURAT,PURI,PURI,1757,30:35,18
22829,BHUJ SHM EXP,SUF,Superfast,Tue,BHUJ,BHUJ,SHM,SHALIMAR,2419,42:50,32
22830,SHM BHUJ  SF EXP,SUF,Superfast,Sat,SHM,SHALIMAR,BHUJ,BHUJ,2419,42:55,32
22831,HWH YPR SF EXP,SUF,Superfast,Wed,HWH,HOWRAH JN,YPR,YESVANTPUR JN.,1906,34:10,22
22832,YPR HWH SF EXP,SUF,Superfast,Fri,YPR,YESVANTPUR JN.,HWH,HOWRAH JN,1906,33:35,24
22833,HUMSAFAR EXPRES,SUF,Superfast,Wed,BBS,BHUBANESWAR,SMVB,SMVT BENGALURU,1510,24:35,20
22834,BBS HUMSAFAR,SUF,Superfast,Thu,SMVB,SMVT BENGALURU,BBS,BHUBANESWAR,1510,25:45,20
22835,SHM PURI SF EXP,SUF,Superfast,Wed,SHM,SHALIMAR,PURI,PURI,499,08:45,11
22836,PURI SHM SF,SUF,Superfast,Tue,PURI,PURI,SHM,SHALIMAR,500,09:00,11
22837,DHARTI ABBA EXP,SUF,Superfast,Mon,HTE,HATIA,ERS,ERNAKULAM JN,2245,40:20,31
22838,DHARTI AABA EXP,SUF,Superfast,Wed,ERS,ERNAKULAM JN,HTE,HATIA,2245,40:10,31
22839,INTERCITY EXP,SUF,Superfast,Daily,ROU,ROURKELA,BBS,BHUBANESWAR,419,07:35,16
22840,INTERCITY SF EX,SUF,Superfast,Daily,BBS,BHUBANESWAR,ROU,ROURKELA,419,07:35,15
22841,SRC TBM ANTYODAYA EXPRESS,SUF,Superfast,Mon,SRC,SANTRAGACHI JN,TBM,TAMBARAM,1682,27:35,29
22842,TBM SRC ANTYODAYA EXPRESS,SUF,Superfast,Wed,TBM,TAMBARAM,SRC,SANTRAGACHI JN,1683,27:40,29
22843,BSP BXR SF EXP,SUF,Superfast,Fri,BSP,BILASPUR JN.,BXR,BUXAR,1085,19:40,29
22844,BXR BSP SF EXP,SUF,Superfast,Sat,BXR,BUXAR,BSP,BILASPUR JN.,1085,19:40,29
22845,PUNE HATIA EXP,SUF,Superfast,"Wed,Sun",PUNE,PUNE JN,HTE,HATIA,1776,30:40,20
22846,HTE PUNE SF EXP,SUF,Superfast,"Mon,Fri",HTE,HATIA,PUNE,PUNE JN,1778,30:15,20
22847,VSKP LTT S F,SUF,Superfast,Sun,VSKP,VISAKHAPATNAM,LTT,LOKMANYATILAK,1653,28:40,24
22848,LTT VSKP EXPRESS,SUF,Superfast,Tue,LTT,LOKMANYATILAK,VSKP,VISAKHAPATNAM,1652,29:05,24
22849,SHM SC SUF EXP,SUF,Superfast,Wed,SHM,SHALIMAR,SC,SECUNDERABAD JN,1576,26:25,20
22850,SC SHM WKLY SF,SUF,Superfast,Fri,SC,SECUNDERABAD JN,SHM,SHALIMAR,1577,26:55,21
22851,MAQ VIVEK SF EXP,SUF,Superfast,Thu,SRC,SANTRAGACHI JN,MAQ,MANGALORE CENTRAL,2485,41:55,40
22852,SRC VIVEK SF EX,SUF,Superfast,Sat,MAQ,MANGALORE CENTRAL,SRC,SANTRAGACHI JN,2486,43:00,40
22853,SHM VSKP SF EXP,SUF,Superfast,Tue,SHM,SHALIMAR,VSKP,VISAKHAPATNAM,879,14:00,16
22854,VSKP SHM S F,SUF,Superfast,Wed,VSKP,VISAKHAPATNAM,SHM,SHALIMAR,879,15:15,16
22855,SRC TPTY SF EXP,SUF,Superfast,Sun,SRC,SANTRAGACHI JN,TPTY,TIRUPATI,1610,25:30,18
22856,TPTY SRC SF EXP,SUF,Superfast,Mon,TPTY,TIRUPATI,SRC,SANTRAGACHI JN,1610,27:55,19
22857,SRC ANVT SF EXP,SUF,Superfast,Mon,SRC,SANTRAGACHI JN,ANVT,ANAND VIHAR TERMINAL,1573,22:50,12
22858,ANVT SRC SF EXP,SUF,Superfast,Tue,ANVT,ANAND VIHAR TERMINAL,SRC,SANTRAGACHI JN,1573,28:15,12
22859,PURI MAS S F,SUF,Superfast,Sun,PURI,PURI,MAS,PURATCHI THALAIVAR DR. MGR CTL,1246,20:35,21
22860,MAS PURI SF EXP,SUF,Superfast,Mon,MAS,PURATCHI THALAIVAR DR. MGR CTL,PURI,PURI,1246,21:30,21
22861,KBJ ISPAT EXP,SUF,Superfast,"Tue,Thu,Fri,Sun",HWH,HOWRAH JN,KBJ,KANTABANJI,779,14:05,28
22862,KBJ ISPAT EXP,SUF,Superfast,"Mon,Wed,Fri,Sat",KBJ,KANTABANJI,HWH,HOWRAH JN,779,14:05,28
22863,SMVB SF AC EXP,SUF,Superfast,Mon,HWH,HOWRAH JN,SMVB,SMVT BENGALURU,1935,29:15,12
22864,SMVB HWH AC EXP,SUF,Superfast,Wed,SMVB,SMVT BENGALURU,HWH,HOWRAH JN,1935,29:50,12
22865,LTT PURI EXPRESS,SUF,Superfast,Thu,LTT,LOKMANYATILAK,PURI,PURI,1854,32:20,19
22866,PURI LTT S F,SUF,Superfast,Tue,PURI,PURI,LTT,LOKMANYATILAK,1855,31:00,19
22867,NZM HUMSAFAR EXP,SUF,Superfast,"Tue,Fri",DURG,DURG,NZM,HAZRAT NIZAMUDDIN JN,1271,20:10,16
22868,DURG HUMSFAR,SUF,Superfast,"Wed,Sat",NZM,HAZRAT NIZAMUDDIN JN,DURG,DURG,1272,21:45,16
22869,VSKP MAS S F,SUF,Superfast,Mon,VSKP,VISAKHAPATNAM,MAS,PURATCHI THALAIVAR DR. MGR CTL,778,13:00,13
22870,MAS VSKP SF EXP,SUF,Superfast,Tue,MAS,PURATCHI THALAIVAR DR. MGR CTL,VSKP,VISAKHAPATNAM,778,12:30,13
22871,BBS TPTY S F,SUF,Superfast,Sun,BBS,BHUBANESWAR,TPTY,TIRUPATI,1179,20:20,19
22872,TPTY BBS SF EXP,SUF,Superfast,Mon,TPTY,TIRUPATI,BBS,BHUBANESWAR,1179,19:50,19
22873,DGHA VSKP SF EX,SUF,Superfast,Fri,DGHA,DIGHA,VSKP,VISAKHAPATNAM,930,15:10,16
22874,VSKP DGHA SF,SUF,Superfast,Thu,VSKP,VISAKHAPATNAM,DGHA,DIGHA,930,15:10,16
22875,UDAY EXPRESS,SUF,Superfast,"Mon,Tue,Wed,Fri,Sat",VSKP,VISAKHAPATNAM,GNT,GUNTUR JN,386,07:40,10
22876,VSKP UDAY DD EXP,SUF,Superfast,"Mon,Tue,Wed,Fri,Sat",GNT,GUNTUR JN,VSKP,VISAKHAPATNAM,386,06:55,10
22877,HWH-ERS ANTYODAYA EXPRESS,SUF,Superfast,Sat,HWH,HOWRAH JN,ERS,ERNAKULAM JN,2291,36:45,25
22878,ERS-HWH ANTYODAYA EXP ,SUF,Superfast,Mon,ERS,ERNAKULAM JN,HWH,HOWRAH JN,2292,38:40,25
22879,BBS TPTY SF,SUF,Superfast,Sat,BBS,BHUBANESWAR,TPTY,TIRUPATI,1179,20:20,21
22880,TPTY BBS SF EXP,SUF,Superfast,Sun,TPTY,TIRUPATI,BBS,BHUBANESWAR,1179,19:50,21
22881,PUNE BBS SF EXP,SUF,Superfast,Thu,PUNE,PUNE JN,BBS,BHUBANESWAR,1696,29:40,15
22882,BBS PUNE SF EXP,SUF,Superfast,Tue,BBS,BHUBANESWAR,PUNE,PUNE JN,1700,30:20,14
22883,YPR GARIB RATH,GBR,Garib Rath,Fri,PURI,PURI,YPR,YESVANTPUR JN.,1494,28:30,50
22884,GARIBRATH EXP,GBR,Garib Rath,Sat,YPR,YESVANTPUR JN.,PURI,PURI,1506,29:20,25
22887,SMVB HUMSAFAR,SUF,Superfast,Tue,HWH,HOWRAH JN,SMVB,SMVT BENGALURU,1948,31:20,18
22888,HWH HUMSAFAR,SUF,Superfast,Thu,SMVB,SMVT BENGALURU,HWH,HOWRAH JN,1948,32:45,19
22889,DGHA PURI EXP,SUF,Superfast,Sun,DGHA,DIGHA,PURI,PURI,551,09:50,13
22890,PURI DGHA SUP EX,SUF,Superfast,Sat,PURI,PURI,DGHA,DIGHA,551,09:40,13
22891,HWH RNC SUF EXP,SUF,Superfast,"Wed,Thu,Sat",HWH,HOWRAH JN,RNC,RANCHI,464,08:24,13
22892,RNC HWH SUF EXP,SUF,Superfast,"Wed,Thu,Sat",RNC,RANCHI,HWH,HOWRAH JN,461,08:20,13
22893,SNSI HOWRAH EXP,SUF,Superfast,Sat,SNSI,SAINAGAR SHIRDI,HWH,HOWRAH JN,1797,30:40,17
22894,HWH SNSI SF EXP,SUF,Superfast,Thu,HWH,HOWRAH JN,SNSI,SAINAGAR SHIRDI,1792,29:35,17
22895,VANDE BHARAT EXP,VNDB,Vande Bharat,"Mon,Tue,Wed,Fri,Sat,Sun",HWH,HOWRAH JN,PURI,PURI,501,06:50,9
22896,VANDE BHARAT EXP,VNDB,Vande Bharat,"Mon,Tue,Wed,Fri,Sat,Sun",PURI,PURI,HWH,HOWRAH JN,501,06:50,9
22897,KANDARI EXPRESS,SUF,Superfast,Daily,HWH,HOWRAH JN,DGHA,DIGHA,186,03:20,8
22898,KANDARI EXPRESS,SUF,Superfast,Daily,DGHA,DIGHA,HWH,HOWRAH JN,186,03:20,8
22901,BDTS UDZ SF EXP,SUF,Superfast,"Tue,Thu,Sat",BDTS,BANDRA TERMINUS,UDZ,UDAIPUR CITY,941,15:15,16
22902,UDZ BDTS SF EXP,SUF,Superfast,"Wed,Fri,Sun",UDZ,UDAIPUR CITY,BDTS,BANDRA TERMINUS,941,16:45,16
22903,BHUJ AC SF EXP,SUF,Superfast,"Wed,Fri,Sun",BDTS,BANDRA TERMINUS,BHUJ,BHUJ,839,13:05,9
22904,BDTS SF AC EXP,SUF,Superfast,"Mon,Thu,Sat",BHUJ,BHUJ,BDTS,BANDRA TERMINUS,839,12:45,9
22905,OKHA SHM SF EXP,SUF,Superfast,Sun,OKHA,OKHA,SHM,SHALIMAR,2585,43:55,33
22906,SHM OKHA SF EXP,SUF,Superfast,Tue,SHM,SHALIMAR,OKHA,OKHA,2585,43:45,32
22907,MAO HAPA SF EXP,SUF,Superfast,Fri,MAO,MADGAON JUNCTION,HAPA,HAPA,1350,23:30,18
22908,HAPA MAO SF EXP,SUF,Superfast,Wed,HAPA,HAPA,MAO,MADGAON JUNCTION,1350,25:10,18
22909,BL PURI SF EXP,SUF,Superfast,Thu,BL,VALSAD,PURI,PURI,2062,37:30,52
22910,PURI BL SF,SUF,Superfast,Sun,PURI,PURI,BL,VALSAD,2062,36:05,26
22911,HWH SHIPRA EXP,SUF,Superfast,"Tue,Thu,Sat",INDB,INDORE JN,HWH,HOWRAH JN,1739,31:25,37
22912,SHIPRA EXPRESS,SUF,Superfast,"Mon,Thu,Sat",HWH,HOWRAH JN,INDB,INDORE JN,1739,30:30,37
22913,SHC HAMSAFAR EX,SUF,Superfast,Sun,BDTS,BANDRA TERMINUS,SHC,SAHARSA JN,2053,36:25,17
22914,BDTS HUMSAFAR EX,SUF,Superfast,Tue,SHC,SAHARSA JN,BDTS,BANDRA TERMINUS,2053,35:25,17
22915,BDTS HSR SF EXP,SUF,Superfast,Mon,BDTS,BANDRA TERMINUS,HSR,HISAR,1407,24:05,31
22916,HSR BDTS SF EXP,SUF,Superfast,Tue,HSR,HISAR,BDTS,BANDRA TERMINUS,1407,23:40,31
22917,BDTS HW SF EXP,SUF,Superfast,Wed,BDTS,BANDRA TERMINUS,HW,HARIDWAR JN,1617,25:45,26
22918,HW BDTS SF EXP,SUF,Superfast,Thu,HW,HARIDWAR JN,BDTS,BANDRA TERMINUS,1617,23:40,25
22919,ADI HUMSAFAR,SUF,Superfast,Wed,MAS,PURATCHI THALAIVAR DR. MGR CTL,ADI,AHMEDABAD JN,1717,29:15,15
22920,ADI MAS HUMSAFAR,SUF,Superfast,Mon,ADI,AHMEDABAD JN,MAS,PURATCHI THALAIVAR DR. MGR CTL,1718,29:25,15
22921,BDTS GKP ANTYODAYA,SUF,Superfast,Sun,BDTS,BANDRA TERMINUS,GKP,GORAKHPUR JN,2021,34:20,21
22922,GKP BDTS ANTYODAYA SPL,SUF,Superfast,Tue,GKP,GORAKHPUR JN,BDTS,BANDRA TERMINUS,2020,35:50,22
22923,JAM HUMSAFAR,SUF,Superfast,"Mon,Thu,Sat",BDTS,BANDRA TERMINUS,JAM,JAMNAGAR,811,14:00,14
22924,BDTS HUMSAFAR,SUF,Superfast,"Tue,Fri,Sun",JAM,JAMNAGAR,BDTS,BANDRA TERMINUS,811,13:15,14
22925,OKHA VANDEBHARAT,VNDB,Vande Bharat,"Mon,Wed,Thu,Fri,Sat,Sun",SBT,SABARMATI JN,OKHA,OKHA,493,07:05,10
22926,SBT VANDE BHARAT,VNDB,Vande Bharat,"Mon,Wed,Thu,Fri,Sat,Sun",OKHA,OKHA,SBT,SABARMATI JN,493,06:25,10
22927,LOKSHAKTI EXP,MEX,Mail/Express,Daily,BDTS,BANDRA TERMINUS,VDG,VADNAGAR,582,11:00,24
22928,LOKSHAKTI EXP,MEX,Mail/Express,Daily,VDG,VADNAGAR,BDTS,BANDRA TERMINUS,582,11:05,40
22929,DRD BRC SFAST,SUF,Superfast,Daily,DRD,DAHANU ROAD,BRC,VADODARA JN,272,04:55,16
22930,BRC DRD SFAST,SUF,Superfast,Daily,BRC,VADODARA JN,DRD,DAHANU ROAD,272,04:50,16
22931,BDTS JSM SFAST,SUF,Superfast,Fri,BDTS,BANDRA TERMINUS,JSM,JAISALMER,1233,21:25,30
22932,JSM BDTS SF EXP,SUF,Superfast,Sat,JSM,JAISALMER,BDTS,BANDRA TERMINUS,1233,21:40,30
22933,JAIPUR SF EXP,SUF,Superfast,Mon,BDTS,BANDRA TERMINUS,JP,JAIPUR JN.,1144,17:00,15
22934,JP BDTS SF EXP,SUF,Superfast,Tue,JP,JAIPUR JN.,BDTS,BANDRA TERMINUS,1144,17:20,15
22935,BDTS PIT SFAST,SUF,Superfast,Tue,BDTS,BANDRA TERMINUS,PIT,PALITANA,788,13:15,12
22936,PIT BDTS SFAST,SUF,Superfast,Wed,PIT,PALITANA,BDTS,BANDRA TERMINUS,788,13:30,12
22937,RAJKOT REWA SF,SUF,Superfast,Sun,RJT,RAJKOT,REWA,REWA,1594,27:35,24
22938,REWA RJT SUP EXP,SUF,Superfast,Mon,REWA,REWA,RJT,RAJKOT,1594,25:35,24
22939,OKHA BSP SF EXP,SUF,Superfast,Sat,OKHA,OKHA,BSP,BILASPUR JN.,1867,31:55,27
22940,BSP OKHA SF EXP,SUF,Superfast,Mon,BSP,BILASPUR JN.,OKHA,OKHA,1868,32:05,27
22941,INDB MCTM EXP,SUF,Superfast,Mon,INDB,INDORE JN,MCTM,MARTYR CAPTAIN TUSHAR MAHAJAN,1476,22:50,19
22942,INDB SF EXP,SUF,Superfast,Wed,MCTM,MARTYR CAPTAIN TUSHAR MAHAJAN,INDB,INDORE JN,1476,23:55,19
22943,DAUND INDORE EXP,SUF,Superfast,Daily,DD,DAUND JN,INDB,INDORE JN,1040,18:15,19
22944,INDB DAUND EXP,SUF,Superfast,Daily,INDB,INDORE JN,DD,DAUND JN,1040,18:00,19
22945,SAURASHTRA MAIL,SUF,Superfast,Daily,MMCT,MUMBAI CENTRAL,OKHA,OKHA,990,17:45,30
22946,SAURASHTRA MAIL,SUF,Superfast,Daily,OKHA,OKHA,MMCT,MUMBAI CENTRAL,990,17:50,31
22947,ST BGP SFAST,SUF,Superfast,"Tue,Sat",ST,SURAT,BGP,BHAGALPUR,1817,32:20,37
22948,BGP SURAT EXP,SUF,Superfast,"Mon,Thu",BGP,BHAGALPUR,ST,SURAT,1817,33:02,37
22949,BDTS DEE SFAST,SUF,Superfast,Wed,BDTS,BANDRA TERMINUS,DEE,DELHI SARAI ROHILLA,1345,21:05,26
22950,DEE BDTS SF EXP,SUF,Superfast,Thu,DEE,DELHI SARAI ROHILLA,BDTS,BANDRA TERMINUS,1345,22:55,26
22951,BDTS GIMB SFAST,SUF,Superfast,Fri,BDTS,BANDRA TERMINUS,GIMB,GANDHIDHAM BG,853,15:15,14
22952,GIMB BDTS SFAST,SUF,Superfast,Thu,GIMB,GANDHIDHAM BG,BDTS,BANDRA TERMINUS,853,15:00,14
22953,GUJRAT SF EXP,SUF,Superfast,Daily,MMCT,MUMBAI CENTRAL,ADI,AHMEDABAD JN,491,08:50,26
22954,GUJARAT SF EXP,SUF,Superfast,Daily,ADI,AHMEDABAD JN,MMCT,MUMBAI CENTRAL,491,08:54,26
22955,KUTCH EXPRESS,SUF,Superfast,Daily,BDTS,BANDRA TERMINUS,BHUJ,BHUJ,839,14:45,22
22956,KUTCH EXPRESS,SUF,Superfast,Daily,BHUJ,BHUJ,BDTS,BANDRA TERMINUS,839,15:05,22
22957,SOMNATH EXPRESS,SUF,Superfast,Daily,GNC,GANDHINAGAR CAPITAL,VRL,VERAVAL,442,08:00,17
22958,SOMNATH EXPRESS,SUF,Superfast,Daily,VRL,VERAVAL,GNC,GANDHINAGAR CAPITAL,442,08:00,34
22959,INTERCITY EXP,SUF,Superfast,Daily,BRC,VADODARA JN,JAM,JAMNAGAR,426,07:40,15
22960,INTERCITY EXP,SUF,Superfast,Daily,JAM,JAMNAGAR,BRC,VADODARA JN,426,07:40,15
22961,VANDE BHARAT EXP,VNDB,Vande Bharat,"Mon,Tue,Wed,Thu,Fri,Sat",MMCT,MUMBAI CENTRAL,ADI,AHMEDABAD JN,491,05:30,6
22962,VANDE BHARAT EXP,VNDB,Vande Bharat,"Mon,Tue,Wed,Thu,Fri,Sat",ADI,AHMEDABAD JN,MMCT,MUMBAI CENTRAL,491,05:40,6
22963,BDTS BVC SFAST,SUF,Superfast,Mon,BDTS,BANDRA TERMINUS,BVC,BHAVNAGAR TERMINUS,780,13:00,18
22964,BVC BDTS SFAST,SUF,Superfast,Sun,BVC,BHAVNAGAR TERMINUS,BDTS,BANDRA TERMINUS,780,13:40,18
22965,BDTS BGKT EXP,SUF,Superfast,Fri,BDTS,BANDRA TERMINUS,BGKT,BHAGAT KI KOTHI,932,15:30,11
22966,BGKT BDTS EXP,SUF,Superfast,Sat,BGKT,BHAGAT KI KOTHI,BDTS,BANDRA TERMINUS,932,15:50,11
22967,ADI PRYJ SFAST,SUF,Superfast,Thu,ADI,AHMEDABAD JN,PRYJ,PRAYAGRAJ JN,1477,24:15,21
22968,PRYJ ADI SF EXP,SUF,Superfast,Fri,PRYJ,PRAYAGRAJ JN,ADI,AHMEDABAD JN,1477,23:20,21
22969,OKHA BSBS SF EXP,SUF,Superfast,Thu,OKHA,OKHA,BNRS,BANARAS,2028,35:55,23
22970,BNRS OKHA SF EX,SUF,Superfast,Sat,BNRS,BANARAS,OKHA,OKHA,2028,34:00,23
22971,BDTS PATNA SFAST,SUF,Superfast,Mon,BDTS,BANDRA TERMINUS,PNBE,PATNA JN,1833,30:15,16
22972,PNBE BDTS SF EX,SUF,Superfast,Wed,PNBE,PATNA JN,BDTS,BANDRA TERMINUS,1833,29:25,15
22973,GIMB PURI SUP,SUF,Superfast,Wed,GIMB,GANDHIDHAM BG,PURI,PURI,2434,42:05,40
22974,PURI GIMB S F,SUF,Superfast,Sat,PURI,PURI,GIMB,GANDHIDHAM BG,2435,42:40,37
22975,BDTS RMR SFAST,SUF,Superfast,Thu,BDTS,BANDRA TERMINUS,RMR,RAMNAGAR,1636,27:25,30
22976,RMR BDTS EXP,SUF,Superfast,Fri,RMR,RAMNAGAR,BDTS,BANDRA TERMINUS,1636,28:30,30
22977,JP JU EXP,SUF,Superfast,Daily,JP,JAIPUR JN.,JU,JODHPUR JN,312,05:10,13
22978,JU JP EXP,SUF,Superfast,Daily,JU,JODHPUR JN,JP,JAIPUR JN.,312,05:15,13
22979,HSR KK SUPERFAST,SUF,Superfast,Sun,HSR,HISAR,KK,KHADKI,1634,27:40,24
22980,KK HISAR SF EXP,SUF,Superfast,Mon,KK,KHADKI,HSR,HISAR,1636,29:10,24
22981,KOTA SGNR EXP,SUF,Superfast,"Mon,Tue,Fri,Sat",KOTA,KOTA JN,SGNR,SHRI GANGANAGAR,916,16:30,27
22982,SGNR KOTA SF,SUF,Superfast,"Mon,Thu,Fri,Sun",SGNR,SHRI GANGANAGAR,KOTA,KOTA JN,917,16:35,27
22983,KOTA INDB SF EX,SUF,Superfast,Daily,KOTA,KOTA JN,INDB,INDORE JN,436,07:40,15
22984,INDB KOTA SF EX,SUF,Superfast,Daily,INDB,INDORE JN,KOTA,KOTA JN,436,07:45,15
22985,RAJ HUMSAFAR EXP,SUF,Superfast,Sun,UDZ,UDAIPUR CITY,DEE,DELHI SARAI ROHILLA,667,10:55,10
22986,RAJ HAMSAFAR EXP,SUF,Superfast,Sun,DEE,DELHI SARAI ROHILLA,UDZ,UDAIPUR CITY,667,11:45,10
22987,AII AF EXP,SUF,Superfast,Daily,AII,AJMER JN,AF,AGRA FORT,375,06:45,15
22988,AF AII SF EXP,SUF,Superfast,Daily,AF,AGRA FORT,AII,AJMER JN,375,06:45,15
22989,BDTS MHV EXP,SUF,Superfast,"Wed,Fri",BDTS,BANDRA TERMINUS,MHV,MAHUVA JN,883,15:45,16
22990,MHV BDTS EXP,SUF,Superfast,"Thu,Sat",MHV,MAHUVA JN,BDTS,BANDRA TERMINUS,883,16:00,16
22991,BL BGKT SUP,SUF,Superfast,Tue,BL,VALSAD,BGKT,BHAGAT KI KOTHI,749,13:30,18
22992,BGKT BL EXP,SUF,Superfast,Wed,BGKT,BHAGAT KI KOTHI,BL,VALSAD,749,13:00,18
22997,JLWC SGNR EXP,SUF,Superfast,"Wed,Thu,Sun",JLWC,JHALAWAR CITY,SGNR,SHRI GANGANAGAR,1035,18:15,33
22998,SGNR JLWC EXP,SUF,Superfast,"Tue,Wed,Sat",SGNR,SHRI GANGANAGAR,JLWC,JHALAWAR CITY,1035,18:35,33
24203,LKO INTERCITY,SUF,Superfast,Daily,BSB,VARANASI,LKO,LUCKNOW JN.,301,05:00,15
24204,BSB INTERCITY,SUF,Superfast,Daily,LKO,LUCKNOW JN.,BSB,VARANASI,301,05:20,15
25013,CORBETT PARK LINK EXP,MEX,Mail/Express,Daily,MB,MORADABAD,RMR,RAMNAGAR,76,01:41,3
25014,CORBET PRK LINK,MEX,Mail/Express,Daily,RMR,RAMNAGAR,MB,MORADABAD,76,01:39,3
25035,DLI-RMR LINK EXP,MEX,Mail/Express,Daily,MB,MORADABAD,RMR,RAMNAGAR,76,01:45,4
25036,RMR DLI LINK EX,MEX,Mail/Express,Daily,RMR,RAMNAGAR,MB,MORADABAD,76,01:55,4
26101,AJNI VANDEBHARAT,VNDB,Vande Bharat,"Mon,Wed,Thu,Fri,Sat,Sun",PUNE,PUNE JN,AJNI,AJNI,886,12:00,12
26102,PUNE VANDEBHARAT,VNDB,Vande Bharat,"Tue,Wed,Thu,Fri,Sat,Sun",AJNI,AJNI,PUNE,PUNE JN,886,12:00,12
26301,VANDE BHARAT EXP,VNDB,Vande Bharat,"Mon,Tue,Thu,Fri,Sat,Sun",JBN,JOGBANI,DNR,DANAPUR,451,08:10,14
26302,VANDE BHARAT EXP,VNDB,Vande Bharat,"Mon,Wed,Thu,Fri,Sat,Sun",DNR,DANAPUR,JBN,JOGBANI,451,08:10,14
26401,VANDE BHARAT EXP,VNDB,Vande Bharat,"Mon,Wed,Thu,Fri,Sat,Sun",JAT,JAMMUTAVI,SINA,SRI NAGAR,267,04:50,6
26402,VANDE BHARAT EXP,VNDB,Vande Bharat,"Mon,Wed,Thu,Fri,Sat,Sun",SINA,SRI NAGAR,JAT,JAMMUTAVI,267,04:50,6
26403,VANDE BHARAT EXP,VNDB,Vande Bharat,"Mon,Tue,Thu,Fri,Sat,Sun",JAT,JAMMUTAVI,SINA,SRI NAGAR,267,04:45,5
26404,VANDE BHARAT EXP,VNDB,Vande Bharat,"Mon,Tue,Thu,Fri,Sat,Sun",SINA,SRI NAGAR,JAT,JAMMUTAVI,267,04:45,5
26405,VANDE BHARAT EXP,VNDB,Vande Bharat,"Mon,Tue,Wed,Thu,Fri,Sun",ASR,AMRITSAR,SVDK,SHRI MATA VAISHNO DEVI KATRA,284,05:05,6
26406,VANDE BHARAT EXP,VNDB,Vande Bharat,"Mon,Tue,Wed,Thu,Fri,Sun",SVDK,SHRI MATA VAISHNO DEVI KATRA,ASR,AMRITSAR,284,05:00,6
26461,VANDE BHARAT EXP,VNDB,Vande Bharat,"Mon,Tue,Thu,Fri,Sat,Sun",DLI,DELHI JN.,FZR,FIROZPUR CANT,486,06:35,10
26462,VANDE BHARAT EX,VNDB,Vande Bharat,"Mon,Tue,Thu,Fri,Sat,Sun",FZR,FIROZPUR CANT,DLI,DELHI JN.,486,06:40,10
26471,DEC VANDE BHARAT,VNDB,Vande Bharat,"Mon,Tue,Thu,Fri,Sat,Sun",BKN,BIKANER JN,DEC,DELHI CANTT,447,06:15,9
26472,VANDE BHARAT EXP,VNDB,Vande Bharat,"Mon,Tue,Thu,Fri,Sat,Sun",DEC,DELHI CANTT,BKN,BIKANER JN,447,06:05,9
26481,DEC VANDEBHARAT,VNDB,Vande Bharat,"Mon,Wed,Thu,Fri,Sat,Sun",JU,JODHPUR JN,DEC,DELHI CANTT,606,08:00,11
26482,VANDE BHARAT EXP,VNDB,Vande Bharat,"Mon,Wed,Thu,Fri,Sat,Sun",DEC,DELHI CANTT,JU,JODHPUR JN,606,08:10,11
26501,VANDE BHARAT EXP,VNDB,Vande Bharat,"Mon,Tue,Wed,Thu,Fri,Sun",PPTA,PATLIPUTRA,GKP,GORAKHPUR JN,384,07:00,10
26502,VANDE BHARAT EXP,VNDB,Vande Bharat,"Mon,Tue,Wed,Thu,Fri,Sun",GKP,GORAKHPUR JN,PPTA,PATLIPUTRA,384,07:05,10
26503,VANDE BHARAT EXP,VNDB,Vande Bharat,"Mon,Wed,Thu,Fri,Sat,Sun",SRE,SAHARANPUR JN.,GTNR,GOMTI NAGAR,534,09:00,9
26504,VANDE BHARAT EXP,VNDB,Vande Bharat,"Tue,Wed,Thu,Fri,Sat,Sun",GTNR,GOMTI NAGAR,SRE,SAHARANPUR JN.,534,08:40,9
26505,VANDE BHARAT EXP,VNDB,Vande Bharat,"Mon,Tue,Wed,Fri,Sat,Sun",KURJ,KHAJURAHO,BNRS,BANARAS,469,07:50,7
26506,VANDE BHARAT EXP,VNDB,Vande Bharat,"Mon,Tue,Wed,Fri,Sat,Sun",BNRS,BANARAS,KURJ,KHAJURAHO,469,07:55,7
26651,ERS VANDEBHARAT,VNDB,Vande Bharat,"Mon,Tue,Thu,Fri,Sat,Sun",SBC,KSR BENGALURU,ERS,ERNAKULAM JN,626,08:40,9
26652,SBC VANDE BHARAT,VNDB,Vande Bharat,"Mon,Tue,Thu,Fri,Sat,Sun",ERS,ERNAKULAM JN,SBC,KSR BENGALURU,627,08:40,9
26751,SBC VANDE BHARAT,VNDB,Vande Bharat,"Mon,Tue,Thu,Fri,Sat,Sun",BGM,BELAGAVI,SBC,KSR BENGALURU,611,08:15,8
26752,BGM VANDE BHARAT,VNDB,Vande Bharat,"Mon,Tue,Thu,Fri,Sat,Sun",SBC,KSR BENGALURU,BGM,BELAGAVI,610,08:10,8
26901,VRL VANDEBHARAT,VNDB,Vande Bharat,"Mon,Tue,Wed,Fri,Sat,Sun",SBIB,SABARMATI BG,VRL,VERAVAL,453,06:55,10
26902,SBIB VANDEBHARAT,VNDB,Vande Bharat,"Mon,Tue,Wed,Fri,Sat,Sun",VRL,VERAVAL,SBIB,SABARMATI BG,453,06:35,9
26963,UDZ ASV VB EXP,VNDB,Vande Bharat,"Mon,Wed,Thu,Fri,Sat,Sun",UDZ,UDAIPUR CITY,ASV,ASARVA JN,298,04:15,6
26964,ASV UDZ VB EXP,VNDB,Vande Bharat,"Mon,Wed,Thu,Fri,Sat,Sun",ASV,ASARVA JN,UDZ,UDAIPUR CITY,298,04:15,6
27575,VANDE BHARAT SL,VNDS,Vande Bharat Sleeper,"Mon,Tue,Wed,Fri,Sat,Sun",HWH,HOWRAH JN,KYQ,KAMAKHYA,971,14:00,15
27576,VANDE BHARAT SL,VNDS,Vande Bharat Sleeper,"Mon,Tue,Thu,Fri,Sat,Sun",KYQ,KAMAKHYA,HWH,HOWRAH JN,971,14:00,15
28181,TATA KIR EXP,MEX,Mail/Express,"Wed,Sat,Sun",TATA,TATANAGAR JN,KIR,KATIHAR JN,591,18:10,31
28182,KIR TATA EXP,MEX,Mail/Express,"Mon,Tue,Fri",KIR,KATIHAR JN,TATA,TATANAGAR JN,591,16:00,30
30111,BLN- BP  LOCAL,SUB,Suburban,Daily,BLN,BALLYGUNGE JN.,BP,BARRACKPORE,40,02:04,23
30112,BP - BLN LOCAL,SUB,Suburban,Daily,BP,BARRACKPORE,BLN,BALLYGUNGE JN.,27,00:58,11
30113,BBDB - KYI LOCAL,SUB,Suburban,"Mon,Tue,Wed,Thu,Fri,Sat",BBDB,BENOY BADAL DINESH BAG,KYI,KALYANI,51,01:43,23
30116,BP-BBDB LOCAL,SUB,Suburban,"Mon,Tue,Wed,Thu,Fri,Sat",BP,BARRACKPORE,BBDB,BENOY BADAL DINESH BAG,25,00:56,14
30121,MJT-NH LOCAL,SUB,Suburban,Daily,MJT,MAJERHAT,NH,NAIHATI JN,49,02:03,25
30122,NH-BLN VIA MJT LOCAL,SUB,Suburban,Daily,NH,NAIHATI JN,BLN,BALLYGUNGE JN.,56,02:13,29
30123,MJT - NH LOCAL,SUB,Suburban,Daily,MJT,MAJERHAT,NH,NAIHATI JN,49,01:39,25
30128,KLYM - MJT LOCAL,SUB,Suburban,Daily,KLYM,KALYANI SIMANTA,MJT,MAJERHAT,64,02:31,31
30135,MJT-RHA LOCAL,SUB,Suburban,Daily,MJT,MAJERHAT,RHA,RANAGHAT JN,85,02:37,34
30142,GEDE - MJT LOCAL,SUB,Suburban,Daily,GEDE,GEDE,MJT,MAJERHAT,128,03:21,43
30144,GEDE-MJT EMU SPL,SUB,Suburban,Daily,GEDE,GEDE,MJT,MAJERHAT,127,03:13,43
30145,BBD-KNJ,SUB,Suburban,Daily,BBDB,BENOY BADAL DINESH BAG,KNJ,KRISHNGR CTY JN,102,02:52,34
30152,NH - MJT LOCAL,SUB,Suburban,Daily,NH,NAIHATI JN,MJT,MAJERHAT,49,01:40,21
30311,MJT - BT LOCAL,SUB,Suburban,Daily,MJT,MAJERHAT,BT,BARASAT,34,01:27,42
30312,BT -MJT LOCAL,SUB,Suburban,Daily,BT,BARASAT,MJT,MAJERHAT,34,01:34,42
30313,MJT-BT LOCAL,SUB,Suburban,Daily,MJT,MAJERHAT,BT,BARASAT,34,01:28,42
30314,DTK-MJT LOCAL,SUB,Suburban,Daily,DTK,DATTAPUKUR,MJT,MAJERHAT,41,01:32,46
30317,MJT-DTK LOCAL,SUB,Suburban,Daily,MJT,MAJERHAT,DTK,DATTAPUKUR,41,01:48,46
30321,MJT - HNB LOCAL,SUB,Suburban,Daily,MJT,MAJERHAT,HNB,HASANABAD,86,03:11,72
30322,HNB-BBDB LOCAL VIA TALA,SUB,Suburban,Daily,HNB,HASANABAD,BBDB,BENOY BADAL DINESH BAG,77,02:15,35
30324,HNB-MJT LOCAL,SUB,Suburban,Daily,HNB,HASANABAD,MJT,MAJERHAT,86,02:58,40
30331,MJT- HB LOCAL,SUB,Suburban,Daily,MJT,MAJERHAT,HB,HABRA,56,02:03,27
30332,HB - MJT LOCAL,SUB,Suburban,Daily,HB,HABRA,MJT,MAJERHAT,56,01:55,27
30333,MJT-HB  LOCAL VIA TALA,SUB,Suburban,Daily,MJT,MAJERHAT,HB,HABRA,56,02:02,27
30342,BNJ - MJT LOCAL,SUB,Suburban,Daily,BNJ,BANGAON JN,MJT,MAJERHAT,88,02:42,28
30344,BNJ - MJT LOCAL,SUB,Suburban,Daily,BNJ,BANGAON JN,MJT,MAJERHAT,88,02:38,34
30346,BNJ-BBD LOCAL,SUB,Suburban,Daily,BNJ,BANGAON JN,MJT,MAJERHAT,88,02:45,34
30351,MJT - BT LOCAL,SUB,Suburban,Daily,MJT,MAJERHAT,BT,BARASAT,34,01:36,21
30353,MJT-DTK LOCAL,SUB,Suburban,Daily,MJT,MAJERHAT,DTK,DATTAPUKUR,41,01:41,23
30357,MJT-MMG LOCAL,SUB,Suburban,Daily,MJT,MAJERHAT,MMG,MADHYAMGRAM,28,01:25,15
30358,MMG-MJT LOCAL,SUB,Suburban,Daily,MMG,MADHYAMGRAM,MJT,MAJERHAT,28,01:12,15
30361,MJT - HNB LOCAL,SUB,Suburban,Daily,MJT,MAJERHAT,HNB,HASANABAD,85,02:40,32
30411,BBDB - SDAH LOCAL,SUB,Suburban,Daily,BBDB,BENOY BADAL DINESH BAG,SDAH,SEALDAH,20,01:08,12
30412,SDAH - BBDB LOCAL,SUB,Suburban,Daily,SDAH,SEALDAH,BBDB,BENOY BADAL DINESH BAG,20,01:01,12
30416,SDAH - BBDB LOCAL,SUB,Suburban,Daily,SDAH,SEALDAH,BBDB,BENOY BADAL DINESH BAG,20,00:50,12
30451,BBDB-BRP LOCAL,SUB,Suburban,Daily,BBDB,BENOY BADAL DINESH BAG,BRP,BARUIPUR JN.,35,01:31,20
30511,CHT - MJT LOCAL,SUB,Suburban,Daily,CHT,CHAMPAHATI,MJT,MAJERHAT,25,01:07,15
30552,BLN - CG LOCAL,SUB,Suburban,Daily,BLN,BALLYGUNGE JN.,CG,CANNING,40,01:06,18
30711,LKPR - MJT LOCAL,SUB,Suburban,Daily,LKPR,LAKSHMIKANTPUR,MJT,MAJERHAT,63,01:57,27
30712,MJT - LKPR,SUB,Suburban,Daily,MJT,MAJERHAT,LKPR,LAKSHMIKANTPUR,63,02:04,27
31051,KBGB-NH LOCAL,SUB,Suburban,Daily,KBGB,KOMAGATA MARU BUDGE BUDGE,NH,NAIHATI JN,63,02:07,26
31053,KBGB-NH LOCAL,SUB,Suburban,Daily,KBGB,KOMAGATA MARU BUDGE BUDGE,NH,NAIHATI JN,63,02:05,26
31055,KBGB-NH LOCAL,SUB,Suburban,Daily,KBGB,KOMAGATA MARU BUDGE BUDGE,NH,NAIHATI JN,63,02:10,26
31111,SDAH-KWAE LOCAL,SUB,Suburban,Daily,SDAH,SEALDAH,KWAE,KATWA,155,03:40,40
31112,KWAE-SDAH LOCAL,SUB,Suburban,Daily,KWAE,KATWA,SDAH,SEALDAH,155,03:35,38
31151,SDAH - BWN LOCAL,SUB,Suburban,Daily,SDAH,SEALDAH,BWN,BARDHAMAN,118,02:52,35
31152,BWN-SDAH LOCAL,SUB,Suburban,Daily,BWN,BARDHAMAN,SDAH,SEALDAH,118,03:00,35
31191,NH-KLYM LOCAL,SUB,Suburban,Daily,NH,NAIHATI JN,KLYM,KALYANI SIMANTA,15,00:35,7
31192,KLYM - NH LOCAL,SUB,Suburban,Daily,KLYM,KALYANI SIMANTA,NH,NAIHATI JN,15,00:24,7
31213,SDAH-BP LOCAL,SUB,Suburban,Daily,SDAH,SEALDAH,BP,BARRACKPORE,25,00:36,4
31214,BP-SDAH LOCAL,SUB,Suburban,Daily,BP,BARRACKPORE,SDAH,SEALDAH,25,00:40,5
31215,SDAH-BP LOCAL,SUB,Suburban,"Mon,Tue,Wed,Thu,Fri,Sat",SDAH,SEALDAH,BP,BARRACKPORE,25,00:35,5
31216,BP - SDAH LOCAL,SUB,Suburban,"Mon,Tue,Wed,Thu,Fri,Sat",BP,BARRACKPORE,SDAH,SEALDAH,25,00:43,9
31217,SDAH - BP LOCAL,SUB,Suburban,"Mon,Tue,Wed,Thu,Fri,Sat",SDAH,SEALDAH,BP,BARRACKPORE,25,00:41,9
31218,BP-SDAH LOCAL,SUB,Suburban,"Mon,Tue,Wed,Thu,Fri,Sat",BP,BARRACKPORE,SDAH,SEALDAH,25,00:42,7
31219,SDAH - BP LOCAL,SUB,Suburban,"Mon,Tue,Wed,Thu,Fri,Sat",SDAH,SEALDAH,BP,BARRACKPORE,25,00:37,9
31220,BP-SDAH LOCAL,SUB,Suburban,"Mon,Tue,Wed,Thu,Fri,Sat",BP,BARRACKPORE,SDAH,SEALDAH,25,00:46,9
31221,SDAH - BP LOCAL,SUB,Suburban,Daily,SDAH,SEALDAH,BP,BARRACKPORE,25,00:39,9
31222,BP-SDAH LOCAL,SUB,Suburban,Daily,BP,BARRACKPORE,SDAH,SEALDAH,25,00:43,9
31223,SDAH - BP LOCAL,SUB,Suburban,"Mon,Tue,Wed,Thu,Fri,Sat",SDAH,SEALDAH,BP,BARRACKPORE,25,00:40,9
31224,BP-SDAH LOCAL,SUB,Suburban,"Mon,Tue,Wed,Thu,Fri,Sat",BP,BARRACKPORE,SDAH,SEALDAH,25,00:41,9
31225,SDAH-BPLOCAL,SUB,Suburban,"Mon,Tue,Wed,Thu,Fri,Sat",SDAH,SEALDAH,BP,BARRACKPORE,25,00:40,9
31228,BP-SDAH LOCAL,SUB,Suburban,"Mon,Tue,Wed,Thu,Fri,Sat",BP,BARRACKPORE,SDAH,SEALDAH,25,00:42,9
31229,SDAH - BP LOCAL,SUB,Suburban,"Mon,Tue,Wed,Thu,Fri,Sat",SDAH,SEALDAH,BP,BARRACKPORE,25,00:38,9
31230,BP-SDAH LOCAL,SUB,Suburban,"Mon,Tue,Wed,Thu,Fri,Sat",BP,BARRACKPORE,SDAH,SEALDAH,25,00:41,9
31231,SDAH-BPLOCAL,SUB,Suburban,"Mon,Tue,Wed,Thu,Fri,Sat",SDAH,SEALDAH,BP,BARRACKPORE,25,00:40,9
31232,BP -SDAH LOCAL,SUB,Suburban,Daily,BP,BARRACKPORE,SDAH,SEALDAH,25,00:38,9
31233,SDAH-BP LOCAL,SUB,Suburban,Daily,SDAH,SEALDAH,BP,BARRACKPORE,25,00:39,9
31236,BP-SDAH LOCAL,SUB,Suburban,Daily,BP,BARRACKPORE,SDAH,SEALDAH,25,00:40,9
31237,SDAH BP LOCAL,SUB,Suburban,Daily,SDAH,SEALDAH,BP,BARRACKPORE,25,00:39,9
31238,BP-SDAH LOCAL,SUB,Suburban,Daily,BP,BARRACKPORE,SDAH,SEALDAH,25,00:40,9
31239,SDAH-BP LOCAL,SUB,Suburban,Daily,SDAH,SEALDAH,BP,BARRACKPORE,25,00:42,9
31240,BP-SDAH,SUB,Suburban,Daily,BP,BARRACKPORE,SDAH,SEALDAH,25,00:40,9
31261,BNXR - BP LOCAL,SUB,Suburban,Daily,KGK,KANKURGACHHI ROAD JN,BP,BARRACKPORE,20,00:36,9
31311,SDAH - KLYM LOCAL,SUB,Suburban,Daily,SDAH,SEALDAH,KLYM,KALYANI SIMANTA,56,01:36,21
31312,KLYM-SDAH LOCAL,SUB,Suburban,Daily,KLYM,KALYANI SIMANTA,SDAH,SEALDAH,56,01:28,21
31313,SDAH - KLYM LOCAL,SUB,Suburban,Daily,SDAH,SEALDAH,KLYM,KALYANI SIMANTA,56,01:30,21
31314,KLYM-SDAH LOCAL,SUB,Suburban,Daily,KLYM,KALYANI SIMANTA,SDAH,SEALDAH,56,01:28,21
31315,SDAH-KLYM LOCAL,SUB,Suburban,Daily,SDAH,SEALDAH,KLYM,KALYANI SIMANTA,56,01:32,21
31316,KLYM - SDAH LOCAL,SUB,Suburban,Daily,KLYM,KALYANI SIMANTA,SDAH,SEALDAH,56,01:30,21
31317,SDAH - KLYM LOCAL,SUB,Suburban,Daily,SDAH,SEALDAH,KLYM,KALYANI SIMANTA,56,01:30,21
31318,KLYM-SDAH LOCAL,SUB,Suburban,Daily,KLYM,KALYANI SIMANTA,SDAH,SEALDAH,56,01:31,21
31319,SDAH - KLYM LOCAL,SUB,Suburban,Daily,SDAH,SEALDAH,KLYM,KALYANI SIMANTA,56,01:30,21
31320,KLYM-SDAH LOCAL,SUB,Suburban,Daily,KLYM,KALYANI SIMANTA,SDAH,SEALDAH,56,01:25,12
31321,SDAH - KLYM LOCAL,SUB,Suburban,Daily,SDAH,SEALDAH,KLYM,KALYANI SIMANTA,56,01:37,21
31322,KLYM-SDAH LOCAL,SUB,Suburban,Daily,KLYM,KALYANI SIMANTA,SDAH,SEALDAH,56,01:40,21
31323,SDAH - KLYM LOCAL,SUB,Suburban,Daily,SDAH,SEALDAH,KLYM,KALYANI SIMANTA,56,01:31,21
31324,KLYM-SDAH LOCAL,SUB,Suburban,Daily,KLYM,KALYANI SIMANTA,SDAH,SEALDAH,56,01:29,21
31325,SDAH - KLYM LOCAL,SUB,Suburban,Daily,SDAH,SEALDAH,KLYM,KALYANI SIMANTA,56,01:34,21
31328,KLYM-SDAH LOCAL,SUB,Suburban,Daily,KLYM,KALYANI SIMANTA,SDAH,SEALDAH,56,01:28,21
31329,SDAH - KLYM LOCAL,SUB,Suburban,Daily,SDAH,SEALDAH,KLYM,KALYANI SIMANTA,56,01:32,21
31330,KLYM-SDAH LOCAL,SUB,Suburban,Daily,KLYM,KALYANI SIMANTA,SDAH,SEALDAH,56,01:33,21
31331,SDAH - KLYM LOCAL,SUB,Suburban,Daily,SDAH,SEALDAH,KLYM,KALYANI SIMANTA,56,01:34,21
31332,KLYM-SDAH LOCAL,SUB,Suburban,Daily,KLYM,KALYANI SIMANTA,SDAH,SEALDAH,56,01:28,21
31333,SDAH - KLYM LOCAL,SUB,Suburban,Daily,SDAH,SEALDAH,KLYM,KALYANI SIMANTA,56,01:35,21
31334,KLYM-SDAH LOCAL,SUB,Suburban,Daily,KLYM,KALYANI SIMANTA,SDAH,SEALDAH,56,01:30,21
31335,SDAH - KLYM LOCAL,SUB,Suburban,Daily,SDAH,SEALDAH,KLYM,KALYANI SIMANTA,56,01:39,21
31336,KLYM-SDAH LOCAL,SUB,Suburban,Daily,KLYM,KALYANI SIMANTA,SDAH,SEALDAH,56,01:31,21
31337,SDAH - KLYM LOCAL,SUB,Suburban,Daily,SDAH,SEALDAH,KLYM,KALYANI SIMANTA,56,01:29,14
31338,KLYM-SDAH EMU LOCAL,SUB,Suburban,Daily,KLYM,KALYANI SIMANTA,SDAH,SEALDAH,56,01:30,21
31339,SDAH - KLYM LOCAL,SUB,Suburban,Daily,SDAH,SEALDAH,KLYM,KALYANI SIMANTA,56,01:40,21
31340,KYI-SDAH EMU LOCAL,SUB,Suburban,"Mon,Tue,Wed,Thu,Fri,Sat",KYI,KALYANI,SDAH,SEALDAH,51,01:24,18
31341,SDAH-KLYM EMU LOCAL,SUB,Suburban,Daily,SDAH,SEALDAH,KLYM,KALYANI SIMANTA,56,01:33,21
31342,KYI-SDAH  LOCAL,SUB,Suburban,"Mon,Tue,Wed,Thu,Fri,Sat",KYI,KALYANI,SDAH,SEALDAH,51,01:25,18
31343,BNXR-KYI EMU LOCAL,SUB,Suburban,"Mon,Tue,Wed,Thu,Fri,Sat",BNXR,BIDHAN NAGAR,KYI,KALYANI,44,01:09,17
31344,KYI-SDAH AC EMU LOCAL,SUB,Suburban,"Mon,Tue,Wed,Thu,Fri,Sat",KYI,KALYANI,SDAH,SEALDAH,51,01:18,11
31347,SDAH - KYI AC EMU LOCAL,SUB,Suburban,"Mon,Tue,Wed,Thu,Fri,Sat",SDAH,SEALDAH,KYI,KALYANI,51,01:22,11
31411,SDAH -NH  LOCAL,SUB,Suburban,Daily,SDAH,SEALDAH,NH,NAIHATI JN,41,00:55,9
31412,NH-SDAH LOCAL,SUB,Suburban,Daily,NH,NAIHATI JN,SDAH,SEALDAH,41,01:05,15
31413,SDAH-NH LOCAL,SUB,Suburban,"Mon,Tue,Wed,Thu,Fri,Sat",SDAH,SEALDAH,NH,NAIHATI JN,41,01:02,15
31414,NH - SDAH LOCAL,SUB,Suburban,Daily,NH,NAIHATI JN,SDAH,SEALDAH,41,01:05,15
31415,SDAH NH LOCAL,SUB,Suburban,Daily,SDAH,SEALDAH,NH,NAIHATI JN,41,01:01,15
31416,NH-SDAH LOCAL,SUB,Suburban,"Mon,Tue,Wed,Thu,Fri,Sat",NH,NAIHATI JN,SDAH,SEALDAH,41,01:06,15
31417,SDAH - NH LOCAL,SUB,Suburban,"Mon,Tue,Wed,Thu,Fri,Sat",SDAH,SEALDAH,NH,NAIHATI JN,41,01:00,15
31418,NH - SDAH LOCAL,SUB,Suburban,Daily,NH,NAIHATI JN,SDAH,SEALDAH,41,01:08,15
31419,SDAH-NH LOCAL,SUB,Suburban,Daily,SDAH,SEALDAH,NH,NAIHATI JN,41,01:01,15
31420,NH - SDAH LOCAL,SUB,Suburban,Daily,NH,NAIHATI JN,SDAH,SEALDAH,41,01:03,15
31422,NH - SDAH LOCAL,SUB,Suburban,Daily,NH,NAIHATI JN,SDAH,SEALDAH,41,01:03,15
31423,SDAH - NH LOCAL,SUB,Suburban,"Mon,Tue,Wed,Thu,Fri,Sat",SDAH,SEALDAH,NH,NAIHATI JN,41,01:02,15
31424,NH - SDAH LOCAL,SUB,Suburban,"Mon,Tue,Wed,Thu,Fri,Sat",NH,NAIHATI JN,SDAH,SEALDAH,41,01:05,15
31425,SDAH-NH LOCAL,SUB,Suburban,"Mon,Tue,Wed,Thu,Fri,Sat",SDAH,SEALDAH,NH,NAIHATI JN,41,01:03,15
31426,NH - SDAH LOCAL,SUB,Suburban,Daily,NH,NAIHATI JN,SDAH,SEALDAH,41,01:05,15
31427,SDAH-NH LOCAL,SUB,Suburban,Daily,SDAH,SEALDAH,NH,NAIHATI JN,41,01:03,15
31429,SDAH - NH LOCAL,SUB,Suburban,Daily,SDAH,SEALDAH,NH,NAIHATI JN,41,01:00,15
31430,NH - SDAH LOCAL,SUB,Suburban,Daily,NH,NAIHATI JN,SDAH,SEALDAH,41,01:05,15
31432,NH-SDAH LOCAL,SUB,Suburban,"Mon,Tue,Wed,Thu,Fri,Sat",NH,NAIHATI JN,SDAH,SEALDAH,41,01:02,30
31433,SDAH - NH LOCAL,SUB,Suburban,Daily,SDAH,SEALDAH,NH,NAIHATI JN,41,01:05,15
31434,NH - SDAH LOCAL,SUB,Suburban,"Mon,Tue,Wed,Thu,Fri,Sat",NH,NAIHATI JN,SDAH,SEALDAH,41,01:05,15
31435,SDAH - NH LOCAL,SUB,Suburban,"Mon,Tue,Wed,Thu,Fri,Sat",SDAH,SEALDAH,NH,NAIHATI JN,41,01:03,15
31436,NH - SDAH LOCAL,SUB,Suburban,Daily,NH,NAIHATI JN,SDAH,SEALDAH,41,01:03,15
31437,SDAH - NH LOCAL,SUB,Suburban,"Mon,Tue,Wed,Thu,Fri,Sat",SDAH,SEALDAH,NH,NAIHATI JN,41,01:04,15
31438,NH - SDAH LOCAL,SUB,Suburban,"Mon,Tue,Wed,Thu,Fri,Sat",NH,NAIHATI JN,SDAH,SEALDAH,41,01:04,15
31439,SDAH - NH LOCAL,SUB,Suburban,Daily,SDAH,SEALDAH,NH,NAIHATI JN,41,01:03,15
31440,NH - SDAH LOCAL,SUB,Suburban,"Mon,Tue,Wed,Thu,Fri,Sat",NH,NAIHATI JN,SDAH,SEALDAH,41,01:01,15
31442,NH - SDAH LOCAL,SUB,Suburban,Daily,NH,NAIHATI JN,SDAH,SEALDAH,41,01:05,15
31443,SDAH - NH LOCAL,SUB,Suburban,Daily,SDAH,SEALDAH,NH,NAIHATI JN,41,01:05,15
31444,NH - SDAH LOCAL,SUB,Suburban,Daily,NH,NAIHATI JN,SDAH,SEALDAH,41,01:05,15
31445,SDAH - NH LOCAL,SUB,Suburban,Daily,SDAH,SEALDAH,NH,NAIHATI JN,41,01:05,15
31446,NH - SDAH LOCAL,SUB,Suburban,Daily,NH,NAIHATI JN,SDAH,SEALDAH,41,01:07,15
31447,SDAH-NH LOCAL,SUB,Suburban,Daily,SDAH,SEALDAH,NH,NAIHATI JN,41,01:03,15
31450,NH - SDAH LOCAL,SUB,Suburban,Daily,NH,NAIHATI JN,SDAH,SEALDAH,41,01:05,15
31471,BNXR - NH LOCAL,SUB,Suburban,Daily,KGK,KANKURGACHHI ROAD JN,NH,NAIHATI JN,36,00:57,15
31511,SDAH-STB LOCAL,SUB,Suburban,Daily,SDAH,SEALDAH,STB,SHANTIPUR,96,02:15,58
31512,STB - SDAH LOCAL,SUB,Suburban,Daily,STB,SHANTIPUR,SDAH,SEALDAH,96,02:18,56
31513,SDAH-STB LOCAL,SUB,Suburban,Daily,SDAH,SEALDAH,STB,SHANTIPUR,96,02:10,58
31514,STB - SDAH LOCAL,SUB,Suburban,Daily,STB,SHANTIPUR,SDAH,SEALDAH,96,02:19,58
31515,SDAH- STB LOCAL,SUB,Suburban,Daily,SDAH,SEALDAH,STB,SHANTIPUR,96,02:17,58
31516,STB - SDAH LOCAL,SUB,Suburban,Daily,STB,SHANTIPUR,SDAH,SEALDAH,96,02:18,58
31517,SDAH- STB LOCAL,SUB,Suburban,Daily,SDAH,SEALDAH,STB,SHANTIPUR,96,02:18,58
31518,STB - SDAH LOCAL,SUB,Suburban,Daily,STB,SHANTIPUR,SDAH,SEALDAH,96,02:16,52
31519,SDAH- STB LOCAL,SUB,Suburban,Daily,SDAH,SEALDAH,STB,SHANTIPUR,96,02:16,28
31520,STB - SDAH LOCAL,SUB,Suburban,Daily,STB,SHANTIPUR,SDAH,SEALDAH,96,02:17,28
31521,SDAH- STB LOCAL,SUB,Suburban,Daily,SDAH,SEALDAH,STB,SHANTIPUR,96,02:23,29
31522,STB - SDAH LOCAL,SUB,Suburban,Daily,STB,SHANTIPUR,SDAH,SEALDAH,96,02:17,29
31523,SDAH- STB LOCAL,SUB,Suburban,Daily,SDAH,SEALDAH,STB,SHANTIPUR,96,02:20,27
31524,STB - SDAH LOCAL,SUB,Suburban,Daily,STB,SHANTIPUR,SDAH,SEALDAH,96,02:12,28
31525,SDAH- STB LOCAL,SUB,Suburban,Daily,SDAH,SEALDAH,STB,SHANTIPUR,96,02:18,29
31526,STB - SDAH LOCAL,SUB,Suburban,Daily,STB,SHANTIPUR,SDAH,SEALDAH,96,02:17,29
31527,SDAH-STB LOCAL,SUB,Suburban,Daily,SDAH,SEALDAH,STB,SHANTIPUR,96,02:17,29
31528,STB - SDAH LOCAL,SUB,Suburban,Daily,STB,SHANTIPUR,SDAH,SEALDAH,96,02:13,27
31529,SDAH-STB LOCAL,SUB,Suburban,Daily,SDAH,SEALDAH,STB,SHANTIPUR,96,02:21,29
31530,STB - SDAH LOCAL,SUB,Suburban,Daily,STB,SHANTIPUR,SDAH,SEALDAH,96,02:10,29
31531,SDAH- STB LOCAL,SUB,Suburban,Daily,SDAH,SEALDAH,STB,SHANTIPUR,96,02:10,23
31532,STB - SDAH LOCAL,SUB,Suburban,Daily,STB,SHANTIPUR,SDAH,SEALDAH,96,02:15,29
31533,SDAH- STB LOCAL,SUB,Suburban,Daily,SDAH,SEALDAH,STB,SHANTIPUR,96,02:20,27
31534,STB - SDAH LOCAL,SUB,Suburban,Daily,STB,SHANTIPUR,SDAH,SEALDAH,96,02:17,24
31535,SDAH- STB LOCAL,SUB,Suburban,Daily,SDAH,SEALDAH,STB,SHANTIPUR,96,02:20,27
31536,STB - SDAH LOCAL,SUB,Suburban,Daily,STB,SHANTIPUR,SDAH,SEALDAH,96,02:13,27
31537,SDAH- STB LOCAL,SUB,Suburban,Daily,SDAH,SEALDAH,STB,SHANTIPUR,96,02:18,28
31538,STB-SDAH LOCAL,SUB,Suburban,Daily,STB,SHANTIPUR,SDAH,SEALDAH,96,02:20,28
31539,SDAH- STB LOCAL,SUB,Suburban,Daily,SDAH,SEALDAH,STB,SHANTIPUR,96,02:15,28
31540,STB - SDAH LOCAL,SUB,Suburban,Daily,STB,SHANTIPUR,SDAH,SEALDAH,96,02:20,27
31541,SDAH- STB LOCAL,SUB,Suburban,Daily,SDAH,SEALDAH,STB,SHANTIPUR,96,02:15,28
31542,STB - SDAH LOCAL,SUB,Suburban,Daily,STB,SHANTIPUR,SDAH,SEALDAH,96,02:13,27
31543,SDAH-STB LOCAL,SUB,Suburban,Daily,SDAH,SEALDAH,STB,SHANTIPUR,96,02:25,29
31544,STB - SDAH LOCAL,SUB,Suburban,Daily,STB,SHANTIPUR,SDAH,SEALDAH,96,02:30,12
31585,RHA - STB-KNJ LOCAL,SUB,Suburban,Daily,RHA,RANAGHAT JN,KNJ,KRISHNGR CTY JN,35,01:48,7
31586,KNJ - STB LOCAL,SUB,Suburban,Daily,KNJ,KRISHNGR CTY JN,STB,SHANTIPUR,15,00:37,3
31601,SDAH-RHA LOCAL,SUB,Suburban,"Mon,Tue,Wed,Thu,Fri,Sat",SDAH,SEALDAH,RHA,RANAGHAT JN,76,01:45,24
31602,RHA - SDAH LOCAL,SUB,Suburban,"Mon,Tue,Wed,Thu,Fri,Sat",RHA,RANAGHAT JN,SDAH,SEALDAH,76,01:43,24
31611,SDAH-RHA  LOCAL,SUB,Suburban,Daily,SDAH,SEALDAH,RHA,RANAGHAT JN,76,01:50,23
31612,RHA - SDAH LOCAL,SUB,Suburban,Daily,RHA,RANAGHAT JN,SDAH,SEALDAH,76,01:45,24
31613,SDAH-RHA  LOCAL,SUB,Suburban,"Mon,Tue,Wed,Thu,Fri,Sat",SDAH,SEALDAH,RHA,RANAGHAT JN,76,01:49,24
31614,RHA -SDAH LOCAL,SUB,Suburban,Daily,RHA,RANAGHAT JN,SDAH,SEALDAH,76,01:42,24
31615,SDAH-RHA LOCAL,SUB,Suburban,Daily,SDAH,SEALDAH,RHA,RANAGHAT JN,76,01:50,24
31616,RHA -SDAH LOCAL,SUB,Suburban,Daily,RHA,RANAGHAT JN,SDAH,SEALDAH,76,01:50,24
31617,SDAH-RHA LOCAL,SUB,Suburban,Daily,SDAH,SEALDAH,RHA,RANAGHAT JN,76,01:48,24
31620,RHA - SDAH LOCAL,SUB,Suburban,Daily,RHA,RANAGHAT JN,SDAH,SEALDAH,76,01:43,20
31621,SDAH-RHA LOCAL,SUB,Suburban,Daily,SDAH,SEALDAH,RHA,RANAGHAT JN,76,01:52,24
31622,RHA - SDAH LOCAL,SUB,Suburban,Daily,RHA,RANAGHAT JN,SDAH,SEALDAH,76,01:46,24
31623,SDAH - RHA LOCAL,SUB,Suburban,Daily,SDAH,SEALDAH,RHA,RANAGHAT JN,76,01:45,23
31624,RHA - SDAH LOCAL,SUB,Suburban,Daily,RHA,RANAGHAT JN,SDAH,SEALDAH,76,01:46,24
31625,SDAH-RHA LOCAL,SUB,Suburban,Daily,SDAH,SEALDAH,RHA,RANAGHAT JN,76,01:55,17
31627,SDAH-RHA LOCAL,SUB,Suburban,Daily,SDAH,SEALDAH,RHA,RANAGHAT JN,76,01:50,24
31628,RHA - SDAH LOCAL,SUB,Suburban,Daily,RHA,RANAGHAT JN,SDAH,SEALDAH,76,01:42,21
31629,SDAH-RHA LOCAL,SUB,Suburban,Daily,SDAH,SEALDAH,RHA,RANAGHAT JN,76,01:44,24
31630,RHA - SDAH LOCAL,SUB,Suburban,Daily,RHA,RANAGHAT JN,SDAH,SEALDAH,76,01:48,23
31631,SDAH-RHA LOCAL,SUB,Suburban,Daily,SDAH,SEALDAH,RHA,RANAGHAT JN,76,01:48,24
31632,RHA-SDAH LOCAL,SUB,Suburban,Daily,RHA,RANAGHAT JN,SDAH,SEALDAH,76,01:50,24
31634,RHA-SDAH LOCAL,SUB,Suburban,"Mon,Tue,Wed,Thu,Fri,Sat",RHA,RANAGHAT JN,SDAH,SEALDAH,76,01:47,24
31636,RHA-SDAH LOCAL,SUB,Suburban,Daily,RHA,RANAGHAT JN,SDAH,SEALDAH,76,01:48,23
31637,SDAH-RHA AC EMU LOCAL,SUB,Suburban,Daily,SDAH,SEALDAH,RHA,RANAGHAT JN,76,01:42,13
31638,RHA-SDAH AC LOCAL,SUB,Suburban,Daily,RHA,RANAGHAT JN,SDAH,SEALDAH,76,01:41,13
31721,RHA - KNJ LOCAL,SUB,Suburban,Daily,RHA,RANAGHAT JN,KNJ,KRISHNGR CTY JN,26,00:29,6
31722,KNJ -RHA LOCAL,SUB,Suburban,Daily,KNJ,KRISHNGR CTY JN,RHA,RANAGHAT JN,26,00:34,7
31723,RHA-KNJ LOCAL,SUB,Suburban,Daily,RHA,RANAGHAT JN,KNJ,KRISHNGR CTY JN,26,00:33,7
31724,KNJ-RHALOCAL,SUB,Suburban,Daily,KNJ,KRISHNGR CTY JN,RHA,RANAGHAT JN,26,00:31,5
31725,RHA - KNJ,SUB,Suburban,Daily,RHA,RANAGHAT JN,KNJ,KRISHNGR CTY JN,26,00:30,7
31726,KNJ-RHA LOCAL,SUB,Suburban,Daily,KNJ,KRISHNGR CTY JN,RHA,RANAGHAT JN,26,00:33,7
31728,KNJ -RHA LOCAL,SUB,Suburban,Daily,KNJ,KRISHNGR CTY JN,RHA,RANAGHAT JN,26,00:40,7
31741,RHA - GEDE LOCAL,SUB,Suburban,Daily,RHA,RANAGHAT JN,GEDE,GEDE,43,00:53,13
31742,GEDE-RHA LOCAL,SUB,Suburban,Daily,GEDE,GEDE,RHA,RANAGHAT JN,43,00:50,13
31743,RHA - GEDE LOCAL,SUB,Suburban,Daily,RHA,RANAGHAT JN,GEDE,GEDE,43,00:49,11
31744,GEDE-RHA LOCAL,SUB,Suburban,Daily,GEDE,GEDE,RHA,RANAGHAT JN,43,00:52,14
31745,RHA - GEDE LOCAL,SUB,Suburban,Daily,RHA,RANAGHAT JN,GEDE,GEDE,43,00:52,14
31746,GEDE-RHA LOCAL,SUB,Suburban,Daily,GEDE,GEDE,RHA,RANAGHAT JN,43,00:55,13
31747,RHA-GEDE LOCAL,SUB,Suburban,Daily,RHA,RANAGHAT JN,GEDE,GEDE,43,00:52,13
31748,GEDE-RHA LOCAL,SUB,Suburban,Daily,GEDE,GEDE,RHA,RANAGHAT JN,43,00:53,13
31749,RHA -GEDE LOCAL,SUB,Suburban,Daily,RHA,RANAGHAT JN,GEDE,GEDE,43,00:55,13
31751,RHA -GEDE LOCAL,SUB,Suburban,Daily,RHA,RANAGHAT JN,GEDE,GEDE,43,00:52,14
31752,GEDE-RHA LOCAL,SUB,Suburban,Daily,GEDE,GEDE,RHA,RANAGHAT JN,43,00:55,13
31753,RHA -GEDE LOCAL,SUB,Suburban,Daily,RHA,RANAGHAT JN,GEDE,GEDE,43,00:52,13
31754,GEDE-RHA LOCAL,SUB,Suburban,Daily,GEDE,GEDE,RHA,RANAGHAT JN,43,00:52,13
31755,RHA-GEDE LOCAL,SUB,Suburban,Daily,RHA,RANAGHAT JN,GEDE,GEDE,43,00:57,13
31756,GEDE-RHA LOCAL,SUB,Suburban,Daily,GEDE,GEDE,RHA,RANAGHAT JN,43,00:52,13
31757,RHA-GEDE LOCAL,SUB,Suburban,Daily,RHA,RANAGHAT JN,GEDE,GEDE,43,00:52,13
31758,GEDE-RHA LOCAL,SUB,Suburban,Daily,GEDE,GEDE,RHA,RANAGHAT JN,43,00:52,13
31759,RHA GEDE LOCAL,SUB,Suburban,Daily,RHA,RANAGHAT JN,GEDE,GEDE,43,00:57,14
31760,GEDE RHA LOCAL,SUB,Suburban,Daily,GEDE,GEDE,RHA,RANAGHAT JN,43,00:58,14
31761,RHA-GEDE EMU SPL,SUB,Suburban,Daily,RHA,RANAGHAT JN,GEDE,GEDE,43,00:52,13
31762,GEDE-RHA SPL ,SUB,Suburban,Daily,GEDE,GEDE,RHA,RANAGHAT JN,43,00:55,13
31764,GEDE-RHA EMU SPL ,SUB,Suburban,Daily,GEDE,GEDE,RHA,RANAGHAT JN,43,00:56,14
31765,RHA-LGL EMU PASS,SUB,Suburban,Daily,RHA,RANAGHAT JN,LGL,LALGOLA,155,03:00,26
31768,LGL - RHA PASSENGER,SUB,Suburban,Daily,LGL,LALGOLA,RHA,RANAGHAT JN,155,03:05,26
31769,RHA - LGL EMU PASS,SUB,Suburban,Daily,RHA,RANAGHAT JN,LGL,LALGOLA,155,03:05,29
31770,LGL-RHA EMU PGR,SUB,Suburban,Daily,LGL,LALGOLA,RHA,RANAGHAT JN,155,03:15,29
31771,RHA -LGL EMU PASS,SUB,Suburban,Daily,RHA,RANAGHAT JN,LGL,LALGOLA,155,03:05,28
31772,LGL - RHA EMU PGR,SUB,Suburban,Daily,LGL,LALGOLA,RHA,RANAGHAT JN,155,03:04,29
31773,RHA LGL PASS,SUB,Suburban,Daily,RHA,RANAGHAT JN,LGL,LALGOLA,155,03:16,30
31774,LGL RHA LOCAL,SUB,Suburban,Daily,LGL,LALGOLA,RHA,RANAGHAT JN,155,03:12,60
31776,KRP-BPC EMU PGR,SUB,Suburban,Daily,KRP,KRISHNAPUR,BPC,BERHAMPORE CRT,40,00:52,16
31777,BPC LGL EMU SPL,SUB,Suburban,Daily,BPC,BERHAMPORE CRT,LGL,LALGOLA,42,01:00,18
31781,RHA-STB LOCAL,SUB,Suburban,Daily,RHA,RANAGHAT JN,STB,SHANTIPUR,20,00:27,6
31782,STB-RHA LOCAL,SUB,Suburban,Daily,STB,SHANTIPUR,RHA,RANAGHAT JN,20,00:26,6
31783,RHA-STB LOCAL,SUB,Suburban,Daily,RHA,RANAGHAT JN,STB,SHANTIPUR,20,00:27,5
31784,STB-RHA LOCAL,SUB,Suburban,Daily,STB,SHANTIPUR,RHA,RANAGHAT JN,20,00:26,12
31785,RHA-STB EMU LOCAL,SUB,Suburban,Daily,RHA,RANAGHAT JN,STB,SHANTIPUR,20,00:28,12
31786,STB-RHA LOCAL,SUB,Suburban,Daily,STB,SHANTIPUR,RHA,RANAGHAT JN,20,00:28,5
31787,RHA-STB LOCAL,SUB,Suburban,Daily,RHA,RANAGHAT JN,STB,SHANTIPUR,20,00:28,6
31788,STB-RHA EMU LOCAL,SUB,Suburban,Daily,STB,SHANTIPUR,RHA,RANAGHAT JN,20,00:36,6
31790,STB-RHA LOCAL,SUB,Suburban,Daily,STB,SHANTIPUR,RHA,RANAGHAT JN,20,00:30,6
31801,SDAH-KNJ LOCAL,SUB,Suburban,"Mon,Tue,Wed,Thu,Fri,Sat",SDAH,SEALDAH,KNJ,KRISHNGR CTY JN,102,02:24,29
31802,KNJ-SDAH LOCAL,SUB,Suburban,"Mon,Tue,Wed,Thu,Fri,Sat",KNJ,KRISHNGR CTY JN,SDAH,SEALDAH,102,02:20,29
31811,SDAH-KNJ LOCAL,SUB,Suburban,Daily,SDAH,SEALDAH,KNJ,KRISHNGR CTY JN,102,02:28,29
31812,KNJ - SDAJ LOCAL,SUB,Suburban,Daily,KNJ,KRISHNGR CTY JN,SDAH,SEALDAH,102,02:26,29
31813,SDAH-KNJ LOCAL,SUB,Suburban,"Mon,Tue,Wed,Thu,Fri,Sat",SDAH,SEALDAH,KNJ,KRISHNGR CTY JN,102,02:23,30
31814,KNJ - SDAH  LOCAL,SUB,Suburban,Daily,KNJ,KRISHNGR CTY JN,SDAH,SEALDAH,102,02:12,23
31815,SDAH-KNJ LOCAL,SUB,Suburban,Daily,SDAH,SEALDAH,KNJ,KRISHNGR CTY JN,102,02:24,29
31816,KNJ - SDAH LOCAL,SUB,Suburban,Daily,KNJ,KRISHNGR CTY JN,SDAH,SEALDAH,102,02:20,30
31817,SDAH-KNJ LOCAL,SUB,Suburban,Daily,SDAH,SEALDAH,KNJ,KRISHNGR CTY JN,102,02:27,30
31818,KNJ - SDAH  LOCAL,SUB,Suburban,Daily,KNJ,KRISHNGR CTY JN,SDAH,SEALDAH,102,02:18,25
31819,SDAH-KNJ LOCAL,SUB,Suburban,Daily,SDAH,SEALDAH,KNJ,KRISHNGR CTY JN,102,02:18,19
31820,KNJ - SDAH  LOCAL,SUB,Suburban,Daily,KNJ,KRISHNGR CTY JN,SDAH,SEALDAH,102,02:22,30
31821,SDAH-KNJ LOCAL,SUB,Suburban,Daily,SDAH,SEALDAH,KNJ,KRISHNGR CTY JN,102,02:16,21
31822,KNJ - SDAH  LOCAL,SUB,Suburban,Daily,KNJ,KRISHNGR CTY JN,SDAH,SEALDAH,102,02:20,29
31824,KNJ - SDAH  LOCAL,SUB,Suburban,Daily,KNJ,KRISHNGR CTY JN,SDAH,SEALDAH,102,02:18,29
31825,SDAH-KNJ LOCAL,SUB,Suburban,Daily,SDAH,SEALDAH,KNJ,KRISHNGR CTY JN,102,02:26,29
31827,SDAH - KNJ LOCAL,SUB,Suburban,Daily,SDAH,SEALDAH,KNJ,KRISHNGR CTY JN,102,02:21,29
31828,KNJ - SDAH  LOCAL,SUB,Suburban,Daily,KNJ,KRISHNGR CTY JN,SDAH,SEALDAH,102,02:00,13
31829,SDAH-KNJ LOCAL,SUB,Suburban,Daily,SDAH,SEALDAH,KNJ,KRISHNGR CTY JN,102,02:20,30
31830,KNJ - SDAH  LOCAL,SUB,Suburban,Daily,KNJ,KRISHNGR CTY JN,SDAH,SEALDAH,102,02:17,29
31831,SDAH-KNJ LOCAL,SUB,Suburban,Daily,SDAH,SEALDAH,KNJ,KRISHNGR CTY JN,102,02:25,30
31832,KNJ - SDAH  LOCAL,SUB,Suburban,Daily,KNJ,KRISHNGR CTY JN,SDAH,SEALDAH,102,02:20,26
31833,SDAH-KNJ LOCAL,SUB,Suburban,Daily,SDAH,SEALDAH,KNJ,KRISHNGR CTY JN,102,02:27,24
31834,KNJ - SDAH  LOCAL,SUB,Suburban,Daily,KNJ,KRISHNGR CTY JN,SDAH,SEALDAH,102,02:26,28
31835,SDAH-KNJ LOCAL,SUB,Suburban,Daily,SDAH,SEALDAH,KNJ,KRISHNGR CTY JN,102,02:15,17
31836,KNJ - SDAH LOCAL,SUB,Suburban,Daily,KNJ,KRISHNGR CTY JN,SDAH,SEALDAH,102,02:19,26
31837,SDAH-KNJ LOCAL,SUB,Suburban,Daily,SDAH,SEALDAH,KNJ,KRISHNGR CTY JN,102,02:16,46
31838,KNJ-SDAH LOCAL,SUB,Suburban,"Mon,Tue,Wed,Thu,Fri,Sat",KNJ,KRISHNGR CTY JN,SDAH,SEALDAH,102,02:25,30
31840,KNJ-SDAH LOCAL,SUB,Suburban,Daily,KNJ,KRISHNGR CTY JN,SDAH,SEALDAH,102,02:30,16
31841,SDAH-KNJ LOCAL,SUB,Suburban,Daily,SDAH,SEALDAH,KNJ,KRISHNGR CTY JN,102,02:22,29
31843,SDAH-KNJ LOCAL ,SUB,Suburban,Daily,SDAH,SEALDAH,KNJ,KRISHNGR CTY JN,102,02:22,29
31844,KNJ-SDAH LOCAL,SUB,Suburban,Daily,KNJ,KRISHNGR CTY JN,SDAH,SEALDAH,102,02:18,30
31845,SDAH-KNJ AC LOCAL,SUB,Suburban,"Mon,Tue,Wed,Thu,Fri,Sat",SDAH,SEALDAH,KNJ,KRISHNGR CTY JN,102,02:19,14
31846,KNJ-SDAH AC LOCAL,SUB,Suburban,"Mon,Tue,Wed,Thu,Fri,Sat",KNJ,KRISHNGR CTY JN,SDAH,SEALDAH,102,02:10,14
31847,SDAH-KNJ AC EMU LOCAL,SUB,Suburban,Sun,SDAH,SEALDAH,KNJ,KRISHNGR CTY JN,102,02:16,14
31848,KNJ-SDAH AC EMU LOCAL,SUB,Suburban,Sun,KNJ,KRISHNGR CTY JN,SDAH,SEALDAH,102,02:15,14
31861,KNJ LGL EMU PASSENGER,SUB,Suburban,Daily,KNJ,KRISHNGR CTY JN,LGL,LALGOLA,129,02:30,23
31864, LGL KNJ EMU PASSENGER,SUB,Suburban,Daily,LGL,LALGOLA,KNJ,KRISHNGR CTY JN,129,02:35,24
31881,KNJ-AHT LOCAL,SUB,Suburban,Daily,KNJ,KRISHNGR CTY JN,AHT,AMGHATA,8,00:15,2
31882,AHT-KNJ LOCAL,SUB,Suburban,Daily,AHT,AMGHATA,KNJ,KRISHNGR CTY JN,8,00:15,2
31883,KNJ-AHT LOCAL,SUB,Suburban,Daily,KNJ,KRISHNGR CTY JN,AHT,AMGHATA,8,00:15,2
31884,AHT-KNJ LOCAL,SUB,Suburban,Daily,AHT,AMGHATA,KNJ,KRISHNGR CTY JN,8,00:15,2
31885,KNJ-AHT LOCAL,SUB,Suburban,Daily,KNJ,KRISHNGR CTY JN,AHT,AMGHATA,8,00:15,2
31886,AHT-KNJ LOCAL,SUB,Suburban,Daily,AHT,AMGHATA,KNJ,KRISHNGR CTY JN,8,00:17,2
31887,KNJ-AHT LOCAL,SUB,Suburban,Daily,KNJ,KRISHNGR CTY JN,AHT,AMGHATA,8,00:15,2
31888,AHT-KNJ LOCAL,SUB,Suburban,Daily,AHT,AMGHATA,KNJ,KRISHNGR CTY JN,8,00:15,2
31889,KNJ-AHT LOCAL,SUB,Suburban,Daily,KNJ,KRISHNGR CTY JN,AHT,AMGHATA,8,00:15,2
31890,AHT-KNJ LOCAL,SUB,Suburban,Daily,AHT,AMGHATA,KNJ,KRISHNGR CTY JN,8,00:20,2
31911,SDAH-GEDE LOCAL,SUB,Suburban,Daily,SDAH,SEALDAH,GEDE,GEDE,119,02:45,36
31912,GEDE - SDAH LOCAL,SUB,Suburban,Daily,GEDE,GEDE,SDAH,SEALDAH,119,02:35,36
31913,SDAH-GEDE LOCAL,SUB,Suburban,Daily,SDAH,SEALDAH,GEDE,GEDE,119,02:45,37
31914,GEDE - SDAH LOCAL,SUB,Suburban,Daily,GEDE,GEDE,SDAH,SEALDAH,119,02:40,36
31915,SDAH-GEDE LOCAL,SUB,Suburban,Daily,SDAH,SEALDAH,GEDE,GEDE,119,02:47,36
31916,GEDE - SDAH LOCAL,SUB,Suburban,Daily,GEDE,GEDE,SDAH,SEALDAH,119,02:45,31
31917,SDAH-GEDE LOCAL,SUB,Suburban,Daily,SDAH,SEALDAH,GEDE,GEDE,119,02:55,36
31918,GEDE - SDAH LOCALD,SUB,Suburban,Daily,GEDE,GEDE,SDAH,SEALDAH,119,02:42,37
31919,SDAH-GEDE LOCAL,SUB,Suburban,Daily,SDAH,SEALDAH,GEDE,GEDE,119,02:43,36
31920,GEDE- SDAH LOCAL,SUB,Suburban,Daily,GEDE,GEDE,SDAH,SEALDAH,119,02:38,35
31921,SDAH - GEDE LOCAL,SUB,Suburban,Daily,SDAH,SEALDAH,GEDE,GEDE,119,02:42,36
31922,GEDE - SDAH LOCAL,SUB,Suburban,Daily,GEDE,GEDE,SDAH,SEALDAH,119,02:50,37
31923,SDAH-GEDE LOCAL,SUB,Suburban,Daily,SDAH,SEALDAH,GEDE,GEDE,119,02:46,36
31924,GEDE - SDAH LOCAL,SUB,Suburban,Daily,GEDE,GEDE,SDAH,SEALDAH,119,02:37,35
31925,SDAH-GEDE LOCAL,SUB,Suburban,Daily,SDAH,SEALDAH,GEDE,GEDE,119,02:42,36
31926,GEDE - SDAH LOCAL,SUB,Suburban,Daily,GEDE,GEDE,SDAH,SEALDAH,119,02:41,36
31927,SDAH-GEDE LOCAL,SUB,Suburban,Daily,SDAH,SEALDAH,GEDE,GEDE,119,02:48,37
31928,GEDE - SDAH LOCAL,SUB,Suburban,Daily,GEDE,GEDE,SDAH,SEALDAH,119,02:37,31
31929,SDAH-GEDE LOCAL,SUB,Suburban,Daily,SDAH,SEALDAH,GEDE,GEDE,119,02:40,36
31930,GEDE -SDAH EMU SPL,SUB,Suburban,Daily,GEDE,GEDE,SDAH,SEALDAH,119,02:31,27
31931,SDAH - GEDE EMU SPL ,SUB,Suburban,Daily,SDAH,SEALDAH,GEDE,GEDE,119,02:39,27
31933,SDAH - GEDE EMU SPL,SUB,Suburban,Daily,SDAH,SEALDAH,GEDE,GEDE,119,02:48,37
32211,SDAH-DKAE LOCAL,SUB,Suburban,Daily,SDAH,SEALDAH,DKAE,DANKUNI,28,00:43,9
32212,DKAE-SDAH LOCAL,SUB,Suburban,Daily,DKAE,DANKUNI,SDAH,SEALDAH,28,00:45,9
32213,SDAH-DKAE LOCAL,SUB,Suburban,Daily,SDAH,SEALDAH,DKAE,DANKUNI,28,00:44,9
32214,DKAE-SDAH LOCAL,SUB,Suburban,Daily,DKAE,DANKUNI,SDAH,SEALDAH,28,00:43,9
32215,SDAH-DKAE LOCAL,SUB,Suburban,Daily,SDAH,SEALDAH,DKAE,DANKUNI,28,00:43,9
32216,DKAE-SDAH LOCAL,SUB,Suburban,Daily,DKAE,DANKUNI,SDAH,SEALDAH,28,00:44,9
32217,SDAH-DKAE LOCAL,SUB,Suburban,Daily,SDAH,SEALDAH,DKAE,DANKUNI,28,00:45,9
32218,DKAE-SDAH LOCAL,SUB,Suburban,Daily,DKAE,DANKUNI,SDAH,SEALDAH,28,00:46,8
32219,SDAH-DKAE LOCAL,SUB,Suburban,Daily,SDAH,SEALDAH,DKAE,DANKUNI,28,00:40,9
32220,DKAE-SDAH LOCAL,SUB,Suburban,Daily,DKAE,DANKUNI,SDAH,SEALDAH,28,00:50,9
32221,SDAH-DKAE LOCAL,SUB,Suburban,Daily,SDAH,SEALDAH,DKAE,DANKUNI,28,00:44,9
32222,DKAE-SDAH LOCAL,SUB,Suburban,Daily,DKAE,DANKUNI,SDAH,SEALDAH,28,00:48,9
32223,SDAH-DKAE LOCAL,SUB,Suburban,Daily,SDAH,SEALDAH,DKAE,DANKUNI,28,00:42,9
32224,DKAE-SDAH LOCAL,SUB,Suburban,Daily,DKAE,DANKUNI,SDAH,SEALDAH,28,00:45,9
32225,SDAH-DKAE LOCAL,SUB,Suburban,"Mon,Tue,Wed,Thu,Fri,Sat",SDAH,SEALDAH,DKAE,DANKUNI,28,00:43,9
32226,DKAE-SDAH LOCAL,SUB,Suburban,"Mon,Tue,Wed,Thu,Fri,Sat",DKAE,DANKUNI,SDAH,SEALDAH,28,00:48,9
32227,SDAH-DKAE LOCAL,SUB,Suburban,Daily,SDAH,SEALDAH,DKAE,DANKUNI,28,00:40,9
32228,DKAE-SDAH LOCAL,SUB,Suburban,Daily,DKAE,DANKUNI,SDAH,SEALDAH,28,00:43,9
32229,SDAH-DKAE LOCAL,SUB,Suburban,"Mon,Tue,Wed,Thu,Fri,Sat",SDAH,SEALDAH,DKAE,DANKUNI,28,00:47,9
32230,DKAE-SDAH LOCAL,SUB,Suburban,"Mon,Tue,Wed,Thu,Fri,Sat",DKAE,DANKUNI,SDAH,SEALDAH,28,00:48,9
32231,SDAH-DKAE LOCAL,SUB,Suburban,Daily,SDAH,SEALDAH,DKAE,DANKUNI,28,00:48,9
32232,DKAE-SDAH LOCAL,SUB,Suburban,Daily,DKAE,DANKUNI,SDAH,SEALDAH,28,00:51,9
32233,SDAH-DKAE LOCAL,SUB,Suburban,Daily,SDAH,SEALDAH,DKAE,DANKUNI,28,00:44,9
32234,DKAE-SDAH LOCAL,SUB,Suburban,Daily,DKAE,DANKUNI,SDAH,SEALDAH,28,00:53,9
32235,SDAH-DKAE LOCAL,SUB,Suburban,Daily,SDAH,SEALDAH,DKAE,DANKUNI,28,00:42,9
32236,DKAE-SDAH LOCAL,SUB,Suburban,Daily,DKAE,DANKUNI,SDAH,SEALDAH,28,00:48,9
32237,SDAH-DKAE LOCAL,SUB,Suburban,Daily,SDAH,SEALDAH,DKAE,DANKUNI,28,00:44,9
32238,DKAE-SDAH LOCAL,SUB,Suburban,Daily,DKAE,DANKUNI,SDAH,SEALDAH,28,00:45,9
32239,SDAH-DKAE LOCAL,SUB,Suburban,Daily,SDAH,SEALDAH,DKAE,DANKUNI,28,00:40,9
32240,DKAE-SDAH LOCAL,SUB,Suburban,Daily,DKAE,DANKUNI,SDAH,SEALDAH,28,00:49,9
32241,SDAH-DKAE LOCAL,SUB,Suburban,Daily,SDAH,SEALDAH,DKAE,DANKUNI,28,00:40,9
32242,DKAE-SDAH LOCAL,SUB,Suburban,Daily,DKAE,DANKUNI,SDAH,SEALDAH,28,00:44,9
32243,SDAH-DKAE LOCAL,SUB,Suburban,Daily,SDAH,SEALDAH,DKAE,DANKUNI,28,00:42,9
32245,SDAH-DKAE LOCAL,SUB,Suburban,Daily,SDAH,SEALDAH,DKAE,DANKUNI,28,00:43,9
32246,DKAE-SDAH LOCAL,SUB,Suburban,Daily,DKAE,DANKUNI,SDAH,SEALDAH,28,00:48,9
32247,SEALDAH-DKAE LOCAL,SUB,Suburban,Daily,SDAH,SEALDAH,DKAE,DANKUNI,28,00:43,9
32248,DKAE-SDAH LOCAL,SUB,Suburban,Daily,DKAE,DANKUNI,SDAH,SEALDAH,28,00:51,9
32249,SDAH-DKAE LOCAL,SUB,Suburban,Daily,SDAH,SEALDAH,DKAE,DANKUNI,28,00:42,9
32250,DKAE-SDAH LOCAL,SUB,Suburban,Daily,DKAE,DANKUNI,SDAH,SEALDAH,28,00:51,9
32252,DKAE-SDAH LOCAL,SUB,Suburban,Daily,DKAE,DANKUNI,SDAH,SEALDAH,28,00:48,9
32411,SDAH-BRPA LOCAL,SUB,Suburban,Daily,SDAH,SEALDAH,BRPA,BARUIPARA,39,01:00,13
32412,BRPA - SDAH LOCAL,SUB,Suburban,Daily,BRPA,BARUIPARA,SDAH,SEALDAH,39,01:07,13
32413,SDAH-BRPA  LOCAL,SUB,Suburban,Daily,SDAH,SEALDAH,BRPA,BARUIPARA,39,01:00,13
32414,BRPA-SDAH LOCAL,SUB,Suburban,Daily,BRPA,BARUIPARA,SDAH,SEALDAH,39,01:05,13
33061,CG - BT LOCAL,SUB,Suburban,Daily,CG,CANNING,BT,BARASAT,66,02:12,29
33231,DDJ- BP LOCAL,SUB,Suburban,Daily,DDJ,DUM DUM,BP,BARRACKPORE,16,00:25,7
33232,BP-DDJ LOCAL,SUB,Suburban,Daily,BP,BARRACKPORE,DDJ,DUM DUM,16,00:25,7
33271,DDJ - BNJ LOCAL,SUB,Suburban,Daily,DDJ,DUM DUM,BNJ,BANGAON JN,69,01:39,22
33282,HNB-DDJ LOCAL,SUB,Suburban,Daily,HNB,HASANABAD,DDJ,DUM DUM,67,02:00,28
33311,BT-HNB LOCAL,SUB,Suburban,Daily,BT,BARASAT,HNB,HASANABAD,52,01:29,20
33312,HNB-BT LOCAL,SUB,Suburban,Daily,HNB,HASANABAD,BT,BARASAT,52,01:15,20
33313,BT-HNB LOCAL,SUB,Suburban,Daily,BT,BARASAT,HNB,HASANABAD,52,01:22,20
33314,HNB BT LOCAL,SUB,Suburban,Daily,HNB,HASANABAD,BT,BARASAT,52,01:15,20
33315,BT-HNB LOCAL,SUB,Suburban,Daily,BT,BARASAT,HNB,HASANABAD,52,01:15,20
33316,HNB-BT LOCAL,SUB,Suburban,Daily,HNB,HASANABAD,BT,BARASAT,52,01:15,20
33317,BT - HNB LOCAL,SUB,Suburban,Daily,BT,BARASAT,HNB,HASANABAD,52,01:16,20
33318,HNB BT LOCAL,SUB,Suburban,Daily,HNB,HASANABAD,BT,BARASAT,52,01:20,20
33319,DDC - HNB LOCAL,SUB,Suburban,Daily,DDC,DUM DUM CANT,HNB,HASANABAD,64,01:56,27
33320,HNB BT LOCAL,SUB,Suburban,Daily,HNB,HASANABAD,BT,BARASAT,52,01:16,20
33321,BT - HNB LOCAL,SUB,Suburban,Daily,BT,BARASAT,HNB,HASANABAD,52,01:23,20
33322,HNB DDC LOCAL,SUB,Suburban,Daily,HNB,HASANABAD,DDC,DUM DUM CANT,64,01:49,27
33323,BT-HNB LOCAL,SUB,Suburban,Daily,BT,BARASAT,HNB,HASANABAD,52,01:24,20
33324,BSHT-BT LOCAL,SUB,Suburban,Daily,BSHT,BASIRHAT,BT,BARASAT,42,01:02,15
33325,BT HNB LOCAL,SUB,Suburban,Daily,BT,BARASAT,HNB,HASANABAD,52,01:17,20
33326,HNB-BT LOCAL,SUB,Suburban,Daily,HNB,HASANABAD,BT,BARASAT,52,01:24,20
33327,BT HNB LOCAL,SUB,Suburban,Daily,BT,BARASAT,HNB,HASANABAD,52,01:21,20
33328,HNB BT LOCAL,SUB,Suburban,Daily,HNB,HASANABAD,BT,BARASAT,52,01:19,20
33329,BT-BSHT LOCAL,SUB,Suburban,Daily,BT,BARASAT,BSHT,BASIRHAT,42,01:00,15
33331,BT HNB LOCAL,SUB,Suburban,Daily,BT,BARASAT,HNB,HASANABAD,52,01:23,20
33351,BT - HB LOCAL,SUB,Suburban,Daily,BT,BARASAT,HB,HABRA,22,00:33,7
33357,BT-DTK LOCAL,SUB,Suburban,Daily,BT,BARASAT,DTK,DATTAPUKUR,8,00:13,3
33361,BT-BNJ LOCAL,SUB,Suburban,Daily,BT,BARASAT,BNJ,BANGAON JN,54,01:10,14
33362,BNJ- BT LOCAL,SUB,Suburban,Daily,BNJ,BANGAON JN,BT,BARASAT,54,01:07,12
33363,BT -BNJ LOCAL,SUB,Suburban,"Mon,Tue,Wed,Thu,Fri,Sat",BT,BARASAT,BNJ,BANGAON JN,54,01:05,12
33364,BNJ- BT LOCAL,SUB,Suburban,Daily,BNJ,BANGAON JN,BT,BARASAT,54,01:05,12
33365,BT-BNJ LOCAL,SUB,Suburban,Daily,BT,BARASAT,BNJ,BANGAON JN,54,01:05,12
33366,BNJ-BT LOCAL,SUB,Suburban,"Mon,Tue,Wed,Thu,Fri,Sat",BNJ,BANGAON JN,BT,BARASAT,54,01:09,12
33367,BT-BNJ LOCAL,SUB,Suburban,Daily,BT,BARASAT,BNJ,BANGAON JN,54,01:08,13
33368,BNJ - DDC LOCAL,SUB,Suburban,Daily,BNJ,BANGAON JN,DDC,DUM DUM CANT,66,01:35,21
33369,BT - BNJ LOCAL,SUB,Suburban,Daily,BT,BARASAT,BNJ,BANGAON JN,54,01:10,14
33370,BNJ - BT LOCAL,SUB,Suburban,Daily,BNJ,BANGAON JN,BT,BARASAT,54,01:15,14
33372,BNJ-BT LOCAL,SUB,Suburban,Daily,BNJ,BANGAON JN,BT,BARASAT,54,01:18,14
33382,BNJ-BT LOCAL,SUB,Suburban,Daily,BNJ,BANGAON JN,BT,BARASAT,54,01:16,14
33401,SDAH-BT MATRIBHOOMI LOCAL,SUB,Suburban,"Mon,Tue,Wed,Thu,Fri,Sat",SDAH,SEALDAH,BT,BARASAT,25,00:44,11
33402,BT-SDAH MATRIBHOOMI LOCA,SUB,Suburban,"Mon,Tue,Wed,Thu,Fri,Sat",BT,BARASAT,SDAH,SEALDAH,25,00:45,11
33411,SDAH-DDC LOCAL,SUB,Suburban,"Mon,Tue,Wed,Thu,Fri,Sat",SDAH,SEALDAH,DDC,DUM DUM CANT,13,00:24,4
33412,DDC-SDAH LOCAL,SUB,Suburban,"Mon,Tue,Wed,Thu,Fri,Sat",DDC,DUM DUM CANT,SDAH,SEALDAH,13,00:22,4
33421,SDAH-MMG LOCAL,SUB,Suburban,"Mon,Tue,Wed,Thu,Fri,Sat",SDAH,SEALDAH,MMG,MADHYAMGRAM,21,00:40,9
33422,MMG - SDAH LOCAL,SUB,Suburban,"Mon,Tue,Wed,Thu,Fri,Sat",MMG,MADHYAMGRAM,SDAH,SEALDAH,21,00:43,9
33431,SDAH - HNB LOCAL,SUB,Suburban,Daily,SDAH,SEALDAH,HNB,HASANABAD,77,02:08,30
33432,BT-SDAH LOCAL,SUB,Suburban,Daily,BT,BARASAT,SDAH,SEALDAH,25,00:51,11
33433,SDAH - BT LOCAL,SUB,Suburban,"Mon,Tue,Wed,Thu,Fri,Sat",SDAH,SEALDAH,BT,BARASAT,25,00:46,11
33434,BT - SDAH LOCAL,SUB,Suburban,Daily,BT,BARASAT,SDAH,SEALDAH,25,00:50,11
33435,SDAH - BT LOCAL,SUB,Suburban,Daily,SDAH,SEALDAH,BT,BARASAT,25,00:50,11
33436,BT -SDAH LOCAL,SUB,Suburban,"Mon,Tue,Wed,Thu,Fri,Sat",BT,BARASAT,SDAH,SEALDAH,25,00:47,11
33437,SDAH - BT LOCAL,SUB,Suburban,Daily,SDAH,SEALDAH,BT,BARASAT,25,00:56,11
33438,BT -SDAH LOCAL,SUB,Suburban,Daily,BT,BARASAT,SDAH,SEALDAH,25,00:47,11
33439,SDAH - BT LOCAL,SUB,Suburban,Daily,SDAH,SEALDAH,BT,BARASAT,25,00:45,11
33440,BT -SDAH LOCAL,SUB,Suburban,Daily,BT,BARASAT,SDAH,SEALDAH,25,00:50,11
33442,BNJ - SDAH AC LOCAL,SUB,Suburban,"Mon,Tue,Wed,Thu,Fri,Sat",BNJ,BANGAON JN,SDAH,SEALDAH,79,01:50,17
33443,SDAH - BT LOCAL,SUB,Suburban,Daily,SDAH,SEALDAH,BT,BARASAT,25,00:45,11
33445,SDAH - BT LOCAL,SUB,Suburban,Daily,SDAH,SEALDAH,BT,BARASAT,25,00:45,11
33447,SDAH - BT LOCAL,SUB,Suburban,Daily,SDAH,SEALDAH,BT,BARASAT,25,00:48,11
33449,SDAH - BNJ AC LOCAL,SUB,Suburban,"Mon,Tue,Wed,Thu,Fri,Sat",SDAH,SEALDAH,BNJ,BANGAON JN,79,01:50,17
33471,DDC - BT LOCAL,SUB,Suburban,Daily,DDC,DUM DUM CANT,BT,BARASAT,12,00:27,8
33472,BT - DDC LOCAL,SUB,Suburban,Daily,BT,BARASAT,DDC,DUM DUM CANT,12,00:25,8
33474,BT - DDC LOCAL,SUB,Suburban,Daily,BT,BARASAT,DDC,DUM DUM CANT,12,00:25,8
33511,SDAH-HNB LOCAL,SUB,Suburban,Daily,SDAH,SEALDAH,HNB,HASANABAD,77,02:05,30
33512,HNB-SDAH LOCAL,SUB,Suburban,Daily,HNB,HASANABAD,SDAH,SEALDAH,77,02:35,30
33513,SDAH - HNB LOCAL,SUB,Suburban,Daily,SDAH,SEALDAH,HNB,HASANABAD,77,02:03,30
33514,HNB-SDAH LOCAL,SUB,Suburban,Daily,HNB,HASANABAD,SDAH,SEALDAH,77,02:04,30
33515,SDAH - HNB LOCAL,SUB,Suburban,Daily,SDAH,SEALDAH,HNB,HASANABAD,77,02:12,30
33516,HNB-SDAH LOCAL,SUB,Suburban,Daily,HNB,HASANABAD,SDAH,SEALDAH,77,02:07,26
33517,SDAH - HNB LOCAL,SUB,Suburban,Daily,SDAH,SEALDAH,HNB,HASANABAD,77,02:05,30
33518,HNB-SDAH LOCAL,SUB,Suburban,Daily,HNB,HASANABAD,SDAH,SEALDAH,77,02:06,27
33519,SDAH - HNB LOCAL,SUB,Suburban,Daily,SDAH,SEALDAH,HNB,HASANABAD,77,02:05,30
33520,HNB-SDAH LOCAL,SUB,Suburban,Daily,HNB,HASANABAD,SDAH,SEALDAH,77,02:13,30
33521,SDAH - HNB LOCAL,SUB,Suburban,"Mon,Tue,Wed,Thu,Fri,Sat",SDAH,SEALDAH,HNB,HASANABAD,77,02:12,30
33522,HNB-SDAH LOCAL,SUB,Suburban,Daily,HNB,HASANABAD,SDAH,SEALDAH,77,02:13,30
33523,SDAH - HNB LOCAL,SUB,Suburban,Daily,SDAH,SEALDAH,HNB,HASANABAD,77,02:07,30
33524,HNB-SDAH LOCAL,SUB,Suburban,Daily,HNB,HASANABAD,SDAH,SEALDAH,77,02:05,25
33525,SDAH - HNB LOCAL,SUB,Suburban,Daily,SDAH,SEALDAH,HNB,HASANABAD,77,02:07,30
33526,HNB-SDAH LOCAL,SUB,Suburban,"Mon,Tue,Wed,Thu,Fri,Sat",HNB,HASANABAD,SDAH,SEALDAH,77,02:03,30
33527,SDAH-HNB  LOCAL,SUB,Suburban,Daily,SDAH,SEALDAH,HNB,HASANABAD,77,02:01,26
33528,HNB-SDAH LOCAL,SUB,Suburban,Daily,HNB,HASANABAD,SDAH,SEALDAH,77,02:13,25
33529,SDAH-HNB LOCAL,SUB,Suburban,Daily,SDAH,SEALDAH,HNB,HASANABAD,77,02:03,26
33530,HNB-SDAH LOCAL,SUB,Suburban,Daily,HNB,HASANABAD,SDAH,SEALDAH,77,02:03,30
33531,SDAH-HNB LOCAL,SUB,Suburban,Daily,SDAH,SEALDAH,HNB,HASANABAD,77,02:06,26
33532,HNB-SDAH LOCAL,SUB,Suburban,Daily,HNB,HASANABAD,SDAH,SEALDAH,77,02:05,30
33533,SDAH-HNB LOCAL,SUB,Suburban,Daily,SDAH,SEALDAH,HNB,HASANABAD,77,02:04,30
33534,HNB-SDAH LOCAL,SUB,Suburban,Daily,HNB,HASANABAD,SDAH,SEALDAH,77,02:09,26
33536,HNB-SDAH LOCAL,SUB,Suburban,Daily,HNB,HASANABAD,SDAH,SEALDAH,77,02:10,30
33538,HNB-SDAH LOCAL,SUB,Suburban,Daily,HNB,HASANABAD,SDAH,SEALDAH,77,02:03,25
33612,DTK-SDAH LOCAL,SUB,Suburban,Daily,DTK,DATTAPUKUR,SDAH,SEALDAH,33,00:59,13
33613,SDAH-DTK LOCAL,SUB,Suburban,Daily,SDAH,SEALDAH,DTK,DATTAPUKUR,33,00:59,13
33615,SDAH - DTK LOCAL,SUB,Suburban,"Mon,Tue,Wed,Thu,Fri,Sat",SDAH,SEALDAH,DTK,DATTAPUKUR,33,01:00,13
33616,DTK - SDAH LOCAL,SUB,Suburban,Daily,DTK,DATTAPUKUR,SDAH,SEALDAH,33,01:00,13
33617,SDAH - BNJ LOCAL,SUB,Suburban,Daily,SDAH,SEALDAH,BNJ,BANGAON JN,79,01:45,22
33618,DTK-SDAH LOCAL,SUB,Suburban,Daily,DTK,DATTAPUKUR,SDAH,SEALDAH,33,01:00,13
33619,SDAH - DTK LOCAL,SUB,Suburban,Daily,SDAH,SEALDAH,DTK,DATTAPUKUR,33,00:58,13
33620,DTK-SDAH LOCAL,SUB,Suburban,"Mon,Tue,Wed,Thu,Fri,Sat",DTK,DATTAPUKUR,SDAH,SEALDAH,33,01:07,13
33621,SDAH-DTK LOCAL,SUB,Suburban,Daily,SDAH,SEALDAH,DTK,DATTAPUKUR,33,00:58,13
33622,BNJ-SDAH LOCAL,SUB,Suburban,Daily,BNJ,BANGAON JN,SDAH,SEALDAH,79,02:03,22
33623,SDAH - DTK LOCAL,SUB,Suburban,Daily,SDAH,SEALDAH,DTK,DATTAPUKUR,33,01:02,13
33624,DTK-SDAH LOCAL,SUB,Suburban,Daily,DTK,DATTAPUKUR,SDAH,SEALDAH,33,01:00,13
33626,DTK-SDAH LOCAL,SUB,Suburban,Daily,DTK,DATTAPUKUR,SDAH,SEALDAH,33,01:00,13
33628,DTK-SDAH LOCAL,SUB,Suburban,Daily,DTK,DATTAPUKUR,SDAH,SEALDAH,33,01:00,13
33630,DTK-SDAH LOCAL,SUB,Suburban,Daily,DTK,DATTAPUKUR,SDAH,SEALDAH,33,00:59,13
33651,SDAH-HB LOCAL,SUB,Suburban,Daily,SDAH,SEALDAH,HB,HABRA,47,01:18,17
33652,HB - SDAH LOCAL,SUB,Suburban,Daily,HB,HABRA,SDAH,SEALDAH,47,01:18,17
33653,SDAH-HB LOCAL,SUB,Suburban,Daily,SDAH,SEALDAH,HB,HABRA,47,01:16,17
33654,HB - SDAH LOCAL,SUB,Suburban,Daily,HB,HABRA,SDAH,SEALDAH,47,01:20,17
33655,SDAH-HB LOCAL,SUB,Suburban,Daily,SDAH,SEALDAH,HB,HABRA,47,01:17,17
33656,HB - SDAH LOCAL,SUB,Suburban,Daily,HB,HABRA,SDAH,SEALDAH,47,01:16,17
33657,SDAH-HB LOCAL,SUB,Suburban,Daily,SDAH,SEALDAH,HB,HABRA,47,01:18,17
33658,HB - SDAH LOCAL,SUB,Suburban,Daily,HB,HABRA,SDAH,SEALDAH,47,01:20,17
33659,SDAH-HB LOCAL,SUB,Suburban,Daily,SDAH,SEALDAH,HB,HABRA,47,01:18,17
33660,HB - SDAH LOCAL,SUB,Suburban,Daily,HB,HABRA,SDAH,SEALDAH,47,01:17,17
33662,HB-SDAH LOCAL,SUB,Suburban,Daily,HB,HABRA,SDAH,SEALDAH,47,01:15,17
33664,HB - SDAH LOCAL,SUB,Suburban,Daily,HB,HABRA,SDAH,SEALDAH,47,01:22,17
33681,SDAH - GBG  LOCAL,SUB,Suburban,Daily,SDAH,SEALDAH,GBG,GOBARDANGA,60,01:37,20
33682,GBG - SDAH LOCAL,SUB,Suburban,Daily,GBG,GOBARDANGA,SDAH,SEALDAH,60,01:43,20
33685,SDAH - BNJ  LOCAL,SUB,Suburban,Daily,SDAH,SEALDAH,BNJ,BANGAON JN,79,02:08,24
33686,BNJ - SDAH LOCAL,SUB,Suburban,Daily,BNJ,BANGAON JN,SDAH,SEALDAH,79,01:52,23
33711,RHA - BNJ LOCAL,SUB,Suburban,Daily,RHA,RANAGHAT JN,BNJ,BANGAON JN,32,00:48,8
33712,BNJ - RHA LOCAL,SUB,Suburban,Daily,BNJ,BANGAON JN,RHA,RANAGHAT JN,32,00:45,8
33713,RHA - BNJ LOCAL,SUB,Suburban,Daily,RHA,RANAGHAT JN,BNJ,BANGAON JN,32,00:51,9
33714,BNJ - RHA LOCAL,SUB,Suburban,Daily,BNJ,BANGAON JN,RHA,RANAGHAT JN,32,00:38,9
33715,RHA - BNJ LOCAL,SUB,Suburban,Daily,RHA,RANAGHAT JN,BNJ,BANGAON JN,32,00:48,8
33716,BNJ - RHA LOCAL,SUB,Suburban,Daily,BNJ,BANGAON JN,RHA,RANAGHAT JN,32,00:58,8
33717,RHA - BNJ LOCAL,SUB,Suburban,Daily,RHA,RANAGHAT JN,BNJ,BANGAON JN,32,00:42,8
33718,BNJ - RHA LOCAL,SUB,Suburban,Daily,BNJ,BANGAON JN,RHA,RANAGHAT JN,32,00:47,9
33719,RHA - BNJ LOCAL,SUB,Suburban,Daily,RHA,RANAGHAT JN,BNJ,BANGAON JN,32,00:45,8
33720,BNJ - RHA LOCAL,SUB,Suburban,Daily,BNJ,BANGAON JN,RHA,RANAGHAT JN,32,00:45,8
33721,RHA - BNJ LOCAL,SUB,Suburban,Daily,RHA,RANAGHAT JN,BNJ,BANGAON JN,32,00:45,9
33722,BNJ - RHA LOCAL,SUB,Suburban,Daily,BNJ,BANGAON JN,RHA,RANAGHAT JN,32,00:40,8
33723,RHA - BNJ LOCAL,SUB,Suburban,Daily,RHA,RANAGHAT JN,BNJ,BANGAON JN,32,00:45,8
33724,BNJ - RHA LOCAL,SUB,Suburban,Daily,BNJ,BANGAON JN,RHA,RANAGHAT JN,32,00:47,8
33725,RHA - BNJ LOCAL,SUB,Suburban,Daily,RHA,RANAGHAT JN,BNJ,BANGAON JN,32,00:41,8
33726,BNJ - RHA LOCAL,SUB,Suburban,Daily,BNJ,BANGAON JN,RHA,RANAGHAT JN,32,00:46,9
33727,RHA - BNJ LOCAL,SUB,Suburban,Daily,RHA,RANAGHAT JN,BNJ,BANGAON JN,32,00:45,8
33728,BNJ - RHA LOCAL,SUB,Suburban,Daily,BNJ,BANGAON JN,RHA,RANAGHAT JN,32,00:44,8
33729,RHA - BNJ LOCAL,SUB,Suburban,Daily,RHA,RANAGHAT JN,BNJ,BANGAON JN,32,00:46,9
33730,BNJ  RHA LOCAL,SUB,Suburban,Daily,BNJ,BANGAON JN,RHA,RANAGHAT JN,32,00:43,9
33731,RHA - BNJ LOCAL,SUB,Suburban,Daily,RHA,RANAGHAT JN,BNJ,BANGAON JN,32,00:45,8
33732,BNJ - RHA LOCAL,SUB,Suburban,Daily,BNJ,BANGAON JN,RHA,RANAGHAT JN,32,00:43,8
33733,RHA - BNJ LOCAL,SUB,Suburban,Daily,RHA,RANAGHAT JN,BNJ,BANGAON JN,32,00:42,9
33734,BNJ - RHA LOCAL,SUB,Suburban,Daily,BNJ,BANGAON JN,RHA,RANAGHAT JN,32,00:41,8
33735,RHA - BNJ LOCAL,SUB,Suburban,Daily,RHA,RANAGHAT JN,BNJ,BANGAON JN,32,01:04,9
33736,BNJ - RHA LOCAL,SUB,Suburban,Daily,BNJ,BANGAON JN,RHA,RANAGHAT JN,32,00:47,9
33737,RHA-BNJ LOCAL,SUB,Suburban,Daily,RHA,RANAGHAT JN,BNJ,BANGAON JN,32,00:43,8
33738,BNJ-RHA LOCAL,SUB,Suburban,Daily,BNJ,BANGAON JN,RHA,RANAGHAT JN,32,00:46,8
33739,RHA-BNJ  LOCAL,SUB,Suburban,Daily,RHA,RANAGHAT JN,BNJ,BANGAON JN,32,00:44,9
33740,BNJRHA LOCAL,SUB,Suburban,Daily,BNJ,BANGAON JN,RHA,RANAGHAT JN,32,00:48,9
33741,RHA BNJ LOCAL,SUB,Suburban,Daily,RHA,RANAGHAT JN,BNJ,BANGAON JN,32,00:45,9
33742,BNJ-RHA EMU LOCAL,SUB,Suburban,Daily,BNJ,BANGAON JN,RHA,RANAGHAT JN,32,00:46,9
33743,RHA-BNJ EMU LOCAL,SUB,Suburban,Daily,RHA,RANAGHAT JN,BNJ,BANGAON JN,32,00:43,9
33751,STB-BNJ LOCAL,SUB,Suburban,Daily,STB,SHANTIPUR,BNJ,BANGAON JN,52,01:10,12
33752,BNJ-STB LOCAL,SUB,Suburban,Daily,BNJ,BANGAON JN,STB,SHANTIPUR,52,01:15,12
33761,SDAH-BNJ-RHA AC LOCAL,SUB,Suburban,"Mon,Tue,Wed,Thu,Fri,Sat",SDAH,SEALDAH,RHA,RANAGHAT JN,112,02:27,36
33762,RHA-BNJ-SDAH AC LOCAL,SUB,Suburban,"Mon,Tue,Wed,Thu,Fri,Sat",RHA,RANAGHAT JN,SDAH,SEALDAH,112,02:26,18
33801,SDAH - BNJ LOCAL,SUB,Suburban,"Mon,Tue,Wed,Thu,Fri,Sat",SDAH,SEALDAH,BNJ,BANGAON JN,79,01:56,24
33802,BNJ - SDAH LOCAL,SUB,Suburban,"Mon,Tue,Wed,Thu,Fri,Sat",BNJ,BANGAON JN,SDAH,SEALDAH,79,02:05,24
33811,SDAH-BNJ LOCAL,SUB,Suburban,Daily,SDAH,SEALDAH,BNJ,BANGAON JN,79,01:47,17
33812,BNJ-SDAH LOCAL,SUB,Suburban,Daily,BNJ,BANGAON JN,SDAH,SEALDAH,79,02:07,23
33813,SDAH-BNJ LOCAL,SUB,Suburban,Daily,SDAH,SEALDAH,BNJ,BANGAON JN,79,01:55,22
33814,BNJ-SDAH LOCAL,SUB,Suburban,Daily,BNJ,BANGAON JN,SDAH,SEALDAH,79,01:52,23
33815,SDAH-BNJ LOCAL,SUB,Suburban,Daily,SDAH,SEALDAH,BNJ,BANGAON JN,79,01:55,24
33816,BNJ - SDAH LOCAL,SUB,Suburban,Daily,BNJ,BANGAON JN,SDAH,SEALDAH,79,01:50,24
33817,SDAH - BNJ LOCAL,SUB,Suburban,Daily,SDAH,SEALDAH,BNJ,BANGAON JN,79,01:51,23
33818,BNJ - SDAH LOCAL,SUB,Suburban,Daily,BNJ,BANGAON JN,SDAH,SEALDAH,79,01:56,24
33819,SDAH - BNJ LOCAL,SUB,Suburban,Daily,SDAH,SEALDAH,BNJ,BANGAON JN,79,02:00,23
33820,BNJ - SDAH LOCAL,SUB,Suburban,Daily,BNJ,BANGAON JN,SDAH,SEALDAH,79,01:50,24
33821,SDAH - BNJ LOCAL,SUB,Suburban,Daily,SDAH,SEALDAH,BNJ,BANGAON JN,79,01:55,24
33822,BNJ - SDAH LOCAL,SUB,Suburban,Daily,BNJ,BANGAON JN,SDAH,SEALDAH,79,01:58,24
33823,SDAH - BNJ LOCAL,SUB,Suburban,Daily,SDAH,SEALDAH,BNJ,BANGAON JN,79,01:55,24
33824,BNJ - SDAH LOCAL,SUB,Suburban,Daily,BNJ,BANGAON JN,SDAH,SEALDAH,79,01:57,24
33825,SDAH - BNJ LOCAL,SUB,Suburban,Daily,SDAH,SEALDAH,BNJ,BANGAON JN,79,01:55,23
33826,BNJ - SDAH LOCAL,SUB,Suburban,Daily,BNJ,BANGAON JN,SDAH,SEALDAH,79,01:58,24
33827,SDAH - BNJ LOCAL,SUB,Suburban,Daily,SDAH,SEALDAH,BNJ,BANGAON JN,79,01:57,24
33828,BNJ - SDAH LOCAL,SUB,Suburban,Daily,BNJ,BANGAON JN,SDAH,SEALDAH,79,02:00,24
33830,BNJ - SDAH LOCAL,SUB,Suburban,Daily,BNJ,BANGAON JN,SDAH,SEALDAH,79,01:57,24
33831,SDAH - BNJ LOCAL,SUB,Suburban,Daily,SDAH,SEALDAH,BNJ,BANGAON JN,79,01:53,24
33832,BNJ - SDAH LOCAL,SUB,Suburban,Daily,BNJ,BANGAON JN,SDAH,SEALDAH,79,02:08,23
33833,SDAH - BNJ LOCAL,SUB,Suburban,Daily,SDAH,SEALDAH,BNJ,BANGAON JN,79,01:55,23
33834,BNJ - SDAH LOCAL,SUB,Suburban,Daily,BNJ,BANGAON JN,SDAH,SEALDAH,79,02:03,24
33835,SDAH-BNJ LOCAL,SUB,Suburban,Daily,SDAH,SEALDAH,BNJ,BANGAON JN,79,01:58,24
33836,BNJ - SDAH LOCAL,SUB,Suburban,Daily,BNJ,BANGAON JN,SDAH,SEALDAH,79,01:53,23
33837,SDAH-BNJ LOCAL,SUB,Suburban,Daily,SDAH,SEALDAH,BNJ,BANGAON JN,79,01:53,24
33839,SDAH-BNJ LOCAL,SUB,Suburban,Daily,SDAH,SEALDAH,BNJ,BANGAON JN,79,01:55,24
33840,BNJ - SDAH LOCAL,SUB,Suburban,Daily,BNJ,BANGAON JN,SDAH,SEALDAH,79,01:53,24
33841,SDAH - BNJ LOCAL,SUB,Suburban,Daily,SDAH,SEALDAH,BNJ,BANGAON JN,79,01:54,24
33842,BNJ - SDAH LOCAL,SUB,Suburban,Daily,BNJ,BANGAON JN,SDAH,SEALDAH,79,01:57,24
33843,SDAH - BNJ LOCAL,SUB,Suburban,Daily,SDAH,SEALDAH,BNJ,BANGAON JN,79,01:55,24
33844,BNJ - SDAH LOCAL,SUB,Suburban,Daily,BNJ,BANGAON JN,SDAH,SEALDAH,79,01:57,24
33845,SDAH - BNJ LOCAL,SUB,Suburban,Daily,SDAH,SEALDAH,BNJ,BANGAON JN,79,02:06,24
33846,BNJ - SDAH LOCAL,SUB,Suburban,Daily,BNJ,BANGAON JN,SDAH,SEALDAH,79,02:00,23
33847,SDAH - BNJ LOCAL,SUB,Suburban,Daily,SDAH,SEALDAH,BNJ,BANGAON JN,79,01:56,24
33848,BNJ - SDAH LOCAL,SUB,Suburban,Daily,BNJ,BANGAON JN,SDAH,SEALDAH,79,01:57,24
33849,SDAH - BNJ LOCAL,SUB,Suburban,"Mon,Tue,Wed,Thu,Fri,Sat",SDAH,SEALDAH,BNJ,BANGAON JN,79,01:55,23
33850,BNJ - SDAH LOCAL,SUB,Suburban,Daily,BNJ,BANGAON JN,SDAH,SEALDAH,79,01:56,23
33851,SDAH - BNJ LOCAL,SUB,Suburban,Daily,SDAH,SEALDAH,BNJ,BANGAON JN,79,01:54,24
33852,BNJ - SDAH LOCAL,SUB,Suburban,Daily,BNJ,BANGAON JN,SDAH,SEALDAH,79,01:57,24
33853,SDAH - BNJ LOCAL,SUB,Suburban,Daily,SDAH,SEALDAH,BNJ,BANGAON JN,79,01:59,24
33854,BNJ - SDAH LOCAL,SUB,Suburban,Daily,BNJ,BANGAON JN,SDAH,SEALDAH,79,01:57,23
33855,SDAH - BNJ LOCAL,SUB,Suburban,Daily,SDAH,SEALDAH,BNJ,BANGAON JN,79,01:53,24
33856,BNJ - SDAH LOCAL,SUB,Suburban,"Mon,Tue,Wed,Thu,Fri,Sat",BNJ,BANGAON JN,SDAH,SEALDAH,79,01:55,22
33857,SDAH - BNJ LOCAL,SUB,Suburban,Daily,SDAH,SEALDAH,BNJ,BANGAON JN,79,01:55,23
33858,BNJ-SDAH LOCAL,SUB,Suburban,Daily,BNJ,BANGAON JN,SDAH,SEALDAH,79,01:55,17
33859,SDAH - BNJ LOCAL,SUB,Suburban,Daily,SDAH,SEALDAH,BNJ,BANGAON JN,79,01:53,23
33860,BNJ - SDAH LOCAL,SUB,Suburban,Daily,BNJ,BANGAON JN,SDAH,SEALDAH,79,01:50,23
33861,SDAH - BNJ LOCAL,SUB,Suburban,Daily,SDAH,SEALDAH,BNJ,BANGAON JN,79,01:50,22
33862,BNJ - SDAH LOCAL,SUB,Suburban,Daily,BNJ,BANGAON JN,SDAH,SEALDAH,79,01:52,19
33863,SDAH - BNJ  LOCAL,SUB,Suburban,Daily,SDAH,SEALDAH,BNJ,BANGAON JN,79,01:55,23
33865,SDAH-BNJ LOCAL,SUB,Suburban,Daily,SDAH,SEALDAH,BNJ,BANGAON JN,79,02:03,18
33891,DDC - BNJ LOCAL,SUB,Suburban,Daily,DDC,DUM DUM CANT,BNJ,BANGAON JN,66,01:42,21
33893,DDC - BNJ LOCAL,SUB,Suburban,Daily,DDC,DUM DUM CANT,BNJ,BANGAON JN,66,01:35,21
34052,NH - KBGB LOCAL,SUB,Suburban,Daily,NH,NAIHATI JN,KBGB,KOMAGATA MARU BUDGE BUDGE,63,02:02,26
34054,NH -KBGB LOCAL,SUB,Suburban,Daily,NH,NAIHATI JN,KBGB,KOMAGATA MARU BUDGE BUDGE,63,02:04,26
34056,KLYM - KBGB LOCAL,SUB,Suburban,Daily,KLYM,KALYANI SIMANTA,KBGB,KOMAGATA MARU BUDGE BUDGE,78,02:28,32
34062,BNJ - CG LOCAL,SUB,Suburban,Daily,BNJ,BANGAON JN,CG,CANNING,121,03:27,42
34111,KBGB - SDAH LOCAL,SUB,Suburban,Daily,KBGB,KOMAGATA MARU BUDGE BUDGE,SDAH,SEALDAH,26,00:57,11
34112,SDAH-KBGB LOCAL,SUB,Suburban,Daily,SDAH,SEALDAH,KBGB,KOMAGATA MARU BUDGE BUDGE,26,00:51,11
34113,KBGB - SDAH LOCAL,SUB,Suburban,Daily,KBGB,KOMAGATA MARU BUDGE BUDGE,SDAH,SEALDAH,26,00:58,12
34114,SDAH-KBGB LOCAL,SUB,Suburban,Daily,SDAH,SEALDAH,KBGB,KOMAGATA MARU BUDGE BUDGE,26,00:52,12
34115,KBGB - SDAH LOCAL,SUB,Suburban,Daily,KBGB,KOMAGATA MARU BUDGE BUDGE,SDAH,SEALDAH,26,00:56,12
34116,SDAH-KBGB LOCAL,SUB,Suburban,Daily,SDAH,SEALDAH,KBGB,KOMAGATA MARU BUDGE BUDGE,26,00:53,12
34117,KBGB - SDAH LOCAL,SUB,Suburban,Daily,KBGB,KOMAGATA MARU BUDGE BUDGE,SDAH,SEALDAH,26,00:55,12
34118,SDAH-KBGB LOCAL,SUB,Suburban,Daily,SDAH,SEALDAH,KBGB,KOMAGATA MARU BUDGE BUDGE,26,00:52,12
34119,KBGB - SDAH LOCAL,SUB,Suburban,Daily,KBGB,KOMAGATA MARU BUDGE BUDGE,SDAH,SEALDAH,26,00:57,12
34120,SDAH-KBGB LOCAL,SUB,Suburban,Daily,SDAH,SEALDAH,KBGB,KOMAGATA MARU BUDGE BUDGE,26,00:52,12
34121,KBGB - SDAH LOCAL,SUB,Suburban,Daily,KBGB,KOMAGATA MARU BUDGE BUDGE,SDAH,SEALDAH,26,00:52,12
34122,SDAH-KBGB LOCAL,SUB,Suburban,Daily,SDAH,SEALDAH,KBGB,KOMAGATA MARU BUDGE BUDGE,26,00:51,11
34123,KBGB - SDAH LOCAL,SUB,Suburban,Daily,KBGB,KOMAGATA MARU BUDGE BUDGE,SDAH,SEALDAH,26,00:58,12
34124,SDAH-KBGB LOCAL,SUB,Suburban,Daily,SDAH,SEALDAH,KBGB,KOMAGATA MARU BUDGE BUDGE,26,00:52,12
34125,KBGB - SDAH LOCAL,SUB,Suburban,Daily,KBGB,KOMAGATA MARU BUDGE BUDGE,SDAH,SEALDAH,26,00:53,12
34126,SDAH-KBGB LOCAL,SUB,Suburban,Daily,SDAH,SEALDAH,KBGB,KOMAGATA MARU BUDGE BUDGE,26,00:52,12
34127,KBGB - SDAH LOCAL,SUB,Suburban,"Mon,Tue,Wed,Thu,Fri,Sat",KBGB,KOMAGATA MARU BUDGE BUDGE,SDAH,SEALDAH,26,00:57,12
34128,SDAH-KBGB LOCAL,SUB,Suburban,"Mon,Tue,Wed,Thu,Fri,Sat",SDAH,SEALDAH,KBGB,KOMAGATA MARU BUDGE BUDGE,26,00:52,12
34129,KBGB - SDAH LOCAL,SUB,Suburban,Daily,KBGB,KOMAGATA MARU BUDGE BUDGE,SDAH,SEALDAH,26,00:59,12
34130,SDAH-KBGB LOCAL,SUB,Suburban,Daily,SDAH,SEALDAH,KBGB,KOMAGATA MARU BUDGE BUDGE,26,00:52,12
34132,SDAH-KBGB LOCAL,SUB,Suburban,Daily,SDAH,SEALDAH,KBGB,KOMAGATA MARU BUDGE BUDGE,26,00:52,12
34133,KBGB - SDAH LOCAL,SUB,Suburban,Daily,KBGB,KOMAGATA MARU BUDGE BUDGE,SDAH,SEALDAH,26,00:57,12
34136,SDAH-KBGB LOCAL,SUB,Suburban,Daily,SDAH,SEALDAH,KBGB,KOMAGATA MARU BUDGE BUDGE,26,00:52,12
34137,KBGB - SDAH LOCAL,SUB,Suburban,Daily,KBGB,KOMAGATA MARU BUDGE BUDGE,SDAH,SEALDAH,26,00:55,12
34140,SDAH-KBGB LOCAL,SUB,Suburban,Daily,SDAH,SEALDAH,KBGB,KOMAGATA MARU BUDGE BUDGE,26,00:56,12
34141,KBGB - SDAH LOCAL,SUB,Suburban,Daily,KBGB,KOMAGATA MARU BUDGE BUDGE,SDAH,SEALDAH,26,00:54,12
34145,KBGB - SDAH LOCAL,SUB,Suburban,Daily,KBGB,KOMAGATA MARU BUDGE BUDGE,SDAH,SEALDAH,26,00:51,12
34146,SDAH-KBGB LOCAL,SUB,Suburban,Daily,SDAH,SEALDAH,KBGB,KOMAGATA MARU BUDGE BUDGE,26,00:52,12
34147,KBGB - SDAH LOCAL,SUB,Suburban,Daily,KBGB,KOMAGATA MARU BUDGE BUDGE,SDAH,SEALDAH,26,00:52,12
34148,SDAH-KBGB LOCAL,SUB,Suburban,Daily,SDAH,SEALDAH,KBGB,KOMAGATA MARU BUDGE BUDGE,26,00:52,12
34149,KBGB - SDAH LOCAL,SUB,Suburban,Daily,KBGB,KOMAGATA MARU BUDGE BUDGE,SDAH,SEALDAH,26,00:55,12
34150,SDAH-KBGB LOCAL,SUB,Suburban,Daily,SDAH,SEALDAH,KBGB,KOMAGATA MARU BUDGE BUDGE,26,00:52,12
34151,KBGB - SDAH LOCAL,SUB,Suburban,Daily,KBGB,KOMAGATA MARU BUDGE BUDGE,SDAH,SEALDAH,26,00:57,12
34152,SDAH-KBGB LOCAL,SUB,Suburban,Daily,SDAH,SEALDAH,KBGB,KOMAGATA MARU BUDGE BUDGE,26,00:55,12
34153,KBGB - SDAH LOCAL,SUB,Suburban,Daily,KBGB,KOMAGATA MARU BUDGE BUDGE,SDAH,SEALDAH,26,00:56,12
34154,SDAH-KBGB LOCAL,SUB,Suburban,Daily,SDAH,SEALDAH,KBGB,KOMAGATA MARU BUDGE BUDGE,26,00:52,12
34155,KBGB - SDAH LOCAL,SUB,Suburban,Daily,KBGB,KOMAGATA MARU BUDGE BUDGE,SDAH,SEALDAH,26,00:57,12
34156,SDAH-KBGB LOCAL,SUB,Suburban,Daily,SDAH,SEALDAH,KBGB,KOMAGATA MARU BUDGE BUDGE,26,00:52,12
34157,KBGB - SDAH LOCAL,SUB,Suburban,Daily,KBGB,KOMAGATA MARU BUDGE BUDGE,SDAH,SEALDAH,26,00:56,12
34158,SDAH-KBGB LOCAL,SUB,Suburban,Daily,SDAH,SEALDAH,KBGB,KOMAGATA MARU BUDGE BUDGE,26,00:52,12
34159,KBGB - SDAH LOCAL,SUB,Suburban,Daily,KBGB,KOMAGATA MARU BUDGE BUDGE,SDAH,SEALDAH,26,00:57,12
34160,SDAH-KBGB LOCAL,SUB,Suburban,Daily,SDAH,SEALDAH,KBGB,KOMAGATA MARU BUDGE BUDGE,26,00:52,12
34161,KBGB - SDAH LOCAL,SUB,Suburban,Daily,KBGB,KOMAGATA MARU BUDGE BUDGE,SDAH,SEALDAH,26,00:52,12
34162,SDAH-KBGB LOCAL,SUB,Suburban,Daily,SDAH,SEALDAH,KBGB,KOMAGATA MARU BUDGE BUDGE,26,00:52,12
34163,KBGB - SDAH LOCAL,SUB,Suburban,Daily,KBGB,KOMAGATA MARU BUDGE BUDGE,SDAH,SEALDAH,26,00:54,11
34164,SDAH-KBGB LOCAL,SUB,Suburban,Daily,SDAH,SEALDAH,KBGB,KOMAGATA MARU BUDGE BUDGE,26,00:52,12
34167,KGBG - SDAH LOCAL,SUB,Suburban,Daily,KBGB,KOMAGATA MARU BUDGE BUDGE,SDAH,SEALDAH,26,00:52,12
34168,SDAH - KBGB  LOCAL,SUB,Suburban,Daily,SDAH,SEALDAH,KBGB,KOMAGATA MARU BUDGE BUDGE,26,00:50,12
34311,LKPR - SPR LOCAL,SUB,Suburban,"Mon,Tue,Wed,Thu,Fri,Sat",LKPR,LAKSHMIKANTPUR,SPR,SONARPUR JN.,45,01:03,15
34312,SPR - BRP LOCAL,SUB,Suburban,Daily,SPR,SONARPUR JN.,BRP,BARUIPUR JN.,9,00:15,4
34313,BRP - SPR LOCAL,SUB,Suburban,Daily,BRP,BARUIPUR JN.,SPR,SONARPUR JN.,9,00:15,4
34331,LAKHIKANTAPUR BARUIPUR LO,SUB,Suburban,Daily,LKPR,LAKSHMIKANTPUR,BRP,BARUIPUR JN.,37,00:50,13
34332,BRP-LKPR LOCAL,SUB,Suburban,Daily,BRP,BARUIPUR JN.,LKPR,LAKSHMIKANTPUR,37,00:53,13
34333,LKPR - SPR LOCAL,SUB,Suburban,Daily,LKPR,LAKSHMIKANTPUR,SPR,SONARPUR JN.,45,01:08,32
34334,BRP - LKPR LOCAL,SUB,Suburban,"Mon,Tue,Wed,Thu,Fri,Sat",BRP,BARUIPUR JN.,LKPR,LAKSHMIKANTPUR,37,00:50,13
34336,BLN- SPR LOCAL,SUB,Suburban,Daily,BLN,BALLYGUNGE JN.,SPR,SONARPUR JN.,11,00:22,8
34338,BLN- SPR LOCAL,SUB,Suburban,Daily,BLN,BALLYGUNGE JN.,SPR,SONARPUR JN.,11,00:21,8
34352,SPR - CG LOCAL,SUB,Suburban,Daily,SPR,SONARPUR JN.,CG,CANNING,29,00:42,10
34353,CG - SPR LOCAL,SUB,Suburban,"Mon,Tue,Wed,Thu,Fri,Sat",CG,CANNING,SPR,SONARPUR JN.,29,00:43,9
34354,SPR - CG LOCAL,SUB,Suburban,Daily,SPR,SONARPUR JN.,CG,CANNING,29,00:42,9
34355,CG- SPR  LOCAL,SUB,Suburban,"Mon,Tue,Wed,Thu,Fri,Sat",CG,CANNING,SPR,SONARPUR JN.,29,00:37,8
34356,SPR - CG LOCAL,SUB,Suburban,"Mon,Tue,Wed,Thu,Fri,Sat",SPR,SONARPUR JN.,CG,CANNING,29,00:41,9
34357,CG - SPR LOCAL,SUB,Suburban,Daily,CG,CANNING,SPR,SONARPUR JN.,29,00:42,10
34359,CG - SPR LOCAL,SUB,Suburban,"Mon,Tue,Wed,Thu,Fri,Sat",CG,CANNING,SPR,SONARPUR JN.,29,00:45,10
34360,SPR-CG LOCAL,SUB,Suburban,"Mon,Tue,Wed,Thu,Fri,Sat",SPR,SONARPUR JN.,CG,CANNING,29,00:42,10
34362,SPR CG - LOCAL,SUB,Suburban,Daily,SPR,SONARPUR JN.,CG,CANNING,29,00:45,10
34371,CG - BLN  LOCAL,SUB,Suburban,Daily,CG,CANNING,BLN,BALLYGUNGE JN.,40,01:05,17
34391,CG - SPR LOCAL,SUB,Suburban,Daily,CG,CANNING,SPR,SONARPUR JN.,29,00:40,11
34392,SPR CHT- LOCAL,SUB,Suburban,Daily,SPR,SONARPUR JN.,CHT,CHAMPAHATI,8,00:15,4
34411,SPR - SDAH LOCAL,SUB,Suburban,Daily,SPR,SONARPUR JN.,SDAH,SEALDAH,16,00:32,9
34412,SDAH- SPR LOCAL,SUB,Suburban,Daily,SDAH,SEALDAH,SPR,SONARPUR JN.,16,00:27,9
34413,SPR - SDAH LOCAL,SUB,Suburban,Daily,SPR,SONARPUR JN.,SDAH,SEALDAH,16,00:34,10
34414,SDAH- SPR LOCAL,SUB,Suburban,Daily,SDAH,SEALDAH,SPR,SONARPUR JN.,16,00:32,10
34415,SPR - SDAH LOCAL,SUB,Suburban,"Mon,Tue,Wed,Thu,Fri,Sat",SPR,SONARPUR JN.,SDAH,SEALDAH,16,00:33,10
34416,SDAH- SPR LOCAL,SUB,Suburban,Daily,SDAH,SEALDAH,SPR,SONARPUR JN.,16,00:32,10
34417,SPR - SDAH LOCAL,SUB,Suburban,Daily,SPR,SONARPUR JN.,SDAH,SEALDAH,16,00:32,10
34418,SDAH- SPR LOCAL,SUB,Suburban,"Mon,Tue,Wed,Thu,Fri,Sat",SDAH,SEALDAH,SPR,SONARPUR JN.,16,00:30,10
34419,SPR - SDAH LOCAL,SUB,Suburban,"Mon,Tue,Wed,Thu,Fri,Sat",SPR,SONARPUR JN.,SDAH,SEALDAH,16,00:34,10
34420,SDAH- CG LOCAL,SUB,Suburban,"Mon,Tue,Wed,Thu,Fri,Sat",SDAH,SEALDAH,CG,CANNING,45,01:15,19
34423,SPR - SDAH LOCAL,SUB,Suburban,"Mon,Tue,Wed,Thu,Fri,Sat",SPR,SONARPUR JN.,SDAH,SEALDAH,16,00:32,10
34424,SDAH- SPR LOCAL,SUB,Suburban,Daily,SDAH,SEALDAH,SPR,SONARPUR JN.,16,00:31,10
34425,SPR - SDAH LOCAL,SUB,Suburban,"Mon,Tue,Wed,Thu,Fri,Sat",SPR,SONARPUR JN.,SDAH,SEALDAH,16,00:33,10
34426,SDAH- SPR LOCAL,SUB,Suburban,Daily,SDAH,SEALDAH,SPR,SONARPUR JN.,16,00:29,10
34427,SPR - SDAH LOCAL,SUB,Suburban,Daily,SPR,SONARPUR JN.,SDAH,SEALDAH,16,00:35,10
34428,SDAH- SPR LOCAL,SUB,Suburban,Daily,SDAH,SEALDAH,SPR,SONARPUR JN.,16,00:30,10
34429,SPR - SDAH LOCAL,SUB,Suburban,Daily,SPR,SONARPUR JN.,SDAH,SEALDAH,16,00:33,10
34431,SPR-SDAH LOCAL,SUB,Suburban,"Mon,Tue,Wed,Thu,Fri,Sat",SPR,SONARPUR JN.,SDAH,SEALDAH,16,00:33,10
34432,SDAH- SPR LOCAL,SUB,Suburban,Daily,SDAH,SEALDAH,SPR,SONARPUR JN.,16,00:28,10
34434,SDAH-SPR LOCAL,SUB,Suburban,"Mon,Tue,Wed,Thu,Fri,Sat",SDAH,SEALDAH,SPR,SONARPUR JN.,16,00:30,10
34436,SDAH-SPR LOCAL,SUB,Suburban,Daily,SDAH,SEALDAH,SPR,SONARPUR JN.,16,00:29,10
34438,SDAH SPR LOCAL,SUB,Suburban,Daily,SDAH,SEALDAH,SPR,SONARPUR JN.,16,00:31,10
34440,SDAH-SPR LOCAL,SUB,Suburban,"Mon,Tue,Wed,Thu,Fri,Sat",SDAH,SEALDAH,SPR,SONARPUR JN.,16,00:30,10
34501,CG - SDAH  LOCAL,SUB,Suburban,"Mon,Tue,Wed,Thu,Fri,Sat",CG,CANNING,SDAH,SEALDAH,45,01:15,19
34502,SDAH - CG LOCAL,SUB,Suburban,"Mon,Tue,Wed,Thu,Fri,Sat",SDAH,SEALDAH,CG,CANNING,45,01:15,19
34511,CG - SDAH  LOCAL,SUB,Suburban,Daily,CG,CANNING,SDAH,SEALDAH,45,01:20,18
34512,SDAH - CG LOCAL,SUB,Suburban,Daily,SDAH,SEALDAH,CG,CANNING,45,01:12,17
34513,CG - SDAH  LOCAL,SUB,Suburban,Daily,CG,CANNING,SDAH,SEALDAH,45,01:15,18
34514,SDAH - CG LOCAL,SUB,Suburban,Daily,SDAH,SEALDAH,CG,CANNING,45,01:14,19
34515,CG - SDAH  LOCAL,SUB,Suburban,Daily,CG,CANNING,SDAH,SEALDAH,45,01:18,19
34516,SDAH - CG LOCAL,SUB,Suburban,Daily,SDAH,SEALDAH,CG,CANNING,45,01:14,18
34517,CG - SDAH  LOCAL,SUB,Suburban,Daily,CG,CANNING,SDAH,SEALDAH,45,01:19,20
34518,SDAH - CG LOCAL,SUB,Suburban,Daily,SDAH,SEALDAH,CG,CANNING,45,01:16,19
34519,CG - SDAH  LOCAL,SUB,Suburban,Daily,CG,CANNING,SDAH,SEALDAH,45,01:17,19
34520,SDAH - CG LOCAL,SUB,Suburban,Daily,SDAH,SEALDAH,CG,CANNING,45,01:15,20
34521,CG - SDAH  LOCAL,SUB,Suburban,Daily,CG,CANNING,SDAH,SEALDAH,45,01:14,20
34522,SDAH - CG LOCAL,SUB,Suburban,Daily,SDAH,SEALDAH,CG,CANNING,45,01:16,19
34523,CG - SDAH  LOCAL,SUB,Suburban,Daily,CG,CANNING,SDAH,SEALDAH,45,01:17,20
34524,SDAH - CG LOCAL,SUB,Suburban,Daily,SDAH,SEALDAH,CG,CANNING,45,01:15,19
34525,CG - SDAH  LOCAL,SUB,Suburban,Daily,CG,CANNING,SDAH,SEALDAH,45,01:16,20
34526,SDAH - CG LOCAL,SUB,Suburban,Daily,SDAH,SEALDAH,CG,CANNING,45,01:15,19
34527,CG - SDAH  LOCAL,SUB,Suburban,Daily,CG,CANNING,SDAH,SEALDAH,45,01:15,20
34528,SDAH - CG LOCAL,SUB,Suburban,Daily,SDAH,SEALDAH,CG,CANNING,45,01:15,19
34529,CG - SDAH  LOCAL,SUB,Suburban,Daily,CG,CANNING,SDAH,SEALDAH,45,01:15,19
34530,SDAH - CG LOCAL,SUB,Suburban,"Mon,Tue,Wed,Thu,Fri,Sat",SDAH,SEALDAH,CG,CANNING,45,01:13,19
34531,CG - SDAH  LOCAL,SUB,Suburban,Daily,CG,CANNING,SDAH,SEALDAH,45,01:21,19
34532,SDAH - CG LOCAL,SUB,Suburban,Daily,SDAH,SEALDAH,CG,CANNING,45,01:16,19
34533,CG - SDAH  LOCAL,SUB,Suburban,Daily,CG,CANNING,SDAH,SEALDAH,45,01:25,19
34534,SDAH - CG LOCAL,SUB,Suburban,Daily,SDAH,SEALDAH,CG,CANNING,45,01:15,20
34535,CG - SDAH  LOCAL,SUB,Suburban,Daily,CG,CANNING,SDAH,SEALDAH,45,01:17,19
34536,SDAH - CG LOCAL,SUB,Suburban,Daily,SDAH,SEALDAH,CG,CANNING,45,01:15,20
34537,CG - SDAH  LOCAL,SUB,Suburban,Daily,CG,CANNING,SDAH,SEALDAH,45,01:12,18
34538,SDAH - CG LOCAL,SUB,Suburban,Daily,SDAH,SEALDAH,CG,CANNING,45,01:16,20
34539,CG - SDAH  LOCAL,SUB,Suburban,"Mon,Tue,Wed,Thu,Fri,Sat",CG,CANNING,SDAH,SEALDAH,45,01:17,19
34540,SDAH - CG LOCAL,SUB,Suburban,Daily,SDAH,SEALDAH,CG,CANNING,45,01:14,19
34541,CG - SDAH  LOCAL,SUB,Suburban,Daily,CG,CANNING,SDAH,SEALDAH,45,01:18,19
34542,SDAH - CG LOCAL,SUB,Suburban,Daily,SDAH,SEALDAH,CG,CANNING,45,01:14,19
34543,CG - SDAH  LOCAL,SUB,Suburban,Daily,CG,CANNING,SDAH,SEALDAH,45,01:16,19
34544,SDAH - CG LOCAL,SUB,Suburban,Daily,SDAH,SEALDAH,CG,CANNING,45,01:14,19
34545,CG - SDAH  LOCAL,SUB,Suburban,Daily,CG,CANNING,SDAH,SEALDAH,45,01:17,19
34546,SDAH - CG LOCAL,SUB,Suburban,Daily,SDAH,SEALDAH,CG,CANNING,45,01:14,19
34547,CG - SDAH  LOCAL,SUB,Suburban,Daily,CG,CANNING,SDAH,SEALDAH,45,01:17,19
34548,SDAH - CG LOCAL,SUB,Suburban,Daily,SDAH,SEALDAH,CG,CANNING,45,01:14,20
34549,CG - SDAH  LOCAL,SUB,Suburban,Daily,CG,CANNING,SDAH,SEALDAH,45,01:14,20
34550,SDAH - CG LOCAL,SUB,Suburban,Daily,SDAH,SEALDAH,CG,CANNING,45,01:15,19
34551,CG - SDAH  LOCAL,SUB,Suburban,Daily,CG,CANNING,SDAH,SEALDAH,45,01:17,19
34552,SDAH - CG LOCAL,SUB,Suburban,Daily,SDAH,SEALDAH,CG,CANNING,45,01:13,19
34553,CG - SDAH  LOCAL,SUB,Suburban,Daily,CG,CANNING,SDAH,SEALDAH,45,01:15,19
34554,SDAH-CG LOCAL,SUB,Suburban,Daily,SDAH,SEALDAH,CG,CANNING,45,01:13,19
34555,CG - SDAH  LOCAL,SUB,Suburban,Daily,CG,CANNING,SDAH,SEALDAH,45,01:15,18
34556,SDAH - CG LOCAL,SUB,Suburban,Daily,SDAH,SEALDAH,CG,CANNING,45,01:10,19
34557,CG-SDAH LOCAL,SUB,Suburban,Daily,CG,CANNING,SDAH,SEALDAH,45,01:16,19
34601,BRP - SDAH LOCAL,SUB,Suburban,"Mon,Tue,Wed,Thu,Fri,Sat",BRP,BARUIPUR JN.,SDAH,SEALDAH,25,00:48,13
34602,SDAH - BRP LOCAL,SUB,Suburban,"Mon,Tue,Wed,Thu,Fri,Sat",SDAH,SEALDAH,BRP,BARUIPUR JN.,25,00:44,13
34611,BRP - SDAH LOCAL,SUB,Suburban,Daily,BRP,BARUIPUR JN.,SDAH,SEALDAH,25,00:47,13
34612,SDAH - BRP LOCAL,SUB,Suburban,Daily,SDAH,SEALDAH,BRP,BARUIPUR JN.,25,00:42,11
34613,BRP - SDAH LOCAL,SUB,Suburban,Daily,BRP,BARUIPUR JN.,SDAH,SEALDAH,25,00:47,13
34614,SDAH - BRP LOCAL,SUB,Suburban,Daily,SDAH,SEALDAH,BRP,BARUIPUR JN.,25,00:43,12
34615,BRP - SDAH LOCAL,SUB,Suburban,"Mon,Tue,Wed,Thu,Fri,Sat",BRP,BARUIPUR JN.,SDAH,SEALDAH,25,00:47,13
34616,SDAH - BRP LOCAL,SUB,Suburban,"Mon,Tue,Wed,Thu,Fri,Sat",SDAH,SEALDAH,BRP,BARUIPUR JN.,25,00:44,13
34617,BRP - SDAH LOCAL,SUB,Suburban,"Mon,Tue,Wed,Thu,Fri,Sat",BRP,BARUIPUR JN.,SDAH,SEALDAH,25,00:47,13
34618,SDAH - BRP LOCAL,SUB,Suburban,"Mon,Tue,Wed,Thu,Fri,Sat",SDAH,SEALDAH,BRP,BARUIPUR JN.,25,00:42,12
34619,BRP - SDAH LOCAL,SUB,Suburban,Daily,BRP,BARUIPUR JN.,SDAH,SEALDAH,25,00:46,13
34620,SDAH - BRP LOCAL,SUB,Suburban,Daily,SDAH,SEALDAH,BRP,BARUIPUR JN.,25,00:43,12
34621,BRP - SDAH LOCAL,SUB,Suburban,Daily,BRP,BARUIPUR JN.,SDAH,SEALDAH,25,00:47,13
34622,SDAH - BRP LOCAL,SUB,Suburban,Daily,SDAH,SEALDAH,BRP,BARUIPUR JN.,25,00:44,13
34623,BRP - SDAH LOCAL,SUB,Suburban,Daily,BRP,BARUIPUR JN.,SDAH,SEALDAH,25,00:50,13
34624,SDAH - BRP LOCAL,SUB,Suburban,Daily,SDAH,SEALDAH,BRP,BARUIPUR JN.,25,00:44,13
34625,BRP - SDAH LOCAL,SUB,Suburban,Daily,BRP,BARUIPUR JN.,SDAH,SEALDAH,25,00:50,13
34626,SDAH - BRP LOCAL,SUB,Suburban,Daily,SDAH,SEALDAH,BRP,BARUIPUR JN.,25,00:44,12
34627,BRP - SDAH LOCAL,SUB,Suburban,Daily,BRP,BARUIPUR JN.,SDAH,SEALDAH,25,00:47,13
34628,SDAH - BRP LOCAL,SUB,Suburban,"Mon,Tue,Wed,Thu,Fri,Sat",SDAH,SEALDAH,BRP,BARUIPUR JN.,25,00:44,13
34629,BRP - SDAH LOCAL,SUB,Suburban,"Mon,Tue,Wed,Thu,Fri,Sat",BRP,BARUIPUR JN.,SDAH,SEALDAH,25,00:47,13
34632,SDAH - BRP LOCAL,SUB,Suburban,Daily,SDAH,SEALDAH,BRP,BARUIPUR JN.,25,00:43,13
34633,BRP - SDAH LOCAL,SUB,Suburban,Daily,BRP,BARUIPUR JN.,SDAH,SEALDAH,25,00:47,13
34636,SDAH - BRP LOCAL,SUB,Suburban,Daily,SDAH,SEALDAH,BRP,BARUIPUR JN.,25,00:44,13
34637,BRP - SDAH LOCAL,SUB,Suburban,Daily,BRP,BARUIPUR JN.,SDAH,SEALDAH,25,00:48,13
34638,SDAH - BRP LOCAL,SUB,Suburban,Daily,SDAH,SEALDAH,BRP,BARUIPUR JN.,25,00:44,13
34639,BRP - SDAH LOCAL,SUB,Suburban,Daily,BRP,BARUIPUR JN.,SDAH,SEALDAH,25,00:47,13
34640,SDAH - BRP LOCAL,SUB,Suburban,Daily,SDAH,SEALDAH,BRP,BARUIPUR JN.,25,00:46,13
34641,BRP - SDAH LOCAL,SUB,Suburban,Daily,BRP,BARUIPUR JN.,SDAH,SEALDAH,25,00:46,13
34642,SDAH - BRP LOCAL,SUB,Suburban,Daily,SDAH,SEALDAH,BRP,BARUIPUR JN.,25,00:44,13
34643,BRP - SDAH LOCAL,SUB,Suburban,Daily,BRP,BARUIPUR JN.,SDAH,SEALDAH,25,00:50,13
34644,SDAH - BRP LOCAL,SUB,Suburban,Daily,SDAH,SEALDAH,BRP,BARUIPUR JN.,25,00:46,13
34645,BRP - SDAH LOCAL,SUB,Suburban,Daily,BRP,BARUIPUR JN.,SDAH,SEALDAH,25,00:45,13
34646,SDAH - LKPR LOCAL,SUB,Suburban,"Mon,Tue,Wed,Thu,Fri,Sat",SDAH,SEALDAH,LKPR,LAKSHMIKANTPUR,61,01:31,24
34647,BRP - SDAH LOCAL,SUB,Suburban,Daily,BRP,BARUIPUR JN.,SDAH,SEALDAH,25,00:47,13
34648,SDAH - BRP LOCAL,SUB,Suburban,Daily,SDAH,SEALDAH,BRP,BARUIPUR JN.,25,00:44,13
34649,BRP SDAH LOCAL,SUB,Suburban,Daily,BRP,BARUIPUR JN.,SDAH,SEALDAH,25,00:47,13
34650,SDAH BRP LOCALL,SUB,Suburban,Daily,SDAH,SEALDAH,BRP,BARUIPUR JN.,25,00:46,13
34651,BRP - SDAH LOCAL,SUB,Suburban,Daily,BRP,BARUIPUR JN.,SDAH,SEALDAH,25,00:45,13
34652,SDAH BRP LOCAL,SUB,Suburban,Daily,SDAH,SEALDAH,BRP,BARUIPUR JN.,25,00:43,13
34711,LKPR - SDAH LOCAL,SUB,Suburban,Daily,LKPR,LAKSHMIKANTPUR,SDAH,SEALDAH,61,01:50,21
34712,SDAH-LKPR LOCAL,SUB,Suburban,Daily,SDAH,SEALDAH,LKPR,LAKSHMIKANTPUR,61,01:35,21
34713,LKPR - SDAH LOCAL,SUB,Suburban,Daily,LKPR,LAKSHMIKANTPUR,SDAH,SEALDAH,61,01:45,22
34714,SDAH-LKPR LOCAL,SUB,Suburban,Daily,SDAH,SEALDAH,LKPR,LAKSHMIKANTPUR,61,01:30,21
34715,LKPR - SDAH LOCAL,SUB,Suburban,Daily,LKPR,LAKSHMIKANTPUR,SDAH,SEALDAH,61,01:43,24
34716,SDAH-LKPR LOCAL,SUB,Suburban,Daily,SDAH,SEALDAH,LKPR,LAKSHMIKANTPUR,61,01:32,23
34717,LKPR - SDAH LOCAL,SUB,Suburban,Daily,LKPR,LAKSHMIKANTPUR,SDAH,SEALDAH,61,01:35,23
34718,SDAH-LKPR LOCAL,SUB,Suburban,Daily,SDAH,SEALDAH,LKPR,LAKSHMIKANTPUR,61,01:35,24
34719,LKPR - SDAH LOCAL,SUB,Suburban,Daily,LKPR,LAKSHMIKANTPUR,SDAH,SEALDAH,61,01:38,24
34720,SDAH-LKPR LOCAL,SUB,Suburban,Daily,SDAH,SEALDAH,LKPR,LAKSHMIKANTPUR,61,01:40,25
34721,LKPR - SDAH LOCAL,SUB,Suburban,Daily,LKPR,LAKSHMIKANTPUR,SDAH,SEALDAH,61,01:40,25
34722,SDAH-LKPR LOCAL,SUB,Suburban,Daily,SDAH,SEALDAH,LKPR,LAKSHMIKANTPUR,61,01:40,25
34723,LKPR - SDAH LOCAL,SUB,Suburban,Daily,LKPR,LAKSHMIKANTPUR,SDAH,SEALDAH,61,01:42,25
34724,SDAH-LKPR LOCAL,SUB,Suburban,Daily,SDAH,SEALDAH,LKPR,LAKSHMIKANTPUR,61,01:39,25
34725,LKPR - SDAH LOCAL,SUB,Suburban,Daily,LKPR,LAKSHMIKANTPUR,SDAH,SEALDAH,61,01:42,24
34726,SDAH-LKPR LOCAL,SUB,Suburban,Daily,SDAH,SEALDAH,LKPR,LAKSHMIKANTPUR,61,01:38,25
34727,LKPR - SDAH LOCAL,SUB,Suburban,Daily,LKPR,LAKSHMIKANTPUR,SDAH,SEALDAH,61,01:44,25
34728,SDAH-LKPR LOCAL,SUB,Suburban,Daily,SDAH,SEALDAH,LKPR,LAKSHMIKANTPUR,61,01:38,24
34729,LKPR - SDAH LOCAL,SUB,Suburban,Daily,LKPR,LAKSHMIKANTPUR,SDAH,SEALDAH,61,01:37,25
34730,SDAH-LKPR LOCAL,SUB,Suburban,Daily,SDAH,SEALDAH,LKPR,LAKSHMIKANTPUR,61,01:38,25
34731,LKPR - SDAH LOCAL,SUB,Suburban,Daily,LKPR,LAKSHMIKANTPUR,SDAH,SEALDAH,61,01:45,25
34732,SDAH-LKPR LOCAL,SUB,Suburban,Daily,SDAH,SEALDAH,LKPR,LAKSHMIKANTPUR,61,01:40,25
34733,LKPR - SDAH LOCAL,SUB,Suburban,Daily,LKPR,LAKSHMIKANTPUR,SDAH,SEALDAH,61,01:40,22
34734,SDAH-LKPR LOCAL,SUB,Suburban,Daily,SDAH,SEALDAH,LKPR,LAKSHMIKANTPUR,61,01:39,25
34735,LKPR - SDAH LOCAL,SUB,Suburban,Daily,LKPR,LAKSHMIKANTPUR,SDAH,SEALDAH,61,01:40,24
34736,SDAH-LKPR LOCAL,SUB,Suburban,Daily,SDAH,SEALDAH,LKPR,LAKSHMIKANTPUR,61,01:42,25
34737,LKPR - SDAH LOCAL,SUB,Suburban,Daily,LKPR,LAKSHMIKANTPUR,SDAH,SEALDAH,61,01:37,25
34738,SDAH-LKPR LOCAL,SUB,Suburban,Daily,SDAH,SEALDAH,LKPR,LAKSHMIKANTPUR,61,01:38,25
34739,LKPR - SDAH LOCAL,SUB,Suburban,Daily,LKPR,LAKSHMIKANTPUR,SDAH,SEALDAH,61,01:37,24
34740,SDAH-LKPR LOCAL,SUB,Suburban,Daily,SDAH,SEALDAH,LKPR,LAKSHMIKANTPUR,61,01:39,25
34741,LKPR - SDAH LOCAL,SUB,Suburban,Daily,LKPR,LAKSHMIKANTPUR,SDAH,SEALDAH,61,01:39,25
34742,SDAH-LKPR LOCAL,SUB,Suburban,Daily,SDAH,SEALDAH,LKPR,LAKSHMIKANTPUR,61,01:41,25
34743,LKPR - SDAH LOCAL,SUB,Suburban,Daily,LKPR,LAKSHMIKANTPUR,SDAH,SEALDAH,61,01:40,25
34744,SDAH-LKPR LOCAL,SUB,Suburban,Daily,SDAH,SEALDAH,LKPR,LAKSHMIKANTPUR,61,01:37,25
34745,LKPR - SDAH LOCAL,SUB,Suburban,Daily,LKPR,LAKSHMIKANTPUR,SDAH,SEALDAH,61,01:35,25
34746,SDAH-LKPR LOCAL,SUB,Suburban,Daily,SDAH,SEALDAH,LKPR,LAKSHMIKANTPUR,61,01:36,25
34747,LKPR - SDAH LOCAL,SUB,Suburban,Daily,LKPR,LAKSHMIKANTPUR,SDAH,SEALDAH,61,01:37,24
34748,SDAH-LKPR LOCAL,SUB,Suburban,Daily,SDAH,SEALDAH,LKPR,LAKSHMIKANTPUR,61,01:36,24
34749,LKPR - SDAH LOCAL,SUB,Suburban,"Mon,Tue,Wed,Thu,Fri,Sat",LKPR,LAKSHMIKANTPUR,SDAH,SEALDAH,61,01:40,25
34750,SDAH-LKPR LOCAL,SUB,Suburban,Daily,SDAH,SEALDAH,LKPR,LAKSHMIKANTPUR,61,01:35,24
34751,LKPR - SDAH LOCAL,SUB,Suburban,Daily,LKPR,LAKSHMIKANTPUR,SDAH,SEALDAH,61,01:40,24
34752,SDAH-LKPR LOCAL,SUB,Suburban,Daily,SDAH,SEALDAH,LKPR,LAKSHMIKANTPUR,61,01:35,24
34753,LKPR - SDAH LOCAL,SUB,Suburban,Daily,LKPR,LAKSHMIKANTPUR,SDAH,SEALDAH,61,01:38,24
34754,SDAH-LKPR LOCAL,SUB,Suburban,Daily,SDAH,SEALDAH,LKPR,LAKSHMIKANTPUR,61,01:32,48
34755,LKPR - SDAH LOCAL,SUB,Suburban,Daily,LKPR,LAKSHMIKANTPUR,SDAH,SEALDAH,61,01:42,46
34756,SDAH - LKPR LOCAL,SUB,Suburban,Daily,SDAH,SEALDAH,LKPR,LAKSHMIKANTPUR,61,01:38,50
34757,LKPR - SDAH LOCAL,SUB,Suburban,Daily,LKPR,LAKSHMIKANTPUR,SDAH,SEALDAH,61,01:37,46
34782,SDAH - KAKDWIP LOCAL,SUB,Suburban,Daily,SDAH,SEALDAH,KWDP,KWAKDWIP,95,02:20,32
34791,NMKA - SDAH LOCAL,SUB,Suburban,Daily,NMKA,NAMKHANA,SDAH,SEALDAH,108,02:43,26
34792,SDAH - NMKA LOCAL,SUB,Suburban,Daily,SDAH,SEALDAH,NMKA,NAMKHANA,108,02:35,34
34793,NMKA-SDAH LOCAL,SUB,Suburban,Daily,NMKA,NAMKHANA,SDAH,SEALDAH,108,02:40,35
34794,SDAH-NAMKHANA LOCAL,SUB,Suburban,Daily,SDAH,SEALDAH,NMKA,NAMKHANA,108,02:36,26
34795,NMKA-SDAH LOCAL,SUB,Suburban,Daily,NMKA,NAMKHANA,SDAH,SEALDAH,108,02:50,34
34796,SPR - NMKA LOCAL,SUB,Suburban,Daily,SPR,SONARPUR JN.,NMKA,NAMKHANA,92,02:07,26
34811,DH - SDAH LOCAL,SUB,Suburban,Daily,DH,DIAMOND HARBOUR,SDAH,SEALDAH,60,01:45,21
34812,SDAH-DH LOCAL,SUB,Suburban,Daily,SDAH,SEALDAH,DH,DIAMOND HARBOUR,60,01:21,16
34813,DH - SDAH LOCAL,SUB,Suburban,Daily,DH,DIAMOND HARBOUR,SDAH,SEALDAH,60,01:35,25
34814,SDAH-DH LOCAL,SUB,Suburban,Daily,SDAH,SEALDAH,DH,DIAMOND HARBOUR,60,01:35,25
34815,DH - SDAH LOCAL,SUB,Suburban,Daily,DH,DIAMOND HARBOUR,SDAH,SEALDAH,60,01:34,24
34816,SDAH-DH LOCAL,SUB,Suburban,Daily,SDAH,SEALDAH,DH,DIAMOND HARBOUR,60,01:35,23
34817,DH - SDAH LOCAL,SUB,Suburban,Daily,DH,DIAMOND HARBOUR,SDAH,SEALDAH,60,01:36,25
34818,SDAH-DH LOCAL,SUB,Suburban,Daily,SDAH,SEALDAH,DH,DIAMOND HARBOUR,60,01:39,26
34819,DH - SDAH LOCAL,SUB,Suburban,Daily,DH,DIAMOND HARBOUR,SDAH,SEALDAH,60,01:44,26
34820,SDAH-DH LOCAL,SUB,Suburban,Daily,SDAH,SEALDAH,DH,DIAMOND HARBOUR,60,01:39,26
34821,DH - SDAH LOCAL,SUB,Suburban,Daily,DH,DIAMOND HARBOUR,SDAH,SEALDAH,60,01:38,26
34822,SDAH-DH LOCAL,SUB,Suburban,Daily,SDAH,SEALDAH,DH,DIAMOND HARBOUR,60,01:35,18
34823,DH - SDAH LOCAL,SUB,Suburban,Daily,DH,DIAMOND HARBOUR,SDAH,SEALDAH,60,01:43,26
34824,SDAH-DH LOCAL,SUB,Suburban,Daily,SDAH,SEALDAH,DH,DIAMOND HARBOUR,60,01:40,26
34825,DH - SDAH LOCAL,SUB,Suburban,Daily,DH,DIAMOND HARBOUR,SDAH,SEALDAH,60,01:44,26
34826,SDAH-DH LOCAL,SUB,Suburban,Daily,SDAH,SEALDAH,DH,DIAMOND HARBOUR,60,01:37,26
34827,DH - SDAH LOCAL,SUB,Suburban,Daily,DH,DIAMOND HARBOUR,SDAH,SEALDAH,60,01:37,26
34828,SDAH-DH LOCAL,SUB,Suburban,Daily,SDAH,SEALDAH,DH,DIAMOND HARBOUR,60,01:37,26
34829,DH - SDAH LOCAL,SUB,Suburban,Daily,DH,DIAMOND HARBOUR,SDAH,SEALDAH,60,01:31,18
34830,SDAH-DH LOCAL,SUB,Suburban,Daily,SDAH,SEALDAH,DH,DIAMOND HARBOUR,60,01:38,26
34831,DH - SDAH LOCAL,SUB,Suburban,Daily,DH,DIAMOND HARBOUR,SDAH,SEALDAH,60,01:37,26
34832,SDAH-DH LOCAL,SUB,Suburban,Daily,SDAH,SEALDAH,DH,DIAMOND HARBOUR,60,01:39,26
34833,DH - SDAH LOCAL,SUB,Suburban,Daily,DH,DIAMOND HARBOUR,SDAH,SEALDAH,60,01:38,25
34834,SDAH-DH LOCAL,SUB,Suburban,Daily,SDAH,SEALDAH,DH,DIAMOND HARBOUR,60,01:39,26
34835,DH - SDAH LOCAL,SUB,Suburban,Daily,DH,DIAMOND HARBOUR,SDAH,SEALDAH,60,01:43,26
34836,SDAH-DH LOCAL,SUB,Suburban,Daily,SDAH,SEALDAH,DH,DIAMOND HARBOUR,60,01:38,26
34837,DH - SDAH LOCAL,SUB,Suburban,Daily,DH,DIAMOND HARBOUR,SDAH,SEALDAH,60,01:38,26
34838,SDAH-DH LOCAL,SUB,Suburban,Daily,SDAH,SEALDAH,DH,DIAMOND HARBOUR,60,01:39,26
34839,DH - SDAH LOCAL,SUB,Suburban,Daily,DH,DIAMOND HARBOUR,SDAH,SEALDAH,60,01:55,26
34840,SDAH-DH LOCAL,SUB,Suburban,Daily,SDAH,SEALDAH,DH,DIAMOND HARBOUR,60,01:39,26
34841,DH - SDAH LOCAL,SUB,Suburban,Daily,DH,DIAMOND HARBOUR,SDAH,SEALDAH,60,01:40,26
34842,SDAH-DH LOCAL,SUB,Suburban,Daily,SDAH,SEALDAH,DH,DIAMOND HARBOUR,60,01:39,26
34843,DH - SDAH LOCAL,SUB,Suburban,Daily,DH,DIAMOND HARBOUR,SDAH,SEALDAH,60,01:38,26
34844,SDAH-DH LOCAL,SUB,Suburban,Daily,SDAH,SEALDAH,DH,DIAMOND HARBOUR,60,01:36,26
34845,DH - SDAH LOCAL,SUB,Suburban,Daily,DH,DIAMOND HARBOUR,SDAH,SEALDAH,60,01:40,26
34846,SDAH-DH LOCAL,SUB,Suburban,Daily,SDAH,SEALDAH,DH,DIAMOND HARBOUR,60,01:37,26
34847,DH - SDAH LOCAL,SUB,Suburban,Daily,DH,DIAMOND HARBOUR,SDAH,SEALDAH,60,01:37,26
34848,SDAH-DH LOCAL,SUB,Suburban,Daily,SDAH,SEALDAH,DH,DIAMOND HARBOUR,60,01:37,26
34849,DH - SDAH LOCAL,SUB,Suburban,Daily,DH,DIAMOND HARBOUR,SDAH,SEALDAH,60,01:43,26
34850,SDAH-DH LOCAL,SUB,Suburban,Daily,SDAH,SEALDAH,DH,DIAMOND HARBOUR,60,01:34,26
34851,DH - SDAH LOCAL,SUB,Suburban,Daily,DH,DIAMOND HARBOUR,SDAH,SEALDAH,60,01:38,25
34852,SDAH-DH LOCAL,SUB,Suburban,Daily,SDAH,SEALDAH,DH,DIAMOND HARBOUR,60,01:37,25
34853,DH - SDAH LOCAL,SUB,Suburban,Daily,DH,DIAMOND HARBOUR,SDAH,SEALDAH,60,01:37,25
34854,SDAH-DH LOCAL,SUB,Suburban,Daily,SDAH,SEALDAH,DH,DIAMOND HARBOUR,60,01:39,26
34855,DH - SDAH LOCAL,SUB,Suburban,Daily,DH,DIAMOND HARBOUR,SDAH,SEALDAH,60,01:40,26
34856,SDAH-DH LOCAL,SUB,Suburban,Daily,SDAH,SEALDAH,DH,DIAMOND HARBOUR,60,01:36,26
34857,DH-SDAH LOCAL,SUB,Suburban,Daily,DH,DIAMOND HARBOUR,SDAH,SEALDAH,60,01:39,25
34858,SDAH-DH LOCAL,SUB,Suburban,Daily,SDAH,SEALDAH,DH,DIAMOND HARBOUR,60,01:34,25
34859,DH SDAH LOCAL,SUB,Suburban,Daily,DH,DIAMOND HARBOUR,SDAH,SEALDAH,60,01:37,24
34860,SDAH DH LOCAL,SUB,Suburban,Daily,SDAH,SEALDAH,DH,DIAMOND HARBOUR,60,01:28,23
34861,DH SDAH LOCAL,SUB,Suburban,Daily,DH,DIAMOND HARBOUR,SDAH,SEALDAH,60,01:37,26
34862,SDAH-DH LOCAL,SUB,Suburban,"Mon,Tue,Wed,Thu,Fri,Sat",SDAH,SEALDAH,DH,DIAMOND HARBOUR,60,01:41,26
34863,DH - SDAH LOCAL,SUB,Suburban,"Mon,Tue,Wed,Thu,Fri,Sat",DH,DIAMOND HARBOUR,SDAH,SEALDAH,60,01:36,25
34881,DH SONARPUR LOCAL,SUB,Suburban,Daily,DH,DIAMOND HARBOUR,SPR,SONARPUR JN.,43,01:05,17
34882,SPR DH LOCAL,SUB,Suburban,Daily,SPR,SONARPUR JN.,DH,DIAMOND HARBOUR,43,01:05,17
34883,DH - BLN LOCAL,SUB,Suburban,Daily,DH,DIAMOND HARBOUR,BLN,BALLYGUNGE JN.,54,01:26,24
34884,SPR DH LOCAL,SUB,Suburban,Daily,SPR,SONARPUR JN.,DH,DIAMOND HARBOUR,43,01:10,17
34885,DH SONARPUR LOCAL,SUB,Suburban,"Mon,Tue,Wed,Thu,Fri,Sat",DH,DIAMOND HARBOUR,SPR,SONARPUR JN.,43,01:04,17
34886,SPR DH LOCAL,SUB,Suburban,Daily,SPR,SONARPUR JN.,DH,DIAMOND HARBOUR,43,01:05,17
34888,SPR DH LOCAL,SUB,Suburban,"Mon,Tue,Wed,Thu,Fri,Sat",SPR,SONARPUR JN.,DH,DIAMOND HARBOUR,43,01:05,17
34891,DH BRP LOCAL,SUB,Suburban,Daily,DH,DIAMOND HARBOUR,BRP,BARUIPUR JN.,35,00:52,14
34892,BARUIPUR DH EMU LOCAL,SUB,Suburban,Daily,BRP,BARUIPUR JN.,DH,DIAMOND HARBOUR,35,00:53,14
34898,SDAH-DH LOCAL,SUB,Suburban,Daily,SDAH,SEALDAH,DH,DIAMOND HARBOUR,60,01:33,25
34899,DH - SDAH LOCAL,SUB,Suburban,Daily,DH,DIAMOND HARBOUR,SDAH,SEALDAH,60,01:36,25
34913,NMKA - LKPR LOCAL,SUB,Suburban,Daily,NMKA,NAMKHANA,LKPR,LAKSHMIKANTPUR,47,00:55,11
34915,NMKA - LKPR LOCAL,SUB,Suburban,Daily,NMKA,NAMKHANA,LKPR,LAKSHMIKANTPUR,47,00:55,11
34916,LKPR - NMKA LOCAL,SUB,Suburban,Daily,LKPR,LAKSHMIKANTPUR,NMKA,NAMKHANA,47,00:50,10
34917,NMKA - LKPR LOCAL,SUB,Suburban,Daily,NMKA,NAMKHANA,LKPR,LAKSHMIKANTPUR,47,00:49,11
34918,LKPR  NMKA LOCAL,SUB,Suburban,Daily,LKPR,LAKSHMIKANTPUR,NMKA,NAMKHANA,47,00:53,11
34919,NMKA - LKPR LOCAL,SUB,Suburban,Daily,NMKA,NAMKHANA,LKPR,LAKSHMIKANTPUR,47,00:50,11
34920,LKPR - NMKA LOCAL,SUB,Suburban,Daily,LKPR,LAKSHMIKANTPUR,NMKA,NAMKHANA,47,00:50,11
34921,NMKA - LKPR LOCAL,SUB,Suburban,Daily,NMKA,NAMKHANA,LKPR,LAKSHMIKANTPUR,47,00:57,10
34922,LKPR  NMKA LOCAL,SUB,Suburban,Daily,LKPR,LAKSHMIKANTPUR,NMKA,NAMKHANA,47,00:50,10
34923,NMKA - LKPR LOCAL,SUB,Suburban,Daily,NMKA,NAMKHANA,LKPR,LAKSHMIKANTPUR,47,00:55,10
34924,LKPR - NMKA LOCAL,SUB,Suburban,Daily,LKPR,LAKSHMIKANTPUR,NMKA,NAMKHANA,47,00:53,10
34925,NMKA - LKPR LOCAL,SUB,Suburban,Daily,NMKA,NAMKHANA,LKPR,LAKSHMIKANTPUR,47,00:55,10
34926,LKPR - NMKA LOCAL,SUB,Suburban,Daily,LKPR,LAKSHMIKANTPUR,NMKA,NAMKHANA,47,00:54,10
34927,NMKA - LKPR LOCAL,SUB,Suburban,Daily,NMKA,NAMKHANA,LKPR,LAKSHMIKANTPUR,47,00:50,10
34928,LKPR - NMKA LOCAL,SUB,Suburban,Daily,LKPR,LAKSHMIKANTPUR,NMKA,NAMKHANA,47,00:50,11
34929,NMKA - LKPR LOCAL,SUB,Suburban,Daily,NMKA,NAMKHANA,LKPR,LAKSHMIKANTPUR,47,00:51,10
34930,LKPR - NMKA LOCAL,SUB,Suburban,Daily,LKPR,LAKSHMIKANTPUR,NMKA,NAMKHANA,47,00:50,11
34931,NMKA - LKPR LOCAL,SUB,Suburban,Daily,NMKA,NAMKHANA,LKPR,LAKSHMIKANTPUR,47,00:54,10
34932,LKPR - NMKA LOCAL,SUB,Suburban,Daily,LKPR,LAKSHMIKANTPUR,NMKA,NAMKHANA,47,00:55,11
34933,NMKA - LKPR LOCAL,SUB,Suburban,"Mon,Tue,Wed,Thu,Fri,Sat",NMKA,NAMKHANA,LKPR,LAKSHMIKANTPUR,47,00:57,10
34934,LKPR - NMKA LOCAL,SUB,Suburban,"Mon,Tue,Wed,Thu,Fri,Sat",LKPR,LAKSHMIKANTPUR,NMKA,NAMKHANA,47,00:53,10
34936,LKPR - NMKA LOCAL,SUB,Suburban,Daily,LKPR,LAKSHMIKANTPUR,NMKA,NAMKHANA,47,00:49,10
34937,NMKA KWDP LOCAL,SUB,Suburban,Daily,NMKA,NAMKHANA,KWDP,KWAKDWIP,13,00:11,3
34938,KWDP NMKA LOCAL,SUB,Suburban,Daily,KWDP,KWAKDWIP,NMKA,NAMKHANA,13,00:13,3
34981,KWDP-LKPR LOCAL,SUB,Suburban,Daily,KWDP,KWAKDWIP,LKPR,LAKSHMIKANTPUR,33,00:42,8
35011,BWN KWAE LOCAL,SUB,Suburban,Daily,BWN,BARDHAMAN,KWAE,KATWA,53,01:15,16
35012,KWAE BWN LOCAL,SUB,Suburban,Daily,KWAE,KATWA,BWN,BARDHAMAN,53,01:15,16
35013,BWN KWAE LOCAL,SUB,Suburban,Daily,BWN,BARDHAMAN,KWAE,KATWA,53,01:15,16
35014,KWAE BWN LOCAL,SUB,Suburban,Daily,KWAE,KATWA,BWN,BARDHAMAN,53,01:25,16
35015, BWN KWAE LOCAL,SUB,Suburban,Daily,BWN,BARDHAMAN,KWAE,KATWA,53,01:10,16
35016,KWAE BWN LOCAL,SUB,Suburban,Daily,KWAE,KATWA,BWN,BARDHAMAN,53,01:20,16
35017,BWN KWAE LOCAL,SUB,Suburban,Daily,BWN,BARDHAMAN,KWAE,KATWA,53,01:20,16
35018,KWAE - BWN LOCAL,SUB,Suburban,Daily,KWAE,KATWA,BWN,BARDHAMAN,53,01:15,16
35019,BWN BGNA LOCAL,SUB,Suburban,Daily,BWN,BARDHAMAN,KWAE,KATWA,53,01:15,16
35020,KWAE BWN LOCAL,SUB,Suburban,Daily,KWAE,KATWA,BWN,BARDHAMAN,53,01:25,16
35021,BWN KWAE LOCAL,SUB,Suburban,Daily,BWN,BARDHAMAN,KWAE,KATWA,53,01:25,16
35022,KWAE BWN LOCAL,SUB,Suburban,Daily,KWAE,KATWA,BWN,BARDHAMAN,53,01:20,16
35023,BWN KWAE EMU LOCAL,SUB,Suburban,Daily,BWN,BARDHAMAN,KWAE,KATWA,53,01:20,16
35024,KWAE BWN EMU LOCAL,SUB,Suburban,Daily,KWAE,KATWA,BWN,BARDHAMAN,53,01:30,16
35041,KWAE AMP EMU PGR ,SUB,Suburban,Daily,KWAE,KATWA,AMP,AHAMADPUR JN.,51,01:20,14
35042,AMP KWAE EMU PGR,SUB,Suburban,Daily,AMP,AHAMADPUR JN.,KWAE,KATWA,51,01:35,14
35061,KWAE-AZ EMU PGR,SUB,Suburban,Daily,KWAE,KATWA,AZ,AZIMGANJ JN,73,01:30,20
35062,AZ KWAE EMU PGR,SUB,Suburban,Daily,AZ,AZIMGANJ JN,KWAE,KATWA,73,01:30,20
36011,HWH-BRPA LOCAL,SUB,Suburban,"Mon,Tue,Wed,Thu,Fri,Sat",HWH,HOWRAH JN,BRPA,BARUIPARA,27,00:40,10
36012,BRPA-HWH LOCAL,SUB,Suburban,"Mon,Tue,Wed,Thu,Fri,Sat",BRPA,BARUIPARA,HWH,HOWRAH JN,27,00:41,10
36031,HWH-CDAE LOCAL,SUB,Suburban,Daily,HWH,HOWRAH JN,CDAE,CHANDANPUR,41,00:57,15
36032,CDAE-HWH LOCAL,SUB,Suburban,Daily,CDAE,CHANDANPUR,HWH,HOWRAH JN,41,01:25,15
36033,HWH-CDAE LOCAL,SUB,Suburban,Daily,HWH,HOWRAH JN,CDAE,CHANDANPUR,41,00:58,15
36034,CDAE HWH LOCAL,SUB,Suburban,Daily,CDAE,CHANDANPUR,HWH,HOWRAH JN,41,01:05,15
36035,HWH-CDAE LOCAL,SUB,Suburban,Daily,HWH,HOWRAH JN,CDAE,CHANDANPUR,41,01:00,15
36036,CDAE-HWH LOCAL,SUB,Suburban,Daily,CDAE,CHANDANPUR,HWH,HOWRAH JN,41,01:03,15
36037,HWH-CDAE LOCAL,SUB,Suburban,Daily,HWH,HOWRAH JN,CDAE,CHANDANPUR,41,01:01,15
36038,CDAE HWH LOCAL,SUB,Suburban,Daily,CDAE,CHANDANPUR,HWH,HOWRAH JN,41,01:02,15
36071,HWH-GRAE LOCAL,SUB,Suburban,Daily,HWH,HOWRAH JN,GRAE,GURAP,58,01:20,20
36072,HOWRAH-GURAP LOCAL,SUB,Suburban,Daily,GRAE,GURAP,HWH,HOWRAH JN,58,01:25,20
36081,HWH-MSAE LOCAL,SUB,Suburban,"Mon,Tue,Wed,Thu,Fri,Sat",HWH,HOWRAH JN,MSAE,MASAGRAM,72,01:40,24
36082,MSAE-HWH LOCAL,SUB,Suburban,"Mon,Tue,Wed,Thu,Fri,Sat",MSAE,MASAGRAM,HWH,HOWRAH JN,72,01:39,25
36083,HWH-MSAE LOCAL,SUB,Suburban,Sat,HWH,HOWRAH JN,MSAE,MASAGRAM,72,01:41,25
36084,MSAE-HWH LOCAL,SUB,Suburban,Sat,MSAE,MASAGRAM,HWH,HOWRAH JN,72,01:38,25
36085,HWH-MSAE LOCAL,SUB,Suburban,Daily,HWH,HOWRAH JN,MSAE,MASAGRAM,72,01:50,25
36086,MSAE HWH LOCAL,SUB,Suburban,Daily,MSAE,MASAGRAM,HWH,HOWRAH JN,72,01:40,25
36087,HWH-MSAELOCAL,SUB,Suburban,Daily,HWH,HOWRAH JN,MSAE,MASAGRAM,72,01:45,25
36088,MSAE-HWH LOCAL,SUB,Suburban,Daily,MSAE,MASAGRAM,HWH,HOWRAH JN,72,01:48,24
36811,HWH-BWN LOCAL,SUB,Suburban,Daily,HWH,HOWRAH JN,BWN,BARDHAMAN,95,02:05,30
36812,BWN-HWH CHORD  LOCAL,SUB,Suburban,Daily,BWN,BARDHAMAN,HWH,HOWRAH JN,95,02:10,27
36813,HWH-BWN LOCAL,SUB,Suburban,Daily,HWH,HOWRAH JN,BWN,BARDHAMAN,95,02:05,29
36814,BWN-HWH CHORD  LOCAL,SUB,Suburban,Daily,BWN,BARDHAMAN,HWH,HOWRAH JN,95,02:15,30
36815,HWH-BWN LOCAL,SUB,Suburban,Daily,HWH,HOWRAH JN,BWN,BARDHAMAN,95,02:15,30
36816,BWN-HWH CHORD  LOCAL,SUB,Suburban,Daily,BWN,BARDHAMAN,HWH,HOWRAH JN,95,02:15,29
36817,HWH-BWN LOCAL,SUB,Suburban,Daily,HWH,HOWRAH JN,BWN,BARDHAMAN,95,02:15,30
36818,BWN-HWH CHORD  LOCAL,SUB,Suburban,Daily,BWN,BARDHAMAN,HWH,HOWRAH JN,95,02:15,29
36819,HWH- BWN LOCAL,SUB,Suburban,Daily,HWH,HOWRAH JN,BWN,BARDHAMAN,95,02:05,30
36820,BWN-HWH CHORD  LOCAL,SUB,Suburban,Daily,BWN,BARDHAMAN,HWH,HOWRAH JN,95,02:15,30
36821,HWH- BWN LOCAL,SUB,Suburban,Daily,HWH,HOWRAH JN,BWN,BARDHAMAN,95,02:10,30
36822,BWN-HWH CHORD  LOCAL,SUB,Suburban,Daily,BWN,BARDHAMAN,HWH,HOWRAH JN,95,02:15,31
36823,HWH- BWN LOCAL,SUB,Suburban,Daily,HWH,HOWRAH JN,BWN,BARDHAMAN,95,02:08,30
36824,BWN-HWH CHORD  LOCAL,SUB,Suburban,Daily,BWN,BARDHAMAN,HWH,HOWRAH JN,95,02:05,29
36825,HWH - BWN CHORD  LOCAL,SUB,Suburban,Daily,HWH,HOWRAH JN,BWN,BARDHAMAN,95,02:10,28
36826,BWN-HWH CHORD  LOCAL,SUB,Suburban,Daily,BWN,BARDHAMAN,HWH,HOWRAH JN,95,02:05,30
36827,HWH - BWN CHORD  LOCAL,SUB,Suburban,Daily,HWH,HOWRAH JN,BWN,BARDHAMAN,95,02:10,30
36828,BWN-HWH CHORD  LOCAL,SUB,Suburban,Daily,BWN,BARDHAMAN,HWH,HOWRAH JN,95,02:05,30
36829,HWH-BWN CHORD LOCAL,SUB,Suburban,Daily,HWH,HOWRAH JN,BWN,BARDHAMAN,95,02:16,30
36830,BWN-HWH CHORD  LOCAL,SUB,Suburban,Daily,BWN,BARDHAMAN,HWH,HOWRAH JN,95,01:30,2
36831,HWH - BWN  CHORD LOCAL,SUB,Suburban,Daily,HWH,HOWRAH JN,BWN,BARDHAMAN,95,02:03,30
36832,BWN-HWH CHORD  LOCAL,SUB,Suburban,Daily,BWN,BARDHAMAN,HWH,HOWRAH JN,95,02:11,30
36833,HWH - BWN  CHORD LOCAL,SUB,Suburban,Daily,HWH,HOWRAH JN,BWN,BARDHAMAN,95,02:07,30
36834,BWN-HWH CHORD  LOCAL,SUB,Suburban,Daily,BWN,BARDHAMAN,HWH,HOWRAH JN,95,02:00,29
36835,HWH - BWN  CHORD LOCAL,SUB,Suburban,Daily,HWH,HOWRAH JN,BWN,BARDHAMAN,95,01:29,8
36836,BWN-HWH CHORD  LOCAL,SUB,Suburban,Daily,BWN,BARDHAMAN,HWH,HOWRAH JN,95,02:03,30
36837,HWH - BWN  CHORD LOCAL,SUB,Suburban,Daily,HWH,HOWRAH JN,BWN,BARDHAMAN,95,02:09,30
36838,BWN-HWH CHORD  LOCAL,SUB,Suburban,Daily,BWN,BARDHAMAN,HWH,HOWRAH JN,95,02:30,30
36839,HWH - BWN  CHORD LOCAL,SUB,Suburban,Daily,HWH,HOWRAH JN,BWN,BARDHAMAN,95,02:10,30
36840,BWN-HWH CHORD  LOCAL,SUB,Suburban,Daily,BWN,BARDHAMAN,HWH,HOWRAH JN,95,02:10,30
36841,HWH - BWN  CHORD LOCAL,SUB,Suburban,Daily,HWH,HOWRAH JN,BWN,BARDHAMAN,95,02:15,30
36842,BWN-HWH CHORD  LOCAL,SUB,Suburban,Daily,BWN,BARDHAMAN,HWH,HOWRAH JN,95,02:04,29
36843,HWH - BWN  CHORD LOCAL,SUB,Suburban,Daily,HWH,HOWRAH JN,BWN,BARDHAMAN,95,02:18,29
36844,BWN-HWH CHORD  LOCAL,SUB,Suburban,Daily,BWN,BARDHAMAN,HWH,HOWRAH JN,95,02:05,30
36845,HWH - BWN  CHORD LOCAL,SUB,Suburban,Daily,HWH,HOWRAH JN,BWN,BARDHAMAN,95,02:10,29
36846,BWN-HWH CHORD  LOCAL,SUB,Suburban,Daily,BWN,BARDHAMAN,HWH,HOWRAH JN,95,02:10,30
36847,HWH - BWN  CHORD LOCAL,SUB,Suburban,Daily,HWH,HOWRAH JN,BWN,BARDHAMAN,95,02:10,30
36848,BWN-HWH CHORD  LOCAL,SUB,Suburban,Daily,BWN,BARDHAMAN,HWH,HOWRAH JN,95,02:05,30
36849,HWH - BWN  CHORD LOCAL,SUB,Suburban,Daily,HWH,HOWRAH JN,BWN,BARDHAMAN,95,02:15,30
36850,BWN HWH  CHORD  LOCAL,SUB,Suburban,Daily,BWN,BARDHAMAN,HWH,HOWRAH JN,95,02:02,30
36851,HWH - BWN  CHORD LOCAL,SUB,Suburban,Daily,HWH,HOWRAH JN,BWN,BARDHAMAN,95,02:10,28
36852,BWN-HWH CHORD  LOCAL,SUB,Suburban,Daily,BWN,BARDHAMAN,HWH,HOWRAH JN,95,02:20,30
36853,HWH - BWN  CHORD LOCAL,SUB,Suburban,Daily,HWH,HOWRAH JN,BWN,BARDHAMAN,95,02:07,30
36854,BWN HWH  CHORD  LOCAL,SUB,Suburban,Daily,BWN,BARDHAMAN,HWH,HOWRAH JN,95,02:10,30
36855,HWH - BWN  CHORD LOCAL,SUB,Suburban,Daily,HWH,HOWRAH JN,BWN,BARDHAMAN,95,02:11,29
36856,BWN-HWH CHORD  LOCAL,SUB,Suburban,Daily,BWN,BARDHAMAN,HWH,HOWRAH JN,95,02:05,30
36858,BWN HWH  CHORD  LOCAL,SUB,Suburban,Daily,BWN,BARDHAMAN,HWH,HOWRAH JN,95,02:10,30
36860,BWN-HWH CHORD  LOCAL,SUB,Suburban,Daily,BWN,BARDHAMAN,HWH,HOWRAH JN,95,02:00,30
37011,HWH-SRP LOCAL,SUB,Suburban,"Mon,Tue,Wed,Thu,Fri,Sat",HWH,HOWRAH JN,SRP,SERAMPORE,20,00:31,9
37012,SRP-HWH LOCAL,SUB,Suburban,"Mon,Tue,Wed,Thu,Fri,Sat",SRP,SERAMPORE,HWH,HOWRAH JN,20,00:35,9
37013,HWH-SRP LOCAL,SUB,Suburban,"Mon,Tue,Wed,Thu,Fri,Sat",HWH,HOWRAH JN,SRP,SERAMPORE,20,00:33,9
37014,SRP-HWH LOCAL,SUB,Suburban,"Mon,Tue,Wed,Thu,Fri,Sat",SRP,SERAMPORE,HWH,HOWRAH JN,20,00:36,9
37041,HWH-SHE LOCAL,SUB,Suburban,"Mon,Tue,Wed,Thu,Fri,Sat",HWH,HOWRAH JN,SHE,SEORAPHULI,22,00:38,10
37042,SHE-HWH LOCAL,SUB,Suburban,"Mon,Tue,Wed,Thu,Fri,Sat",SHE,SEORAPHULI,HWH,HOWRAH JN,22,00:40,10
37043,HWH-SHE LOCAL,SUB,Suburban,"Mon,Tue,Wed,Thu,Fri,Sat",HWH,HOWRAH JN,SHE,SEORAPHULI,22,00:38,10
37044,SHE HWH LOCAL,SUB,Suburban,"Mon,Tue,Wed,Thu,Fri,Sat",SHE,SEORAPHULI,HWH,HOWRAH JN,22,00:39,10
37045,SHE-HWH LOCAL,SUB,Suburban,"Mon,Tue,Wed,Thu,Fri,Sat",HWH,HOWRAH JN,SHE,SEORAPHULI,22,00:40,10
37046,SHE-HWH LOCAL,SUB,Suburban,"Mon,Tue,Wed,Thu,Fri,Sat",SHE,SEORAPHULI,HWH,HOWRAH JN,22,00:40,10
37047,HWH-SHE LOCAL,SUB,Suburban,Daily,HWH,HOWRAH JN,SHE,SEORAPHULI,22,00:38,10
37048,SHE-HWH LOCAL,SUB,Suburban,Daily,SHE,SEORAPHULI,HWH,HOWRAH JN,22,00:41,10
37049,HWH-SHE LOCAL,SUB,Suburban,Daily,HWH,HOWRAH JN,SHE,SEORAPHULI,22,00:37,10
37050,SHE-HWH LOCAL,SUB,Suburban,Daily,SHE,SEORAPHULI,HWH,HOWRAH JN,22,00:38,10
37051,HWH SHE LOCAL,SUB,Suburban,"Mon,Tue,Wed,Thu,Fri,Sat",HWH,HOWRAH JN,SHE,SEORAPHULI,22,00:38,10
37052,SHE HWH LOCAL,SUB,Suburban,"Mon,Tue,Wed,Thu,Fri,Sat",SHE,SEORAPHULI,HWH,HOWRAH JN,22,00:42,10
37055,HWH-SHE LOCAL,SUB,Suburban,Daily,HWH,HOWRAH JN,SHE,SEORAPHULI,22,00:35,10
37056,SHE-HWH LOCAL,SUB,Suburban,Daily,SHE,SEORAPHULI,HWH,HOWRAH JN,22,00:51,10
37057,HWH- SHE LOCAL,SUB,Suburban,Daily,HWH,HOWRAH JN,SHE,SEORAPHULI,22,00:38,10
37058,SHE-HWH LOCAL,SUB,Suburban,Daily,SHE,SEORAPHULI,HWH,HOWRAH JN,22,00:43,10
37059,HWH-SHE LOCAL,SUB,Suburban,Daily,HWH,HOWRAH JN,SHE,SEORAPHULI,22,00:37,10
37060,SHEORAPHULI HOWRAH LOCAL,SUB,Suburban,Daily,SHE,SEORAPHULI,HWH,HOWRAH JN,22,00:40,10
37061,HWH-SHE LOCAL,SUB,Suburban,"Mon,Tue,Wed,Thu,Fri,Sat",HWH,HOWRAH JN,SHE,SEORAPHULI,22,00:42,10
37062,SHE-HWH LOCAL,SUB,Suburban,"Mon,Tue,Wed,Thu,Fri,Sat",SHE,SEORAPHULI,HWH,HOWRAH JN,22,00:42,10
37063,HWH-SHE LOCAL,SUB,Suburban,"Mon,Tue,Wed,Thu,Fri,Sat",HWH,HOWRAH JN,SHE,SEORAPHULI,22,00:37,10
37064,SHE-HWH LOCAL,SUB,Suburban,"Mon,Tue,Wed,Thu,Fri,Sat",SHE,SEORAPHULI,HWH,HOWRAH JN,22,00:43,10
37111,HWH-BELURMATH LOCAL,SUB,Suburban,Daily,HWH,HOWRAH JN,BRMH,BELUR MATH,7,00:25,2
37112,BRMH - HWH LOCAL,SUB,Suburban,Daily,BRMH,BELUR MATH,HWH,HOWRAH JN,7,00:25,3
37117,HWH-BRMH LOCAL,SUB,Suburban,Daily,HWH,HOWRAH JN,BRMH,BELUR MATH,7,00:25,2
37118,BRMH - HWH LOCAL,SUB,Suburban,Daily,BRMH,BELUR MATH,HWH,HOWRAH JN,7,00:25,3
37201,MATRIBHUMI LOCAL,SUB,Suburban,"Mon,Tue,Wed,Thu,Fri,Sat",HWH,HOWRAH JN,BDC,BANDEL,39,01:00,17
37202,BDC-HWH MATRIBHUMI LOCAL,SUB,Suburban,"Mon,Tue,Wed,Thu,Fri,Sat",BDC,BANDEL,HWH,HOWRAH JN,39,01:03,17
37211,HWH-BDC LOCAL,SUB,Suburban,Daily,HWH,HOWRAH JN,BDC,BANDEL,39,00:58,17
37212,BDC-HWH LOCAL,SUB,Suburban,Daily,BDC,BANDEL,HWH,HOWRAH JN,39,01:03,17
37213,HWH-BDC LOCAL,SUB,Suburban,Daily,HWH,HOWRAH JN,BDC,BANDEL,39,01:03,17
37214,BDC-HWH LOCAL,SUB,Suburban,Daily,BDC,BANDEL,HWH,HOWRAH JN,39,01:05,17
37215,HWH-BDC LOCAL,SUB,Suburban,Daily,HWH,HOWRAH JN,BDC,BANDEL,39,00:59,17
37216,BDC-HWH LOCAL,SUB,Suburban,Daily,BDC,BANDEL,HWH,HOWRAH JN,39,01:05,17
37217,HWH - BDC LOCAL,SUB,Suburban,"Mon,Tue,Wed,Thu,Fri,Sat",HWH,HOWRAH JN,BDC,BANDEL,39,01:00,17
37218,BDC-HWH LOCAL,SUB,Suburban,Daily,BDC,BANDEL,HWH,HOWRAH JN,39,01:02,17
37219,HWH-BDC LOCAL,SUB,Suburban,Daily,HWH,HOWRAH JN,BDC,BANDEL,39,01:02,17
37220,BDC-HWH LOCAL,SUB,Suburban,"Mon,Tue,Wed,Thu,Fri,Sat",BDC,BANDEL,HWH,HOWRAH JN,39,01:05,17
37221,HWH-BDC LOCAL,SUB,Suburban,Daily,HWH,HOWRAH JN,BDC,BANDEL,39,01:00,17
37222,BDC-HWH LOCAL,SUB,Suburban,Daily,BDC,BANDEL,HWH,HOWRAH JN,39,01:05,17
37223,HWH-BDC LOCAL,SUB,Suburban,"Mon,Tue,Wed,Thu,Fri,Sat",HWH,HOWRAH JN,BDC,BANDEL,39,01:00,17
37224,BDC-HWH LOCAL,SUB,Suburban,Daily,BDC,BANDEL,HWH,HOWRAH JN,39,01:04,17
37225,HWH-BDC LOCAL,SUB,Suburban,"Mon,Tue,Wed,Thu,Fri,Sat",HWH,HOWRAH JN,BDC,BANDEL,39,01:00,17
37226,BDC-HWH LOCAL,SUB,Suburban,Daily,BDC,BANDEL,HWH,HOWRAH JN,39,01:03,17
37227,HWH-BDC LOCAL,SUB,Suburban,Daily,HWH,HOWRAH JN,BDC,BANDEL,39,01:00,17
37228,BDC-HWH LOCAL,SUB,Suburban,Daily,BDC,BANDEL,HWH,HOWRAH JN,39,01:01,17
37229,HWH - BDC LOCAL,SUB,Suburban,Daily,HWH,HOWRAH JN,BDC,BANDEL,39,01:00,17
37230,BDC-HWH LOCAL,SUB,Suburban,"Mon,Tue,Wed,Thu,Fri,Sat",BDC,BANDEL,HWH,HOWRAH JN,39,01:06,17
37231,HWH-BDC LOCAL,SUB,Suburban,Daily,HWH,HOWRAH JN,BDC,BANDEL,39,01:00,17
37232,BDC-HWH LOCAL,SUB,Suburban,Daily,BDC,BANDEL,HWH,HOWRAH JN,39,01:07,17
37233,HWH-BDC LOCAL,SUB,Suburban,"Mon,Tue,Wed,Thu,Fri,Sat",HWH,HOWRAH JN,BDC,BANDEL,39,00:58,17
37234,BDC-HWH LOCAL,SUB,Suburban,"Mon,Tue,Wed,Thu,Fri,Sat",BDC,BANDEL,HWH,HOWRAH JN,39,01:05,17
37235,HWH-BDC LOCAL,SUB,Suburban,Daily,HWH,HOWRAH JN,BDC,BANDEL,39,01:01,17
37236,BDC-HWHLOCAL,SUB,Suburban,Daily,BDC,BANDEL,HWH,HOWRAH JN,39,01:02,17
37237,HWH-BDC LOCAL,SUB,Suburban,Daily,HWH,HOWRAH JN,BDC,BANDEL,39,01:00,17
37238,BDC-HWH LOCAL,SUB,Suburban,"Mon,Tue,Wed,Thu,Fri,Sat",BDC,BANDEL,HWH,HOWRAH JN,39,01:02,17
37239,HWH-BDC LOCAL,SUB,Suburban,Daily,HWH,HOWRAH JN,BDC,BANDEL,39,01:02,17
37240,BDC-HWH LOCAL,SUB,Suburban,Daily,BDC,BANDEL,HWH,HOWRAH JN,39,01:05,17
37241,HWH - BDC LOCAL,SUB,Suburban,Daily,HWH,HOWRAH JN,BDC,BANDEL,39,01:00,17
37242,BDC-HWH LOCAL,SUB,Suburban,Daily,BDC,BANDEL,HWH,HOWRAH JN,39,01:03,17
37243,HWH-BDC LOCAL,SUB,Suburban,Daily,HWH,HOWRAH JN,BDC,BANDEL,39,01:00,17
37244,BDC-HWH LOCAL,SUB,Suburban,Daily,BDC,BANDEL,HWH,HOWRAH JN,39,01:05,17
37245,HWH-BDC LOCAL,SUB,Suburban,Daily,HWH,HOWRAH JN,BDC,BANDEL,39,01:00,17
37246,BDC-HWH LOCAL,SUB,Suburban,Daily,BDC,BANDEL,HWH,HOWRAH JN,39,01:17,17
37247,HWH-BDC LOCAL,SUB,Suburban,Daily,HWH,HOWRAH JN,BDC,BANDEL,39,00:58,17
37248,BDC-HWH LOCAL,SUB,Suburban,Daily,BDC,BANDEL,HWH,HOWRAH JN,39,01:05,17
37249,HWH-BDC LOCAL,SUB,Suburban,Daily,HWH,HOWRAH JN,BDC,BANDEL,39,00:59,17
37250,BDC-HWH LOCAL,SUB,Suburban,Daily,BDC,BANDEL,HWH,HOWRAH JN,39,01:01,34
37251,HWH-BDC LOCAL,SUB,Suburban,Daily,HWH,HOWRAH JN,BDC,BANDEL,39,00:59,17
37252,BDC-HWH LOCAL,SUB,Suburban,Daily,BDC,BANDEL,HWH,HOWRAH JN,39,01:05,34
37253,HWH-BDC LOCAL,SUB,Suburban,Daily,HWH,HOWRAH JN,BDC,BANDEL,39,01:00,17
37254,BDC-HWH LOCAL,SUB,Suburban,Daily,BDC,BANDEL,HWH,HOWRAH JN,39,01:07,17
37255,HWH-BDC LOCAL,SUB,Suburban,Daily,HWH,HOWRAH JN,BDC,BANDEL,39,01:05,17
37256,BDC-HWH LOCAL,SUB,Suburban,Daily,BDC,BANDEL,HWH,HOWRAH JN,39,01:10,17
37257,HWH-BDC LOCAL,SUB,Suburban,Daily,HWH,HOWRAH JN,BDC,BANDEL,39,01:00,17
37258,BDC-HWH LOCAL,SUB,Suburban,Daily,BDC,BANDEL,HWH,HOWRAH JN,39,01:03,17
37259,HWH-BDC LOCAL,SUB,Suburban,Daily,HWH,HOWRAH JN,BDC,BANDEL,39,01:04,17
37260,BDC-HWH LOCAL,SUB,Suburban,Daily,BDC,BANDEL,HWH,HOWRAH JN,39,01:03,17
37261,HWH-BDC LOCAL,SUB,Suburban,Daily,HWH,HOWRAH JN,BDC,BANDEL,39,01:00,17
37262,BDC-HWH LOCAL,SUB,Suburban,"Mon,Tue,Wed,Thu,Fri,Sat",BDC,BANDEL,HWH,HOWRAH JN,39,01:02,17
37263,HWH-BDC LOCAL,SUB,Suburban,Daily,HWH,HOWRAH JN,BDC,BANDEL,39,01:09,17
37264,BDC-HWH LOCAL,SUB,Suburban,"Mon,Tue,Wed,Thu,Fri,Sat",BDC,BANDEL,HWH,HOWRAH JN,39,01:02,17
37265,HWH BDC LOCAL,SUB,Suburban,"Mon,Tue,Wed,Thu,Fri,Sat",HWH,HOWRAH JN,BDC,BANDEL,39,00:59,17
37266,BDC-HWH LOCAL,SUB,Suburban,Daily,BDC,BANDEL,HWH,HOWRAH JN,39,01:03,17
37267,HWH-BDC LOCAL,SUB,Suburban,Daily,HWH,HOWRAH JN,BDC,BANDEL,39,00:59,17
37268,BDC-HWH LOCAL,SUB,Suburban,Daily,BDC,BANDEL,HWH,HOWRAH JN,39,01:02,17
37269,HWH-BDC LOCAL,SUB,Suburban,Daily,HWH,HOWRAH JN,BDC,BANDEL,39,01:00,17
37270,BDC-HWH LOCAL,SUB,Suburban,Daily,BDC,BANDEL,HWH,HOWRAH JN,39,01:05,17
37271,HWH - BDC LOCAL,SUB,Suburban,Daily,HWH,HOWRAH JN,BDC,BANDEL,39,00:58,17
37272,BDC-HWH LOCAL,SUB,Suburban,Daily,BDC,BANDEL,HWH,HOWRAH JN,39,01:12,17
37273,HWH - BDC LOCAL,SUB,Suburban,Daily,HWH,HOWRAH JN,BDC,BANDEL,39,01:00,17
37274,BDC-HWH LOCAL,SUB,Suburban,Daily,BDC,BANDEL,HWH,HOWRAH JN,39,01:05,17
37275,HWH - BDC LOCAL,SUB,Suburban,Daily,HWH,HOWRAH JN,BDC,BANDEL,39,01:00,17
37276,BDC-HWH LOCAL,SUB,Suburban,Daily,BDC,BANDEL,HWH,HOWRAH JN,39,01:06,17
37277,HWH-BDC LOCAL,SUB,Suburban,Daily,HWH,HOWRAH JN,BDC,BANDEL,39,00:58,17
37278,BDC-HWH LOCAL,SUB,Suburban,Daily,BDC,BANDEL,HWH,HOWRAH JN,39,01:03,17
37279,HWH - BDC LOCAL,SUB,Suburban,Daily,HWH,HOWRAH JN,BDC,BANDEL,39,01:00,17
37280,BDC-HWH LOCAL,SUB,Suburban,Daily,BDC,BANDEL,HWH,HOWRAH JN,39,01:02,17
37281,HWH - BDC LOCAL,SUB,Suburban,Daily,HWH,HOWRAH JN,BDC,BANDEL,39,01:00,17
37282,BDC-HWH LOCAL,SUB,Suburban,Daily,BDC,BANDEL,HWH,HOWRAH JN,39,01:01,17
37283,HWH - BDC LOCAL,SUB,Suburban,Daily,HWH,HOWRAH JN,BDC,BANDEL,39,01:00,17
37284,BDC-HWH LOCAL,SUB,Suburban,Daily,BDC,BANDEL,HWH,HOWRAH JN,39,01:05,17
37285,HWH-BDC LOCAL,SUB,Suburban,Daily,HWH,HOWRAH JN,BDC,BANDEL,39,01:00,17
37286,BDC-HWH LOCAL,SUB,Suburban,Daily,BDC,BANDEL,HWH,HOWRAH JN,39,01:02,17
37287,HWH-BDC LOCAL,SUB,Suburban,Daily,HWH,HOWRAH JN,BDC,BANDEL,39,01:00,17
37288,BDC-HWH LOCAL,SUB,Suburban,Daily,BDC,BANDEL,HWH,HOWRAH JN,39,01:03,17
37289,HWH-BDC LOCAL,SUB,Suburban,Daily,HWH,HOWRAH JN,BDC,BANDEL,39,01:00,17
37290,BDC LOCAL,SUB,Suburban,Daily,BDC,BANDEL,HWH,HOWRAH JN,39,01:01,17
37291,HWH-BDC LOCAL,SUB,Suburban,Daily,HWH,HOWRAH JN,BDC,BANDEL,39,01:00,17
37301,HWH - HPL LOCAL,SUB,Suburban,Daily,HWH,HOWRAH JN,HPL,HARIPAL,45,01:10,17
37302,HPL-HWH LOCAL,SUB,Suburban,Daily,HPL,HARIPAL,HWH,HOWRAH JN,45,01:15,17
37303,HWH HPL ANDOLAN LOCAL,SUB,Suburban,Daily,HWH,HOWRAH JN,HPL,HARIPAL,45,01:20,17
37304,HPL-HWH LOCAL,SUB,Suburban,Daily,HPL,HARIPAL,HWH,HOWRAH JN,45,01:20,17
37311,HWH-TAK LOCAL,SUB,Suburban,Daily,HWH,HOWRAH JN,TAK,TARAKESWAR,57,01:30,21
37312,TAK-HWH LOCAL,SUB,Suburban,Daily,TAK,TARAKESWAR,HWH,HOWRAH JN,57,01:30,21
37313,HWH-TAK LOCAL,SUB,Suburban,Daily,HWH,HOWRAH JN,TAK,TARAKESWAR,57,01:40,21
37314,TAK-HWH LOCAL,SUB,Suburban,Daily,TAK,TARAKESWAR,HWH,HOWRAH JN,57,01:30,21
37315,HWH - TAK LOCAL,SUB,Suburban,Daily,HWH,HOWRAH JN,TAK,TARAKESWAR,57,01:37,21
37316,TAK-HWH LOCAL,SUB,Suburban,Daily,TAK,TARAKESWAR,HWH,HOWRAH JN,57,01:30,21
37317,HWH-TAK LOCAL,SUB,Suburban,Daily,HWH,HOWRAH JN,TAK,TARAKESWAR,57,01:33,21
37318,TAK-HWH LOCAL,SUB,Suburban,Daily,TAK,TARAKESWAR,HWH,HOWRAH JN,57,01:35,21
37319,HWH-TAK LOCAL,SUB,Suburban,Daily,HWH,HOWRAH JN,TAK,TARAKESWAR,57,01:38,21
37320,TAK-HWH LOCAL,SUB,Suburban,Daily,TAK,TARAKESWAR,HWH,HOWRAH JN,57,01:40,21
37321,HWH-TAK LOCAL,SUB,Suburban,Daily,HWH,HOWRAH JN,TAK,TARAKESWAR,57,01:30,21
37322,TAK - HWH ANDOLAN LOCAL,SUB,Suburban,Daily,TAK,TARAKESWAR,HWH,HOWRAH JN,57,01:29,21
37323,HWH-TAK LOCAL,SUB,Suburban,Daily,HWH,HOWRAH JN,TAK,TARAKESWAR,57,01:27,21
37324,TAK-HWH LOCAL,SUB,Suburban,Daily,TAK,TARAKESWAR,HWH,HOWRAH JN,57,01:27,18
37325,HWH-TAK LOCAL,SUB,Suburban,Daily,HWH,HOWRAH JN,TAK,TARAKESWAR,57,01:25,21
37326,TAK - HWH LOCAL,SUB,Suburban,Daily,TAK,TARAKESWAR,HWH,HOWRAH JN,57,01:31,21
37327,HWH - TAK LOCAL,SUB,Suburban,Daily,HWH,HOWRAH JN,TAK,TARAKESWAR,57,01:35,21
37328,TAK-HWH LOCAL,SUB,Suburban,Daily,TAK,TARAKESWAR,HWH,HOWRAH JN,57,01:30,21
37329,HWH-TAK LOCAL,SUB,Suburban,Daily,HWH,HOWRAH JN,TAK,TARAKESWAR,57,01:29,21
37330,TAK-HWH LOCAL,SUB,Suburban,Daily,TAK,TARAKESWAR,HWH,HOWRAH JN,57,01:33,21
37331,HWH-TAK LOCAL,SUB,Suburban,Daily,HWH,HOWRAH JN,TAK,TARAKESWAR,57,01:25,21
37332,TAK-HWH LOCAL,SUB,Suburban,Daily,TAK,TARAKESWAR,HWH,HOWRAH JN,57,01:32,21
37333,HWH-TAK LOCAL,SUB,Suburban,Daily,HWH,HOWRAH JN,TAK,TARAKESWAR,57,01:27,21
37334,TAK-HWH LOCAL,SUB,Suburban,Daily,TAK,TARAKESWAR,HWH,HOWRAH JN,57,01:34,21
37335,HWH-TAK LOCAL,SUB,Suburban,Daily,HWH,HOWRAH JN,TAK,TARAKESWAR,57,01:30,21
37336,TAK-HWH LOCAL,SUB,Suburban,Daily,TAK,TARAKESWAR,HWH,HOWRAH JN,57,01:37,21
37337,HWH-TAK LOCAL,SUB,Suburban,Daily,HWH,HOWRAH JN,TAK,TARAKESWAR,57,01:33,21
37338,TAK-HWH LOCAL,SUB,Suburban,Daily,TAK,TARAKESWAR,HWH,HOWRAH JN,57,01:35,21
37339,HWH - TAK LOCAL,SUB,Suburban,Daily,HWH,HOWRAH JN,TAK,TARAKESWAR,57,01:30,21
37340,TAK-HWH LOCAL,SUB,Suburban,Daily,TAK,TARAKESWAR,HWH,HOWRAH JN,57,01:32,21
37341,HWH - TAK LOCAL,SUB,Suburban,Daily,HWH,HOWRAH JN,TAK,TARAKESWAR,57,01:33,21
37342,TAK-HWH LOCAL,SUB,Suburban,Daily,TAK,TARAKESWAR,HWH,HOWRAH JN,57,01:30,21
37343,HWH-TAK LOCAL,SUB,Suburban,Daily,HWH,HOWRAH JN,TAK,TARAKESWAR,57,01:30,21
37344,TAK-HWH LOCAL,SUB,Suburban,Daily,TAK,TARAKESWAR,HWH,HOWRAH JN,57,01:35,21
37345,HWH-TAK LOCAL,SUB,Suburban,Daily,HWH,HOWRAH JN,TAK,TARAKESWAR,57,01:30,21
37346,TAK-HWH LOCAL,SUB,Suburban,Daily,TAK,TARAKESWAR,HWH,HOWRAH JN,57,01:29,21
37347,HWH-TAK LOCAL,SUB,Suburban,Daily,HWH,HOWRAH JN,TAK,TARAKESWAR,57,01:30,21
37348,TAK HWH LOCAL,SUB,Suburban,Daily,TAK,TARAKESWAR,HWH,HOWRAH JN,57,01:28,21
37349,HWH-TAK LOCAL,SUB,Suburban,Daily,HWH,HOWRAH JN,TAK,TARAKESWAR,57,01:29,21
37350,TAK-HWH LOCAL,SUB,Suburban,Daily,TAK,TARAKESWAR,HWH,HOWRAH JN,57,01:32,21
37351,HWH-TAK LOCAL,SUB,Suburban,Daily,HWH,HOWRAH JN,TAK,TARAKESWAR,57,01:30,21
37352,TAK-HWH LOCAL,SUB,Suburban,Daily,TAK,TARAKESWAR,HWH,HOWRAH JN,57,01:27,21
37354,TAK-HWH LOCAL,SUB,Suburban,Daily,TAK,TARAKESWAR,HWH,HOWRAH JN,57,01:31,21
37356,TAK-HWH LOCAL,SUB,Suburban,Daily,TAK,TARAKESWAR,HWH,HOWRAH JN,57,01:30,21
37358,TAK-HWH LOCAL,SUB,Suburban,Daily,TAK,TARAKESWAR,HWH,HOWRAH JN,57,01:29,21
37361,HWH-ARAMBAGH LOCAL,SUB,Suburban,Daily,HWH,HOWRAH JN,AMBG,ARAMBAG,82,02:05,25
37362,ARAMBAGH-HWH LOCAL,SUB,Suburban,Daily,AMBG,ARAMBAG,HWH,HOWRAH JN,82,02:20,25
37363,HWH-ARAMBAGH LOCAL,SUB,Suburban,Daily,HWH,HOWRAH JN,AMBG,ARAMBAG,82,02:25,25
37364,ARAMBAGH-HWH LOCAL,SUB,Suburban,Daily,AMBG,ARAMBAG,HWH,HOWRAH JN,82,02:09,25
37371,HWH-GOGT LOCAL,SUB,Suburban,Daily,HWH,HOWRAH JN,GOGT,GOGHAT,91,02:40,26
37372,GOGHAT-HWH LOCAL,SUB,Suburban,Daily,GOGT,GOGHAT,HWH,HOWRAH JN,91,02:33,26
37373,HWH - GOGHAT LOCAL,SUB,Suburban,Daily,HWH,HOWRAH JN,GOGT,GOGHAT,91,02:50,26
37374,GOGT HWH LOCAL,SUB,Suburban,Daily,GOGT,GOGHAT,HWH,HOWRAH JN,91,02:15,26
37375,HWH-GOGT LOCAL,SUB,Suburban,Daily,HWH,HOWRAH JN,GOGT,GOGHAT,91,02:30,26
37376,GOGT-HWH LOCAL,SUB,Suburban,Daily,GOGT,GOGHAT,HWH,HOWRAH JN,91,02:20,26
37377,HWH-GOGT LOCAL,SUB,Suburban,Daily,HWH,HOWRAH JN,GOGT,GOGHAT,91,02:25,26
37378,GOGT-HWH LOCAL,SUB,Suburban,Daily,GOGT,GOGHAT,HWH,HOWRAH JN,91,02:15,26
37379,HWH-GOGT LOCAL,SUB,Suburban,Daily,HWH,HOWRAH JN,GOGT,GOGHAT,91,02:25,26
37380,GOGT-HWH LOCAL,SUB,Suburban,Daily,GOGT,GOGHAT,HWH,HOWRAH JN,91,02:25,26
37381,HWH GOGT LOCAL,SUB,Suburban,Daily,HWH,HOWRAH JN,GOGT,GOGHAT,91,02:25,26
37382,GOGT-HWH LOCAL,SUB,Suburban,Daily,GOGT,GOGHAT,HWH,HOWRAH JN,91,02:27,26
37383,HWH GOGT LOCAL,SUB,Suburban,Daily,HWH,HOWRAH JN,GOGT,GOGHAT,91,02:22,26
37384,GOGT-HWH LOCAL,SUB,Suburban,Daily,GOGT,GOGHAT,HWH,HOWRAH JN,91,02:17,26
37385,HWH GOGT LOCAL,SUB,Suburban,Daily,HWH,HOWRAH JN,GOGT,GOGHAT,91,02:30,26
37387,HWH-GOGT LOCAL,SUB,Suburban,Daily,HWH,HOWRAH JN,GOGT,GOGHAT,91,02:20,26
37389,HWH-GOGT LOCAL,SUB,Suburban,Daily,HWH,HOWRAH JN,GOGT,GOGHAT,91,02:25,26
37401,TAK-GOGT LOCAL,SUB,Suburban,Daily,TAK,TARAKESWAR,GOGT,GOGHAT,34,00:52,6
37402,GOGT-TAK LOCAL,SUB,Suburban,Daily,GOGT,GOGHAT,TAK,TARAKESWAR,34,00:46,6
37403,TAK GOGT LOCAL,SUB,Suburban,Daily,TAK,TARAKESWAR,GOGT,GOGHAT,34,00:53,6
37404,GOGHAT-TARAKESWAR LOCAL,SUB,Suburban,Daily,GOGT,GOGHAT,TAK,TARAKESWAR,34,00:48,6
37405,TAK-GOGT LOCAL,SUB,Suburban,Daily,TAK,TARAKESWAR,GOGT,GOGHAT,34,00:52,6
37406,GOGHAT-TAK LOCAL,SUB,Suburban,Daily,GOGT,GOGHAT,TAK,TARAKESWAR,34,00:45,6
37408,GOGT- TAK LOCAL,SUB,Suburban,Daily,GOGT,GOGHAT,TAK,TARAKESWAR,34,00:48,6
37410,GOGHAT-TARAKESWAR LOCAL,SUB,Suburban,Daily,GOGT,GOGHAT,TAK,TARAKESWAR,34,00:42,6
37412,GOGT TAK LOCAL,SUB,Suburban,Daily,GOGT,GOGHAT,TAK,TARAKESWAR,34,00:44,6
37413,SHE-TAK LOCAL,SUB,Suburban,Daily,SHE,SEORAPHULI,TAK,TARAKESWAR,35,00:50,12
37414,TAK-SHE LOCAL,SUB,Suburban,Daily,TAK,TARAKESWAR,SHE,SEORAPHULI,35,00:50,12
37415, SHE TAK LOCAL,SUB,Suburban,Daily,SHE,SEORAPHULI,TAK,TARAKESWAR,35,00:50,12
37416,TAK SHE LOCAL,SUB,Suburban,Daily,TAK,TARAKESWAR,SHE,SEORAPHULI,35,00:50,12
37417,SHE-TAK EMU SPL,SUB,Suburban,Daily,SHE,SEORAPHULI,TAK,TARAKESWAR,35,00:46,12
37418,TAK-SHE EMU SPL,SUB,Suburban,Daily,TAK,TARAKESWAR,SHE,SEORAPHULI,35,00:48,12
37421,TAK AMBG LOCAL,SUB,Suburban,Daily,TAK,TARAKESWAR,AMBG,ARAMBAG,24,00:35,5
37422,AMBG TAK LOCAL,SUB,Suburban,Daily,AMBG,ARAMBAG,TAK,TARAKESWAR,24,00:38,5
37423,TAK AMBG LOCAL,SUB,Suburban,Daily,TAK,TARAKESWAR,AMBG,ARAMBAG,24,00:37,5
37424,AMBG TAK LOCAL,SUB,Suburban,Daily,AMBG,ARAMBAG,TAK,TARAKESWAR,24,00:37,5
37511,BALLY-BDC LOCAL,SUB,Suburban,"Mon,Tue,Wed,Thu,Fri,Sat",BLY,BALLY,BDC,BANDEL,30,00:45,14
37512,BDC BLY LOCAL,SUB,Suburban,"Mon,Tue,Wed,Thu,Fri,Sat",BDC,BANDEL,BLY,BALLY,30,00:45,14
37521,NH-BDC LOCAL,SUB,Suburban,Daily,NH,NAIHATI JN,BDC,BANDEL,9,00:22,4
37522,BDC-NH LOCAL,SUB,Suburban,Daily,BDC,BANDEL,NH,NAIHATI JN,9,00:20,4
37523,NH-BDC LOCAL,SUB,Suburban,Daily,NH,NAIHATI JN,BDC,BANDEL,9,00:21,4
37524,BDC-NH LOCAL,SUB,Suburban,Daily,BDC,BANDEL,NH,NAIHATI JN,9,00:19,4
37525,NH - BDC LOCAL,SUB,Suburban,Daily,NH,NAIHATI JN,BDC,BANDEL,9,00:22,4
37526,BDC-NH LOCAL,SUB,Suburban,Daily,BDC,BANDEL,NH,NAIHATI JN,9,00:20,4
37527,NH - BDC LOCAL,SUB,Suburban,Daily,NH,NAIHATI JN,BDC,BANDEL,9,00:21,4
37528,BDC-NH LOCAL,SUB,Suburban,Daily,BDC,BANDEL,NH,NAIHATI JN,9,00:21,4
37529,NH - BDC LOCAL,SUB,Suburban,Daily,NH,NAIHATI JN,BDC,BANDEL,9,00:22,4
37530,BDC-NH LOCAL,SUB,Suburban,Daily,BDC,BANDEL,NH,NAIHATI JN,9,00:20,4
37531,NH - BDC LOCAL,SUB,Suburban,Daily,NH,NAIHATI JN,BDC,BANDEL,9,00:22,4
37532,BDC-NH LOCAL,SUB,Suburban,Daily,BDC,BANDEL,NH,NAIHATI JN,9,00:24,4
37533,NH - BDC LOCAL,SUB,Suburban,Daily,NH,NAIHATI JN,BDC,BANDEL,9,00:22,4
37534,BDC-NH LOCAL,SUB,Suburban,Daily,BDC,BANDEL,NH,NAIHATI JN,9,00:20,4
37535,NH - BDC LOCAL,SUB,Suburban,Daily,NH,NAIHATI JN,BDC,BANDEL,9,00:22,4
37536,BDC-NH LOCAL,SUB,Suburban,Daily,BDC,BANDEL,NH,NAIHATI JN,9,00:20,4
37537,NH - BDC LOCAL,SUB,Suburban,Daily,NH,NAIHATI JN,BDC,BANDEL,9,00:22,4
37538,BDC-NH LOCAL,SUB,Suburban,Daily,BDC,BANDEL,NH,NAIHATI JN,9,00:23,4
37539,NH - BDC LOCAL,SUB,Suburban,Daily,NH,NAIHATI JN,BDC,BANDEL,9,00:22,4
37540,BDC-NH LOCAL,SUB,Suburban,Daily,BDC,BANDEL,NH,NAIHATI JN,9,00:20,4
37541,NH - BDC LOCAL,SUB,Suburban,Daily,NH,NAIHATI JN,BDC,BANDEL,9,00:21,4
37542,BDC-NH LOCAL,SUB,Suburban,Daily,BDC,BANDEL,NH,NAIHATI JN,9,00:22,4
37543,NH - BDC LOCAL,SUB,Suburban,Daily,NH,NAIHATI JN,BDC,BANDEL,9,00:22,4
37544,BDC-NH LOCAL,SUB,Suburban,Daily,BDC,BANDEL,NH,NAIHATI JN,9,00:20,4
37545,NH - BDC LOCAL,SUB,Suburban,Daily,NH,NAIHATI JN,BDC,BANDEL,9,00:21,4
37546,BDC-NH LOCAL,SUB,Suburban,Daily,BDC,BANDEL,NH,NAIHATI JN,9,00:20,4
37547,NH - BDC LOCAL,SUB,Suburban,Daily,NH,NAIHATI JN,BDC,BANDEL,9,00:22,4
37548,BDC-NH LOCAL,SUB,Suburban,Daily,BDC,BANDEL,NH,NAIHATI JN,9,00:20,4
37549,NH - BDC LOCAL,SUB,Suburban,Daily,NH,NAIHATI JN,BDC,BANDEL,9,00:20,4
37550,BDC-NH LOCAL,SUB,Suburban,Daily,BDC,BANDEL,NH,NAIHATI JN,9,00:25,4
37551,NH - BDC LOCAL,SUB,Suburban,Daily,NH,NAIHATI JN,BDC,BANDEL,9,00:22,4
37552,BDC-NH LOCAL,SUB,Suburban,Daily,BDC,BANDEL,NH,NAIHATI JN,9,00:20,4
37553,NH - BDC LOCAL,SUB,Suburban,Daily,NH,NAIHATI JN,BDC,BANDEL,9,00:20,4
37554,BDC-NH LOCAL,SUB,Suburban,Daily,BDC,BANDEL,NH,NAIHATI JN,9,00:22,4
37555,NH - BDC LOCAL,SUB,Suburban,Daily,NH,NAIHATI JN,BDC,BANDEL,9,00:22,4
37556,BDC-NH LOCAL,SUB,Suburban,Daily,BDC,BANDEL,NH,NAIHATI JN,9,00:20,4
37557,NH-BDC LOCAL,SUB,Suburban,Daily,NH,NAIHATI JN,BDC,BANDEL,9,00:24,4
37558,BDC-NH LOCAL,SUB,Suburban,Daily,BDC,BANDEL,NH,NAIHATI JN,9,00:20,4
37611,HWH-PDA LOCAL,SUB,Suburban,Daily,HWH,HOWRAH JN,PDA,PUNDOOAH,60,01:28,40
37612,PDA-HWH LOCAL,SUB,Suburban,Daily,PDA,PUNDOOAH,HWH,HOWRAH JN,60,01:22,30
37614,PDA-HWH LOCAL,SUB,Suburban,Daily,PDA,PUNDOOAH,HWH,HOWRAH JN,60,01:38,40
37651,HWH-MYM LOCAL,SUB,Suburban,Daily,HWH,HOWRAH JN,MYM,MEMARI,81,01:40,18
37652,MYM-HWH LOCAL,SUB,Suburban,Daily,MYM,MEMARI,HWH,HOWRAH JN,81,02:00,18
37655,HWH - MYM LOCAL,SUB,Suburban,Daily,HWH,HOWRAH JN,MYM,MEMARI,81,01:52,28
37656,MYM-HWH LOCAL,SUB,Suburban,Daily,MYM,MEMARI,HWH,HOWRAH JN,81,01:57,28
37657,HWH-MYM LOCAL,SUB,Suburban,Daily,HWH,HOWRAH JN,MYM,MEMARI,81,01:47,28
37658,MYM-HWH LOCAL,SUB,Suburban,Daily,MYM,MEMARI,HWH,HOWRAH JN,81,01:49,28
37711,BDC-PDA LOCAL,SUB,Suburban,Daily,BDC,BANDEL,PDA,PUNDOOAH,21,00:25,6
37731,BDC-MYM LOCAL,SUB,Suburban,"Mon,Tue,Wed,Thu,Fri,Sat",BDC,BANDEL,MYM,MEMARI,42,00:46,12
37732,MYM-BDC LOCAL,SUB,Suburban,"Mon,Tue,Wed,Thu,Fri,Sat",MYM,MEMARI,BDC,BANDEL,42,00:48,12
37741,BDC-KWAE LOCAL,SUB,Suburban,Daily,BDC,BANDEL,KWAE,KATWA,105,02:10,29
37742,KWAE-BDC LOCAL,SUB,Suburban,Daily,KWAE,KATWA,BDC,BANDEL,105,02:14,30
37743,BDC-KWAE LOCAL,SUB,Suburban,Daily,BDC,BANDEL,KWAE,KATWA,105,02:15,30
37744,KWAE-BDC LOCAL,SUB,Suburban,Daily,KWAE,KATWA,BDC,BANDEL,105,02:10,29
37745,BDC - KWAE LOCAL,SUB,Suburban,Daily,BDC,BANDEL,KWAE,KATWA,105,02:15,30
37746,KWAE-BDC LOCAL,SUB,Suburban,Daily,KWAE,KATWA,BDC,BANDEL,105,02:25,30
37747,BDC - KWAE LOCAL,SUB,Suburban,Daily,BDC,BANDEL,KWAE,KATWA,105,02:14,30
37748,KWAE-BDC LOCAL,SUB,Suburban,Daily,KWAE,KATWA,BDC,BANDEL,105,02:10,30
37749,BDC - KWAE LOCAL,SUB,Suburban,Daily,BDC,BANDEL,KWAE,KATWA,105,02:15,30
37750,KWAE-BDC LOCAL,SUB,Suburban,Daily,KWAE,KATWA,BDC,BANDEL,105,02:10,30
37751,BDC - KWAE LOCAL,SUB,Suburban,Daily,BDC,BANDEL,KWAE,KATWA,105,02:15,30
37752,KWAE-BDC LOCAL,SUB,Suburban,Daily,KWAE,KATWA,BDC,BANDEL,105,02:10,29
37753,BDC - KWAE LOCAL,SUB,Suburban,Daily,BDC,BANDEL,KWAE,KATWA,105,02:15,30
37754,KWAE-BDC LOCAL,SUB,Suburban,Daily,KWAE,KATWA,BDC,BANDEL,105,02:10,29
37755,BDC - KWAE LOCAL,SUB,Suburban,Daily,BDC,BANDEL,KWAE,KATWA,105,02:15,29
37756,KWAE BDC LOCAL,SUB,Suburban,Daily,KWAE,KATWA,BDC,BANDEL,105,02:10,29
37757,BDC KWAE LOCAL,SUB,Suburban,Daily,BDC,BANDEL,KWAE,KATWA,105,02:06,30
37758,KWAE-BDC LOCAL,SUB,Suburban,Daily,KWAE,KATWA,BDC,BANDEL,105,02:10,29
37781,BDC-BWN LOCAL,SUB,Suburban,Daily,BDC,BANDEL,BWN,BARDHAMAN,67,01:17,18
37782,BWN-BDC LOCAL,SUB,Suburban,Daily,BWN,BARDHAMAN,BDC,BANDEL,67,01:17,18
37783,BDC-BWN LOCAL,SUB,Suburban,Daily,BDC,BANDEL,BWN,BARDHAMAN,67,01:17,18
37784,BWN-BDC LOCAL,SUB,Suburban,"Mon,Tue,Wed,Thu,Fri,Sat",BWN,BARDHAMAN,BDC,BANDEL,67,01:20,18
37785,BDC-BWN  LOCAL,SUB,Suburban,Daily,BDC,BANDEL,BWN,BARDHAMAN,67,01:20,18
37786,BWN-BDC LOCAL,SUB,Suburban,Daily,BWN,BARDHAMAN,BDC,BANDEL,67,01:15,18
37811,HWH- BWN M LOCAL,SUB,Suburban,Daily,HWH,HOWRAH JN,BWN,BARDHAMAN,107,02:20,34
37812,BWN-HWH LOCAL,SUB,Suburban,Daily,BWN,BARDHAMAN,HWH,HOWRAH JN,107,02:22,32
37813,HWH-BWN LOCAL,SUB,Suburban,Daily,HWH,HOWRAH JN,BWN,BARDHAMAN,107,02:20,34
37814,BWN-HWH LOCAL,SUB,Suburban,Daily,BWN,BARDHAMAN,HWH,HOWRAH JN,107,02:30,34
37815,HWH- BWN M LOCAL,SUB,Suburban,Daily,HWH,HOWRAH JN,BWN,BARDHAMAN,107,02:21,27
37816,BWN-HWH LOCAL,SUB,Suburban,Daily,BWN,BARDHAMAN,HWH,HOWRAH JN,107,02:23,34
37817,HWH-BWN LOCAL,SUB,Suburban,Daily,HWH,HOWRAH JN,BWN,BARDHAMAN,107,02:25,34
37818,BWN-HWH LOCAL,SUB,Suburban,Daily,BWN,BARDHAMAN,HWH,HOWRAH JN,107,02:32,34
37819,HWH-BWN LOCAL,SUB,Suburban,Daily,HWH,HOWRAH JN,BWN,BARDHAMAN,107,02:20,34
37820,BWN-HWH LOCAL,SUB,Suburban,Daily,BWN,BARDHAMAN,HWH,HOWRAH JN,107,02:21,34
37821,HWH - BWN LOCAL,SUB,Suburban,Daily,HWH,HOWRAH JN,BWN,BARDHAMAN,107,02:15,34
37822,BWN-HWH LOCAL,SUB,Suburban,Daily,BWN,BARDHAMAN,HWH,HOWRAH JN,107,01:55,7
37823,HWH - BWN LOCAL,SUB,Suburban,Daily,HWH,HOWRAH JN,BWN,BARDHAMAN,107,02:25,34
37824,BWN-HWH LOCAL,SUB,Suburban,Daily,BWN,BARDHAMAN,HWH,HOWRAH JN,107,02:25,28
37825,HWH-BWN LOCAL,SUB,Suburban,Daily,HWH,HOWRAH JN,BWN,BARDHAMAN,107,02:25,34
37826,BWN-HWH LOCAL,SUB,Suburban,Daily,BWN,BARDHAMAN,HWH,HOWRAH JN,107,02:12,23
37827,HWH - BWN LOCAL,SUB,Suburban,Daily,HWH,HOWRAH JN,BWN,BARDHAMAN,107,02:22,34
37828,BWN-HWH LOCAL,SUB,Suburban,Daily,BWN,BARDHAMAN,HWH,HOWRAH JN,107,02:20,27
37829,HWH - BWN LOCAL,SUB,Suburban,Daily,HWH,HOWRAH JN,BWN,BARDHAMAN,107,02:20,34
37830,BWN-HWH LOCAL,SUB,Suburban,Daily,BWN,BARDHAMAN,HWH,HOWRAH JN,107,02:20,27
37831,HWH - BWN LOCAL,SUB,Suburban,Daily,HWH,HOWRAH JN,BWN,BARDHAMAN,107,02:15,31
37832,BWN-HWH LOCAL,SUB,Suburban,Daily,BWN,BARDHAMAN,HWH,HOWRAH JN,107,02:45,34
37833,HWH - BWN LOCAL  SAO ,SUB,Suburban,Sat,HWH,HOWRAH JN,BWN,BARDHAMAN,107,02:18,33
37834,BWN - HWH LOCAL,SUB,Suburban,Daily,BWN,BARDHAMAN,HWH,HOWRAH JN,107,02:28,34
37835,HWH - BWN LOCAL,SUB,Suburban,"Mon,Tue,Wed,Thu,Fri,Sun",HWH,HOWRAH JN,BWN,BARDHAMAN,107,02:16,22
37836,BWN-HWH LOCAL,SUB,Suburban,Daily,BWN,BARDHAMAN,HWH,HOWRAH JN,107,02:21,34
37837,HWH-BWN LOCAL,SUB,Suburban,Daily,HWH,HOWRAH JN,BWN,BARDHAMAN,107,02:15,27
37838,BWN - HWH LOCAL,SUB,Suburban,Daily,BWN,BARDHAMAN,HWH,HOWRAH JN,107,02:32,34
37839,HWH - BWN LOCAL,SUB,Suburban,Daily,HWH,HOWRAH JN,BWN,BARDHAMAN,107,02:17,29
37840,BWN - HWH LOCAL,SUB,Suburban,Daily,BWN,BARDHAMAN,HWH,HOWRAH JN,107,02:27,34
37841,HWH-BWN LOCAL,SUB,Suburban,Daily,HWH,HOWRAH JN,BWN,BARDHAMAN,107,02:11,22
37842,BWN - HWH LOCAL,SUB,Suburban,Daily,BWN,BARDHAMAN,HWH,HOWRAH JN,107,02:30,34
37843,HWH - BWN LOCAL,SUB,Suburban,Daily,HWH,HOWRAH JN,BWN,BARDHAMAN,107,02:01,7
37844,BWN - HWH LOCAL,SUB,Suburban,"Mon,Tue,Wed,Thu,Fri,Sun",BWN,BARDHAMAN,HWH,HOWRAH JN,107,02:24,22
37845,HWH - BWN LOCAL,SUB,Suburban,"Mon,Tue,Wed,Thu,Fri,Sat",HWH,HOWRAH JN,BWN,BARDHAMAN,107,02:20,30
37846,BWN - HWH LOCAL,SUB,Suburban,Sat,BWN,BARDHAMAN,HWH,HOWRAH JN,107,02:24,33
37847,HWH - BWN LOCAL,SUB,Suburban,Daily,HWH,HOWRAH JN,BWN,BARDHAMAN,107,02:18,27
37848,BWN-HWH LOCAL,SUB,Suburban,Daily,BWN,BARDHAMAN,HWH,HOWRAH JN,107,02:22,34
37849,HWH - BWN LOCAL,SUB,Suburban,Daily,HWH,HOWRAH JN,BWN,BARDHAMAN,107,02:02,11
37850,BWN - HWH LOCAL,SUB,Suburban,Daily,BWN,BARDHAMAN,HWH,HOWRAH JN,107,02:19,34
37851,HWH-BWN LOCAL,SUB,Suburban,Daily,HWH,HOWRAH JN,BWN,BARDHAMAN,107,02:15,34
37852,BWN-HWH MAIN LOCAL,SUB,Suburban,Daily,BWN,BARDHAMAN,HWH,HOWRAH JN,107,02:28,34
37853,HWH-BWN LOCAL,SUB,Suburban,Daily,HWH,HOWRAH JN,BWN,BARDHAMAN,107,02:35,34
37854,BWN-HWH NON - STOP LOCAL,SUB,Suburban,Daily,BWN,BARDHAMAN,HWH,HOWRAH JN,107,02:37,34
37855,HWH-BWN MAIN LOCAL,SUB,Suburban,Daily,HWH,HOWRAH JN,BWN,BARDHAMAN,107,02:23,34
37857,HWH - BWN NON -STOP LOCAL,SUB,Suburban,Daily,HWH,HOWRAH JN,BWN,BARDHAMAN,107,02:18,34
37911,HWH-KWAE LOCAL,SUB,Suburban,Daily,HWH,HOWRAH JN,KWAE,KATWA,144,03:08,44
37912,KWAE-HWH LOCAL,SUB,Suburban,Daily,KWAE,KATWA,HWH,HOWRAH JN,144,03:12,42
37913,HWH - KWAE LOCAL,SUB,Suburban,Daily,HWH,HOWRAH JN,KWAE,KATWA,144,03:15,44
37914,KWAE-HWH LOCAL,SUB,Suburban,Daily,KWAE,KATWA,HWH,HOWRAH JN,144,03:20,31
37915,HWH - KWAE LOCAL,SUB,Suburban,Daily,HWH,HOWRAH JN,KWAE,KATWA,144,03:15,44
37916,KWAE-HWH LOCAL,SUB,Suburban,Daily,KWAE,KATWA,HWH,HOWRAH JN,144,03:10,33
37917,HWH - KATWA LOCAL,SUB,Suburban,Daily,HWH,HOWRAH JN,KWAE,KATWA,144,03:15,44
37918,KWAE-HWH LOCAL,SUB,Suburban,Daily,KWAE,KATWA,HWH,HOWRAH JN,144,03:23,45
37919,HWH - KATWA LOCAL,SUB,Suburban,Daily,HWH,HOWRAH JN,KWAE,KATWA,144,03:05,33
37920,KWAE-HWH LOCAL,SUB,Suburban,Daily,KWAE,KATWA,HWH,HOWRAH JN,144,03:10,31
37921,HWH - KATWA LOCAL,SUB,Suburban,Daily,HWH,HOWRAH JN,KWAE,KATWA,144,03:20,42
37922,KWAE-HWH LOCAL,SUB,Suburban,Daily,KWAE,KATWA,HWH,HOWRAH JN,144,03:32,44
37923,HWH - KATWA LOCAL,SUB,Suburban,Daily,HWH,HOWRAH JN,KWAE,KATWA,144,03:10,34
37924,KWAE-HWH LOCAL,SUB,Suburban,Daily,KWAE,KATWA,HWH,HOWRAH JN,144,03:15,31
37925,HWH - KATWA LOCAL,SUB,Suburban,Daily,HWH,HOWRAH JN,KWAE,KATWA,144,03:05,30
37926,KWAE-HWH LOCAL,SUB,Suburban,Daily,KWAE,KATWA,HWH,HOWRAH JN,144,03:15,45
37927,HWH - KATWA LOCAL,SUB,Suburban,Daily,HWH,HOWRAH JN,KWAE,KATWA,144,03:29,42
37928,KWAE-HWH LOCAL,SUB,Suburban,Daily,KWAE,KATWA,HWH,HOWRAH JN,144,03:19,43
38032,SRC SHM LOCAL,SUB,Suburban,"Mon,Tue,Wed,Thu,Fri,Sat",SRC,SANTRAGACHI JN,SHM,SHALIMAR,5,00:20,3
38033,SHM SRC LOCAL,SUB,Suburban,"Mon,Tue,Wed,Thu,Fri,Sat",SHM,SHALIMAR,SRC,SANTRAGACHI JN,5,00:15,3
38034,SRC SHM LOCAL,SUB,Suburban,Daily,SRC,SANTRAGACHI JN,SHM,SHALIMAR,5,00:20,3
38051,HWH HLZ LOCAL,SUB,Suburban,Daily,HWH,HOWRAH JN,HLZ,HALDIA,143,03:45,38
38052,HLZ HWH LOCAL,SUB,Suburban,Daily,HLZ,HALDIA,HWH,HOWRAH JN,143,03:30,28
38053,HWH HLZ LOCAL,SUB,Suburban,Daily,HWH,HOWRAH JN,HLZ,HALDIA,138,03:15,21
38054,HLZ PKU LOCAL,SUB,Suburban,Daily,HLZ,HALDIA,PKU,PANSKURA,72,01:40,14
38055,PKU HLZ LOCAL,SUB,Suburban,Daily,PKU,PANSKURA,HLZ,HALDIA,72,01:45,14
38056,HLZ HWH LOCAL,SUB,Suburban,Daily,HLZ,HALDIA,HWH,HOWRAH JN,138,03:05,21
38057,HWH HLZ LOCAL,SUB,Suburban,Daily,HWH,HOWRAH JN,HLZ,HALDIA,143,04:05,38
38058,HLZ HWH LOCAL,SUB,Suburban,Daily,HLZ,HALDIA,HWH,HOWRAH JN,143,03:50,31
38103,HWH ULB LOCAL,SUB,Suburban,"Mon,Tue,Wed,Thu,Fri,Sat",HWH,HOWRAH JN,ULB,ULUBARIA,32,01:05,14
38104,ULB HWH LOCAL,SUB,Suburban,"Mon,Tue,Wed,Thu,Fri,Sat",ULB,ULUBARIA,HWH,HOWRAH JN,32,01:10,14
38105,HWH ULB LOCAL,SUB,Suburban,"Mon,Tue,Wed,Thu,Fri,Sat",HWH,HOWRAH JN,ULB,ULUBARIA,32,01:20,14
38106,ULB HWH LOCAL,SUB,Suburban,"Mon,Tue,Wed,Thu,Fri,Sat",ULB,ULUBARIA,HWH,HOWRAH JN,32,01:20,14
38202,BZN - HWH LOCAL,SUB,Suburban,Daily,BZN,BAGNAN,HWH,HOWRAH JN,45,01:20,17
38204,BZN HWH LOCAL,SUB,Suburban,Daily,BZN,BAGNAN,HWH,HOWRAH JN,45,01:35,17
38301,SRC - MCA LOCAL,SUB,Suburban,Daily,SRC,SANTRAGACHI JN,MCA,MECHEDA,51,01:20,17
38302,MCA-HWH LOCAL,SUB,Suburban,Daily,MCA,MECHEDA,HWH,HOWRAH JN,58,01:50,21
38303,HWH MCA LOCAL,SUB,Suburban,"Mon,Tue,Wed,Thu,Fri,Sat",HWH,HOWRAH JN,MCA,MECHEDA,58,01:50,21
38304,MCA HWH LOCAL,SUB,Suburban,Daily,MCA,MECHEDA,HWH,HOWRAH JN,58,01:35,21
38305,SHM MCA LOCAL,SUB,Suburban,Daily,SHM,SHALIMAR,MCA,MECHEDA,56,01:55,19
38306,MCA - HWH LOCAL,SUB,Suburban,"Mon,Tue,Wed,Thu,Fri,Sat",MCA,MECHEDA,HWH,HOWRAH JN,58,01:55,21
38308,MCA-HWH LOCAL,SUB,Suburban,"Mon,Tue,Wed,Thu,Fri,Sat",MCA,MECHEDA,HWH,HOWRAH JN,58,01:40,21
38309,SRC-MCA  LOCAL,SUB,Suburban,Daily,SRC,SANTRAGACHI JN,MCA,MECHEDA,51,01:27,17
38310,MCA SHM LOCAL,SUB,Suburban,Daily,MCA,MECHEDA,SRC,SANTRAGACHI JN,52,01:20,16
38311,HWH MCA LOCAL,SUB,Suburban,Daily,HWH,HOWRAH JN,MCA,MECHEDA,58,02:00,21
38312,MCA HWH LOCAL,SUB,Suburban,"Mon,Tue,Wed,Thu,Fri,Sat",MCA,MECHEDA,HWH,HOWRAH JN,58,01:45,21
38313,HWH MCA LOCAL,SUB,Suburban,"Mon,Tue,Wed,Thu,Fri,Sat",HWH,HOWRAH JN,MCA,MECHEDA,58,02:00,21
38314,MCA HWH LOCAL,SUB,Suburban,Daily,MCA,MECHEDA,HWH,HOWRAH JN,58,01:55,21
38315,HWH MCA LOCAL,SUB,Suburban,Daily,HWH,HOWRAH JN,MCA,MECHEDA,58,01:45,21
38316,MCA SRC LOCAL,SUB,Suburban,Daily,MCA,MECHEDA,SRC,SANTRAGACHI JN,52,01:30,16
38317,HWH MCA LOCAL,SUB,Suburban,Daily,HWH,HOWRAH JN,MCA,MECHEDA,58,02:05,21
38319,HWH MCA LOCAL,SUB,Suburban,"Mon,Tue,Wed,Thu,Fri,Sat",HWH,HOWRAH JN,MCA,MECHEDA,58,01:50,21
38321,HWH-MCA LOCAL,SUB,Suburban,Daily,HWH,HOWRAH JN,MCA,MECHEDA,58,01:50,21
38402,PKU HWH LOCAL,SUB,Suburban,Daily,PKU,PANSKURA,HWH,HOWRAH JN,71,01:50,25
38403,HWH PKU LOCAL,SUB,Suburban,"Mon,Tue,Wed,Thu,Fri,Sat",HWH,HOWRAH JN,PKU,PANSKURA,71,01:55,25
38404,PKU HWH LOCAL,SUB,Suburban,Daily,PKU,PANSKURA,HWH,HOWRAH JN,71,01:55,25
38405,HWH PKU LOCAL,SUB,Suburban,Daily,HWH,HOWRAH JN,PKU,PANSKURA,71,02:00,25
38406,PKU HWH LOCAL,SUB,Suburban,Daily,PKU,PANSKURA,HWH,HOWRAH JN,71,02:20,25
38408,PKU HWH LOCAL,SUB,Suburban,"Mon,Tue,Wed,Thu,Fri,Sat",PKU,PANSKURA,HWH,HOWRAH JN,71,02:10,25
38409,HWH PKU LOCAL,SUB,Suburban,"Mon,Tue,Wed,Thu,Fri,Sat",HWH,HOWRAH JN,PKU,PANSKURA,71,01:55,25
38410,PKU SRC LOCAL,SUB,Suburban,Daily,PKU,PANSKURA,SRC,SANTRAGACHI JN,65,01:30,20
38411,SRC PKU LOCAL,SUB,Suburban,Daily,SRC,SANTRAGACHI JN,PKU,PANSKURA,64,01:40,21
38412,PKU HWH LOCAL,SUB,Suburban,"Mon,Tue,Wed,Thu,Fri,Sat",PKU,PANSKURA,HWH,HOWRAH JN,71,01:55,25
38413,HWH-PKU LOCAL,SUB,Suburban,Daily,HWH,HOWRAH JN,PKU,PANSKURA,71,02:00,25
38414,PKU HWH LOCAL,SUB,Suburban,"Mon,Tue,Wed,Thu,Fri,Sat",PKU,PANSKURA,HWH,HOWRAH JN,71,01:50,25
38415,HWH PKU LOCAL,SUB,Suburban,Daily,HWH,HOWRAH JN,PKU,PANSKURA,71,02:10,25
38417,HWH PKU LOCAL,SUB,Suburban,"Mon,Tue,Wed,Thu,Fri,Sat",HWH,HOWRAH JN,PKU,PANSKURA,71,02:05,25
38418,PKU SRC LOCAL,SUB,Suburban,Daily,PKU,PANSKURA,SRC,SANTRAGACHI JN,65,01:40,14
38419,HWH-PKU LOCAL,SUB,Suburban,Daily,HWH,HOWRAH JN,PKU,PANSKURA,71,02:10,25
38420,PKU HWH LOCAL,SUB,Suburban,"Mon,Tue,Wed,Thu,Fri,Sat",PKU,PANSKURA,HWH,HOWRAH JN,71,02:10,25
38421,HWH PKU LOCAL,SUB,Suburban,"Mon,Tue,Wed,Thu,Fri,Sat",HWH,HOWRAH JN,PKU,PANSKURA,71,01:55,25
38422,PKU HWH LOCAL,SUB,Suburban,Daily,PKU,PANSKURA,HWH,HOWRAH JN,71,02:10,25
38423,HWH PKU LOCAL,SUB,Suburban,Daily,HWH,HOWRAH JN,PKU,PANSKURA,71,01:55,25
38425,HWH PKU LOCAL,SUB,Suburban,Daily,HWH,HOWRAH JN,PKU,PANSKURA,71,01:55,25
38426,PKU HWH LOCAL,SUB,Suburban,"Mon,Tue,Wed,Thu,Fri,Sat",PKU,PANSKURA,HWH,HOWRAH JN,71,02:00,25
38428,PKU HWH LOCAL,SUB,Suburban,Daily,PKU,PANSKURA,HWH,HOWRAH JN,71,02:00,25
38429,HWH PKU LOCAL,SUB,Suburban,Daily,HWH,HOWRAH JN,PKU,PANSKURA,71,02:00,25
38430,PKU HWH LOCAL,SUB,Suburban,Daily,PKU,PANSKURA,HWH,HOWRAH JN,71,01:55,25
38431,HWH PKU LOCAL,SUB,Suburban,Daily,HWH,HOWRAH JN,PKU,PANSKURA,71,02:00,25
38432,PKU HWH LOCAL,SUB,Suburban,Daily,PKU,PANSKURA,HWH,HOWRAH JN,71,02:00,25
38433,HWH PKU LOCAL,SUB,Suburban,Daily,HWH,HOWRAH JN,PKU,PANSKURA,71,02:10,25
38434,PKU - SRC  LOCAL,SUB,Suburban,"Mon,Tue,Wed,Thu,Fri,Sat",PKU,PANSKURA,SRC,SANTRAGACHI JN,65,01:40,20
38435,HWH PKU LOCAL,SUB,Suburban,"Mon,Tue,Wed,Thu,Fri,Sat",HWH,HOWRAH JN,PKU,PANSKURA,71,02:00,25
38436,PKU HWH LOCAL,SUB,Suburban,"Mon,Tue,Wed,Thu,Fri,Sat",PKU,PANSKURA,HWH,HOWRAH JN,71,02:05,25
38437,HWH PKU LOCAL,SUB,Suburban,Daily,HWH,HOWRAH JN,PKU,PANSKURA,71,02:00,25
38438,PKU HWH LOCAL,SUB,Suburban,Daily,PKU,PANSKURA,HWH,HOWRAH JN,71,01:50,25
38439,SRC PKU LOCAL,SUB,Suburban,Daily,SRC,SANTRAGACHI JN,PKU,PANSKURA,64,01:25,6
38440,PKU HWH LOCAL,SUB,Suburban,Daily,PKU,PANSKURA,HWH,HOWRAH JN,71,02:00,25
38441,HWH PKU LOCAL,SUB,Suburban,Daily,HWH,HOWRAH JN,PKU,PANSKURA,71,02:00,25
38442,PKU HWH LOCAL,SUB,Suburban,Daily,PKU,PANSKURA,HWH,HOWRAH JN,71,02:15,25
38443,HWH PKU LOCAL,SUB,Suburban,"Mon,Tue,Wed,Thu,Fri,Sat",HWH,HOWRAH JN,PKU,PANSKURA,71,02:00,25
38444,PKU HWH LOCAL,SUB,Suburban,Daily,PKU,PANSKURA,HWH,HOWRAH JN,71,02:10,25
38445,HWH PKU LOCAL,SUB,Suburban,"Mon,Tue,Wed,Thu,Fri,Sat",HWH,HOWRAH JN,PKU,PANSKURA,71,02:00,25
38448,PKU HWH LOCAL,SUB,Suburban,Daily,PKU,PANSKURA,HWH,HOWRAH JN,71,02:00,25
38449,HWH PKU LOCAL,SUB,Suburban,"Mon,Tue,Wed,Thu,Fri,Sat",HWH,HOWRAH JN,PKU,PANSKURA,71,02:05,25
38450,PKU HWH LOCAL,SUB,Suburban,"Mon,Tue,Wed,Thu,Fri,Sat",PKU,PANSKURA,HWH,HOWRAH JN,71,02:10,50
38451,HWH PKU LOCAL,SUB,Suburban,"Mon,Tue,Wed,Thu,Fri,Sat",HWH,HOWRAH JN,PKU,PANSKURA,71,02:00,25
38453,HWH PKU LOCAL,SUB,Suburban,Daily,HWH,HOWRAH JN,PKU,PANSKURA,71,02:10,25
38454,PKU HWH LOCAL,SUB,Suburban,Daily,PKU,PANSKURA,HWH,HOWRAH JN,71,02:05,50
38455,HWH-PKU LOCAL,SUB,Suburban,Daily,HWH,HOWRAH JN,PKU,PANSKURA,71,02:05,25
38456,PKU HWH LOCAL,SUB,Suburban,"Mon,Tue,Wed,Thu,Fri,Sat",PKU,PANSKURA,HWH,HOWRAH JN,71,02:00,25
38501,HWH BCK LOCAL,SUB,Suburban,Daily,HWH,HOWRAH JN,BCK,BALICHAK,91,02:45,30
38502,BCK HWH LOCAL,SUB,Suburban,Daily,BCK,BALICHAK,HWH,HOWRAH JN,91,02:20,30
38702,KGP HWH MEMU,SUB,Suburban,Daily,KGP,KHARAGPUR JN,HWH,HOWRAH JN,116,02:40,34
38703,HWH-KGP LOCAL,SUB,Suburban,"Mon,Tue,Wed,Thu,Fri,Sat",HWH,HOWRAH JN,KGP,KHARAGPUR JN,116,02:45,34
38704,KGP HWH LOCAL,SUB,Suburban,Daily,KGP,KHARAGPUR JN,HWH,HOWRAH JN,116,02:50,34
38705,HWH-KGP LOCAL,SUB,Suburban,Daily,HWH,HOWRAH JN,KGP,KHARAGPUR JN,116,02:40,34
38706,KGP HWH LOCAL,SUB,Suburban,Daily,KGP,KHARAGPUR JN,HWH,HOWRAH JN,116,03:00,34
38707,HWH KGP LOCAL,SUB,Suburban,Daily,HWH,HOWRAH JN,KGP,KHARAGPUR JN,116,02:55,34
38708,KGP HWH LOCAL,SUB,Suburban,"Mon,Tue,Wed,Thu,Fri,Sat",KGP,KHARAGPUR JN,HWH,HOWRAH JN,116,03:00,32
38711,HWH KGP LOCAL,SUB,Suburban,Daily,HWH,HOWRAH JN,KGP,KHARAGPUR JN,116,03:00,34
38713,HWH KGP LOCAL,SUB,Suburban,"Mon,Tue,Wed,Thu,Fri,Sat",HWH,HOWRAH JN,KGP,KHARAGPUR JN,116,02:55,68
38714,KGP-HWH LOCAL,SUB,Suburban,Daily,KGP,KHARAGPUR JN,HWH,HOWRAH JN,116,02:35,15
38716,KGP HWH LOCAL,SUB,Suburban,Daily,KGP,KHARAGPUR JN,HWH,HOWRAH JN,116,02:45,30
38717,HWH KGP LOCAL,SUB,Suburban,"Mon,Tue,Wed,Thu,Fri,Sat",HWH,HOWRAH JN,KGP,KHARAGPUR JN,116,02:45,34
38719,HWH KGP LOCAL,SUB,Suburban,Daily,HWH,HOWRAH JN,KGP,KHARAGPUR JN,116,03:15,34
38720,KGP HWH LOCAL,SUB,Suburban,Daily,KGP,KHARAGPUR JN,HWH,HOWRAH JN,116,03:05,33
38721,HWH KGP  LOCAL,SUB,Suburban,Daily,HWH,HOWRAH JN,KGP,KHARAGPUR JN,116,03:00,34
38722,KGP - HWH EMU,SUB,Suburban,"Mon,Tue,Wed,Thu,Fri,Sat",KGP,KHARAGPUR JN,HWH,HOWRAH JN,116,02:55,34
38724,KGP HWH LOCAL,SUB,Suburban,"Mon,Tue,Wed,Thu,Fri,Sat",KGP,KHARAGPUR JN,HWH,HOWRAH JN,116,03:05,34
38725,HWH KGP MEMU,SUB,Suburban,Daily,HWH,HOWRAH JN,KGP,KHARAGPUR JN,116,02:40,34
38727,HWH KGP LOCAL,SUB,Suburban,Daily,HWH,HOWRAH JN,KGP,KHARAGPUR JN,116,02:50,34
38728,KGP HWH LOCAL,SUB,Suburban,Daily,KGP,KHARAGPUR JN,HWH,HOWRAH JN,116,03:15,32
38730,KGP HWH LOCAL,SUB,Suburban,Daily,KGP,KHARAGPUR JN,HWH,HOWRAH JN,116,03:05,32
38801,HWH-MDN LOCAL,SUB,Suburban,Daily,HWH,HOWRAH JN,MDN,MIDNAPORE,129,03:15,31
38802,MDN HWH LOCAL,SUB,Suburban,Daily,MDN,MIDNAPORE,HWH,HOWRAH JN,129,03:20,37
38803,HWH MDN LOCAL,SUB,Suburban,Daily,HWH,HOWRAH JN,MDN,MIDNAPORE,129,03:15,37
38804,MDN HWH LOCAL,SUB,Suburban,Daily,MDN,MIDNAPORE,HWH,HOWRAH JN,129,03:40,37
38805,HWH MDN OCAL,SUB,Suburban,Daily,HWH,HOWRAH JN,MDN,MIDNAPORE,129,03:30,37
38806,MDN HWH LOCAL,SUB,Suburban,Daily,MDN,MIDNAPORE,HWH,HOWRAH JN,129,03:10,15
38807,HWH MDN LOCAL,SUB,Suburban,Daily,HWH,HOWRAH JN,MDN,MIDNAPORE,129,03:25,37
38808,MDN HWH LOCAL,SUB,Suburban,Daily,MDN,MIDNAPORE,HWH,HOWRAH JN,129,03:20,24
38809,HWH MDN LOCAL,SUB,Suburban,Daily,HWH,HOWRAH JN,MDN,MIDNAPORE,129,03:25,37
38810,MDN HWH LOCAL,SUB,Suburban,Daily,MDN,MIDNAPORE,HWH,HOWRAH JN,129,03:20,66
38811,HWH MDN LOCAL,SUB,Suburban,Daily,HWH,HOWRAH JN,MDN,MIDNAPORE,129,03:30,74
38812,MDN HWH LOCAL,SUB,Suburban,Daily,MDN,MIDNAPORE,HWH,HOWRAH JN,129,03:15,74
38813,HWH MDN LOCAL,SUB,Suburban,Daily,HWH,HOWRAH JN,MDN,MIDNAPORE,129,03:45,74
38814,MDN HWH LOCAL,SUB,Suburban,Daily,MDN,MIDNAPORE,HWH,HOWRAH JN,129,03:25,74
38815,HWH MDN LOCAL,SUB,Suburban,Daily,HWH,HOWRAH JN,MDN,MIDNAPORE,129,03:30,70
38816,MDN HWH LOCAL,SUB,Suburban,Daily,MDN,MIDNAPORE,HWH,HOWRAH JN,129,03:15,72
38817,HWH MDN LOCAL,SUB,Suburban,Daily,HWH,HOWRAH JN,MDN,MIDNAPORE,129,03:25,74
38818,MDN HWH LOCAL,SUB,Suburban,Daily,MDN,MIDNAPORE,HWH,HOWRAH JN,129,03:30,74
38819,HWH MDN LOCAL,SUB,Suburban,Daily,HWH,HOWRAH JN,MDN,MIDNAPORE,129,03:30,37
38820,MDN HWH LOCAL,SUB,Suburban,Daily,MDN,MIDNAPORE,HWH,HOWRAH JN,129,03:35,37
38821,HWH MDN LOCAL,SUB,Suburban,Daily,HWH,HOWRAH JN,MDN,MIDNAPORE,129,03:00,19
38822,MDN HWH LOCAL,SUB,Suburban,Daily,MDN,MIDNAPORE,HWH,HOWRAH JN,129,03:30,31
38823,HWH MDN LOCAL,SUB,Suburban,Daily,HWH,HOWRAH JN,MDN,MIDNAPORE,129,03:20,29
38824,MDN HWH LOCAL,SUB,Suburban,Daily,MDN,MIDNAPORE,HWH,HOWRAH JN,129,03:35,29
38825,HWH MDN LOCAL,SUB,Suburban,Daily,HWH,HOWRAH JN,MDN,MIDNAPORE,129,03:00,18
38826,MDN HWH LOCAL,SUB,Suburban,Daily,MDN,MIDNAPORE,HWH,HOWRAH JN,129,03:50,37
38827,HWH MDN LOCAL,SUB,Suburban,Daily,HWH,HOWRAH JN,MDN,MIDNAPORE,129,03:30,24
38828,MDN HWH LOCAL,SUB,Suburban,Daily,MDN,MIDNAPORE,HWH,HOWRAH JN,129,03:30,37
38829,HWH MDN LOCAL,SUB,Suburban,Daily,HWH,HOWRAH JN,MDN,MIDNAPORE,129,03:25,27
38830,MDN HWH LOCAL,SUB,Suburban,Daily,MDN,MIDNAPORE,HWH,HOWRAH JN,129,03:30,37
38831,HWH MDN LOCAL,SUB,Suburban,Daily,HWH,HOWRAH JN,MDN,MIDNAPORE,129,03:35,35
38832,MDN KGP LOCAL,SUB,Suburban,Daily,MDN,MIDNAPORE,KGP,KHARAGPUR JN,13,00:45,4
38903,HWH AMZ LOCAL,SUB,Suburban,Daily,HWH,HOWRAH JN,AMTA,AMTA,52,01:40,21
38904,AMZ HWH LOCAL,SUB,Suburban,Daily,AMTA,AMTA,HWH,HOWRAH JN,49,01:55,21
38905,HWH - AMTA LOCAL,SUB,Suburban,Daily,HWH,HOWRAH JN,AMTA,AMTA,52,01:55,21
38906,AMTA HWH LOCAL,SUB,Suburban,Daily,AMTA,AMTA,HWH,HOWRAH JN,49,01:50,21
38907,HWH AMZ LOCAL,SUB,Suburban,Daily,HWH,HOWRAH JN,AMTA,AMTA,52,01:55,21
38908,AMZ HWH LOCAL,SUB,Suburban,Daily,AMTA,AMTA,HWH,HOWRAH JN,49,02:00,21
38909,HWH AMZ LOCAL,SUB,Suburban,"Mon,Tue,Wed,Thu,Fri,Sat",HWH,HOWRAH JN,AMTA,AMTA,52,01:45,21
38910,AMTA HWH LOCAL,SUB,Suburban,Daily,AMTA,AMTA,HWH,HOWRAH JN,49,01:55,21
38911,SRC AMZ LOCAL,SUB,Suburban,"Mon,Tue,Wed,Thu,Fri,Sat",SRC,SANTRAGACHI JN,AMTA,AMTA,44,01:40,17
38912,AMTA HWH LOCAL,SUB,Suburban,Daily,AMTA,AMTA,HWH,HOWRAH JN,49,02:15,21
38913,HWH AMZ LOCAL,SUB,Suburban,Daily,HWH,HOWRAH JN,AMTA,AMTA,52,01:55,21
38914,AMZ -HWH LOCAL,SUB,Suburban,"Mon,Tue,Wed,Thu,Fri,Sat",AMTA,AMTA,HWH,HOWRAH JN,49,01:55,21
38915,HWH AMZ LOCAL,SUB,Suburban,Daily,HWH,HOWRAH JN,AMTA,AMTA,52,01:50,21
38916,AMZ HWH LOCAL,SUB,Suburban,"Mon,Tue,Wed,Thu,Fri,Sat",AMTA,AMTA,HWH,HOWRAH JN,49,01:55,21
38917,HWH AMTA LOCAL,SUB,Suburban,"Mon,Tue,Wed,Thu,Fri,Sat",HWH,HOWRAH JN,AMTA,AMTA,52,01:45,21
38918,AMZ HWH LOCAL,SUB,Suburban,Daily,AMTA,AMTA,HWH,HOWRAH JN,49,01:55,21
38919,HWH AMZ LOCAL,SUB,Suburban,Daily,HWH,HOWRAH JN,AMTA,AMTA,52,02:00,21
38920,AMZ HWH LOCAL,SUB,Suburban,Daily,AMTA,AMTA,HWH,HOWRAH JN,49,01:55,21
38921,HWH AMZ LOCAL,SUB,Suburban,Daily,HWH,HOWRAH JN,AMTA,AMTA,52,01:55,21
38922,AMZ HWH LOCAL,SUB,Suburban,"Mon,Tue,Wed,Thu,Fri,Sat",AMTA,AMTA,HWH,HOWRAH JN,49,01:40,21
38923,HWH-AMZ LOCAL,SUB,Suburban,Daily,HWH,HOWRAH JN,AMTA,AMTA,52,01:50,21
38924,AMZ HWH LOCAL,SUB,Suburban,Daily,AMTA,AMTA,HWH,HOWRAH JN,49,02:00,21
40001,MSB-TBM EMU LOCAL,SUB,Suburban,"Mon,Tue,Wed,Thu,Fri,Sat",MSB,CHENNAI BEACH,TBM,TAMBARAM,29,01:00,18
40002,TBM-MSB EMU LOCAL,SUB,Suburban,"Mon,Tue,Wed,Thu,Fri,Sat",TBM,TAMBARAM,MSB,CHENNAI BEACH,29,01:00,18
40003,MSB-TBM EMU LOCAL,SUB,Suburban,"Mon,Tue,Wed,Thu,Fri,Sat",MSB,CHENNAI BEACH,TBM,TAMBARAM,29,01:00,18
40004,TBM-MSB EMU LOCAL,SUB,Suburban,"Mon,Tue,Wed,Thu,Fri,Sat",TBM,TAMBARAM,MSB,CHENNAI BEACH,29,01:00,18
40005,MSB-TBM EMU LOCAL,SUB,Suburban,"Mon,Tue,Wed,Thu,Fri,Sat",MSB,CHENNAI BEACH,TBM,TAMBARAM,29,01:00,18
40006,TBM-MSB EMU LOCAL,SUB,Suburban,"Mon,Tue,Wed,Thu,Fri,Sat",TBM,TAMBARAM,MSB,CHENNAI BEACH,29,01:00,18
40007,MSB-TBM EMU LOCAL,SUB,Suburban,"Mon,Tue,Wed,Thu,Fri,Sat",MSB,CHENNAI BEACH,TBM,TAMBARAM,29,01:00,18
40008,TBM-MSB EMU LOCAL,SUB,Suburban,"Mon,Tue,Wed,Thu,Fri,Sat",TBM,TAMBARAM,MSB,CHENNAI BEACH,29,01:00,18
40009,MSB-TBM EMU LOCAL,SUB,Suburban,"Mon,Tue,Wed,Thu,Fri,Sat",MSB,CHENNAI BEACH,TBM,TAMBARAM,29,01:00,18
40010,TBM-MSB EMU LOCAL,SUB,Suburban,"Mon,Tue,Wed,Thu,Fri,Sat",TBM,TAMBARAM,MSB,CHENNAI BEACH,29,01:00,18
40011,MSB-TBM EMU LOCAL,SUB,Suburban,"Mon,Tue,Wed,Thu,Fri,Sat",MSB,CHENNAI BEACH,TBM,TAMBARAM,29,01:00,18
40012,TBM-MSB EMU LOCAL,SUB,Suburban,"Mon,Tue,Wed,Thu,Fri,Sat",TBM,TAMBARAM,MSB,CHENNAI BEACH,29,01:00,18
40013,MSB-TBM EMU LOCAL,SUB,Suburban,"Mon,Tue,Wed,Thu,Fri,Sat",MSB,CHENNAI BEACH,TBM,TAMBARAM,29,01:00,18
40014,TBM-MSB EMU LOCAL,SUB,Suburban,"Mon,Tue,Wed,Thu,Fri,Sat",TBM,TAMBARAM,MSB,CHENNAI BEACH,29,01:00,18
40015,MSB-TBM EMU LOCAL,SUB,Suburban,"Mon,Tue,Wed,Thu,Fri,Sat",MSB,CHENNAI BEACH,TBM,TAMBARAM,29,01:05,18
40016,TBM-MSB EMU LOCAL,SUB,Suburban,"Mon,Tue,Wed,Thu,Fri,Sat",TBM,TAMBARAM,MSB,CHENNAI BEACH,29,01:00,18
40017,MSB-TBM EMU LOCAL,SUB,Suburban,"Mon,Tue,Wed,Thu,Fri,Sat",MSB,CHENNAI BEACH,TBM,TAMBARAM,29,01:10,18
40018,TBM-MSB EMU LOCAL,SUB,Suburban,"Mon,Tue,Wed,Thu,Fri,Sat",TBM,TAMBARAM,MSB,CHENNAI BEACH,29,01:00,18
40019,MSB-TBM EMU LOCAL,SUB,Suburban,"Mon,Tue,Wed,Thu,Fri,Sat",MSB,CHENNAI BEACH,TBM,TAMBARAM,29,01:10,18
40020,TBM-MSB LS-GL EMU LOCAL,SUB,Suburban,"Mon,Tue,Wed,Thu,Fri,Sat",TBM,TAMBARAM,MSB,CHENNAI BEACH,29,01:15,18
40021,MSB-TBM EMU LOCAL,SUB,Suburban,"Mon,Tue,Wed,Thu,Fri,Sat",MSB,CHENNAI BEACH,TBM,TAMBARAM,29,01:05,18
40022,TBM-MSB EMU LOCAL,SUB,Suburban,"Mon,Tue,Wed,Thu,Fri,Sat",TBM,TAMBARAM,MSB,CHENNAI BEACH,29,01:15,18
40023,MSB-TBM EMU LOCAL,SUB,Suburban,"Mon,Tue,Wed,Thu,Fri,Sat",MSB,CHENNAI BEACH,TBM,TAMBARAM,29,01:04,18
40024,TBM-MSB LS-GL EMU LOCAL,SUB,Suburban,"Mon,Tue,Wed,Thu,Fri,Sat",TBM,TAMBARAM,MSB,CHENNAI BEACH,29,01:12,18
40025,MSB-TBM EMU LOCAL,SUB,Suburban,"Mon,Tue,Wed,Thu,Fri,Sat",MSB,CHENNAI BEACH,TBM,TAMBARAM,29,01:00,18
40026,TBM-MSB EMU LOCAL,SUB,Suburban,"Mon,Tue,Wed,Thu,Fri,Sat",TBM,TAMBARAM,MSB,CHENNAI BEACH,29,01:09,18
40027,MSB-TBM EMU LOCAL,SUB,Suburban,"Mon,Tue,Wed,Thu,Fri,Sat",MSB,CHENNAI BEACH,TBM,TAMBARAM,29,01:00,18
40028,TBM-MSB EMU LOCAL,SUB,Suburban,"Mon,Tue,Wed,Thu,Fri,Sat",TBM,TAMBARAM,MSB,CHENNAI BEACH,29,01:12,18
40029,MSB-TBM EMU LOCAL,SUB,Suburban,"Mon,Tue,Wed,Thu,Fri,Sat",MSB,CHENNAI BEACH,TBM,TAMBARAM,29,01:00,18
40030,TBM-MSB EMU LOCAL,SUB,Suburban,"Mon,Tue,Wed,Thu,Fri,Sat",TBM,TAMBARAM,MSB,CHENNAI BEACH,29,01:10,18
40031,MSB-TBM EMU LOCAL,SUB,Suburban,"Mon,Tue,Wed,Thu,Fri,Sat",MSB,CHENNAI BEACH,TBM,TAMBARAM,29,01:00,18
40032,TBM-MSB EMU LOCAL,SUB,Suburban,"Mon,Tue,Wed,Thu,Fri,Sat",TBM,TAMBARAM,MSB,CHENNAI BEACH,29,01:04,18
40033,MSB-TBM EMU LOCAL,SUB,Suburban,"Mon,Tue,Wed,Thu,Fri,Sat",MSB,CHENNAI BEACH,TBM,TAMBARAM,29,01:00,18
40034,TBM-MSB EMU LOCAL,SUB,Suburban,"Mon,Tue,Wed,Thu,Fri,Sat",TBM,TAMBARAM,MSB,CHENNAI BEACH,29,01:15,18
40035,MSB-TBM EMU LOCAL,SUB,Suburban,"Mon,Tue,Wed,Thu,Fri,Sat",MSB,CHENNAI BEACH,TBM,TAMBARAM,29,01:00,18
40036,TBM-MSB EMU LOCAL,SUB,Suburban,"Mon,Tue,Wed,Thu,Fri,Sat",TBM,TAMBARAM,MSB,CHENNAI BEACH,29,01:10,18
40037,MSB-TBM EMU LOCAL,SUB,Suburban,"Mon,Tue,Wed,Thu,Fri,Sat",MSB,CHENNAI BEACH,TBM,TAMBARAM,29,01:00,18
40038,TBM-MSB EMU LOCAL,SUB,Suburban,"Mon,Tue,Wed,Thu,Fri,Sat",TBM,TAMBARAM,MSB,CHENNAI BEACH,29,01:00,18
40039,MSB-TBM EMU LOCAL,SUB,Suburban,"Mon,Tue,Wed,Thu,Fri,Sat",MSB,CHENNAI BEACH,TBM,TAMBARAM,29,01:00,18
40040,TBM-MSB EMU LOCAL,SUB,Suburban,"Mon,Tue,Wed,Thu,Fri,Sat",TBM,TAMBARAM,MSB,CHENNAI BEACH,29,01:00,18
40041,MSB-TBM EMU LOCAL,SUB,Suburban,"Mon,Tue,Wed,Thu,Fri,Sat",MSB,CHENNAI BEACH,TBM,TAMBARAM,29,01:00,18
40042,TBM-MSB EMU LOCAL,SUB,Suburban,"Mon,Tue,Wed,Thu,Fri,Sat",TBM,TAMBARAM,MSB,CHENNAI BEACH,29,01:00,18
40043,MSB-TBM EMU LOCAL,SUB,Suburban,"Mon,Tue,Wed,Thu,Fri,Sat",MSB,CHENNAI BEACH,TBM,TAMBARAM,29,01:00,18
40044,TBM-MSB EMU LOCAL,SUB,Suburban,"Mon,Tue,Wed,Thu,Fri,Sat",TBM,TAMBARAM,MSB,CHENNAI BEACH,29,01:00,18
40045,MSB-TBM EMU LOCAL,SUB,Suburban,"Mon,Tue,Wed,Thu,Fri,Sat",MSB,CHENNAI BEACH,TBM,TAMBARAM,29,01:00,18
40046,TBM-MSB EMU LOCAL,SUB,Suburban,"Mon,Tue,Wed,Thu,Fri,Sat",TBM,TAMBARAM,MSB,CHENNAI BEACH,29,01:00,18
40047,MSB-TBM EMU LOCAL,SUB,Suburban,"Mon,Tue,Wed,Thu,Fri,Sat",MSB,CHENNAI BEACH,TBM,TAMBARAM,29,00:55,18
40048,TBM-MSB EMU LOCAL,SUB,Suburban,"Mon,Tue,Wed,Thu,Fri,Sat",TBM,TAMBARAM,MSB,CHENNAI BEACH,29,01:00,18
40049,MSB-TBM EMU LOCAL,SUB,Suburban,"Mon,Tue,Wed,Thu,Fri,Sat",MSB,CHENNAI BEACH,TBM,TAMBARAM,29,01:00,18
40050,TBM-MSB EMU LOCAL,SUB,Suburban,"Mon,Tue,Wed,Thu,Fri,Sat",TBM,TAMBARAM,MSB,CHENNAI BEACH,29,01:00,18
40051,MSB-TBM EMU LOCAL,SUB,Suburban,"Mon,Tue,Wed,Thu,Fri,Sat",MSB,CHENNAI BEACH,TBM,TAMBARAM,29,00:55,18
40052,TBM-MSB EMU LOCAL,SUB,Suburban,"Mon,Tue,Wed,Thu,Fri,Sat",TBM,TAMBARAM,MSB,CHENNAI BEACH,29,01:00,18
40053,MSB-TBM EMU LOCAL,SUB,Suburban,"Mon,Tue,Wed,Thu,Fri,Sat",MSB,CHENNAI BEACH,TBM,TAMBARAM,29,01:00,18
40054,TBM-MSB EMU LOCAL,SUB,Suburban,"Mon,Tue,Wed,Thu,Fri,Sat",TBM,TAMBARAM,MSB,CHENNAI BEACH,29,01:00,18
40055,MSB-TBM EMU LOCAL,SUB,Suburban,"Mon,Tue,Wed,Thu,Fri,Sat",MSB,CHENNAI BEACH,TBM,TAMBARAM,29,00:55,18
40056,TBM-MSB EMU LOCAL,SUB,Suburban,"Mon,Tue,Wed,Thu,Fri,Sat",TBM,TAMBARAM,MSB,CHENNAI BEACH,29,01:00,18
40057,MSB-TBM EMU LOCAL,SUB,Suburban,"Mon,Tue,Wed,Thu,Fri,Sat",MSB,CHENNAI BEACH,TBM,TAMBARAM,29,01:00,18
40058,TBM-MSB EMU LOCAL,SUB,Suburban,"Mon,Tue,Wed,Thu,Fri,Sat",TBM,TAMBARAM,MSB,CHENNAI BEACH,29,01:00,18
40059,MSB-TBM EMU LOCAL,SUB,Suburban,"Mon,Tue,Wed,Thu,Fri,Sat",MSB,CHENNAI BEACH,TBM,TAMBARAM,29,01:00,18
40060,TBM-MSB EMU LOCAL,SUB,Suburban,"Mon,Tue,Wed,Thu,Fri,Sat",TBM,TAMBARAM,MSB,CHENNAI BEACH,29,01:00,18
40061,MSB-TBM EMU LOCAL,SUB,Suburban,"Mon,Tue,Wed,Thu,Fri,Sat",MSB,CHENNAI BEACH,TBM,TAMBARAM,29,00:55,18
40062,TBM-MSB EMU LOCAL,SUB,Suburban,"Mon,Tue,Wed,Thu,Fri,Sat",TBM,TAMBARAM,MSB,CHENNAI BEACH,29,01:00,18
40063,MSB-TBM EMU LOCAL,SUB,Suburban,"Mon,Tue,Wed,Thu,Fri,Sat",MSB,CHENNAI BEACH,TBM,TAMBARAM,29,01:00,18
40064,TBM-MSB EMU LOCAL,SUB,Suburban,"Mon,Tue,Wed,Thu,Fri,Sat",TBM,TAMBARAM,MSB,CHENNAI BEACH,29,01:00,18
40065,MSB-TBM EMU LOCAL,SUB,Suburban,"Mon,Tue,Wed,Thu,Fri,Sat",MSB,CHENNAI BEACH,TBM,TAMBARAM,29,01:00,18
40066,TBM-MSB EMU LOCAL,SUB,Suburban,"Mon,Tue,Wed,Thu,Fri,Sat",TBM,TAMBARAM,MSB,CHENNAI BEACH,29,01:00,18
40067,MSB-TBM EMU LOCAL,SUB,Suburban,"Mon,Tue,Wed,Thu,Fri,Sat",MSB,CHENNAI BEACH,TBM,TAMBARAM,29,00:55,18
40068,TBM-MSB EMU LOCAL,SUB,Suburban,"Mon,Tue,Wed,Thu,Fri,Sat",TBM,TAMBARAM,MSB,CHENNAI BEACH,29,01:00,18
40069,MSB-TBM EMU LOCAL,SUB,Suburban,"Mon,Tue,Wed,Thu,Fri,Sat",MSB,CHENNAI BEACH,TBM,TAMBARAM,29,01:00,18
40070,TBM-MSB EMU LOCAL,SUB,Suburban,"Mon,Tue,Wed,Thu,Fri,Sat",TBM,TAMBARAM,MSB,CHENNAI BEACH,29,01:00,18
40071,MSB-TBM EMU LOCAL,SUB,Suburban,"Mon,Tue,Wed,Thu,Fri,Sat",MSB,CHENNAI BEACH,TBM,TAMBARAM,29,01:00,18
40072,TBM-MSB EMU LOCAL,SUB,Suburban,"Mon,Tue,Wed,Thu,Fri,Sat",TBM,TAMBARAM,MSB,CHENNAI BEACH,29,01:00,18
40073,MSB-TBM EMU LOCAL,SUB,Suburban,"Mon,Tue,Wed,Thu,Fri,Sat",MSB,CHENNAI BEACH,TBM,TAMBARAM,29,01:00,18
40074,TBM-MSB EMU LOCAL,SUB,Suburban,"Mon,Tue,Wed,Thu,Fri,Sat",TBM,TAMBARAM,MSB,CHENNAI BEACH,29,01:00,18
40075,MSB-TBM EMU LOCAL,SUB,Suburban,"Mon,Tue,Wed,Thu,Fri,Sat",MSB,CHENNAI BEACH,TBM,TAMBARAM,29,01:00,18
40076,TBM-MSB EMU LOCAL,SUB,Suburban,"Mon,Tue,Wed,Thu,Fri,Sat",TBM,TAMBARAM,MSB,CHENNAI BEACH,29,01:00,18
40077,MSB-TBM EMU LOCAL,SUB,Suburban,"Mon,Tue,Wed,Thu,Fri,Sat",MSB,CHENNAI BEACH,TBM,TAMBARAM,29,01:00,18
40078,TBM-MSB EMU LOCAL,SUB,Suburban,"Mon,Tue,Wed,Thu,Fri,Sat",TBM,TAMBARAM,MSB,CHENNAI BEACH,29,01:00,18
40079,MSB-TBM EMU LOCAL,SUB,Suburban,"Mon,Tue,Wed,Thu,Fri,Sat",MSB,CHENNAI BEACH,TBM,TAMBARAM,29,01:00,18
40080,TBM-MSB EMU LOCAL,SUB,Suburban,"Mon,Tue,Wed,Thu,Fri,Sat",TBM,TAMBARAM,MSB,CHENNAI BEACH,29,01:00,18
40081,MSB-TBM EMU LOCAL,SUB,Suburban,"Mon,Tue,Wed,Thu,Fri,Sat",MSB,CHENNAI BEACH,TBM,TAMBARAM,29,01:00,18
40082,TBM-MSB EMU LOCAL,SUB,Suburban,"Mon,Tue,Wed,Thu,Fri,Sat",TBM,TAMBARAM,MSB,CHENNAI BEACH,29,01:00,18
40083,MSB-TBM EMU LOCAL,SUB,Suburban,"Mon,Tue,Wed,Thu,Fri,Sat",MSB,CHENNAI BEACH,TBM,TAMBARAM,29,01:00,18
40084,TBM-MSB EMU LOCAL,SUB,Suburban,"Mon,Tue,Wed,Thu,Fri,Sat",TBM,TAMBARAM,MSB,CHENNAI BEACH,29,01:00,18
40085,MSB-TBM EMU LOCAL,SUB,Suburban,"Mon,Tue,Wed,Thu,Fri,Sat",MSB,CHENNAI BEACH,TBM,TAMBARAM,29,01:00,18
40086,TBM-MSB EMU LOCAL,SUB,Suburban,"Mon,Tue,Wed,Thu,Fri,Sat",TBM,TAMBARAM,MSB,CHENNAI BEACH,29,01:00,18
40087,MSB-TBM EMU LOCAL,SUB,Suburban,"Mon,Tue,Wed,Thu,Fri,Sat",MSB,CHENNAI BEACH,TBM,TAMBARAM,29,01:00,18
40088,TBM-MSB EMU LOCAL,SUB,Suburban,"Mon,Tue,Wed,Thu,Fri,Sat",TBM,TAMBARAM,MSB,CHENNAI BEACH,29,01:00,18
40089,MSB-TBM EMU LOCAL,SUB,Suburban,"Mon,Tue,Wed,Thu,Fri,Sat",MSB,CHENNAI BEACH,TBM,TAMBARAM,29,01:00,18
40090,TBM-MSB EMU LOCAL,SUB,Suburban,"Mon,Tue,Wed,Thu,Fri,Sat",TBM,TAMBARAM,MSB,CHENNAI BEACH,29,01:00,18
40091,MSB-TBM EMU LOCAL,SUB,Suburban,"Mon,Tue,Wed,Thu,Fri,Sat",MSB,CHENNAI BEACH,TBM,TAMBARAM,29,00:56,18
40092,TBM-MSB EMU LOCAL,SUB,Suburban,"Mon,Tue,Wed,Thu,Fri,Sat",TBM,TAMBARAM,MSB,CHENNAI BEACH,29,01:00,18
40094,TBM-MSB EMU LOCAL,SUB,Suburban,"Mon,Tue,Wed,Thu,Fri,Sat",TBM,TAMBARAM,MSB,CHENNAI BEACH,29,01:00,18
40096,TBM-MSB EMU LOCAL,SUB,Suburban,"Mon,Tue,Wed,Thu,Fri,Sat",TBM,TAMBARAM,MSB,CHENNAI BEACH,29,00:55,18
40201,MSB-GI EMU LOCAL,SUB,Suburban,"Mon,Tue,Wed,Thu,Fri,Sat",MSB,CHENNAI BEACH,GI,GUDUVANCHERI,40,01:25,22
40202,GI-MSB EMU LOCAL,SUB,Suburban,"Mon,Tue,Wed,Thu,Fri,Sat",GI,GUDUVANCHERI,MSB,CHENNAI BEACH,40,01:25,22
40203,MSB-GI EMU LOCAL,SUB,Suburban,"Mon,Tue,Wed,Thu,Fri,Sat",MSB,CHENNAI BEACH,GI,GUDUVANCHERI,40,01:30,22
40204,GI-MSB EMU LOCAL,SUB,Suburban,"Mon,Tue,Wed,Thu,Fri,Sat",GI,GUDUVANCHERI,MSB,CHENNAI BEACH,40,01:40,22
40205,MSB-GI EMU LOCAL,SUB,Suburban,"Mon,Tue,Wed,Thu,Fri,Sat",MSB,CHENNAI BEACH,GI,GUDUVANCHERI,40,01:20,22
40206,GI-MSB EMU LOCAL,SUB,Suburban,"Mon,Tue,Wed,Thu,Fri,Sat",GI,GUDUVANCHERI,MSB,CHENNAI BEACH,40,01:45,22
40207,MSB-GI EMU LOCAL,SUB,Suburban,"Mon,Tue,Wed,Thu,Fri,Sat",MSB,CHENNAI BEACH,GI,GUDUVANCHERI,40,01:25,22
40208,GI-MSB EMU LOCAL,SUB,Suburban,"Mon,Tue,Wed,Thu,Fri,Sat",GI,GUDUVANCHERI,MSB,CHENNAI BEACH,40,01:20,22
40209,MSB-GI EMU LOCAL,SUB,Suburban,"Mon,Tue,Wed,Thu,Fri,Sat",MSB,CHENNAI BEACH,GI,GUDUVANCHERI,40,01:25,22
40251,MSB-GI EMU LOCAL,SUB,Suburban,Sun,MSB,CHENNAI BEACH,GI,GUDUVANCHERI,40,01:25,22
40252,GI-TBM EMU LOCAL ,SUB,Suburban,Sun,GI,GUDUVANCHERI,TBM,TAMBARAM,11,00:25,5
40253,MSB-GI EMU LOCAL,SUB,Suburban,Sun,MSB,CHENNAI BEACH,GI,GUDUVANCHERI,40,01:25,22
40254,GI-TBM EMU LOCAL,SUB,Suburban,Sun,GI,GUDUVANCHERI,TBM,TAMBARAM,11,00:25,5
40255,MSB-GI EMU LOCAL,SUB,Suburban,Sun,MSB,CHENNAI BEACH,GI,GUDUVANCHERI,40,01:30,22
40256,GI-TBM EMU LOCAL,SUB,Suburban,Sun,GI,GUDUVANCHERI,TBM,TAMBARAM,11,00:25,5
40257,MSB-GI EMU LOCAL,SUB,Suburban,Sun,MSB,CHENNAI BEACH,GI,GUDUVANCHERI,40,01:25,22
40258,GI-TBM EMU LOCAL,SUB,Suburban,Sun,GI,GUDUVANCHERI,TBM,TAMBARAM,11,00:25,5
40259,MSB-GI EMU LOCAL,SUB,Suburban,Sun,MSB,CHENNAI BEACH,GI,GUDUVANCHERI,40,01:25,22
40260,GI-TBM EMU LOCAL,SUB,Suburban,Sun,GI,GUDUVANCHERI,TBM,TAMBARAM,11,00:25,5
40301,MSB-TBM EMU LOCAL,SUB,Suburban,Sun,MSB,CHENNAI BEACH,TBM,TAMBARAM,29,01:00,18
40302,TBM-MSB EMU LOCAL,SUB,Suburban,Sun,TBM,TAMBARAM,MSB,CHENNAI BEACH,29,01:00,18
40303,MSB-TBM EMU LOCAL,SUB,Suburban,Sun,MSB,CHENNAI BEACH,TBM,TAMBARAM,29,01:00,18
40304,TBM-MSB EMU LOCAL,SUB,Suburban,Sun,TBM,TAMBARAM,MSB,CHENNAI BEACH,29,01:00,18
40305,MSB-TBM EMU LOCAL,SUB,Suburban,Sun,MSB,CHENNAI BEACH,TBM,TAMBARAM,29,01:00,18
40306,TBM-MSB EMU LOCAL,SUB,Suburban,Sun,TBM,TAMBARAM,MSB,CHENNAI BEACH,29,01:00,18
40307,MSB-TBM EMU LOCAL,SUB,Suburban,Sun,MSB,CHENNAI BEACH,TBM,TAMBARAM,29,01:00,18
40308,TBM-MSB EMU LOCAL,SUB,Suburban,Sun,TBM,TAMBARAM,MSB,CHENNAI BEACH,29,01:00,18
40309,MSB-TBM EMU LOCAL,SUB,Suburban,Sun,MSB,CHENNAI BEACH,TBM,TAMBARAM,29,01:00,18
40310,TBM-MSB EMU LOCAL,SUB,Suburban,Sun,TBM,TAMBARAM,MSB,CHENNAI BEACH,29,01:00,18
40311,MSB-TBM EMU LOCAL,SUB,Suburban,Sun,MSB,CHENNAI BEACH,TBM,TAMBARAM,29,01:00,18
40312,TBM-MSB EMU LOCAL,SUB,Suburban,Sun,TBM,TAMBARAM,MSB,CHENNAI BEACH,29,01:00,18
40313,MSB-TBM EMU LOCAL,SUB,Suburban,Sun,MSB,CHENNAI BEACH,TBM,TAMBARAM,29,01:00,18
40314,TBM-MSB EMU LOCAL,SUB,Suburban,Sun,TBM,TAMBARAM,MSB,CHENNAI BEACH,29,01:00,18
40315,MSB-TBM EMU LOCAL,SUB,Suburban,Sun,MSB,CHENNAI BEACH,TBM,TAMBARAM,29,01:00,18
40316,TBM-MSB EMU LOCAL,SUB,Suburban,Sun,TBM,TAMBARAM,MSB,CHENNAI BEACH,29,01:00,18
40317,MSB-TBM EMU LOCAL,SUB,Suburban,Sun,MSB,CHENNAI BEACH,TBM,TAMBARAM,29,01:00,18
40318,TBM-MSB EMU LOCAL,SUB,Suburban,Sun,TBM,TAMBARAM,MSB,CHENNAI BEACH,29,01:00,18
40319,MSB-TBM EMU LOCAL,SUB,Suburban,Sun,MSB,CHENNAI BEACH,TBM,TAMBARAM,29,01:00,18
40320,TBM-MSB EMU LOCAL,SUB,Suburban,Sun,TBM,TAMBARAM,MSB,CHENNAI BEACH,29,01:00,18
40321,MSB-TBM EMU LOCAL,SUB,Suburban,Sun,MSB,CHENNAI BEACH,TBM,TAMBARAM,29,01:00,18
40322,TBM-MSB EMU LOCAL,SUB,Suburban,Sun,TBM,TAMBARAM,MSB,CHENNAI BEACH,29,01:00,18
40323,MSB-TBM EMU LOCAL,SUB,Suburban,Sun,MSB,CHENNAI BEACH,TBM,TAMBARAM,29,01:00,18
40324,TBM-MSB EMU LOCAL,SUB,Suburban,Sun,TBM,TAMBARAM,MSB,CHENNAI BEACH,29,01:00,18
40325,MSB-TBM EMU LOCAL,SUB,Suburban,Sun,MSB,CHENNAI BEACH,TBM,TAMBARAM,29,01:00,18
40326,TBM-MSB EMU LOCAL,SUB,Suburban,Sun,TBM,TAMBARAM,MSB,CHENNAI BEACH,29,01:00,18
40327,MSB-TBM EMU LOCAL,SUB,Suburban,Sun,MSB,CHENNAI BEACH,TBM,TAMBARAM,29,01:00,18
40328,TBM-MSB EMU LOCAL,SUB,Suburban,Sun,TBM,TAMBARAM,MSB,CHENNAI BEACH,29,01:00,18
40329,MSB-TBM EMU LOCAL,SUB,Suburban,Sun,MSB,CHENNAI BEACH,TBM,TAMBARAM,29,01:00,18
40330,TBM-MSB EMU LOCAL,SUB,Suburban,Sun,TBM,TAMBARAM,MSB,CHENNAI BEACH,29,01:00,18
40331,MSB-TBM EMU LOCAL,SUB,Suburban,Sun,MSB,CHENNAI BEACH,TBM,TAMBARAM,29,01:00,18
40332,TBM-MSB EMU LOCAL,SUB,Suburban,Sun,TBM,TAMBARAM,MSB,CHENNAI BEACH,29,01:00,18
40333,MSB-TBM EMU LOCAL,SUB,Suburban,Sun,MSB,CHENNAI BEACH,TBM,TAMBARAM,29,01:00,18
40334,TBM-MSB EMU LOCAL,SUB,Suburban,Sun,TBM,TAMBARAM,MSB,CHENNAI BEACH,29,01:00,18
40335,MSB-TBM EMU LOCAL,SUB,Suburban,Sun,MSB,CHENNAI BEACH,TBM,TAMBARAM,29,01:00,18
40336,TBM-MSB EMU LOCAL,SUB,Suburban,Sun,TBM,TAMBARAM,MSB,CHENNAI BEACH,29,01:00,18
40337,MSB-TBM EMU LOCAL,SUB,Suburban,Sun,MSB,CHENNAI BEACH,TBM,TAMBARAM,29,01:00,18
40338,TBM-MSB EMU LOCAL,SUB,Suburban,Sun,TBM,TAMBARAM,MSB,CHENNAI BEACH,29,01:00,18
40339,MSB-TBM EMU LOCAL,SUB,Suburban,Sun,MSB,CHENNAI BEACH,TBM,TAMBARAM,29,01:00,18
40340,TBM-MSB EMU LOCAL,SUB,Suburban,Sun,TBM,TAMBARAM,MSB,CHENNAI BEACH,29,01:00,18
40341,MSB-TBM EMU LOCAL,SUB,Suburban,Sun,MSB,CHENNAI BEACH,TBM,TAMBARAM,29,01:00,18
40342,TBM-MSB EMU LOCAL,SUB,Suburban,Sun,TBM,TAMBARAM,MSB,CHENNAI BEACH,29,01:00,18
40343,MSB-TBM EMU LOCAL,SUB,Suburban,Sun,MSB,CHENNAI BEACH,TBM,TAMBARAM,29,01:00,18
40344,TBM-MSB EMU LOCAL,SUB,Suburban,Sun,TBM,TAMBARAM,MSB,CHENNAI BEACH,29,01:00,18
40345,MSB-TBM EMU LOCAL,SUB,Suburban,Sun,MSB,CHENNAI BEACH,TBM,TAMBARAM,29,01:00,18
40346,TBM-MSB EMU LOCAL,SUB,Suburban,Sun,TBM,TAMBARAM,MSB,CHENNAI BEACH,29,01:00,18
40347,MSB-TBM EMU LOCAL,SUB,Suburban,Sun,MSB,CHENNAI BEACH,TBM,TAMBARAM,29,01:00,18
40348,TBM-MSB EMU LOCAL,SUB,Suburban,Sun,TBM,TAMBARAM,MSB,CHENNAI BEACH,29,01:00,18
40349,MSB-TBM EMU LOCAL,SUB,Suburban,Sun,MSB,CHENNAI BEACH,TBM,TAMBARAM,29,01:00,18
40350,TBM-MSB EMU LOCAL,SUB,Suburban,Sun,TBM,TAMBARAM,MSB,CHENNAI BEACH,29,01:00,18
40351,MSB-TBM EMU LOCAL,SUB,Suburban,Sun,MSB,CHENNAI BEACH,TBM,TAMBARAM,29,01:00,18
40352,TBM-MSB EMU LOCAL,SUB,Suburban,Sun,TBM,TAMBARAM,MSB,CHENNAI BEACH,29,01:00,18
40353,MSB-TBM EMU LOCAL,SUB,Suburban,Sun,MSB,CHENNAI BEACH,TBM,TAMBARAM,29,01:00,18
40354,TBM-MSB EMU LOCAL,SUB,Suburban,Sun,TBM,TAMBARAM,MSB,CHENNAI BEACH,29,01:00,18
40355,MSB-TBM EMU LOCAL,SUB,Suburban,Sun,MSB,CHENNAI BEACH,TBM,TAMBARAM,29,01:00,18
40356,TBM-MSB EMU LOCAL,SUB,Suburban,Sun,TBM,TAMBARAM,MSB,CHENNAI BEACH,29,01:00,18
40357,MSB-TBM EMU LOCAL,SUB,Suburban,Sun,MSB,CHENNAI BEACH,TBM,TAMBARAM,29,01:00,18
40358,TBM-MSB EMU LOCAL,SUB,Suburban,Sun,TBM,TAMBARAM,MSB,CHENNAI BEACH,29,01:00,18
40359,MSB-TBM EMU LOCAL,SUB,Suburban,Sun,MSB,CHENNAI BEACH,TBM,TAMBARAM,29,01:00,18
40360,TBM-MSB EMU LOCAL,SUB,Suburban,Sun,TBM,TAMBARAM,MSB,CHENNAI BEACH,29,01:00,18
40361,MSB-TBM EMU LOCAL,SUB,Suburban,Sun,MSB,CHENNAI BEACH,TBM,TAMBARAM,29,01:00,18
40362,TBM-MSB EMU LOCAL,SUB,Suburban,Sun,TBM,TAMBARAM,MSB,CHENNAI BEACH,29,01:00,18
40363,MSB-TBM EMU LOCAL,SUB,Suburban,Sun,MSB,CHENNAI BEACH,TBM,TAMBARAM,29,01:00,18
40364,TBM-MSB EMU LOCAL,SUB,Suburban,Sun,TBM,TAMBARAM,MSB,CHENNAI BEACH,29,01:00,18
40365,MSB-TBM EMU LOCAL,SUB,Suburban,Sun,MSB,CHENNAI BEACH,TBM,TAMBARAM,29,01:00,18
40366,TBM-MSB EMU LOCAL,SUB,Suburban,Sun,TBM,TAMBARAM,MSB,CHENNAI BEACH,29,01:00,18
40367,MSB-TBM EMU LOCAL,SUB,Suburban,Sun,MSB,CHENNAI BEACH,TBM,TAMBARAM,29,01:00,18
40368,TBM-MSB EMU LOCAL,SUB,Suburban,Sun,TBM,TAMBARAM,MSB,CHENNAI BEACH,29,01:00,18
40369,MSB-TBM EMU LOCAL,SUB,Suburban,Sun,MSB,CHENNAI BEACH,TBM,TAMBARAM,29,01:00,18
40370,TBM-MSB EMU LOCAL,SUB,Suburban,Sun,TBM,TAMBARAM,MSB,CHENNAI BEACH,29,01:00,18
40371,MSB-TBM EMU LOCAL,SUB,Suburban,Sun,MSB,CHENNAI BEACH,TBM,TAMBARAM,29,01:00,18
40372,TBM-MSB EMU LOCAL,SUB,Suburban,Sun,TBM,TAMBARAM,MSB,CHENNAI BEACH,29,01:00,18
40373,MSB-TBM EMU LOCAL,SUB,Suburban,Sun,MSB,CHENNAI BEACH,TBM,TAMBARAM,29,01:00,18
40374,TBM-MSB EMU LOCAL,SUB,Suburban,Sun,TBM,TAMBARAM,MSB,CHENNAI BEACH,29,01:00,18
40375,MSB-TBM EMU LOCAL,SUB,Suburban,Sun,MSB,CHENNAI BEACH,TBM,TAMBARAM,29,01:00,18
40376,TBM-MSB EMU LOCAL,SUB,Suburban,Sun,TBM,TAMBARAM,MSB,CHENNAI BEACH,29,01:00,18
40377,MSB-TBM EMU LOCAL,SUB,Suburban,Sun,MSB,CHENNAI BEACH,TBM,TAMBARAM,29,01:00,18
40378,TBM-MSB EMU LOCAL,SUB,Suburban,Sun,TBM,TAMBARAM,MSB,CHENNAI BEACH,29,01:00,18
40379,MSB-TBM EMU LOCAL,SUB,Suburban,Sun,MSB,CHENNAI BEACH,TBM,TAMBARAM,29,01:00,18
40380,TBM-MSB EMU LOCAL,SUB,Suburban,Sun,TBM,TAMBARAM,MSB,CHENNAI BEACH,29,01:00,18
40381,MSB-TBM EMU LOCAL,SUB,Suburban,Sun,MSB,CHENNAI BEACH,TBM,TAMBARAM,29,01:00,18
40382,TBM-MSB EMU LOCAL,SUB,Suburban,Sun,TBM,TAMBARAM,MSB,CHENNAI BEACH,29,01:00,18
40383,MSB-TBM EMU LOCAL,SUB,Suburban,Sun,MSB,CHENNAI BEACH,TBM,TAMBARAM,29,01:00,18
40384,TBM-MSB EMU LOCAL,SUB,Suburban,Sun,TBM,TAMBARAM,MSB,CHENNAI BEACH,29,01:00,18
40385,MSB-TBM EMU LOCAL,SUB,Suburban,Sun,MSB,CHENNAI BEACH,TBM,TAMBARAM,29,00:56,18
40386,TBM-MSB EMU LOCAL,SUB,Suburban,Sun,TBM,TAMBARAM,MSB,CHENNAI BEACH,29,01:00,18
40388,TBM-MSB EMU LOCAL,SUB,Suburban,Sun,TBM,TAMBARAM,MSB,CHENNAI BEACH,29,01:00,18
40390,TBM-MSB EMU LOCAL,SUB,Suburban,Sun,TBM,TAMBARAM,MSB,CHENNAI BEACH,29,01:00,18
40392,TBM-MSB EMU LOCAL,SUB,Suburban,Sun,TBM,TAMBARAM,MSB,CHENNAI BEACH,29,01:00,18
40393,MSB-TBM EMU LOCAL,SUB,Suburban,Sun,MSB,CHENNAI BEACH,TBM,TAMBARAM,29,00:55,18
40394,TBM-MSB EMU LOCAL,SUB,Suburban,Sun,TBM,TAMBARAM,MSB,CHENNAI BEACH,29,01:00,18
40396,TBM-MSB EMU LOCAL,SUB,Suburban,Sun,TBM,TAMBARAM,MSB,CHENNAI BEACH,29,01:00,18
40397,MSB-TBM EMU LOCAL,SUB,Suburban,Sun,MSB,CHENNAI BEACH,TBM,TAMBARAM,29,00:55,18
40399,MSB-TBM EMU LOCAL,SUB,Suburban,Sun,MSB,CHENNAI BEACH,TBM,TAMBARAM,29,00:55,18
40501,MSB-CGL SUB LOCAL,SUB,Suburban,"Mon,Tue,Wed,Thu,Fri,Sat",MSB,CHENNAI BEACH,CGL,CHENGALPATTU JN.,60,01:50,28
40502,CGL-MSB EMU LOCAL,SUB,Suburban,"Mon,Tue,Wed,Thu,Fri,Sat",CGL,CHENGALPATTU JN.,MSB,CHENNAI BEACH,60,02:00,28
40503,MSB-CGL SUB LOCAL,SUB,Suburban,"Mon,Tue,Wed,Thu,Fri,Sat",MSB,CHENNAI BEACH,CGL,CHENGALPATTU JN.,60,02:00,28
40504,CGL-MSB EMU LOCAL,SUB,Suburban,"Mon,Tue,Wed,Thu,Fri,Sat",CGL,CHENGALPATTU JN.,MSB,CHENNAI BEACH,60,02:00,28
40505,MSB-CGL SUB LOCAL,SUB,Suburban,"Mon,Tue,Wed,Thu,Fri,Sat",MSB,CHENNAI BEACH,CGL,CHENGALPATTU JN.,60,02:00,28
40506,CGL-MSB EMU LOCAL,SUB,Suburban,"Mon,Tue,Wed,Thu,Fri,Sat",CGL,CHENGALPATTU JN.,MSB,CHENNAI BEACH,60,02:00,28
40507,MSB-CGL SUB LOCAL,SUB,Suburban,"Mon,Tue,Wed,Thu,Fri,Sat",MSB,CHENNAI BEACH,CGL,CHENGALPATTU JN.,60,01:55,28
40508,CGL-MSB EMU LOCAL,SUB,Suburban,"Mon,Tue,Wed,Thu,Fri,Sat",CGL,CHENGALPATTU JN.,MSB,CHENNAI BEACH,60,02:00,28
40509,MSB-CGL SUB LOCAL,SUB,Suburban,"Mon,Tue,Wed,Thu,Fri,Sat",MSB,CHENNAI BEACH,CGL,CHENGALPATTU JN.,60,01:55,28
40510,CGL-MSB EMU LOCAL,SUB,Suburban,"Mon,Tue,Wed,Thu,Fri,Sat",CGL,CHENGALPATTU JN.,MSB,CHENNAI BEACH,60,02:00,28
40511,MSB-CGL SUB LOCAL,SUB,Suburban,"Mon,Tue,Wed,Thu,Fri,Sat",MSB,CHENNAI BEACH,CGL,CHENGALPATTU JN.,60,01:50,28
40512,CGL-MSB EMU LOCAL,SUB,Suburban,"Mon,Tue,Wed,Thu,Fri,Sat",CGL,CHENGALPATTU JN.,MSB,CHENNAI BEACH,60,02:00,28
40513,MSB-CGL SUB LOCAL,SUB,Suburban,"Mon,Tue,Wed,Thu,Fri,Sat",MSB,CHENNAI BEACH,CGL,CHENGALPATTU JN.,60,01:55,28
40514,CGL-MSB EMU LOCAL,SUB,Suburban,"Mon,Tue,Wed,Thu,Fri,Sat",CGL,CHENGALPATTU JN.,MSB,CHENNAI BEACH,60,02:00,28
40515,MSB-CGL SUB LOCAL,SUB,Suburban,"Mon,Tue,Wed,Thu,Fri,Sat",MSB,CHENNAI BEACH,CGL,CHENGALPATTU JN.,60,01:50,28
40516,CGL-MSB EMU LOCAL,SUB,Suburban,"Mon,Tue,Wed,Thu,Fri,Sat",CGL,CHENGALPATTU JN.,MSB,CHENNAI BEACH,60,02:10,28
40517,MSB-CGL SUB LOCAL,SUB,Suburban,"Mon,Tue,Wed,Thu,Fri,Sat",MSB,CHENNAI BEACH,CGL,CHENGALPATTU JN.,60,01:50,28
40518,CGL-MSB SEMI FAST LOCAL,SUB,Suburban,"Mon,Tue,Wed,Thu,Fri,Sat",CGL,CHENGALPATTU JN.,MSB,CHENNAI BEACH,60,01:40,18
40519,MSB-CGL SUB LOCAL,SUB,Suburban,"Mon,Tue,Wed,Thu,Fri,Sat",MSB,CHENNAI BEACH,CGL,CHENGALPATTU JN.,60,01:55,28
40520,CGL-MSB SEMI FAST LOCAL,SUB,Suburban,"Mon,Tue,Wed,Thu,Fri,Sat",CGL,CHENGALPATTU JN.,MSB,CHENNAI BEACH,60,02:00,18
40521,MSB-CGL SUB LOCAL,SUB,Suburban,"Mon,Tue,Wed,Thu,Fri,Sat",MSB,CHENNAI BEACH,CGL,CHENGALPATTU JN.,60,01:50,28
40522,CGL-MSB EMU LOCAL,SUB,Suburban,"Mon,Tue,Wed,Thu,Fri,Sat",CGL,CHENGALPATTU JN.,MSB,CHENNAI BEACH,60,01:57,28
40523,MSB-CGL SUB LOCAL,SUB,Suburban,"Mon,Tue,Wed,Thu,Fri,Sat",MSB,CHENNAI BEACH,CGL,CHENGALPATTU JN.,60,01:50,28
40524,CGL-MSB EMU LOCAL,SUB,Suburban,"Mon,Tue,Wed,Thu,Fri,Sat",CGL,CHENGALPATTU JN.,MSB,CHENNAI BEACH,60,02:08,28
40525,MSB-CGL SUB LOCAL,SUB,Suburban,"Mon,Tue,Wed,Thu,Fri,Sat",MSB,CHENNAI BEACH,CGL,CHENGALPATTU JN.,60,01:53,28
40526,CGL-MSB SEMI FAST LOCAL,SUB,Suburban,"Mon,Tue,Wed,Thu,Fri,Sat",CGL,CHENGALPATTU JN.,MSB,CHENNAI BEACH,60,01:51,18
40527,MSB-CGL SUB LOCAL,SUB,Suburban,"Mon,Tue,Wed,Thu,Fri,Sat",MSB,CHENNAI BEACH,CGL,CHENGALPATTU JN.,60,01:52,28
40528,CGL-MSB EMU LOCAL,SUB,Suburban,"Mon,Tue,Wed,Thu,Fri,Sat",CGL,CHENGALPATTU JN.,MSB,CHENNAI BEACH,60,02:05,28
40529,MSB-CGL SUB LOCAL,SUB,Suburban,"Mon,Tue,Wed,Thu,Fri,Sat",MSB,CHENNAI BEACH,CGL,CHENGALPATTU JN.,60,01:52,28
40530,CGL-MSB EMU LOCAL,SUB,Suburban,"Mon,Tue,Wed,Thu,Fri,Sat",CGL,CHENGALPATTU JN.,MSB,CHENNAI BEACH,60,02:00,28
40531,MSB-CGL SUB LOCAL,SUB,Suburban,"Mon,Tue,Wed,Thu,Fri,Sat",MSB,CHENNAI BEACH,CGL,CHENGALPATTU JN.,60,01:52,28
40532,CGL-MSB EMU LOCAL,SUB,Suburban,"Mon,Tue,Wed,Thu,Fri,Sat",CGL,CHENGALPATTU JN.,MSB,CHENNAI BEACH,60,02:00,28
40533,MSB-CGL SUB LOCAL,SUB,Suburban,"Mon,Tue,Wed,Thu,Fri,Sat",MSB,CHENNAI BEACH,CGL,CHENGALPATTU JN.,60,01:58,28
40534,CGL-MSB EMU LOCAL,SUB,Suburban,"Mon,Tue,Wed,Thu,Fri,Sat",CGL,CHENGALPATTU JN.,MSB,CHENNAI BEACH,60,02:00,28
40535,MSB-CGL SUB LOCAL,SUB,Suburban,"Mon,Tue,Wed,Thu,Fri,Sat",MSB,CHENNAI BEACH,CGL,CHENGALPATTU JN.,60,02:00,28
40536,CGL-MSB EMU LOCAL,SUB,Suburban,"Mon,Tue,Wed,Thu,Fri,Sat",CGL,CHENGALPATTU JN.,MSB,CHENNAI BEACH,60,02:00,28
40537,MSB-CGL SUB LOCAL,SUB,Suburban,"Mon,Tue,Wed,Thu,Fri,Sat",MSB,CHENNAI BEACH,CGL,CHENGALPATTU JN.,60,02:00,28
40538,CGL-MSB EMU LOCAL,SUB,Suburban,"Mon,Tue,Wed,Thu,Fri,Sat",CGL,CHENGALPATTU JN.,MSB,CHENNAI BEACH,60,02:00,28
40539,MSB-CGL SUB LOCAL,SUB,Suburban,"Mon,Tue,Wed,Thu,Fri,Sat",MSB,CHENNAI BEACH,CGL,CHENGALPATTU JN.,60,02:00,28
40540,CGL-MSB EMU LOCAL,SUB,Suburban,"Mon,Tue,Wed,Thu,Fri,Sat",CGL,CHENGALPATTU JN.,MSB,CHENNAI BEACH,60,01:55,28
40541,MSB-CGL SUB LOCAL,SUB,Suburban,"Mon,Tue,Wed,Thu,Fri,Sat",MSB,CHENNAI BEACH,CGL,CHENGALPATTU JN.,60,01:55,28
40542,CGL-MSB EMU LOCAL,SUB,Suburban,"Mon,Tue,Wed,Thu,Fri,Sat",CGL,CHENGALPATTU JN.,MSB,CHENNAI BEACH,60,02:00,28
40543,MSB-CGL SUB LOCAL,SUB,Suburban,"Mon,Tue,Wed,Thu,Fri,Sat",MSB,CHENNAI BEACH,CGL,CHENGALPATTU JN.,60,02:00,28
40544,CGL-MSB EMU LOCAL,SUB,Suburban,"Mon,Tue,Wed,Thu,Fri,Sat",CGL,CHENGALPATTU JN.,MSB,CHENNAI BEACH,60,02:00,28
40545,MSB-CGL SUB LOCAL,SUB,Suburban,"Mon,Tue,Wed,Thu,Fri,Sat",MSB,CHENNAI BEACH,CGL,CHENGALPATTU JN.,60,02:00,28
40546,CGL-MSB EMU LOCAL,SUB,Suburban,"Mon,Tue,Wed,Thu,Fri,Sat",CGL,CHENGALPATTU JN.,MSB,CHENNAI BEACH,60,01:59,28
40547,MSB-CGL SUB LOCAL,SUB,Suburban,"Mon,Tue,Wed,Thu,Fri,Sat",MSB,CHENNAI BEACH,CGL,CHENGALPATTU JN.,60,02:00,28
40548,CGL-MSB EMU LOCAL,SUB,Suburban,"Mon,Tue,Wed,Thu,Fri,Sat",CGL,CHENGALPATTU JN.,MSB,CHENNAI BEACH,60,02:00,28
40549,MSB-CGL SUB LOCAL,SUB,Suburban,"Mon,Tue,Wed,Thu,Fri,Sat",MSB,CHENNAI BEACH,CGL,CHENGALPATTU JN.,60,02:00,28
40550,CGL-MSB EMU LOCAL,SUB,Suburban,"Mon,Tue,Wed,Thu,Fri,Sat",CGL,CHENGALPATTU JN.,MSB,CHENNAI BEACH,60,02:00,28
40551,MSB-CGL SUB LOCAL,SUB,Suburban,"Mon,Tue,Wed,Thu,Fri,Sat",MSB,CHENNAI BEACH,CGL,CHENGALPATTU JN.,60,01:59,28
40552,CGL-MSB EMU LOCAL,SUB,Suburban,"Mon,Tue,Wed,Thu,Fri,Sat",CGL,CHENGALPATTU JN.,MSB,CHENNAI BEACH,60,02:00,28
40553,MSB-CGL SUB LOCAL,SUB,Suburban,"Mon,Tue,Wed,Thu,Fri,Sat",MSB,CHENNAI BEACH,CGL,CHENGALPATTU JN.,60,01:59,28
40554,CGL-MSB EMU LOCAL,SUB,Suburban,"Mon,Tue,Wed,Thu,Fri,Sat",CGL,CHENGALPATTU JN.,MSB,CHENNAI BEACH,60,02:00,28
40555,MSB-CGL SUB LOCAL,SUB,Suburban,"Mon,Tue,Wed,Thu,Fri,Sat",MSB,CHENNAI BEACH,CGL,CHENGALPATTU JN.,60,02:00,28
40556,CGL-MSB EMU LOCAL,SUB,Suburban,"Mon,Tue,Wed,Thu,Fri,Sat",CGL,CHENGALPATTU JN.,MSB,CHENNAI BEACH,60,02:00,28
40557,MSB-CGL SUB LOCAL,SUB,Suburban,"Mon,Tue,Wed,Thu,Fri,Sat",MSB,CHENNAI BEACH,CGL,CHENGALPATTU JN.,60,02:03,28
40558,CGL-MSB EMU LOCAL,SUB,Suburban,"Mon,Tue,Wed,Thu,Fri,Sat",CGL,CHENGALPATTU JN.,MSB,CHENNAI BEACH,60,02:00,28
40559,MSB-CGL SUB LOCAL,SUB,Suburban,"Mon,Tue,Wed,Thu,Fri,Sat",MSB,CHENNAI BEACH,CGL,CHENGALPATTU JN.,60,02:02,28
40560,CGL-MSB EMU LOCAL,SUB,Suburban,"Mon,Tue,Wed,Thu,Fri,Sat",CGL,CHENGALPATTU JN.,MSB,CHENNAI BEACH,60,01:55,28
40561,MSB-CGL SUB LOCAL,SUB,Suburban,"Mon,Tue,Wed,Thu,Fri,Sat",MSB,CHENNAI BEACH,CGL,CHENGALPATTU JN.,60,02:00,28
40562,CGL-MSB EMU LOCAL,SUB,Suburban,"Mon,Tue,Wed,Thu,Fri,Sat",CGL,CHENGALPATTU JN.,MSB,CHENNAI BEACH,60,02:05,28
40563,MSB-CGL SUB LOCAL,SUB,Suburban,"Mon,Tue,Wed,Thu,Fri,Sat",MSB,CHENNAI BEACH,CGL,CHENGALPATTU JN.,60,02:00,28
40564,CGL-MSB EMU LOCAL,SUB,Suburban,"Mon,Tue,Wed,Thu,Fri,Sat",CGL,CHENGALPATTU JN.,MSB,CHENNAI BEACH,60,01:55,28
40565,MSB-CGL SUB LOCAL,SUB,Suburban,"Mon,Tue,Wed,Thu,Fri,Sat",MSB,CHENNAI BEACH,CGL,CHENGALPATTU JN.,60,02:00,28
40566,CGL-MSB EMU LOCAL,SUB,Suburban,"Mon,Tue,Wed,Thu,Fri,Sat",CGL,CHENGALPATTU JN.,MSB,CHENNAI BEACH,60,01:55,28
40567,MSB-CGL SUB LOCAL,SUB,Suburban,"Mon,Tue,Wed,Thu,Fri,Sat",MSB,CHENNAI BEACH,CGL,CHENGALPATTU JN.,60,02:00,28
40568,CGL-MSB EMU LOCAL,SUB,Suburban,"Mon,Tue,Wed,Thu,Fri,Sat",CGL,CHENGALPATTU JN.,MSB,CHENNAI BEACH,60,01:55,28
40569,MSB-CGL SUB LOCAL,SUB,Suburban,"Mon,Tue,Wed,Thu,Fri,Sat",MSB,CHENNAI BEACH,CGL,CHENGALPATTU JN.,60,02:05,28
40570,CGL-MSB EMU LOCAL,SUB,Suburban,"Mon,Tue,Wed,Thu,Fri,Sat",CGL,CHENGALPATTU JN.,MSB,CHENNAI BEACH,60,02:00,28
40571,MSB-CGL SUB LOCAL,SUB,Suburban,"Mon,Tue,Wed,Thu,Fri,Sat",MSB,CHENNAI BEACH,CGL,CHENGALPATTU JN.,60,02:05,28
40572,CGL-MSB EMU LOCAL,SUB,Suburban,"Mon,Tue,Wed,Thu,Fri,Sat",CGL,CHENGALPATTU JN.,MSB,CHENNAI BEACH,60,01:59,28
40581,TAMBARAM-CHENGALPATTU EMU,SUB,Suburban,"Mon,Tue,Wed,Thu,Fri,Sat",TBM,TAMBARAM,CGL,CHENGALPATTU JN.,31,01:00,11
40582,CHENGALPATTU-TAMBARAM EMU,SUB,Suburban,"Mon,Tue,Wed,Thu,Fri,Sat",CGL,CHENGALPATTU JN.,TBM,TAMBARAM,31,01:00,11
40592,GI-TBM EMU LOCAL,SUB,Suburban,"Mon,Tue,Wed,Thu,Fri,Sat",GI,GUDUVANCHERI,TBM,TAMBARAM,11,00:25,5
40601,MSB-CGL EMU LOCAL,SUB,Suburban,Sun,MSB,CHENNAI BEACH,CGL,CHENGALPATTU JN.,60,01:50,28
40602,CGL-MSB EMU LOCAL,SUB,Suburban,Sun,CGL,CHENGALPATTU JN.,MSB,CHENNAI BEACH,60,02:00,28
40603,MSB-CGL EMU LOCAL,SUB,Suburban,Sun,MSB,CHENNAI BEACH,CGL,CHENGALPATTU JN.,60,01:55,28
40604,CGL-MSB EMU LOCAL,SUB,Suburban,Sun,CGL,CHENGALPATTU JN.,MSB,CHENNAI BEACH,60,02:00,28
40605,MSB-CGL EMU LOCAL,SUB,Suburban,Sun,MSB,CHENNAI BEACH,CGL,CHENGALPATTU JN.,60,01:55,28
40606,CGL-MSB EMU LOCAL,SUB,Suburban,Sun,CGL,CHENGALPATTU JN.,MSB,CHENNAI BEACH,60,01:55,28
40607,MSB-CGL EMU LOCAL,SUB,Suburban,Sun,MSB,CHENNAI BEACH,CGL,CHENGALPATTU JN.,60,02:00,28
40608,CGL-MSB EMU LOCAL,SUB,Suburban,Sun,CGL,CHENGALPATTU JN.,MSB,CHENNAI BEACH,60,02:00,28
40609,MSB-CGL EMU LOCAL,SUB,Suburban,Sun,MSB,CHENNAI BEACH,CGL,CHENGALPATTU JN.,60,01:55,28
40610,CGL-MSB EMU LOCAL,SUB,Suburban,Sun,CGL,CHENGALPATTU JN.,MSB,CHENNAI BEACH,60,01:55,28
40611,MSB-CGL EMU LOCAL,SUB,Suburban,Sun,MSB,CHENNAI BEACH,CGL,CHENGALPATTU JN.,60,01:55,28
40612,CGL-MSB EMU LOCAL,SUB,Suburban,Sun,CGL,CHENGALPATTU JN.,MSB,CHENNAI BEACH,60,02:00,28
40613,MSB-CGL EMU LOCAL,SUB,Suburban,Sun,MSB,CHENNAI BEACH,CGL,CHENGALPATTU JN.,60,02:00,28
40614,CGL-MSB EMU LOCAL,SUB,Suburban,Sun,CGL,CHENGALPATTU JN.,MSB,CHENNAI BEACH,60,01:57,28
40615,MSB-CGL EMU LOCAL,SUB,Suburban,Sun,MSB,CHENNAI BEACH,CGL,CHENGALPATTU JN.,60,01:55,28
40616,CGL-MSB EMU LOCAL,SUB,Suburban,Sun,CGL,CHENGALPATTU JN.,MSB,CHENNAI BEACH,60,02:00,28
40617,MSB-CGL EMU LOCAL,SUB,Suburban,Sun,MSB,CHENNAI BEACH,CGL,CHENGALPATTU JN.,60,01:55,28
40618,CGL-MSB EMU LOCAL,SUB,Suburban,Sun,CGL,CHENGALPATTU JN.,MSB,CHENNAI BEACH,60,02:00,28
40619,MSB-CGL EMU LOCAL,SUB,Suburban,Sun,MSB,CHENNAI BEACH,CGL,CHENGALPATTU JN.,60,01:50,28
40620,CGL-MSB EMU LOCAL,SUB,Suburban,Sun,CGL,CHENGALPATTU JN.,MSB,CHENNAI BEACH,60,01:55,28
40621,MSB-CGL EMU LOCAL,SUB,Suburban,Sun,MSB,CHENNAI BEACH,CGL,CHENGALPATTU JN.,60,01:50,28
40622,CGL-MSB EMU LOCAL,SUB,Suburban,Sun,CGL,CHENGALPATTU JN.,MSB,CHENNAI BEACH,60,02:00,28
40623,MSB-CGL EMU LOCAL,SUB,Suburban,Sun,MSB,CHENNAI BEACH,CGL,CHENGALPATTU JN.,60,01:55,28
40624,CGL-MSB EMU LOCAL,SUB,Suburban,Sun,CGL,CHENGALPATTU JN.,MSB,CHENNAI BEACH,60,02:05,28
40625,MSB-CGL EMU LOCAL,SUB,Suburban,Sun,MSB,CHENNAI BEACH,CGL,CHENGALPATTU JN.,60,01:50,28
40626,CGL-MSB EMU LOCAL,SUB,Suburban,Sun,CGL,CHENGALPATTU JN.,MSB,CHENNAI BEACH,60,02:00,28
40627,MSB-CGL EMU LOCAL,SUB,Suburban,Sun,MSB,CHENNAI BEACH,CGL,CHENGALPATTU JN.,60,01:55,28
40628,CGL-MSB EMU LOCAL,SUB,Suburban,Sun,CGL,CHENGALPATTU JN.,MSB,CHENNAI BEACH,60,02:05,28
40629,MSB-CGL EMU LOCAL,SUB,Suburban,Sun,MSB,CHENNAI BEACH,CGL,CHENGALPATTU JN.,60,01:55,28
40630,CGL-MSB EMU LOCAL,SUB,Suburban,Sun,CGL,CHENGALPATTU JN.,MSB,CHENNAI BEACH,60,01:55,28
40631,MSB-CGL EMU LOCAL,SUB,Suburban,Sun,MSB,CHENNAI BEACH,CGL,CHENGALPATTU JN.,60,01:55,28
40632,CGL-MSB EMU LOCAL,SUB,Suburban,Sun,CGL,CHENGALPATTU JN.,MSB,CHENNAI BEACH,60,02:00,28
40633,MSB-CGL EMU LOCAL,SUB,Suburban,Sun,MSB,CHENNAI BEACH,CGL,CHENGALPATTU JN.,60,02:00,28
40634,CGL-MSB EMU LOCAL,SUB,Suburban,Sun,CGL,CHENGALPATTU JN.,MSB,CHENNAI BEACH,60,01:55,28
40635,MSB-CGL EMU LOCAL,SUB,Suburban,Sun,MSB,CHENNAI BEACH,CGL,CHENGALPATTU JN.,60,01:55,28
40636,CGL-MSB EMU LOCAL,SUB,Suburban,Sun,CGL,CHENGALPATTU JN.,MSB,CHENNAI BEACH,60,01:50,28
40637,MSB-CGL EMU LOCAL,SUB,Suburban,Sun,MSB,CHENNAI BEACH,CGL,CHENGALPATTU JN.,60,01:50,28
40638,CGL-MSB EMU LOCAL,SUB,Suburban,Sun,CGL,CHENGALPATTU JN.,MSB,CHENNAI BEACH,60,01:55,28
40639,MSB-CGL EMU LOCAL,SUB,Suburban,Sun,MSB,CHENNAI BEACH,CGL,CHENGALPATTU JN.,60,01:55,28
40640,CGL-MSB EMU LOCAL,SUB,Suburban,Sun,CGL,CHENGALPATTU JN.,MSB,CHENNAI BEACH,60,02:05,28
40641,MSB-CGL EMU LOCAL,SUB,Suburban,Sun,MSB,CHENNAI BEACH,CGL,CHENGALPATTU JN.,60,01:55,28
40642,CGL-MSB EMU LOCAL,SUB,Suburban,Sun,CGL,CHENGALPATTU JN.,MSB,CHENNAI BEACH,60,01:55,28
40643,MSB-CGL EMU LOCAL,SUB,Suburban,Sun,MSB,CHENNAI BEACH,CGL,CHENGALPATTU JN.,60,01:55,28
40644,CGL-MSB EMU LOCAL,SUB,Suburban,Sun,CGL,CHENGALPATTU JN.,MSB,CHENNAI BEACH,60,01:55,28
40645,MSB-CGL EMU LOCAL,SUB,Suburban,Sun,MSB,CHENNAI BEACH,CGL,CHENGALPATTU JN.,60,02:00,28
40646,CGL-MSB EMU LOCAL,SUB,Suburban,Sun,CGL,CHENGALPATTU JN.,MSB,CHENNAI BEACH,60,01:55,28
40647,MSB-CGL EMU LOCAL,SUB,Suburban,Sun,MSB,CHENNAI BEACH,CGL,CHENGALPATTU JN.,60,02:00,28
40648,CGL-MSB EMU LOCAL,SUB,Suburban,Sun,CGL,CHENGALPATTU JN.,MSB,CHENNAI BEACH,60,02:00,28
40649,MSB-CGL EMU LOCAL,SUB,Suburban,Sun,MSB,CHENNAI BEACH,CGL,CHENGALPATTU JN.,60,02:00,28
40650,CGL-MSB EMU LOCAL,SUB,Suburban,Sun,CGL,CHENGALPATTU JN.,MSB,CHENNAI BEACH,60,02:00,28
40651,MSB-CGL EMU LOCAL,SUB,Suburban,Sun,MSB,CHENNAI BEACH,CGL,CHENGALPATTU JN.,60,02:00,28
40652,CGL-MSB EMU LOCAL,SUB,Suburban,Sun,CGL,CHENGALPATTU JN.,MSB,CHENNAI BEACH,60,02:00,28
40653,MSB-CGL EMU LOCAL,SUB,Suburban,Sun,MSB,CHENNAI BEACH,CGL,CHENGALPATTU JN.,60,02:00,28
40654,CGL-MSB EMU LOCAL,SUB,Suburban,Sun,CGL,CHENGALPATTU JN.,MSB,CHENNAI BEACH,60,01:50,28
40655,MSB-CGL EMU LOCAL,SUB,Suburban,Sun,MSB,CHENNAI BEACH,CGL,CHENGALPATTU JN.,60,02:00,28
40656,CGL-MSB EMU LOCAL,SUB,Suburban,Sun,CGL,CHENGALPATTU JN.,MSB,CHENNAI BEACH,60,01:55,28
40657,MSB-CGL EMU LOCAL,SUB,Suburban,Sun,MSB,CHENNAI BEACH,CGL,CHENGALPATTU JN.,60,02:00,28
40658,CGL-MSB EMU LOCAL,SUB,Suburban,Sun,CGL,CHENGALPATTU JN.,MSB,CHENNAI BEACH,60,02:05,28
40659,MSB-CGL EMU LOCAL,SUB,Suburban,Sun,MSB,CHENNAI BEACH,CGL,CHENGALPATTU JN.,60,02:00,28
40660,CGL-MSB EMU LOCAL,SUB,Suburban,Sun,CGL,CHENGALPATTU JN.,MSB,CHENNAI BEACH,60,02:00,28
40661,MSB-CGL EMU LOCAL,SUB,Suburban,Sun,MSB,CHENNAI BEACH,CGL,CHENGALPATTU JN.,60,02:05,28
40662,CGL-MSB EMU LOCAL,SUB,Suburban,Sun,CGL,CHENGALPATTU JN.,MSB,CHENNAI BEACH,60,01:59,28
40701,MSB-CJ SEMI FAST,SUB,Suburban,"Mon,Tue,Wed,Thu,Fri,Sat",MSB,CHENNAI BEACH,CJ,KANCHIPURAM,96,03:05,32
40702,CJ-MSB EMU LOCAL,SUB,Suburban,"Mon,Tue,Wed,Thu,Fri,Sat",CJ,KANCHIPURAM,MSB,CHENNAI BEACH,96,02:55,36
40703,MSB-CJ EMU LOCAL,SUB,Suburban,"Mon,Tue,Wed,Thu,Fri,Sat",MSB,CHENNAI BEACH,CJ,KANCHIPURAM,96,02:45,36
40704,CJ-MSB EMU LOCAL,SUB,Suburban,"Mon,Tue,Wed,Thu,Fri,Sat",CJ,KANCHIPURAM,MSB,CHENNAI BEACH,96,02:50,36
40751,MSB-CJ EMU,SUB,Suburban,Sun,MSB,CHENNAI BEACH,CJ,KANCHIPURAM,96,02:55,36
40752,CJ-MSB EMU LOCAL,SUB,Suburban,Sun,CJ,KANCHIPURAM,MSB,CHENNAI BEACH,96,02:50,36
40753,MSB-CJ EMU LOCAL,SUB,Suburban,Sun,MSB,CHENNAI BEACH,CJ,KANCHIPURAM,96,02:45,36
40754,CJ - MSB SEMI FAST,SUB,Suburban,Sun,CJ,KANCHIPURAM,MSB,CHENNAI BEACH,96,02:45,36
40801,MSB-TMLP EMU LOCAL,SUB,Suburban,"Mon,Tue,Wed,Thu,Fri,Sat",MSB,CHENNAI BEACH,TMLP,TIRUMALPUR,108,03:30,37
40802,TMLP-MSB FAST,SUB,Suburban,"Mon,Tue,Wed,Thu,Fri,Sat",TMLP,TIRUMALPUR,MSB,CHENNAI BEACH,108,02:40,13
40803,MSB-TMLP EMU LOCAL,SUB,Suburban,"Mon,Tue,Wed,Thu,Fri,Sat",MSB,CHENNAI BEACH,TMLP,TIRUMALPUR,108,03:20,37
40804,TMLP-MSB EMU LOCAL,SUB,Suburban,"Mon,Tue,Wed,Thu,Fri,Sat",TMLP,TIRUMALPUR,MSB,CHENNAI BEACH,108,03:05,37
40805,MSB-TMLP SEMI FAST,SUB,Suburban,"Mon,Tue,Wed,Thu,Fri,Sat",MSB,CHENNAI BEACH,TMLP,TIRUMALPUR,108,03:10,33
40806,TMLP-MSB EMU LOCAL,SUB,Suburban,"Mon,Tue,Wed,Thu,Fri,Sat",TMLP,TIRUMALPUR,MSB,CHENNAI BEACH,108,03:40,37
40851,MSB-TMLP EMU LOCAL,SUB,Suburban,Sun,MSB,CHENNAI BEACH,TMLP,TIRUMALPUR,108,03:25,37
40852,TMLP-MSB EMU LOCAL,SUB,Suburban,Sun,TMLP,TIRUMALPUR,MSB,CHENNAI BEACH,108,03:10,37
40853,MSB-TMLP EMU LOCAL,SUB,Suburban,Sun,MSB,CHENNAI BEACH,TMLP,TIRUMALPUR,108,03:20,37
40854,TMLP-MSB EMU LOCAL,SUB,Suburban,Sun,TMLP,TIRUMALPUR,MSB,CHENNAI BEACH,108,03:10,37
40855,MSB-TMLP EMU,SUB,Suburban,Sun,MSB,CHENNAI BEACH,TMLP,TIRUMALPUR,108,03:10,37
40856,TMLP-CGL-MSB EMU LOCAL,SUB,Suburban,Sun,TMLP,TIRUMALPUR,MSB,CHENNAI BEACH,108,03:40,37
40901,MSB-CGL-AJJ EMU,SUB,Suburban,"Mon,Tue,Wed,Thu,Fri,Sat",MSB,CHENNAI BEACH,AJJ,ARAKKONAM JN.,128,03:30,39
40902,AJJ-CGL-MSB EMU LOCAL,SUB,Suburban,"Mon,Tue,Wed,Thu,Fri,Sat",AJJ,ARAKKONAM JN.,MSB,CHENNAI BEACH,128,03:35,39
40903,MSB-CGL-AJJ EMU FAST,SUB,Suburban,"Mon,Tue,Wed,Thu,Fri,Sat",MSB,CHENNAI BEACH,AJJ,ARAKKONAM JN.,128,03:08,15
40904,AJJ-CGL-MSB EMU FAST,SUB,Suburban,"Mon,Tue,Wed,Thu,Fri,Sat",AJJ,ARAKKONAM JN.,MSB,CHENNAI BEACH,128,03:20,18
40905,MSB-CGL-AJJ EMU LOCAL,SUB,Suburban,"Mon,Tue,Wed,Thu,Fri,Sat",MSB,CHENNAI BEACH,AJJ,ARAKKONAM JN.,128,03:54,39
40906,AJJ-CGL-MSB EMU LOCAL,SUB,Suburban,"Mon,Tue,Wed,Thu,Fri,Sat",AJJ,ARAKKONAM JN.,MSB,CHENNAI BEACH,128,03:45,39
40951,MSB-CGL-AJJ EMU LOCAL,SUB,Suburban,Sun,MSB,CHENNAI BEACH,AJJ,ARAKKONAM JN.,128,03:30,39
40952,AJJ-CGL-MSB-EMU LOCAL,SUB,Suburban,Sun,AJJ,ARAKKONAM JN.,MSB,CHENNAI BEACH,128,03:35,39
40953,MSB-CGL-AJJ EMU,SUB,Suburban,Sun,MSB,CHENNAI BEACH,AJJ,ARAKKONAM JN.,128,03:30,39
40954,AJJ-CGL-MSB EMU,SUB,Suburban,Sun,AJJ,ARAKKONAM JN.,MSB,CHENNAI BEACH,128,03:30,39
40955,MSB-CGL-AJJ EMU,SUB,Suburban,Sun,MSB,CHENNAI BEACH,AJJ,ARAKKONAM JN.,128,03:50,39
40956,AJJ-CGL-MSB LOCAL,SUB,Suburban,Sun,AJJ,ARAKKONAM JN.,MSB,CHENNAI BEACH,128,03:40,39
41001,MSB-STMM  MRTS  SUB,SUB,Suburban,Daily,MSB,CHENNAI BEACH,STMM,ST THOMAS MOUNT(MRTS),24,01:05,20
41002,STMM  MRTS -MSB SUB,SUB,Suburban,Daily,STMM,ST THOMAS MOUNT(MRTS),MSB,CHENNAI BEACH,24,01:05,20
41003,MSB-STMM  MRTS  SUB,SUB,Suburban,Daily,MSB,CHENNAI BEACH,STMM,ST THOMAS MOUNT(MRTS),24,01:05,20
41004,STMM  MRTS -MSB SUB,SUB,Suburban,Daily,STMM,ST THOMAS MOUNT(MRTS),MSB,CHENNAI BEACH,24,01:05,20
41005,MSB-STMM  MRTS  SUB,SUB,Suburban,Daily,MSB,CHENNAI BEACH,STMM,ST THOMAS MOUNT(MRTS),24,01:05,20
41006,STMM  MRTS -MSB SUB,SUB,Suburban,Daily,STMM,ST THOMAS MOUNT(MRTS),MSB,CHENNAI BEACH,24,01:05,20
41007,MSB-STMM  MRTS  SUB,SUB,Suburban,Daily,MSB,CHENNAI BEACH,STMM,ST THOMAS MOUNT(MRTS),24,01:05,20
41008,STMM  MRTS -MSB SUB,SUB,Suburban,Daily,STMM,ST THOMAS MOUNT(MRTS),MSB,CHENNAI BEACH,24,01:05,20
41009,MSB- STMM  MRTS  SUB,SUB,Suburban,Daily,MSB,CHENNAI BEACH,STMM,ST THOMAS MOUNT(MRTS),24,01:05,20
41010,STMM  MRTS -MSB SUB,SUB,Suburban,Daily,STMM,ST THOMAS MOUNT(MRTS),MSB,CHENNAI BEACH,24,01:05,20
41011,MSB-STMM  MRTS  SUB,SUB,Suburban,Daily,MSB,CHENNAI BEACH,STMM,ST THOMAS MOUNT(MRTS),24,01:05,20
41012,STMM  MRTS -MSB SUB,SUB,Suburban,Daily,STMM,ST THOMAS MOUNT(MRTS),MSB,CHENNAI BEACH,24,01:05,20
41013,MSB-STMM  MRTS  SUB,SUB,Suburban,Daily,MSB,CHENNAI BEACH,STMM,ST THOMAS MOUNT(MRTS),24,01:05,20
41014,STMM  MRTS -MSB SUB,SUB,Suburban,Daily,STMM,ST THOMAS MOUNT(MRTS),MSB,CHENNAI BEACH,24,01:05,20
41015,MSB-STMM MRTS SUB,SUB,Suburban,Daily,MSB,CHENNAI BEACH,STMM,ST THOMAS MOUNT(MRTS),24,01:05,20
41016,STMM  MRTS -MSB SUB,SUB,Suburban,Daily,STMM,ST THOMAS MOUNT(MRTS),MSB,CHENNAI BEACH,24,01:05,20
41017,MSB-STMM  MRTS  SUB,SUB,Suburban,Daily,MSB,CHENNAI BEACH,STMM,ST THOMAS MOUNT(MRTS),24,01:05,20
41018,STMM  MRTS -MSB SUB,SUB,Suburban,Daily,STMM,ST THOMAS MOUNT(MRTS),MSB,CHENNAI BEACH,24,01:05,20
41019,MSB-STMM  MRTS  SUB,SUB,Suburban,Daily,MSB,CHENNAI BEACH,STMM,ST THOMAS MOUNT(MRTS),24,01:05,20
41020,STMM  MRTS -MSB SUB,SUB,Suburban,Daily,STMM,ST THOMAS MOUNT(MRTS),MSB,CHENNAI BEACH,24,01:05,20
41021,MSB- STMM  MRTS  SUB,SUB,Suburban,Daily,MSB,CHENNAI BEACH,STMM,ST THOMAS MOUNT(MRTS),24,01:05,20
41022,STMM  MRTS -MSB SUB,SUB,Suburban,Daily,STMM,ST THOMAS MOUNT(MRTS),MSB,CHENNAI BEACH,24,01:05,20
41023,MSB-STMM  MRTS  SUB,SUB,Suburban,Daily,MSB,CHENNAI BEACH,STMM,ST THOMAS MOUNT(MRTS),24,01:05,20
41024,STMM  MRTS -MSB SUB,SUB,Suburban,Daily,STMM,ST THOMAS MOUNT(MRTS),MSB,CHENNAI BEACH,24,01:05,20
41025,MSB-STMM  MRTS  SUB,SUB,Suburban,Daily,MSB,CHENNAI BEACH,STMM,ST THOMAS MOUNT(MRTS),24,01:05,20
41026,STMM  MRTS -MSB SUB,SUB,Suburban,Daily,STMM,ST THOMAS MOUNT(MRTS),MSB,CHENNAI BEACH,24,01:05,20
41027,MSB-STMM  MRTS  SUB,SUB,Suburban,Daily,MSB,CHENNAI BEACH,STMM,ST THOMAS MOUNT(MRTS),24,01:05,20
41028,STMM  MRTS -MSB SUB,SUB,Suburban,Daily,STMM,ST THOMAS MOUNT(MRTS),MSB,CHENNAI BEACH,24,01:05,20
41029,MSB-STMM  MRTS  SUB,SUB,Suburban,Daily,MSB,CHENNAI BEACH,STMM,ST THOMAS MOUNT(MRTS),24,01:05,20
41030,STMM  MRTS -MSB SUB,SUB,Suburban,Daily,STMM,ST THOMAS MOUNT(MRTS),MSB,CHENNAI BEACH,24,01:05,20
41031,MSB-STMM  MRTS  SUB,SUB,Suburban,Daily,MSB,CHENNAI BEACH,STMM,ST THOMAS MOUNT(MRTS),24,01:05,20
41032,STMM  MRTS -MSB SUB,SUB,Suburban,Daily,STMM,ST THOMAS MOUNT(MRTS),MSB,CHENNAI BEACH,24,01:05,20
41033,MSB-STMM  MRTS  SUB,SUB,Suburban,Daily,MSB,CHENNAI BEACH,STMM,ST THOMAS MOUNT(MRTS),24,01:05,20
41034,STMM  MRTS -MSB SUB,SUB,Suburban,Daily,STMM,ST THOMAS MOUNT(MRTS),MSB,CHENNAI BEACH,24,01:05,20
41035,MSB-STMM  MRTS  SUB,SUB,Suburban,Daily,MSB,CHENNAI BEACH,STMM,ST THOMAS MOUNT(MRTS),24,01:05,20
41036,STMM  MRTS -MSB SUB,SUB,Suburban,Daily,STMM,ST THOMAS MOUNT(MRTS),MSB,CHENNAI BEACH,24,01:05,20
41037,MSB-STMM  MRTS  SUB,SUB,Suburban,Daily,MSB,CHENNAI BEACH,STMM,ST THOMAS MOUNT(MRTS),24,01:05,20
41038,STMM  MRTS -MSB SUB,SUB,Suburban,Daily,STMM,ST THOMAS MOUNT(MRTS),MSB,CHENNAI BEACH,24,01:05,20
41039,MSB-STMM  MRTS  SUB,SUB,Suburban,Daily,MSB,CHENNAI BEACH,STMM,ST THOMAS MOUNT(MRTS),24,01:05,20
41040,STMM  MRTS -MSB SUB,SUB,Suburban,Daily,STMM,ST THOMAS MOUNT(MRTS),MSB,CHENNAI BEACH,24,01:05,20
41041,MSB-STMM  MRTS  SUB,SUB,Suburban,Daily,MSB,CHENNAI BEACH,STMM,ST THOMAS MOUNT(MRTS),24,01:05,20
41042,STMM  MRTS -MSB SUB,SUB,Suburban,Daily,STMM,ST THOMAS MOUNT(MRTS),MSB,CHENNAI BEACH,24,01:05,20
41043,MSB-STMM  MRTS  SUB,SUB,Suburban,Daily,MSB,CHENNAI BEACH,STMM,ST THOMAS MOUNT(MRTS),24,01:05,20
41044,STMM  MRTS -MSB SUB,SUB,Suburban,Daily,STMM,ST THOMAS MOUNT(MRTS),MSB,CHENNAI BEACH,24,01:05,20
41045,MSB-STMM  MRTS  SUB,SUB,Suburban,Daily,MSB,CHENNAI BEACH,STMM,ST THOMAS MOUNT(MRTS),24,01:05,20
41046,STMM  MRTS -MSB SUB,SUB,Suburban,Daily,STMM,ST THOMAS MOUNT(MRTS),MSB,CHENNAI BEACH,24,01:05,20
41047,MSB-STMM  MRTS  SUB,SUB,Suburban,Daily,MSB,CHENNAI BEACH,STMM,ST THOMAS MOUNT(MRTS),24,01:05,20
41048,STMM  MRTS -MSB SUB,SUB,Suburban,Daily,STMM,ST THOMAS MOUNT(MRTS),MSB,CHENNAI BEACH,24,01:05,20
41049,MSB-STMM  MRTS  SUB,SUB,Suburban,Daily,MSB,CHENNAI BEACH,STMM,ST THOMAS MOUNT(MRTS),24,01:05,20
41050,STMM  MRTS -MSB SUB,SUB,Suburban,Daily,STMM,ST THOMAS MOUNT(MRTS),MSB,CHENNAI BEACH,24,01:05,20
41051,MSB-STMM  MRTS  SUB,SUB,Suburban,Daily,MSB,CHENNAI BEACH,STMM,ST THOMAS MOUNT(MRTS),24,01:05,20
41052,STMM  MRTS -MSB SUB,SUB,Suburban,Daily,STMM,ST THOMAS MOUNT(MRTS),MSB,CHENNAI BEACH,24,01:05,20
41053,MSB-STMM  MRTS  SUB,SUB,Suburban,Daily,MSB,CHENNAI BEACH,STMM,ST THOMAS MOUNT(MRTS),24,01:05,20
41054,STMM  MRTS -MSB SUB,SUB,Suburban,Daily,STMM,ST THOMAS MOUNT(MRTS),MSB,CHENNAI BEACH,24,01:05,20
41055,MSB-STMM  MRTS  SUB,SUB,Suburban,Daily,MSB,CHENNAI BEACH,STMM,ST THOMAS MOUNT(MRTS),24,01:05,20
41056,STMM  MRTS -MSB SUB,SUB,Suburban,Daily,STMM,ST THOMAS MOUNT(MRTS),MSB,CHENNAI BEACH,24,01:05,20
41057,MSB-STMM  MRTS  SUB,SUB,Suburban,Daily,MSB,CHENNAI BEACH,STMM,ST THOMAS MOUNT(MRTS),24,01:05,20
41058,STMM  MRTS -MSB SUB,SUB,Suburban,Daily,STMM,ST THOMAS MOUNT(MRTS),MSB,CHENNAI BEACH,24,01:05,20
41059,MSB -STMM  MRTS  SUB,SUB,Suburban,Daily,MSB,CHENNAI BEACH,STMM,ST THOMAS MOUNT(MRTS),24,01:05,20
41060,STMM  MRTS -MSB SUB,SUB,Suburban,Daily,STMM,ST THOMAS MOUNT(MRTS),MSB,CHENNAI BEACH,24,01:05,20
41061,MSB -STMM  MRTS  SUB,SUB,Suburban,Daily,MSB,CHENNAI BEACH,STMM,ST THOMAS MOUNT(MRTS),24,01:05,20
41062,STMM  MRTS -MSB SUB,SUB,Suburban,Daily,STMM,ST THOMAS MOUNT(MRTS),MSB,CHENNAI BEACH,24,01:05,20
41063,MSB -STMM  MRTS  SUB,SUB,Suburban,Daily,MSB,CHENNAI BEACH,STMM,ST THOMAS MOUNT(MRTS),24,01:05,20
41064,STMM  MRTS -MSB SUB,SUB,Suburban,Daily,STMM,ST THOMAS MOUNT(MRTS),MSB,CHENNAI BEACH,24,01:05,20
41065,MSB -STMM  MRTS  SUB,SUB,Suburban,Daily,MSB,CHENNAI BEACH,STMM,ST THOMAS MOUNT(MRTS),24,01:05,20
41066,STMM  MRTS -MSB SUB,SUB,Suburban,Daily,STMM,ST THOMAS MOUNT(MRTS),MSB,CHENNAI BEACH,24,01:05,20
41067,MSB -STMM  MRTS  SUB,SUB,Suburban,Daily,MSB,CHENNAI BEACH,STMM,ST THOMAS MOUNT(MRTS),24,01:05,20
41068,STMM  MRTS -MSB SUB,SUB,Suburban,Daily,STMM,ST THOMAS MOUNT(MRTS),MSB,CHENNAI BEACH,24,01:05,20
41069,MSB -STMM  MRTS  SUB,SUB,Suburban,Daily,MSB,CHENNAI BEACH,STMM,ST THOMAS MOUNT(MRTS),24,01:05,20
41070,STMM  MRTS -MSB SUB,SUB,Suburban,Daily,STMM,ST THOMAS MOUNT(MRTS),MSB,CHENNAI BEACH,24,01:05,20
41071,MSB -STMM  MRTS  SUB,SUB,Suburban,Daily,MSB,CHENNAI BEACH,STMM,ST THOMAS MOUNT(MRTS),24,01:05,20
41072,STMM  MRTS -MSB SUB,SUB,Suburban,Daily,STMM,ST THOMAS MOUNT(MRTS),MSB,CHENNAI BEACH,24,01:05,20
41073,MSB -STMM  MRTS  SUB,SUB,Suburban,Daily,MSB,CHENNAI BEACH,STMM,ST THOMAS MOUNT(MRTS),24,01:05,20
41074,STMM  MRTS -MSB SUB,SUB,Suburban,Daily,STMM,ST THOMAS MOUNT(MRTS),MSB,CHENNAI BEACH,24,01:05,20
41075,MSB -STMM  MRTS  SUB,SUB,Suburban,Daily,MSB,CHENNAI BEACH,STMM,ST THOMAS MOUNT(MRTS),24,01:05,20
41076,STMM  MRTS -MSB SUB,SUB,Suburban,Daily,STMM,ST THOMAS MOUNT(MRTS),MSB,CHENNAI BEACH,24,01:05,20
41077,MSB -STMM  MRTS  SUB,SUB,Suburban,Daily,MSB,CHENNAI BEACH,STMM,ST THOMAS MOUNT(MRTS),24,01:05,20
41078,STMM  MRTS -MSB SUB,SUB,Suburban,Daily,STMM,ST THOMAS MOUNT(MRTS),MSB,CHENNAI BEACH,24,01:05,20
41079,MSB-STMM  MRTS  SUB,SUB,Suburban,Daily,MSB,CHENNAI BEACH,STMM,ST THOMAS MOUNT(MRTS),24,01:05,20
41080,STMM  MRTS -MSB SUB,SUB,Suburban,Daily,STMM,ST THOMAS MOUNT(MRTS),MSB,CHENNAI BEACH,24,01:05,20
41081,MSB-STMM  MRTS  SUB,SUB,Suburban,Daily,MSB,CHENNAI BEACH,STMM,ST THOMAS MOUNT(MRTS),24,01:05,20
41082,STMM  MRTS -MSB SUB,SUB,Suburban,Daily,STMM,ST THOMAS MOUNT(MRTS),MSB,CHENNAI BEACH,24,01:05,20
41083,MSB-STMM  MRTS  SUB,SUB,Suburban,Daily,MSB,CHENNAI BEACH,STMM,ST THOMAS MOUNT(MRTS),24,01:05,20
41084,STMM  MRTS -MSB SUB,SUB,Suburban,Daily,STMM,ST THOMAS MOUNT(MRTS),MSB,CHENNAI BEACH,24,01:05,20
41085,MSB-STMM  MRTS  SUB,SUB,Suburban,Daily,MSB,CHENNAI BEACH,STMM,ST THOMAS MOUNT(MRTS),24,01:05,20
41086,STMM  MRTS -MSB SUB,SUB,Suburban,Daily,STMM,ST THOMAS MOUNT(MRTS),MSB,CHENNAI BEACH,24,01:05,20
41201,MSB-VLCY SUB,SUB,Suburban,Daily,MSB,CHENNAI BEACH,VLCY,VELACHERRY,19,00:48,18
41202,VLCY-MSB SUB,SUB,Suburban,Daily,VLCY,VELACHERRY,MSB,CHENNAI BEACH,20,00:50,18
41203,MSB-VLCY SUB,SUB,Suburban,Daily,MSB,CHENNAI BEACH,VLCY,VELACHERRY,19,00:48,18
41204,VLCY-MSB SUB,SUB,Suburban,Daily,VLCY,VELACHERRY,MSB,CHENNAI BEACH,20,00:50,18
41205,MSB-VLCY SUB,SUB,Suburban,Daily,MSB,CHENNAI BEACH,VLCY,VELACHERRY,19,00:50,18
41206,VLCY-MSB SUB,SUB,Suburban,Daily,VLCY,VELACHERRY,MSB,CHENNAI BEACH,20,00:50,18
41301,VLCY-STMM  MRTS  SUB,SUB,Suburban,Daily,VLCY,VELACHERRY,STMM,ST THOMAS MOUNT(MRTS),5,00:20,3
41302,STMM  MRTS -VLCY SUB,SUB,Suburban,Daily,STMM,ST THOMAS MOUNT(MRTS),VLCY,VELACHERRY,5,00:20,3
41303,VLCY-STMM  MRTS  SUB,SUB,Suburban,Daily,VLCY,VELACHERRY,STMM,ST THOMAS MOUNT(MRTS),5,00:20,3
41304,STMM  MRTS -VLCY SUB,SUB,Suburban,Daily,STMM,ST THOMAS MOUNT(MRTS),VLCY,VELACHERRY,5,00:20,3
41305,VLCY- STMM  MRTS  SUB,SUB,Suburban,Daily,VLCY,VELACHERRY,STMM,ST THOMAS MOUNT(MRTS),5,00:20,3
41306,STMM  MRTS -VLCY SUB,SUB,Suburban,Daily,STMM,ST THOMAS MOUNT(MRTS),VLCY,VELACHERRY,5,00:20,3
42001,MASS-GPD EMU LOCAL,SUB,Suburban,Daily,MASS,CHENNAI CENTRAL SUBURBAN STATION,GPD,GUMMIDIPUNDI,47,01:25,17
42002,GPD-MASS EMU LOCAL,SUB,Suburban,Daily,GPD,GUMMIDIPUNDI,MASS,CHENNAI CENTRAL SUBURBAN STATION,47,01:30,17
42003,MASS-GPD EMU LOCAL,SUB,Suburban,Daily,MASS,CHENNAI CENTRAL SUBURBAN STATION,GPD,GUMMIDIPUNDI,47,01:55,17
42004,GPD-MASS EMU LOCAL,SUB,Suburban,Daily,GPD,GUMMIDIPUNDI,MASS,CHENNAI CENTRAL SUBURBAN STATION,47,01:30,17
42005,MASS-GPD EMU LOCAL,SUB,Suburban,Daily,MASS,CHENNAI CENTRAL SUBURBAN STATION,GPD,GUMMIDIPUNDI,47,01:45,17
42006,GPD-MASS EMU LOCAL,SUB,Suburban,Daily,GPD,GUMMIDIPUNDI,MASS,CHENNAI CENTRAL SUBURBAN STATION,47,01:35,17
42007,MASS-GPD EMU LOCAL,SUB,Suburban,Daily,MASS,CHENNAI CENTRAL SUBURBAN STATION,GPD,GUMMIDIPUNDI,47,01:35,17
42008,GPD-MASS EMU LOCAL,SUB,Suburban,Daily,GPD,GUMMIDIPUNDI,MASS,CHENNAI CENTRAL SUBURBAN STATION,47,01:25,17
42009,MASS-GPD EMU LOCAL,SUB,Suburban,Daily,MASS,CHENNAI CENTRAL SUBURBAN STATION,GPD,GUMMIDIPUNDI,47,01:35,17
42010,GPD-MASS EMU LOCAL,SUB,Suburban,Daily,GPD,GUMMIDIPUNDI,MASS,CHENNAI CENTRAL SUBURBAN STATION,47,01:40,17
42011,MASS-GPD EMU LOCAL,SUB,Suburban,Daily,MASS,CHENNAI CENTRAL SUBURBAN STATION,GPD,GUMMIDIPUNDI,47,01:45,17
42012,GPD-MASS EMU LOCAL,SUB,Suburban,Daily,GPD,GUMMIDIPUNDI,MASS,CHENNAI CENTRAL SUBURBAN STATION,47,01:35,17
42013,MASS-GPD EMU LOCAL,SUB,Suburban,Daily,MASS,CHENNAI CENTRAL SUBURBAN STATION,GPD,GUMMIDIPUNDI,47,01:20,17
42014,GPD-MASS EMU LOCAL,SUB,Suburban,Daily,GPD,GUMMIDIPUNDI,MASS,CHENNAI CENTRAL SUBURBAN STATION,47,01:30,17
42015,MASS-GPD EMU LOCAL,SUB,Suburban,Daily,MASS,CHENNAI CENTRAL SUBURBAN STATION,GPD,GUMMIDIPUNDI,47,01:25,17
42016,GPD-MASS EMU LOCAL,SUB,Suburban,Daily,GPD,GUMMIDIPUNDI,MASS,CHENNAI CENTRAL SUBURBAN STATION,47,01:25,17
42017,MASS-GPD EMU LOCAL,SUB,Suburban,Daily,MASS,CHENNAI CENTRAL SUBURBAN STATION,GPD,GUMMIDIPUNDI,47,01:45,17
42018,GPD-MASS EMU LOCAL,SUB,Suburban,Daily,GPD,GUMMIDIPUNDI,MASS,CHENNAI CENTRAL SUBURBAN STATION,47,01:25,17
42019,MASS-GPD EMU LOCAL,SUB,Suburban,Daily,MASS,CHENNAI CENTRAL SUBURBAN STATION,GPD,GUMMIDIPUNDI,47,01:25,17
42020,GPD-MASS EMU LOCAL,SUB,Suburban,Daily,GPD,GUMMIDIPUNDI,MASS,CHENNAI CENTRAL SUBURBAN STATION,47,01:30,17
42021,MASS-GPD EMU LOCAL,SUB,Suburban,Daily,MASS,CHENNAI CENTRAL SUBURBAN STATION,GPD,GUMMIDIPUNDI,47,01:50,17
42022,GPD-MASS EMU LOCAL,SUB,Suburban,Daily,GPD,GUMMIDIPUNDI,MASS,CHENNAI CENTRAL SUBURBAN STATION,47,01:40,17
42023,MASS-GPD EMU LOCAL,SUB,Suburban,Daily,MASS,CHENNAI CENTRAL SUBURBAN STATION,GPD,GUMMIDIPUNDI,47,01:20,17
42024,GPD-MASS EMU LOCAL,SUB,Suburban,Daily,GPD,GUMMIDIPUNDI,MASS,CHENNAI CENTRAL SUBURBAN STATION,47,01:30,17
42025,MASS-GPD EMU LOCAL,SUB,Suburban,Daily,MASS,CHENNAI CENTRAL SUBURBAN STATION,GPD,GUMMIDIPUNDI,47,01:45,17
42026,GPD-MASS EMU LOCAL,SUB,Suburban,Daily,GPD,GUMMIDIPUNDI,MASS,CHENNAI CENTRAL SUBURBAN STATION,47,01:30,17
42027,MASS-GPD EMU LOCAL,SUB,Suburban,Daily,MASS,CHENNAI CENTRAL SUBURBAN STATION,GPD,GUMMIDIPUNDI,47,01:30,17
42028,GPD-MASS EMU LOCAL,SUB,Suburban,Daily,GPD,GUMMIDIPUNDI,MASS,CHENNAI CENTRAL SUBURBAN STATION,47,01:25,17
42029,MASS-GPD EMU LOCAL,SUB,Suburban,Daily,MASS,CHENNAI CENTRAL SUBURBAN STATION,GPD,GUMMIDIPUNDI,47,01:30,17
42030,GPD-MASS EMU LOCAL,SUB,Suburban,Daily,GPD,GUMMIDIPUNDI,MASS,CHENNAI CENTRAL SUBURBAN STATION,47,01:25,17
42031,MASS-GPD EMU LOCAL,SUB,Suburban,Daily,MASS,CHENNAI CENTRAL SUBURBAN STATION,GPD,GUMMIDIPUNDI,47,01:30,17
42032,GPD-MASS EMU LOCAL,SUB,Suburban,Daily,GPD,GUMMIDIPUNDI,MASS,CHENNAI CENTRAL SUBURBAN STATION,47,01:25,17
42033,MASS-GPD EMU LOCAL,SUB,Suburban,Daily,MASS,CHENNAI CENTRAL SUBURBAN STATION,GPD,GUMMIDIPUNDI,47,01:40,17
42034,GPD-MASS EMU LOCAL,SUB,Suburban,Daily,GPD,GUMMIDIPUNDI,MASS,CHENNAI CENTRAL SUBURBAN STATION,47,01:25,17
42035,MASS-GPD EMU LOCAL,SUB,Suburban,Daily,MASS,CHENNAI CENTRAL SUBURBAN STATION,GPD,GUMMIDIPUNDI,47,01:40,17
42036,GPD-MASS EMU LOCAL,SUB,Suburban,Daily,GPD,GUMMIDIPUNDI,MASS,CHENNAI CENTRAL SUBURBAN STATION,47,01:25,17
42037,MASS-GPD EMU LOCAL,SUB,Suburban,Daily,MASS,CHENNAI CENTRAL SUBURBAN STATION,GPD,GUMMIDIPUNDI,47,01:40,34
42038,GPD-MASS EMU LOCAL,SUB,Suburban,Daily,GPD,GUMMIDIPUNDI,MASS,CHENNAI CENTRAL SUBURBAN STATION,47,01:35,17
42040,GPD-MASS EMU LOCAL,SUB,Suburban,Daily,GPD,GUMMIDIPUNDI,MASS,CHENNAI CENTRAL SUBURBAN STATION,47,01:20,17
42042,GPD-MASS EMU LOCAL,SUB,Suburban,Daily,GPD,GUMMIDIPUNDI,MASS,CHENNAI CENTRAL SUBURBAN STATION,45,01:25,17
42301,MASS-PON EMU LOCAL,SUB,Suburban,Daily,MASS,CHENNAI CENTRAL SUBURBAN STATION,PON,PONNERI,35,01:20,15
42302,PON-MASS EMU LOCAL,SUB,Suburban,Daily,PON,PONNERI,MASS,CHENNAI CENTRAL SUBURBAN STATION,35,01:20,15
42401,MASS-SPE EMU LOCAL,SUB,Suburban,Daily,MASS,CHENNAI CENTRAL SUBURBAN STATION,SPE,SULLURUPETA,82,02:10,22
42402,SPE-MASS EMU LOCAL,SUB,Suburban,Daily,SPE,SULLURUPETA,MASS,CHENNAI CENTRAL SUBURBAN STATION,82,02:20,22
42403,MASS-SPE EMU LOCAL,SUB,Suburban,Daily,MASS,CHENNAI CENTRAL SUBURBAN STATION,SPE,SULLURUPETA,82,02:10,22
42404,SPE-MASS EMU LOCAL,SUB,Suburban,Daily,SPE,SULLURUPETA,MASS,CHENNAI CENTRAL SUBURBAN STATION,81,02:25,22
42406,SPE-MASS EMU LOCAL,SUB,Suburban,Daily,SPE,SULLURUPETA,MASS,CHENNAI CENTRAL SUBURBAN STATION,82,02:10,22
42407,MASS-SPE EMU LOCAL,SUB,Suburban,Daily,MASS,CHENNAI CENTRAL SUBURBAN STATION,SPE,SULLURUPETA,82,02:20,22
42408,SPE-MASS EMU LOCAL,SUB,Suburban,Daily,SPE,SULLURUPETA,MASS,CHENNAI CENTRAL SUBURBAN STATION,82,02:00,22
42410,SPE-MASS EMU LOCAL,SUB,Suburban,Daily,SPE,SULLURUPETA,MASS,CHENNAI CENTRAL SUBURBAN STATION,81,02:20,22
42411,MASS-SPE EMU LOCAL,SUB,Suburban,Daily,MASS,CHENNAI CENTRAL SUBURBAN STATION,SPE,SULLURUPETA,82,02:25,22
42413,MASS-SPE EMU LOCAL,SUB,Suburban,Daily,MASS,CHENNAI CENTRAL SUBURBAN STATION,SPE,SULLURUPETA,82,02:30,22
42414,SPE-MASS EMU LOCAL,SUB,Suburban,Daily,SPE,SULLURUPETA,MASS,CHENNAI CENTRAL SUBURBAN STATION,82,02:10,22
42415,MASS-SPE EMU LOCAL,SUB,Suburban,Daily,MASS,CHENNAI CENTRAL SUBURBAN STATION,SPE,SULLURUPETA,82,02:25,22
42416,SPE-MASS EMU LOCAL,SUB,Suburban,Daily,SPE,SULLURUPETA,MASS,CHENNAI CENTRAL SUBURBAN STATION,82,02:30,22
42418,SPE-MASS EMU LOCAL,SUB,Suburban,Daily,SPE,SULLURUPETA,MASS,CHENNAI CENTRAL SUBURBAN STATION,81,02:10,22
42419,MASS-SPE EMU LOCAL,SUB,Suburban,Daily,MASS,CHENNAI CENTRAL SUBURBAN STATION,SPE,SULLURUPETA,82,02:25,22
42421,MASS-SPE EMU LOCAL,SUB,Suburban,Daily,MASS,CHENNAI CENTRAL SUBURBAN STATION,SPE,SULLURUPETA,82,02:30,22
42422,SPE-MMC EMU LOCAL,SUB,Suburban,Daily,SPE,SULLURUPETA,MASS,CHENNAI CENTRAL SUBURBAN STATION,82,01:55,22
42423,MASS-SPE EMU LOCAL,SUB,Suburban,Daily,MASS,CHENNAI CENTRAL SUBURBAN STATION,SPE,SULLURUPETA,82,02:10,22
42425,MASS-SPE EMU LOCAL,SUB,Suburban,Daily,MASS,CHENNAI CENTRAL SUBURBAN STATION,SPE,SULLURUPETA,82,02:20,22
42427,MASS-SPE EMU LOCAL,SUB,Suburban,Daily,MASS,CHENNAI CENTRAL SUBURBAN STATION,SPE,SULLURUPETA,80,02:35,22
42501,CGL-GPD EMU LOCAL,SUB,Suburban,"Mon,Tue,Wed,Thu,Fri,Sat",CGL,CHENGALPATTU JN.,GPD,GUMMIDIPUNDI,106,03:30,45
42502,GPD-CGL EMU LOCAL,SUB,Suburban,"Mon,Tue,Wed,Thu,Fri,Sat",GPD,GUMMIDIPUNDI,CGL,CHENGALPATTU JN.,106,03:40,45
42521,TBM-GPD EMU ,SUB,Suburban,"Mon,Tue,Wed,Thu,Fri,Sat",TBM,TAMBARAM,GPD,GUMMIDIPUNDI,76,03:07,35
42522,GPD-TBM,SUB,Suburban,"Mon,Tue,Wed,Thu,Fri,Sat",GPD,GUMMIDIPUNDI,TBM,TAMBARAM,76,02:50,35
42601,MSB-GDP LOCAL,SUB,Suburban,Daily,MSB,CHENNAI BEACH,GPD,GUMMIDIPUNDI,47,01:50,18
42602,GPD-MSB LOCAL,SUB,Suburban,Daily,GPD,GUMMIDIPUNDI,MSB,CHENNAI BEACH,47,01:40,18
42603,MSB-GPD LOCAL,SUB,Suburban,Daily,MSB,CHENNAI BEACH,GPD,GUMMIDIPUNDI,47,01:20,18
42604,GPD-MSB EMU,SUB,Suburban,Daily,GPD,GUMMIDIPUNDI,MSB,CHENNAI BEACH,47,01:35,18
42605,MSB-GPD LOCAL,SUB,Suburban,Daily,MSB,CHENNAI BEACH,GPD,GUMMIDIPUNDI,47,01:40,18
42606,GPD-MSB EMU LOCAL,SUB,Suburban,Daily,GPD,GUMMIDIPUNDI,MSB,CHENNAI BEACH,47,01:35,18
42607,MSB-GPD LOCAL,SUB,Suburban,Daily,MSB,CHENNAI BEACH,GPD,GUMMIDIPUNDI,47,01:35,18
42608,GPD-MSB EMU LOCAL,SUB,Suburban,Daily,GPD,GUMMIDIPUNDI,MSB,CHENNAI BEACH,47,01:25,18
42609,MSB-GPD LOCAL,SUB,Suburban,Daily,MSB,CHENNAI BEACH,GPD,GUMMIDIPUNDI,47,01:40,18
42610,GDP-MSB LOCAL,SUB,Suburban,Daily,GPD,GUMMIDIPUNDI,MSB,CHENNAI BEACH,47,01:45,18
42611,MSB-GPD EMU LOCAL,SUB,Suburban,Daily,MSB,CHENNAI BEACH,GPD,GUMMIDIPUNDI,47,01:40,18
42613,MSB - GPD EMU,SUB,Suburban,Daily,MSB,CHENNAI BEACH,GPD,GUMMIDIPUNDI,47,01:30,18
42701,MSB-PON EMU LOCAL,SUB,Suburban,Daily,MSB,CHENNAI BEACH,PON,PONNERI,35,01:15,16
42702,PON-MSB,SUB,Suburban,Daily,PON,PONNERI,MSB,CHENNAI BEACH,35,01:25,16
42802,SPE-MSB LOCAL,SUB,Suburban,Daily,SPE,SULLURUPETA,MSB,CHENNAI BEACH,83,02:30,23
42804,SPE-MSB EMU LOCAL,SUB,Suburban,Daily,SPE,SULLURUPETA,MSB,CHENNAI BEACH,83,02:20,23
43001,MASS-AVD EMU LOCAL,SUB,Suburban,Daily,MASS,CHENNAI CENTRAL SUBURBAN STATION,AVD,AVADI,22,00:50,13
43002,AVD-MASS EMU LOCAL,SUB,Suburban,Daily,AVD,AVADI,MASS,CHENNAI CENTRAL SUBURBAN STATION,22,00:50,13
43003,MASS-AVD EMU LOCAL,SUB,Suburban,Daily,MASS,CHENNAI CENTRAL SUBURBAN STATION,AVD,AVADI,22,00:45,13
43005,MASS-AVD EMU LOCAL,SUB,Suburban,Daily,MASS,CHENNAI CENTRAL SUBURBAN STATION,AVD,AVADI,22,00:45,13
43006,AVD-MASS EMU LOCAL,SUB,Suburban,Daily,AVD,AVADI,MASS,CHENNAI CENTRAL SUBURBAN STATION,22,00:50,13
43007,MASS-AVD EMU LOCAL,SUB,Suburban,Daily,MASS,CHENNAI CENTRAL SUBURBAN STATION,AVD,AVADI,22,00:45,13
43009,MASS-AVD EMU LOCAL,SUB,Suburban,Daily,MASS,CHENNAI CENTRAL SUBURBAN STATION,AVD,AVADI,22,00:45,13
43010,AVD-MASS EMU LOCAL,SUB,Suburban,Daily,AVD,AVADI,MASS,CHENNAI CENTRAL SUBURBAN STATION,22,00:50,13
43011,MASS-AVD EMU LOCAL,SUB,Suburban,Daily,MASS,CHENNAI CENTRAL SUBURBAN STATION,AVD,AVADI,22,00:50,13
43012,AVD - MASS EMU,SUB,Suburban,Daily,AVD,AVADI,MASS,CHENNAI CENTRAL SUBURBAN STATION,22,00:45,13
43013,MASS-AVD EMU LOCAL,SUB,Suburban,Daily,MASS,CHENNAI CENTRAL SUBURBAN STATION,AVD,AVADI,22,00:45,13
43014,AVD-MASS EMU LOCAL,SUB,Suburban,Daily,AVD,AVADI,MASS,CHENNAI CENTRAL SUBURBAN STATION,22,00:45,13
43016,AVD-MASS EMU LOCAL,SUB,Suburban,Daily,AVD,AVADI,MASS,CHENNAI CENTRAL SUBURBAN STATION,22,00:50,13
43101,MASS - E-DEPO EMU LOCAL,SUB,Suburban,Daily,MASS,CHENNAI CENTRAL SUBURBAN STATION,PRES,PATTABIRAM E DEPOT,31,01:05,17
43102,E-DEPO - MASS EMU LOCAL,SUB,Suburban,Daily,PRES,PATTABIRAM E DEPOT,MASS,CHENNAI CENTRAL SUBURBAN STATION,31,01:15,17
43103,MASS - E-DEPO EMU LOCAL,SUB,Suburban,Daily,MASS,CHENNAI CENTRAL SUBURBAN STATION,PRES,PATTABIRAM E DEPOT,31,01:10,17
43104,E-DEPO - MASS EMU LOCAL,SUB,Suburban,Daily,PRES,PATTABIRAM E DEPOT,MASS,CHENNAI CENTRAL SUBURBAN STATION,31,01:10,17
43105,MASS - E-DEPO EMU LOCAL,SUB,Suburban,Daily,MASS,CHENNAI CENTRAL SUBURBAN STATION,PRES,PATTABIRAM E DEPOT,31,01:10,17
43106,E-DEPO - MASS EMU LOCAL,SUB,Suburban,Daily,PRES,PATTABIRAM E DEPOT,MASS,CHENNAI CENTRAL SUBURBAN STATION,31,01:10,17
43107,MASS - E-DEPO EMU LOCAL,SUB,Suburban,Daily,MASS,CHENNAI CENTRAL SUBURBAN STATION,PRES,PATTABIRAM E DEPOT,31,01:20,17
43108,E-DEPO - MASS EMU LOCAL,SUB,Suburban,Daily,PRES,PATTABIRAM E DEPOT,MASS,CHENNAI CENTRAL SUBURBAN STATION,31,01:05,17
43109,MASS - E-DEPO EMU LOCAL,SUB,Suburban,Daily,MASS,CHENNAI CENTRAL SUBURBAN STATION,PRES,PATTABIRAM E DEPOT,31,01:10,17
43110,E-DEPO - MASS EMU LOCAL,SUB,Suburban,Daily,PRES,PATTABIRAM E DEPOT,MASS,CHENNAI CENTRAL SUBURBAN STATION,31,01:10,17
43111,MASS - E-DEPO EMU LOCAL,SUB,Suburban,Daily,MASS,CHENNAI CENTRAL SUBURBAN STATION,PRES,PATTABIRAM E DEPOT,31,01:10,17
43112,E-DEPO - MASS EMU LOCAL,SUB,Suburban,Daily,PRES,PATTABIRAM E DEPOT,MASS,CHENNAI CENTRAL SUBURBAN STATION,31,01:10,17
43113,MASS - E-DEPO EMU LOCAL,SUB,Suburban,Daily,MASS,CHENNAI CENTRAL SUBURBAN STATION,PRES,PATTABIRAM E DEPOT,31,01:15,17
43114,E-DEPO - MASS EMU LOCAL,SUB,Suburban,Daily,PRES,PATTABIRAM E DEPOT,MASS,CHENNAI CENTRAL SUBURBAN STATION,31,01:10,17
43115,MASS - E-DEPO EMU LOCAL,SUB,Suburban,Daily,MASS,CHENNAI CENTRAL SUBURBAN STATION,PRES,PATTABIRAM E DEPOT,31,01:10,17
43116,E-DEPO - MASS EMU LOCAL,SUB,Suburban,Daily,PRES,PATTABIRAM E DEPOT,MASS,CHENNAI CENTRAL SUBURBAN STATION,31,01:10,17
43117,MASS - E-DEPO EMU LOCAL,SUB,Suburban,Daily,MASS,CHENNAI CENTRAL SUBURBAN STATION,PRES,PATTABIRAM E DEPOT,31,01:10,17
43118,E-DEPO - MASS EMU LOCAL,SUB,Suburban,Daily,PRES,PATTABIRAM E DEPOT,MASS,CHENNAI CENTRAL SUBURBAN STATION,31,01:10,17
43119,MASS - E-DEPO EMU LOCAL,SUB,Suburban,Daily,MASS,CHENNAI CENTRAL SUBURBAN STATION,PRES,PATTABIRAM E DEPOT,31,01:05,17
43120,E-DEPO - MASS EMU LOCAL,SUB,Suburban,Daily,PRES,PATTABIRAM E DEPOT,MASS,CHENNAI CENTRAL SUBURBAN STATION,31,01:05,17
43121,MASS - E-DEPO EMU LOCAL,SUB,Suburban,Daily,MASS,CHENNAI CENTRAL SUBURBAN STATION,PRES,PATTABIRAM E DEPOT,31,01:10,17
43122,E-DEPO - MASS EMU LOCAL,SUB,Suburban,Daily,PRES,PATTABIRAM E DEPOT,MASS,CHENNAI CENTRAL SUBURBAN STATION,31,01:10,17
43123,MASS - E-DEPO EMU LOCAL,SUB,Suburban,Daily,MASS,CHENNAI CENTRAL SUBURBAN STATION,PRES,PATTABIRAM E DEPOT,31,01:05,17
43124,E-DEPO - MASS EMU LOCAL,SUB,Suburban,Daily,PRES,PATTABIRAM E DEPOT,MASS,CHENNAI CENTRAL SUBURBAN STATION,31,01:10,17
43126,E-DEPO - MASS EMU LOCAL,SUB,Suburban,Daily,PRES,PATTABIRAM E DEPOT,MASS,CHENNAI CENTRAL SUBURBAN STATION,31,01:10,17
43201,MMC-TRL EMU LOCAL,SUB,Suburban,Daily,MASS,CHENNAI CENTRAL SUBURBAN STATION,TRL,TIRUVALLUR,42,01:15,21
43202,TRL-MASS EMU LOCAL,SUB,Suburban,Daily,TRL,TIRUVALLUR,MASS,CHENNAI CENTRAL SUBURBAN STATION,42,01:15,21
43203,MMC-TRL EMU LOCAL,SUB,Suburban,Daily,MASS,CHENNAI CENTRAL SUBURBAN STATION,TRL,TIRUVALLUR,42,01:20,21
43204,TRL-MASS EMU LOCAL,SUB,Suburban,Daily,TRL,TIRUVALLUR,MASS,CHENNAI CENTRAL SUBURBAN STATION,42,01:15,21
43205,MASS-TRL EMU LOCAL,SUB,Suburban,Daily,MASS,CHENNAI CENTRAL SUBURBAN STATION,TRL,TIRUVALLUR,42,01:20,21
43206,TRL-MASS EMU LOCAL,SUB,Suburban,Daily,TRL,TIRUVALLUR,MASS,CHENNAI CENTRAL SUBURBAN STATION,42,01:20,21
43207,MASS-TRL EMU LOCAL,SUB,Suburban,Daily,MASS,CHENNAI CENTRAL SUBURBAN STATION,TRL,TIRUVALLUR,42,01:15,21
43208,TRL-MASS EMU LOCAL,SUB,Suburban,Daily,TRL,TIRUVALLUR,MASS,CHENNAI CENTRAL SUBURBAN STATION,42,01:20,21
43209,MASS-TRL EMU LOCAL,SUB,Suburban,Daily,MASS,CHENNAI CENTRAL SUBURBAN STATION,TRL,TIRUVALLUR,42,01:15,21
43210,TRL-MASS EMU LOCAL,SUB,Suburban,Daily,TRL,TIRUVALLUR,MASS,CHENNAI CENTRAL SUBURBAN STATION,42,01:15,21
43211,MASS-TRL EMU LOCAL,SUB,Suburban,Daily,MASS,CHENNAI CENTRAL SUBURBAN STATION,TRL,TIRUVALLUR,42,01:15,21
43212,TRL-MASS EMU LOCAL,SUB,Suburban,Daily,TRL,TIRUVALLUR,MASS,CHENNAI CENTRAL SUBURBAN STATION,42,01:20,21
43213,MASS-TRL EMU LOCAL,SUB,Suburban,Daily,MASS,CHENNAI CENTRAL SUBURBAN STATION,TRL,TIRUVALLUR,42,01:15,21
43214,TRL-MASS EMU LOCAL,SUB,Suburban,Daily,TRL,TIRUVALLUR,MASS,CHENNAI CENTRAL SUBURBAN STATION,42,01:20,21
43215,MASS-TRL EMU LOCAL,SUB,Suburban,Daily,MASS,CHENNAI CENTRAL SUBURBAN STATION,TRL,TIRUVALLUR,42,01:20,21
43216,TRL-MASS EMU FAST,SUB,Suburban,Daily,TRL,TIRUVALLUR,MASS,CHENNAI CENTRAL SUBURBAN STATION,42,01:00,10
43217,MASS-TRL EMU LOCAL,SUB,Suburban,Daily,MASS,CHENNAI CENTRAL SUBURBAN STATION,TRL,TIRUVALLUR,42,01:30,21
43218,TRL-MASS EMU LOCAL,SUB,Suburban,Daily,TRL,TIRUVALLUR,MASS,CHENNAI CENTRAL SUBURBAN STATION,42,01:20,21
43219,MASS-TRL EMU LOCAL,SUB,Suburban,Daily,MASS,CHENNAI CENTRAL SUBURBAN STATION,TRL,TIRUVALLUR,42,01:20,21
43220,TRL-MASS EMU LOCAL,SUB,Suburban,Daily,TRL,TIRUVALLUR,MASS,CHENNAI CENTRAL SUBURBAN STATION,42,01:15,21
43221,MASS-TRL EMU LOCAL,SUB,Suburban,Daily,MASS,CHENNAI CENTRAL SUBURBAN STATION,TRL,TIRUVALLUR,42,01:20,21
43222,TRL-MASS EMU FAST,SUB,Suburban,Daily,TRL,TIRUVALLUR,MASS,CHENNAI CENTRAL SUBURBAN STATION,42,01:05,10
43223,MASS-TRL EMU LOCAL,SUB,Suburban,Daily,MASS,CHENNAI CENTRAL SUBURBAN STATION,TRL,TIRUVALLUR,42,01:15,21
43224,TRL-MASS EMU LOCAL,SUB,Suburban,Daily,TRL,TIRUVALLUR,MASS,CHENNAI CENTRAL SUBURBAN STATION,42,01:20,21
43225,MASS-TRL EMU LOCAL,SUB,Suburban,Daily,MASS,CHENNAI CENTRAL SUBURBAN STATION,TRL,TIRUVALLUR,42,01:20,21
43226,TRL-MASS EMU LOCAL,SUB,Suburban,Daily,TRL,TIRUVALLUR,MASS,CHENNAI CENTRAL SUBURBAN STATION,42,01:15,21
43227,MASS-TRL EMU LOCAL,SUB,Suburban,Daily,MASS,CHENNAI CENTRAL SUBURBAN STATION,TRL,TIRUVALLUR,42,01:20,21
43228,TRL-MASS EMU LOCAL,SUB,Suburban,Daily,TRL,TIRUVALLUR,MASS,CHENNAI CENTRAL SUBURBAN STATION,42,01:20,21
43229,MASS-TRL EMU LOCAL,SUB,Suburban,Daily,MASS,CHENNAI CENTRAL SUBURBAN STATION,TRL,TIRUVALLUR,42,01:15,21
43230,TRL-MASS EMU LOCAL,SUB,Suburban,Daily,TRL,TIRUVALLUR,MASS,CHENNAI CENTRAL SUBURBAN STATION,42,01:20,21
43231,MASS-TRL EMU LOCAL,SUB,Suburban,Daily,MASS,CHENNAI CENTRAL SUBURBAN STATION,TRL,TIRUVALLUR,42,01:15,21
43232,TRL-MASS EMU LOCAL,SUB,Suburban,Daily,TRL,TIRUVALLUR,MASS,CHENNAI CENTRAL SUBURBAN STATION,42,01:25,21
43233,MASS-TRL EMU LOCAL,SUB,Suburban,Daily,MASS,CHENNAI CENTRAL SUBURBAN STATION,TRL,TIRUVALLUR,42,01:20,21
43234,TRL-MASS EMU LOCAL,SUB,Suburban,Daily,TRL,TIRUVALLUR,MASS,CHENNAI CENTRAL SUBURBAN STATION,42,01:20,21
43235,MASS-TRL EMU LOCAL,SUB,Suburban,Daily,MASS,CHENNAI CENTRAL SUBURBAN STATION,TRL,TIRUVALLUR,42,01:15,21
43236,TRL-MASS EMU LOCAL,SUB,Suburban,Daily,TRL,TIRUVALLUR,MASS,CHENNAI CENTRAL SUBURBAN STATION,42,01:20,21
43237,MASS-TRL EMU LOCAL,SUB,Suburban,Daily,MASS,CHENNAI CENTRAL SUBURBAN STATION,TRL,TIRUVALLUR,42,01:15,21
43238,TRL-MASS EMU LOCAL,SUB,Suburban,Daily,TRL,TIRUVALLUR,MASS,CHENNAI CENTRAL SUBURBAN STATION,42,01:20,21
43239,MASS-TRL EMU LOCAL,SUB,Suburban,Daily,MASS,CHENNAI CENTRAL SUBURBAN STATION,TRL,TIRUVALLUR,42,01:15,21
43240,TRL-MASS EMU LOCAL,SUB,Suburban,Daily,TRL,TIRUVALLUR,MASS,CHENNAI CENTRAL SUBURBAN STATION,42,01:10,21
43241,MASS-TRL EMU LOCAL,SUB,Suburban,Daily,MASS,CHENNAI CENTRAL SUBURBAN STATION,TRL,TIRUVALLUR,42,01:20,21
43242,TRL-MASS EMU LOCAL,SUB,Suburban,Daily,TRL,TIRUVALLUR,MASS,CHENNAI CENTRAL SUBURBAN STATION,42,01:15,22
43243,MASS-TRL EMU LOCAL,SUB,Suburban,Daily,MASS,CHENNAI CENTRAL SUBURBAN STATION,TRL,TIRUVALLUR,42,01:15,21
43244,TRL-MASS EMU LOCAL,SUB,Suburban,Daily,TRL,TIRUVALLUR,MASS,CHENNAI CENTRAL SUBURBAN STATION,42,01:15,21
43245,MASS-TRL EMU LOCAL,SUB,Suburban,Daily,MASS,CHENNAI CENTRAL SUBURBAN STATION,TRL,TIRUVALLUR,42,01:20,21
43246,TRL-MASS EMU LOCAL,SUB,Suburban,Daily,TRL,TIRUVALLUR,MASS,CHENNAI CENTRAL SUBURBAN STATION,42,01:15,21
43247,MASS-TRL EMU LOCAL,SUB,Suburban,Daily,MASS,CHENNAI CENTRAL SUBURBAN STATION,TRL,TIRUVALLUR,42,01:20,21
43248,TRL-MASS EMU LOCAL,SUB,Suburban,Daily,TRL,TIRUVALLUR,MASS,CHENNAI CENTRAL SUBURBAN STATION,42,01:15,21
43249,MASS-TRL EMU LOCAL,SUB,Suburban,Daily,MASS,CHENNAI CENTRAL SUBURBAN STATION,TRL,TIRUVALLUR,42,01:20,21
43250,TRL-MASS EMU LOCAL,SUB,Suburban,Daily,TRL,TIRUVALLUR,MASS,CHENNAI CENTRAL SUBURBAN STATION,42,01:30,21
43251,MASS-TRL EMU LOCAL,SUB,Suburban,Daily,MASS,CHENNAI CENTRAL SUBURBAN STATION,TRL,TIRUVALLUR,42,01:20,21
43252,TRL-MASS EMU LOCAL,SUB,Suburban,Daily,TRL,TIRUVALLUR,MASS,CHENNAI CENTRAL SUBURBAN STATION,42,01:20,21
43253,MASS-TRL EMU LOCAL,SUB,Suburban,Daily,MASS,CHENNAI CENTRAL SUBURBAN STATION,TRL,TIRUVALLUR,42,01:20,21
43254,TRL-MASS EMU LOCAL,SUB,Suburban,Daily,TRL,TIRUVALLUR,MASS,CHENNAI CENTRAL SUBURBAN STATION,42,01:20,21
43401,MASS-AJJ EMU FAST,SUB,Suburban,Daily,MASS,CHENNAI CENTRAL SUBURBAN STATION,AJJ,ARAKKONAM JN.,69,01:25,10
43402,AJJ-MASS EMU LOCAL,SUB,Suburban,Daily,AJJ,ARAKKONAM JN.,MASS,CHENNAI CENTRAL SUBURBAN STATION,69,02:00,29
43403,MASS-AJJ EMU LOCAL,SUB,Suburban,Daily,MASS,CHENNAI CENTRAL SUBURBAN STATION,AJJ,ARAKKONAM JN.,69,02:00,29
43404,AJJ-MASS EMU LOCAL,SUB,Suburban,Daily,AJJ,ARAKKONAM JN.,MASS,CHENNAI CENTRAL SUBURBAN STATION,69,02:00,29
43407,MASS-AJJ EMU LOCAL,SUB,Suburban,Daily,MASS,CHENNAI CENTRAL SUBURBAN STATION,AJJ,ARAKKONAM JN.,69,02:15,29
43408,AJJ-MASS EMU FAST LOCAL,SUB,Suburban,Daily,AJJ,ARAKKONAM JN.,MASS,CHENNAI CENTRAL SUBURBAN STATION,69,01:45,18
43409,MASS-AJJ EMU LOCAL,SUB,Suburban,Daily,MASS,CHENNAI CENTRAL SUBURBAN STATION,AJJ,ARAKKONAM JN.,69,02:00,29
43410,AJJ-MASS FAST LOCAL,SUB,Suburban,Daily,AJJ,ARAKKONAM JN.,MASS,CHENNAI CENTRAL SUBURBAN STATION,69,01:50,19
43411,MASS-AJJ EMU LOCAL,SUB,Suburban,Daily,MASS,CHENNAI CENTRAL SUBURBAN STATION,AJJ,ARAKKONAM JN.,69,02:05,29
43412,AJJ-MASS EMU LOCAL,SUB,Suburban,Daily,AJJ,ARAKKONAM JN.,MASS,CHENNAI CENTRAL SUBURBAN STATION,69,02:00,29
43413,MASS-AJJ EMU LOCAL,SUB,Suburban,Daily,MASS,CHENNAI CENTRAL SUBURBAN STATION,AJJ,ARAKKONAM JN.,69,02:10,29
43414,AJJ-MASS EMU LOCAL,SUB,Suburban,Daily,AJJ,ARAKKONAM JN.,MASS,CHENNAI CENTRAL SUBURBAN STATION,69,01:50,29
43415,MASS-AJJ EMU LOCAL,SUB,Suburban,Daily,MASS,CHENNAI CENTRAL SUBURBAN STATION,AJJ,ARAKKONAM JN.,69,02:10,29
43417,MASS-AJJ EMU,SUB,Suburban,Daily,MASS,CHENNAI CENTRAL SUBURBAN STATION,AJJ,ARAKKONAM JN.,69,02:00,29
43418,AJJ-MASS EMU LOCAL,SUB,Suburban,Daily,AJJ,ARAKKONAM JN.,MASS,CHENNAI CENTRAL SUBURBAN STATION,69,01:55,29
43420,AJJ-MASS EMU LOCAL,SUB,Suburban,Daily,AJJ,ARAKKONAM JN.,MASS,CHENNAI CENTRAL SUBURBAN STATION,69,02:00,29
43421,MASS-AJJ EMU LOCAL,SUB,Suburban,Daily,MASS,CHENNAI CENTRAL SUBURBAN STATION,AJJ,ARAKKONAM JN.,69,01:55,29
43422,AJJ-MASS EMU LOCAL,SUB,Suburban,Daily,AJJ,ARAKKONAM JN.,MASS,CHENNAI CENTRAL SUBURBAN STATION,69,02:10,29
43423,MASS-AJJ LOCAL,SUB,Suburban,Daily,MASS,CHENNAI CENTRAL SUBURBAN STATION,AJJ,ARAKKONAM JN.,69,01:55,29
43424,AJJ-MASS EMU LOCAL,SUB,Suburban,Daily,AJJ,ARAKKONAM JN.,MASS,CHENNAI CENTRAL SUBURBAN STATION,69,02:05,29
43425,MASS-AJJ FAST LOCAL,SUB,Suburban,Daily,MASS,CHENNAI CENTRAL SUBURBAN STATION,AJJ,ARAKKONAM JN.,69,01:40,11
43426,AJJ-MASS EMU LOCAL,SUB,Suburban,Daily,AJJ,ARAKKONAM JN.,MASS,CHENNAI CENTRAL SUBURBAN STATION,69,02:00,29
43427,MASS-AJJ EMU LOCAL,SUB,Suburban,Daily,MASS,CHENNAI CENTRAL SUBURBAN STATION,AJJ,ARAKKONAM JN.,69,02:00,29
43428,AJJ-MASS EMU LOCAL,SUB,Suburban,Daily,AJJ,ARAKKONAM JN.,MASS,CHENNAI CENTRAL SUBURBAN STATION,69,01:55,29
43429,MASS-AJJ EMU LOCAL,SUB,Suburban,Daily,MASS,CHENNAI CENTRAL SUBURBAN STATION,AJJ,ARAKKONAM JN.,69,02:00,29
43432,AJJ-MASS EMU LOCAL,SUB,Suburban,Daily,AJJ,ARAKKONAM JN.,MASS,CHENNAI CENTRAL SUBURBAN STATION,69,02:00,29
43433,MASS-AJJ EMU FAST LOCAL,SUB,Suburban,Daily,MASS,CHENNAI CENTRAL SUBURBAN STATION,AJJ,ARAKKONAM JN.,69,01:30,10
43434,AJJ-MASS EMU LOCAL,SUB,Suburban,Daily,AJJ,ARAKKONAM JN.,MASS,CHENNAI CENTRAL SUBURBAN STATION,69,02:05,29
43435,MASS-AJJ EMU,SUB,Suburban,Daily,MASS,CHENNAI CENTRAL SUBURBAN STATION,AJJ,ARAKKONAM JN.,69,02:05,29
43438,AJJ-MASS EMU,SUB,Suburban,Daily,AJJ,ARAKKONAM JN.,MASS,CHENNAI CENTRAL SUBURBAN STATION,69,02:00,29
43439,MASS-AJJ,SUB,Suburban,Daily,MASS,CHENNAI CENTRAL SUBURBAN STATION,AJJ,ARAKKONAM JN.,69,01:55,29
43440,AJJ-MASS EMU LOCAL,SUB,Suburban,Daily,AJJ,ARAKKONAM JN.,MASS,CHENNAI CENTRAL SUBURBAN STATION,69,01:50,29
43441,MASS-AJJ EMU LOCAL,SUB,Suburban,Daily,MASS,CHENNAI CENTRAL SUBURBAN STATION,AJJ,ARAKKONAM JN.,69,02:05,29
43442,AJJ-MASS EMU LOCAL,SUB,Suburban,Daily,AJJ,ARAKKONAM JN.,MASS,CHENNAI CENTRAL SUBURBAN STATION,69,01:55,29
43501,MAS-TRT EMU LOCAL,SUB,Suburban,Daily,MASS,CHENNAI CENTRAL SUBURBAN STATION,TRT,TIRUTTANI,82,02:15,30
43502,TRT-MASS EMU LOCAL,SUB,Suburban,Daily,TRT,TIRUTTANI,MASS,CHENNAI CENTRAL SUBURBAN STATION,82,02:25,30
43503,MASS-TRT EMU LOCAL,SUB,Suburban,Daily,MASS,CHENNAI CENTRAL SUBURBAN STATION,TRT,TIRUTTANI,82,02:30,30
43504,TRT-MASS EMU LOCAL,SUB,Suburban,Daily,TRT,TIRUTTANI,MASS,CHENNAI CENTRAL SUBURBAN STATION,82,02:30,30
43505,MASS-TRT EMU LOCAL,SUB,Suburban,Daily,MASS,CHENNAI CENTRAL SUBURBAN STATION,TRT,TIRUTTANI,82,02:25,30
43506,TRT-MASS EMU LOCAL,SUB,Suburban,Daily,TRT,TIRUTTANI,MASS,CHENNAI CENTRAL SUBURBAN STATION,82,02:25,30
43507,MASS-TRT EMU LOCAL,SUB,Suburban,Daily,MASS,CHENNAI CENTRAL SUBURBAN STATION,TRT,TIRUTTANI,82,02:20,30
43509,MASS-TRT EMU LOCAL,SUB,Suburban,Daily,MASS,CHENNAI CENTRAL SUBURBAN STATION,TRT,TIRUTTANI,82,02:20,30
43510,TRT-MASS EMU LOCAL,SUB,Suburban,Daily,TRT,TIRUTTANI,MASS,CHENNAI CENTRAL SUBURBAN STATION,82,02:10,30
43511,MASS-TRT EMU LOCAL,SUB,Suburban,Daily,MASS,CHENNAI CENTRAL SUBURBAN STATION,TRT,TIRUTTANI,82,02:25,30
43512,TRT-MASS EMU LOCAL,SUB,Suburban,Daily,TRT,TIRUTTANI,MASS,CHENNAI CENTRAL SUBURBAN STATION,82,02:35,30
43513,MASS-TRT EMU LOCAL,SUB,Suburban,Daily,MASS,CHENNAI CENTRAL SUBURBAN STATION,TRT,TIRUTTANI,82,02:25,30
43514,TRT-MASS EMU LOCAL,SUB,Suburban,Daily,TRT,TIRUTTANI,MASS,CHENNAI CENTRAL SUBURBAN STATION,82,02:20,30
43515,MASS-TRT EMU LOCAL,SUB,Suburban,Daily,MASS,CHENNAI CENTRAL SUBURBAN STATION,TRT,TIRUTTANI,82,02:30,30
43516,TRT-MASS EMU LOCAL,SUB,Suburban,Daily,TRT,TIRUTTANI,MASS,CHENNAI CENTRAL SUBURBAN STATION,82,02:20,30
43517,MASS-TRT EMU LOCAL,SUB,Suburban,Daily,MASS,CHENNAI CENTRAL SUBURBAN STATION,TRT,TIRUTTANI,82,02:30,30
43518,TRT-MASS EMU LOCAL,SUB,Suburban,Daily,TRT,TIRUTTANI,MASS,CHENNAI CENTRAL SUBURBAN STATION,82,02:10,30
43519,MASS-TRT EMU LOCAL,SUB,Suburban,Daily,MASS,CHENNAI CENTRAL SUBURBAN STATION,TRT,TIRUTTANI,82,02:40,30
43520,TRT-MASS EMU LOCAL,SUB,Suburban,Daily,TRT,TIRUTTANI,MASS,CHENNAI CENTRAL SUBURBAN STATION,82,02:20,30
43522,TRT-MASS EMU LOCAL,SUB,Suburban,Daily,TRT,TIRUTTANI,MASS,CHENNAI CENTRAL SUBURBAN STATION,82,02:35,30
43524,TRT-MASS EMU LOCAL,SUB,Suburban,Daily,TRT,TIRUTTANI,MASS,CHENNAI CENTRAL SUBURBAN STATION,82,02:35,30
43551,AJJ-TRT EMU LOCAL,SUB,Suburban,Daily,AJJ,ARAKKONAM JN.,TRT,TIRUTTANI,13,00:20,2
43552,TRT-AJJ EMU LOCAL,SUB,Suburban,Daily,TRT,TIRUTTANI,AJJ,ARAKKONAM JN.,13,00:25,2
43553,AJJ-TRT EMU LOCAL,SUB,Suburban,Daily,AJJ,ARAKKONAM JN.,TRT,TIRUTTANI,13,00:20,2
43554,TRT-AJJ EMU LOCAL,SUB,Suburban,Daily,TRT,TIRUTTANI,AJJ,ARAKKONAM JN.,13,00:25,2
43601,MSB-AVD EMU LOCAL,SUB,Suburban,Daily,MSB,CHENNAI BEACH,AVD,AVADI,23,00:50,14
43602,AVD-MSB LOCAL,SUB,Suburban,Daily,AVD,AVADI,MSB,CHENNAI BEACH,23,00:55,14
43603,MSB-AVD EMU LOCAL,SUB,Suburban,Daily,MSB,CHENNAI BEACH,AVD,AVADI,23,00:55,14
43604,AVD-MSB EMU LOCAL,SUB,Suburban,Daily,AVD,AVADI,MSB,CHENNAI BEACH,23,01:05,14
43605,MSB-AVD EMU LOCAL,SUB,Suburban,Daily,MSB,CHENNAI BEACH,AVD,AVADI,23,00:50,14
43606,AVD-MSB LOCAL,SUB,Suburban,Daily,AVD,AVADI,MSB,CHENNAI BEACH,23,00:55,14
43607,MSB-AVD LOCAL,SUB,Suburban,Daily,MSB,CHENNAI BEACH,AVD,AVADI,23,00:55,14
43608,AVD-MSB LOCAL,SUB,Suburban,Daily,AVD,AVADI,MSB,CHENNAI BEACH,23,01:05,14
43609,MSB-AVD LOCAL,SUB,Suburban,Daily,MSB,CHENNAI BEACH,AVD,AVADI,23,00:50,14
43610,AVD-MSB LOCAL,SUB,Suburban,Daily,AVD,AVADI,MSB,CHENNAI BEACH,23,01:00,14
43611,MSB-AVD LOCAL,SUB,Suburban,Daily,MSB,CHENNAI BEACH,AVD,AVADI,23,00:50,14
43612,AVD-MSB LOCAL,SUB,Suburban,Daily,AVD,AVADI,MSB,CHENNAI BEACH,23,00:55,14
43613,MSB-AVD EMU LOCAL,SUB,Suburban,Daily,MSB,CHENNAI BEACH,AVD,AVADI,23,01:15,14
43614,AVD-MSB LOCAL,SUB,Suburban,Daily,AVD,AVADI,MSB,CHENNAI BEACH,23,01:00,14
43616,AVD-MSB EMU LOCAL,SUB,Suburban,Daily,AVD,AVADI,MSB,CHENNAI BEACH,23,00:55,14
43618,AVD-MSB EMU LOCAL,SUB,Suburban,Daily,AVD,AVADI,MSB,CHENNAI BEACH,23,01:00,14
43620,AVD-MSB LOCAL,SUB,Suburban,Daily,AVD,AVADI,MSB,CHENNAI BEACH,23,00:50,14
43622,AVD-MSB LOCAL,SUB,Suburban,Daily,AVD,AVADI,MSB,CHENNAI BEACH,23,00:55,14
43624,AVD-MSB EMU,SUB,Suburban,Daily,AVD,AVADI,MSB,CHENNAI BEACH,23,01:00,14
43701,MSB-TRL EMU LOCAL,SUB,Suburban,Daily,MSB,CHENNAI BEACH,TRL,TIRUVALLUR,43,01:40,22
43702,TRL-MSB LOCAL,SUB,Suburban,Daily,TRL,TIRUVALLUR,MSB,CHENNAI BEACH,44,01:25,22
43703,MSB-TRL LOCAL,SUB,Suburban,Daily,MSB,CHENNAI BEACH,TRL,TIRUVALLUR,43,01:40,22
43704,TRL-MSB EMU LOCAL,SUB,Suburban,Daily,TRL,TIRUVALLUR,MSB,CHENNAI BEACH,44,01:30,22
43705,MSB -TRL EMU LOCAL,SUB,Suburban,Daily,MSB,CHENNAI BEACH,TRL,TIRUVALLUR,43,01:30,22
43706,TRL-MSB LOCAL,SUB,Suburban,Daily,TRL,TIRUVALLUR,MSB,CHENNAI BEACH,44,01:35,22
43707,MSB-TRL LOCAL,SUB,Suburban,Daily,MSB,CHENNAI BEACH,TRL,TIRUVALLUR,43,01:25,22
43708,TRL-MSB EMU LOCAL,SUB,Suburban,Daily,TRL,TIRUVALLUR,MSB,CHENNAI BEACH,44,01:20,22
43709,MSB-TRL LOCAL,SUB,Suburban,Daily,MSB,CHENNAI BEACH,TRL,TIRUVALLUR,43,01:25,22
43710,TRL-MSB EMU LOCAL,SUB,Suburban,Daily,TRL,TIRUVALLUR,MSB,CHENNAI BEACH,44,01:30,22
43711,MSB-TRL LOCAL,SUB,Suburban,Daily,MSB,CHENNAI BEACH,TRL,TIRUVALLUR,43,01:25,22
43712,TRL-MSB EMU LOCAL,SUB,Suburban,Daily,TRL,TIRUVALLUR,MSB,CHENNAI BEACH,44,01:30,22
43713,MSB-TRL EMU LOCAL,SUB,Suburban,Daily,MSB,CHENNAI BEACH,TRL,TIRUVALLUR,43,01:30,22
43715,MSB-TRL EMU LOCAL,SUB,Suburban,Daily,MSB,CHENNAI BEACH,TRL,TIRUVALLUR,43,01:25,22
43717,MSB-TRL LOCAL,SUB,Suburban,Daily,MSB,CHENNAI BEACH,TRL,TIRUVALLUR,43,01:40,22
43719,MSB-TRL EMU LOCAL,SUB,Suburban,Daily,MSB,CHENNAI BEACH,TRL,TIRUVALLUR,43,01:35,22
43751,MSB - E-DEPO EMU LOCAL,SUB,Suburban,Daily,MSB,CHENNAI BEACH,PRES,PATTABIRAM E DEPOT,32,01:10,18
43752,E-DEPO - MSB EMU LOCAL,SUB,Suburban,Daily,PRES,PATTABIRAM E DEPOT,MSB,CHENNAI BEACH,32,01:20,18
43753,MSB - E-DEPO EMU LOCAL,SUB,Suburban,Daily,MSB,CHENNAI BEACH,PRES,PATTABIRAM E DEPOT,32,01:10,18
43754,E-DEPO - MSB EMU LOCAL,SUB,Suburban,Daily,PRES,PATTABIRAM E DEPOT,MSB,CHENNAI BEACH,32,01:35,18
43755,MSB - E-DEPO EMU LOCAL,SUB,Suburban,Daily,MSB,CHENNAI BEACH,PRES,PATTABIRAM E DEPOT,32,01:10,18
43757,MSB - E-DEPO EMU LOCAL,SUB,Suburban,Daily,MSB,CHENNAI BEACH,PRES,PATTABIRAM E DEPOT,32,01:15,36
43801,MSB-AJJ EMU LOCAL,SUB,Suburban,Daily,MSB,CHENNAI BEACH,AJJ,ARAKKONAM JN.,70,02:10,30
43802,AJJ-MSB EMU LOCAL,SUB,Suburban,Daily,AJJ,ARAKKONAM JN.,MSB,CHENNAI BEACH,71,02:15,30
43803,MSB-AJJ EMU LOCAL,SUB,Suburban,Daily,MSB,CHENNAI BEACH,AJJ,ARAKKONAM JN.,70,02:05,30
43804,AJJ-MSB LS GL EMU,SUB,Suburban,"Mon,Tue,Wed,Thu,Fri,Sat",AJJ,ARAKKONAM JN.,MSB,CHENNAI BEACH,71,02:00,30
43805,MSB-AJJ LS GL EMU,SUB,Suburban,"Mon,Tue,Wed,Thu,Fri,Sat",MSB,CHENNAI BEACH,AJJ,ARAKKONAM JN.,70,02:05,30
43806,AJJ-MSB FAST LOCAL,SUB,Suburban,Daily,AJJ,ARAKKONAM JN.,MSB,CHENNAI BEACH,71,01:50,11
43808,AJJ-MSB  EMU LOCAL,SUB,Suburban,Daily,AJJ,ARAKKONAM JN.,MSB,CHENNAI BEACH,71,02:10,30
43820,TRT-MSB EMU LOCAL,SUB,Suburban,Daily,TRT,TIRUTTANI,MSB,CHENNAI BEACH,83,02:30,31
43821,MSB-TRT EMU ,SUB,Suburban,Daily,MSB,CHENNAI BEACH,TRT,TIRUTTANI,83,02:35,31
43823,MSB-TRT FAST EMU,SUB,Suburban,Daily,MSB,CHENNAI BEACH,TRT,TIRUTTANI,83,02:30,19
43832,TRL-AVD EMU LOCAL,SUB,Suburban,Daily,TRL,TIRUVALLUR,AVD,AVADI,21,00:30,9
43834,TRL -AVD EMU,SUB,Suburban,Daily,TRL,TIRUVALLUR,AVD,AVADI,21,00:35,9
43836,TRL -AVD EMU,SUB,Suburban,Daily,TRL,TIRUVALLUR,AVD,AVADI,21,00:35,9
43841,AVD-AJJ EMU LOCAL,SUB,Suburban,Daily,AVD,AVADI,AJJ,ARAKKONAM JN.,47,01:15,17
43851,PON-TRL EMU LOCAL,SUB,Suburban,Daily,PON,PONNERI,TRL,TIRUVALLUR,71,02:00,32
43852,TRL-PON EMU LOCAL,SUB,Suburban,Daily,TRL,TIRUVALLUR,PON,PONNERI,71,02:10,32
43861,ENR-TRL EMU LOCAL,SUB,Suburban,Daily,ENR,ENNORE,TRL,TIRUVALLUR,53,01:35,26
43862,AVD-ENR EMU,SUB,Suburban,Daily,AVD,AVADI,ENR,ENNORE,32,01:15,18
43871,MASS-PAB EMU LOCAL,SUB,Suburban,Daily,MASS,CHENNAI CENTRAL SUBURBAN STATION,PAB,PATTABIRAM,26,00:55,15
43872,PAB-MASS EMU LOCAL,SUB,Suburban,Daily,PAB,PATTABIRAM,MASS,CHENNAI CENTRAL SUBURBAN STATION,26,00:55,15
43882,TI-MASS EMU LOCAL,SUB,Suburban,Daily,TI,TIRUNINRAVUR,MASS,CHENNAI CENTRAL SUBURBAN STATION,30,01:10,17
43892,E-DEPO - AVD EMU LOCAL,SUB,Suburban,Daily,PRES,PATTABIRAM E DEPOT,AVD,AVADI,9,00:20,5
43901,MASS-KBT EMU LOCAL,SUB,Suburban,Daily,MASS,CHENNAI CENTRAL SUBURBAN STATION,KBT,KADAMBATTUR,48,01:25,23
43902,KBT-MASS EMU LOCAL,SUB,Suburban,Daily,KBT,KADAMBATTUR,MASS,CHENNAI CENTRAL SUBURBAN STATION,48,01:25,23
43912,KBT-MSB LOCAL,SUB,Suburban,Daily,KBT,KADAMBATTUR,MSB,CHENNAI BEACH,49,01:40,24
43921,TRL-KBT EMU LOCAL,SUB,Suburban,Daily,TRL,TIRUVALLUR,KBT,KADAMBATTUR,6,00:10,3
44001,AJJ-CGL EMU,SUB,Suburban,Daily,AJJ,ARAKKONAM JN.,CGL,CHENGALPATTU JN.,68,01:25,12
44002,CGL -AJJ EMU,SUB,Suburban,Daily,CGL,CHENGALPATTU JN.,AJJ,ARAKKONAM JN.,68,01:50,12
44003,AJJ-CGL EMU,SUB,Suburban,Daily,AJJ,ARAKKONAM JN.,CGL,CHENGALPATTU JN.,68,02:00,12
44004,CGL-AJJ EMU,SUB,Suburban,Daily,CGL,CHENGALPATTU JN.,AJJ,ARAKKONAM JN.,68,01:50,12
47101,HYB-LPI,SUB,Suburban,Daily,HYB,HYDERABAD,LPI,LINGAMPALLI,26,01:00,13
47102,HYB-LPI,SUB,Suburban,Daily,HYB,HYDERABAD,LPI,LINGAMPALLI,26,00:52,13
47103,HYB-LPI,SUB,Suburban,Daily,HYB,HYDERABAD,LPI,LINGAMPALLI,26,00:55,13
47104,HYB-LPI,SUB,Suburban,Daily,HYB,HYDERABAD,LPI,LINGAMPALLI,26,01:00,13
47111,HYB-LPI,SUB,Suburban,Daily,HYB,HYDERABAD,LPI,LINGAMPALLI,26,00:55,13
47119,HYB-LPI,SUB,Suburban,Daily,HYB,HYDERABAD,LPI,LINGAMPALLI,26,00:55,13
47120,HYB-LPI,SUB,Suburban,"Mon,Tue,Wed,Thu,Fri",HYB,HYDERABAD,LPI,LINGAMPALLI,26,01:00,13
47121,HYB-LPI,SUB,Suburban,Daily,HYB,HYDERABAD,LPI,LINGAMPALLI,26,01:00,13
47122,HYB-LPI,SUB,Suburban,Daily,HYB,HYDERABAD,LPI,LINGAMPALLI,26,00:50,13
47125,HYB-LPI,SUB,Suburban,Daily,HYB,HYDERABAD,LPI,LINGAMPALLI,26,00:50,13
47126,LPI-HYB,SUB,Suburban,Daily,LPI,LINGAMPALLI,HYB,HYDERABAD,26,00:55,13
47128,LPI-HYB,SUB,Suburban,Daily,LPI,LINGAMPALLI,HYB,HYDERABAD,26,01:00,13
47130,LPI-HYB,SUB,Suburban,Daily,LPI,LINGAMPALLI,HYB,HYDERABAD,26,00:55,13
47140,LPI-HYB,SUB,Suburban,"Mon,Tue,Wed,Thu,Fri",LPI,LINGAMPALLI,HYB,HYDERABAD,26,00:55,13
47142,RCPT-HYB,SUB,Suburban,Daily,RCPT,RAMACHANDRAPURAM TS,HYB,HYDERABAD,34,01:35,16
47143,LPI-HYB,SUB,Suburban,Daily,LPI,LINGAMPALLI,HYB,HYDERABAD,26,01:00,13
47145,LPI-HYB,SUB,Suburban,Daily,LPI,LINGAMPALLI,HYB,HYDERABAD,26,01:00,13
47146,LPI-HYB,SUB,Suburban,Daily,LPI,LINGAMPALLI,HYB,HYDERABAD,26,00:55,13
47150,SC-LPI,SUB,Suburban,"Mon,Tue,Wed,Thu,Fri",SC,SECUNDERABAD JN,LPI,LINGAMPALLI,23,01:00,12
47151,UR-LPI,SUB,Suburban,Daily,UR,UMDANAGAR,LPI,LINGAMPALLI,51,02:15,25
47153,UR-LPI,SUB,Suburban,Daily,UR,UMDANAGAR,LPI,LINGAMPALLI,51,02:10,25
47154,UR-TLPR,SUB,Suburban,Daily,UR,UMDANAGAR,TLPR,TELAPUR,55,02:30,26
47155,FM-RCPT,SUB,Suburban,Daily,FM,FALAKNUMA,RCPT,RAMACHANDRAPURAM TS,46,02:05,25
47156,FM-MED,SUB,Suburban,Daily,FM,FALAKNUMA,MED,MEDCHAL,40,01:25,23
47157,FM-LPI,SUB,Suburban,"Mon,Tue,Wed,Thu,Fri",FM,FALAKNUMA,LPI,LINGAMPALLI,38,01:35,22
47159,TLPR-UR,SUB,Suburban,Daily,TLPR,TELAPUR,UR,UMDANAGAR,55,02:20,26
47160,FM-LPI,SUB,Suburban,Daily,FM,FALAKNUMA,LPI,LINGAMPALLI,38,01:50,22
47163,UR-LPI,SUB,Suburban,Daily,UR,UMDANAGAR,LPI,LINGAMPALLI,51,02:05,25
47164,UR-LPI,SUB,Suburban,"Mon,Tue,Wed,Thu,Fri",UR,UMDANAGAR,LPI,LINGAMPALLI,51,02:00,25
47165,UR-TLPR,SUB,Suburban,Daily,UR,UMDANAGAR,TLPR,TELAPUR,55,02:30,26
47166,FM-LPI,SUB,Suburban,"Mon,Tue,Wed,Thu,Fri",FM,FALAKNUMA,LPI,LINGAMPALLI,38,01:40,22
47167,FM-LPI,SUB,Suburban,Daily,FM,FALAKNUMA,LPI,LINGAMPALLI,38,01:30,22
47170,FM-LPI,SUB,Suburban,"Mon,Tue,Wed,Thu,Fri",FM,FALAKNUMA,LPI,LINGAMPALLI,38,01:35,22
47173,LPI-UR,SUB,Suburban,Daily,LPI,LINGAMPALLI,UR,UMDANAGAR,51,02:00,25
47175,LPI-FM,SUB,Suburban,Daily,LPI,LINGAMPALLI,FM,FALAKNUMA,38,01:50,22
47176,LPI-UR,SUB,Suburban,Daily,LPI,LINGAMPALLI,UR,UMDANAGAR,51,01:45,25
47177,RCPT-FM,SUB,Suburban,Daily,RCPT,RAMACHANDRAPURAM TS,FM,FALAKNUMA,46,01:55,25
47178,TLPR-UR,SUB,Suburban,Daily,TLPR,TELAPUR,UR,UMDANAGAR,55,02:10,26
47179,LPI-FM,SUB,Suburban,"Mon,Tue,Wed,Thu,Fri",LPI,LINGAMPALLI,FM,FALAKNUMA,38,01:30,22
47184,TLPR-FM,SUB,Suburban,Daily,TLPR,TELAPUR,FM,FALAKNUMA,41,02:00,23
47185,MED-FM,SUB,Suburban,Daily,MED,MEDCHAL,FM,FALAKNUMA,40,01:25,23
47187,LPI-FM,SUB,Suburban,"Mon,Tue,Wed,Thu,Fri",LPI,LINGAMPALLI,FM,FALAKNUMA,38,01:35,22
47188,LPI-FM,SUB,Suburban,Daily,LPI,LINGAMPALLI,FM,FALAKNUMA,38,01:45,22
47190,LPI-FM,SUB,Suburban,"Mon,Tue,Wed,Thu,Fri",LPI,LINGAMPALLI,FM,FALAKNUMA,38,01:25,22
47191,LPI-FM,SUB,Suburban,"Mon,Tue,Wed,Thu,Fri",LPI,LINGAMPALLI,FM,FALAKNUMA,38,01:50,22
47192,LPI-FM,SUB,Suburban,Daily,LPI,LINGAMPALLI,FM,FALAKNUMA,38,01:25,22
47193,LPI-SC,SUB,Suburban,Daily,LPI,LINGAMPALLI,SC,SECUNDERABAD JN,23,00:50,12
47194,LPI-UR,SUB,Suburban,Daily,LPI,LINGAMPALLI,UR,UMDANAGAR,51,01:55,25
47195,LPI-SC,SUB,Suburban,"Mon,Tue,Wed,Thu,Fri",LPI,LINGAMPALLI,SC,SECUNDERABAD JN,23,00:50,12
47201,FM-HYB,SUB,Suburban,Daily,FM,FALAKNUMA,HYB,HYDERABAD,26,01:40,17
47203,UR-LPI,SUB,Suburban,"Mon,Tue,Wed,Thu,Fri",UR,UMDANAGAR,LPI,LINGAMPALLI,51,02:00,25
47206,SC-HYB,SUB,Suburban,Daily,SC,SECUNDERABAD JN,HYB,HYDERABAD,11,00:50,7
47207,FM-TLPR,SUB,Suburban,Daily,FM,FALAKNUMA,TLPR,TELAPUR,41,02:00,23
47210,LPI-UR,SUB,Suburban,"Mon,Tue,Wed,Thu,Fri",LPI,LINGAMPALLI,UR,UMDANAGAR,51,02:05,25
47211,UR-TLPR,SUB,Suburban,Daily,UR,UMDANAGAR,TLPR,TELAPUR,55,02:30,26
47212,TLPR-FM,SUB,Suburban,Daily,TLPR,TELAPUR,FM,FALAKNUMA,41,01:45,23
47213,LPI-UR,SUB,Suburban,Daily,LPI,LINGAMPALLI,UR,UMDANAGAR,51,02:00,19
47217,LPI-FM,SUB,Suburban,Daily,LPI,LINGAMPALLI,FM,FALAKNUMA,38,01:30,22
47218,FM-RCPT,SUB,Suburban,Daily,FM,FALAKNUMA,RCPT,RAMACHANDRAPURAM TS,46,02:10,25
47220,FM-LPI,SUB,Suburban,Daily,FM,FALAKNUMA,LPI,LINGAMPALLI,38,01:30,22
47222,MED-LPI,SUB,Suburban,Daily,MED,MEDCHAL,LPI,LINGAMPALLI,50,02:15,25
47225,LPI-MED,SUB,Suburban,Daily,LPI,LINGAMPALLI,MED,MEDCHAL,50,01:55,25
47226,MED-TLPR,SUB,Suburban,Daily,MED,MEDCHAL,TLPR,TELAPUR,54,02:40,26
47227,TLPR-MED,SUB,Suburban,Daily,TLPR,TELAPUR,MED,MEDCHAL,54,02:00,26
47228,MED-SC,SUB,Suburban,Daily,MED,MEDCHAL,SC,SECUNDERABAD JN,27,01:05,14
47229,SC-MED,SUB,Suburban,Daily,SC,SECUNDERABAD JN,MED,MEDCHAL,27,01:00,14
47231,MED-SC,SUB,Suburban,"Mon,Tue,Wed,Thu,Fri,Sat",MED,MEDCHAL,SC,SECUNDERABAD JN,27,01:05,14
47232,SC-MED,SUB,Suburban,"Mon,Tue,Wed,Thu,Fri,Sat",SC,SECUNDERABAD JN,MED,MEDCHAL,27,01:10,14
47233,MED-HYB,SUB,Suburban,"Mon,Tue,Wed,Thu,Fri,Sat",MED,MEDCHAL,HYB,HYDERABAD,38,01:40,20
47234,HYB-MED,SUB,Suburban,"Mon,Tue,Wed,Thu,Fri,Sat",HYB,HYDERABAD,MED,MEDCHAL,38,01:40,20
47235,GT-SNF,SUB,Suburban,Daily,GT,GHATKESAR,SNF,SANATNAGAR,34,01:15,8
47236,SNF-GT,SUB,Suburban,Daily,SNF,SANATNAGAR,GT,GHATKESAR,34,01:15,8
47237,MED-SC,SUB,Suburban,"Mon,Tue,Wed,Thu,Fri,Sat",MED,MEDCHAL,SC,SECUNDERABAD JN,27,01:00,14
47238,SC-MED,SUB,Suburban,"Mon,Tue,Wed,Thu,Fri,Sat",SC,SECUNDERABAD JN,MED,MEDCHAL,27,01:00,14
47241,MED-FM,SUB,Suburban,Daily,MED,MEDCHAL,FM,FALAKNUMA,40,01:45,23
47242,MED-SC,SUB,Suburban,"Mon,Tue,Wed,Thu,Fri,Sat",MED,MEDCHAL,SC,SECUNDERABAD JN,27,01:00,28
47243,SC-MED,SUB,Suburban,Daily,SC,SECUNDERABAD JN,MED,MEDCHAL,27,01:00,14
47244,FM-MED,SUB,Suburban,"Mon,Tue,Wed,Thu,Fri,Sat",FM,FALAKNUMA,MED,MEDCHAL,40,01:30,23
47245,SC-MED,SUB,Suburban,"Mon,Tue,Wed,Thu,Fri,Sat",SC,SECUNDERABAD JN,MED,MEDCHAL,27,01:00,14
47246,FM-SC,SUB,Suburban,Daily,FM,FALAKNUMA,SC,SECUNDERABAD JN,15,00:45,11
47247,SC-UR,SUB,Suburban,Daily,SC,SECUNDERABAD JN,UR,UMDANAGAR,28,01:05,14
47248,UR-SC,SUB,Suburban,Daily,UR,UMDANAGAR,SC,SECUNDERABAD JN,28,01:00,14
47249,SC-UR,SUB,Suburban,Daily,SC,SECUNDERABAD JN,UR,UMDANAGAR,28,01:00,14
47250,FM-UR,SUB,Suburban,"Mon,Tue,Wed,Thu,Fri",FM,FALAKNUMA,UR,UMDANAGAR,13,00:45,4
47251,MED-FM,SUB,Suburban,"Mon,Tue,Wed,Thu,Fri,Sat",MED,MEDCHAL,FM,FALAKNUMA,40,01:30,23
47252,UR-SC,SUB,Suburban,Daily,UR,UMDANAGAR,SC,SECUNDERABAD JN,28,01:00,14
47253,GT-RCPT,SUB,Suburban,Daily,GT,GHATKESAR,RCPT,RAMACHANDRAPURAM TS,56,02:20,16
47254,RCPT-GHATKESAR,SUB,Suburban,Daily,RCPT,RAMACHANDRAPURAM TS,GT,GHATKESAR,56,02:15,16
49001,TBM-CGL AC EMU,SUB,Suburban,"Mon,Tue,Wed,Thu,Fri,Sat",TBM,TAMBARAM,CGL,CHENGALPATTU JN.,31,00:45,8
49002,CGL-MSB AC EMU,SUB,Suburban,"Mon,Tue,Wed,Thu,Fri,Sat",CGL,CHENGALPATTU JN.,MSB,CHENNAI BEACH,60,01:40,16
49003,MSB-TBM AC EMU,SUB,Suburban,"Mon,Tue,Wed,Thu,Fri,Sat",MSB,CHENNAI BEACH,TBM,TAMBARAM,29,01:00,18
49004,TBM-MSB AC EMU,SUB,Suburban,"Mon,Tue,Wed,Thu,Fri,Sun",TBM,TAMBARAM,MSB,CHENNAI BEACH,29,01:00,18
49005,MSB-TBM AC EMU,SUB,Suburban,"Mon,Tue,Wed,Thu,Fri,Sun",MSB,CHENNAI BEACH,TBM,TAMBARAM,29,01:00,18
49006,TBM-MSB AC EMU,SUB,Suburban,Daily,TBM,TAMBARAM,MSB,CHENNAI BEACH,29,01:00,18
49007,MSB-CGL AC EMU FAST,SUB,Suburban,"Mon,Tue,Wed,Thu,Fri,Sat",MSB,CHENNAI BEACH,CGL,CHENGALPATTU JN.,60,01:33,16
49008,CGL-TBM AC EMU,SUB,Suburban,"Mon,Tue,Wed,Thu,Fri,Sat",CGL,CHENGALPATTU JN.,TBM,TAMBARAM,31,00:45,8
49009,MSB-TBM AC EMU,SUB,Suburban,Sun,MSB,CHENNAI BEACH,TBM,TAMBARAM,29,01:00,18
50103,RATNAGIRI PASS,PAS,Passenger,Daily,DIVA,DIVA,RN,RATNAGIRI,306,08:10,29
50104,RN DIVA PASS,PAS,Passenger,Daily,RN,RATNAGIRI,DIVA,DIVA,306,07:35,29
50107,SWV MADGAON EXP,PAS,Passenger,Daily,SWV,SAWANTWADI ROAD,MAO,MADGAON JUNCTION,79,02:40,9
50108,MADGAON SWV EXP,PAS,Passenger,Daily,MAO,MADGAON JUNCTION,SWV,SAWANTWADI ROAD,79,02:15,9
51101,JM-KMN PAS,PAS,Passenger,"Mon,Tue,Wed,Thu,Fri,Sun",JM,JALAMB JN.,KMN,KHAMGAON,12,00:20,2
51102,KMN-JM PASS,PAS,Passenger,"Mon,Tue,Wed,Thu,Fri,Sun",KMN,KHAMGAON,JM,JALAMB JN.,12,00:20,2
51103,JM-KMN PASS,PAS,Passenger,"Mon,Tue,Wed,Thu,Fri,Sun",JM,JALAMB JN.,KMN,KHAMGAON,12,00:20,2
51104,KMN-JM PASS,PAS,Passenger,"Mon,Tue,Wed,Thu,Fri,Sun",KMN,KHAMGAON,JM,JALAMB JN.,12,00:20,2
51105,JM-KMN PASS,PAS,Passenger,"Mon,Tue,Wed,Thu,Fri,Sun",JM,JALAMB JN.,KMN,KHAMGAON,12,00:20,2
51106,KMN-JM PASS,PAS,Passenger,"Mon,Tue,Wed,Thu,Fri,Sun",KMN,KHAMGAON,JM,JALAMB JN.,12,00:20,2
51107,JM-KMN PASS,PAS,Passenger,"Mon,Tue,Wed,Thu,Fri,Sun",JM,JALAMB JN.,KMN,KHAMGAON,12,00:20,2
51108,KMN-JM PASS,PAS,Passenger,"Mon,Tue,Wed,Thu,Fri,Sun",KMN,KHAMGAON,JM,JALAMB JN.,12,00:20,2
51119,WR-KALM PASS,PAS,Passenger,"Mon,Wed,Thu,Fri,Sun",WR,WARDHA JN,KALM,KALAMB,39,01:10,4
51120,KALM-WR PASS,PAS,Passenger,"Mon,Tue,Thu,Fri,Sat",KALM,KALAMB,WR,WARDHA JN,39,01:10,4
51301,DD-KLBG FAST PASSENGER,PAS,Passenger,"Mon,Tue,Wed,Fri,Sat",DD,DAUND JN,KLBG,KALABURAGI,301,06:20,17
51302,KLBG-DD FAST PASSENGER,PAS,Passenger,"Mon,Tue,Wed,Fri,Sat",KLBG,KALABURAGI,DD,DAUND JN,301,06:10,17
51303,DD-KLBG FAST PASSENGER,PAS,Passenger,"Thu,Sun",DD,DAUND JN,KLBG,KALABURAGI,301,06:20,17
51304,KLBG-DD FAST PASSENGER,PAS,Passenger,"Thu,Sun",KLBG,KALABURAGI,DD,DAUND JN,301,06:00,17
51401,PUNE-BRMT PASS,PAS,Passenger,Daily,PUNE,PUNE JN,BRMT,BARAMATI,119,03:10,15
51402,BRMT-DD PASS,PAS,Passenger,Daily,BRMT,BARAMATI,DD,DAUND JN,44,01:20,5
51683,KNW-BIR PASSENGER,PAS,Passenger,"Mon,Tue,Wed,Thu,Fri,Sat",KNW,KHANDWA JUNCTION,BIR,BIR,33,01:00,5
51684,BIR-KNW PASSENGER,PAS,Passenger,"Mon,Tue,Wed,Thu,Fri,Sat",BIR,BIR,KNW,KHANDWA JUNCTION,33,00:55,5
51685,KNW-BIR PASSENGER,PAS,Passenger,"Mon,Tue,Wed,Thu,Fri,Sat",KNW,KHANDWA JUNCTION,BIR,BIR,33,01:00,5
51686,BIR-KNW PASSENGER,PAS,Passenger,"Mon,Tue,Wed,Thu,Fri,Sat",BIR,BIR,KNW,KHANDWA JUNCTION,33,01:10,5
51687,KNW-BIR PASSENGER,PAS,Passenger,"Mon,Tue,Wed,Thu,Fri,Sat",KNW,KHANDWA JUNCTION,BIR,BIR,33,01:00,5
51688,BIR-KNW PASSENGER,PAS,Passenger,"Mon,Tue,Wed,Thu,Fri,Sat",BIR,BIR,KNW,KHANDWA JUNCTION,33,01:00,5
51703,JBP-MFR PASSENGER,PAS,Passenger,Daily,JBP,JABALPUR,MFR,MANDLA FORT,165,05:35,26
51704,MFR-JBP PASSENGER,PAS,Passenger,Daily,MFR,MANDLA FORT,JBP,JABALPUR,165,04:55,26
51705,JBP-MFR PASSENGER,PAS,Passenger,Daily,JBP,JABALPUR,MFR,MANDLA FORT,165,05:05,26
51706,MFR-JBP PASSENGER,PAS,Passenger,Daily,MFR,MANDLA FORT,JBP,JABALPUR,165,05:55,26
51707,JBP-G PASSENGER,PAS,Passenger,Daily,JBP,JABALPUR,G,GONDIA JN,238,07:45,37
51708,G-JBP PASSENGER,PAS,Passenger,Daily,G,GONDIA JN,JBP,JABALPUR,238,08:40,37
51755,CHRM-APR PASSENGER,PAS,Passenger,"Tue,Thu,Sat",CHRM,CHIRMIRI,APR,ANUPPUR JN,86,02:55,11
51756,APR-CHRM PASSENGER,PAS,Passenger,"Tue,Thu,Sat",APR,ANUPPUR JN,CHRM,CHIRMIRI,86,03:15,11
51861,AIT-KNH PASSENGER,PAS,Passenger,Daily,AIT,AIT,KNH,KONCH,14,00:35,2
51862,KNH-AIT PASSENGER,PAS,Passenger,Daily,KNH,KONCH,AIT,AIT,14,00:35,2
51863,AIT-KNH PASSENGER,PAS,Passenger,Daily,AIT,AIT,KNH,KONCH,14,00:35,2
51864,KNH-AIT PASSENGER,PAS,Passenger,Daily,KNH,KONCH,AIT,AIT,14,00:30,2
51865,AIT-KNH PASSENGER,PAS,Passenger,Daily,AIT,AIT,KNH,KONCH,14,00:35,2
51866,KNH-AIT PASSENGER,PAS,Passenger,Daily,KNH,KONCH,AIT,AIT,14,00:35,2
51867,AIT-KNH PASSENGER,PAS,Passenger,Daily,AIT,AIT,KNH,KONCH,14,00:35,2
51868,KNH-AIT PASSENGER,PAS,Passenger,Daily,KNH,KONCH,AIT,AIT,14,00:35,2
51869,AIT-KONCH PASSENGER,PAS,Passenger,Daily,AIT,AIT,KNH,KONCH,14,00:35,2
51870,KNH-AIT PASSENGER,PAS,Passenger,Daily,KNH,KONCH,AIT,AIT,14,00:35,2
51883,BINA-GWL PASSENGER,PAS,Passenger,Daily,BINA,BINA JN,GWL,GWALIOR JN.,346,10:15,32
51884,GWL-BINA PASSENGER,PAS,Passenger,Daily,GWL,GWALIOR JN.,BINA,BINA JN,346,08:30,32
51885,BINA-DMO PASSENGER,PAS,Passenger,Daily,BINA,BINA JN,DMO,DAMOH,152,04:15,18
51886,DMO-BINA PASSENGER,PAS,Passenger,Daily,DMO,DAMOH,BINA,BINA JN,152,03:35,18
51901,AF-ETAH PASSENGER,PAS,Passenger,Daily,AF,AGRA FORT,ETAH,ETAH,91,02:35,9
51902,ETAH-AF PASSENGER,PAS,Passenger,Daily,ETAH,ETAH,AF,AGRA FORT,91,02:55,9
51903,TDL-ETAH PASSENGER,PAS,Passenger,Daily,TDL,TUNDLA JN,ETAH,ETAH,73,02:00,11
51904,ETAH-TDL PASSENGER,PAS,Passenger,Daily,ETAH,ETAH,TDL,TUNDLA JN,73,02:35,11
51905,FBD-TDL PASSENGER,PAS,Passenger,Daily,FBD,FARRUKHABAD,TDL,TUNDLA JN,143,04:10,21
51906,TDL-FBD PASSENGER,PAS,Passenger,Daily,TDL,TUNDLA JN,FBD,FARRUKHABAD,143,04:30,21
51907,IDH-BTE PASSENGER,PAS,Passenger,"Mon,Tue,Wed,Thu,Fri,Sat",IDH,IDGAH JN,BTE,BHARATPUR JN,52,01:55,8
51908,BTE-IDH PASSENGER,PAS,Passenger,"Mon,Tue,Wed,Thu,Fri,Sat",BTE,BHARATPUR JN,IDH,IDGAH JN,52,01:10,8
51909,IDH-BTE PASSENGER,PAS,Passenger,"Mon,Tue,Wed,Thu,Fri,Sat",IDH,IDGAH JN,BTE,BHARATPUR JN,52,01:35,8
51910,BTE-IDH PASSENGER,PAS,Passenger,"Mon,Tue,Wed,Thu,Fri,Sat",BTE,BHARATPUR JN,IDH,IDGAH JN,52,01:20,8
51971,MTJ-AWR PASSENGER,PAS,Passenger,Daily,MTJ,MATHURA JN.,AWR,ALWAR JUNCTION,123,03:15,17
51972,AWR-MTJ PASSENGER,PAS,Passenger,Daily,AWR,ALWAR JUNCTION,MTJ,MATHURA JN.,123,03:15,17
51973,MTJ-JP PASSENGER,PAS,Passenger,Daily,MTJ,MATHURA JN.,JP,JAIPUR JN.,274,07:10,37
51974,JP-MTJ PASSENGER,PAS,Passenger,Daily,JP,JAIPUR JN.,MTJ,MATHURA JN.,274,07:25,37
52001,BIM WGI PASS,PAS,Passenger,Daily,BIM,BILIMORA JN,WGI,WAGHAI,63,03:00,11
52002,WGI BIM PASS,PAS,Passenger,Daily,WGI,WAGHAI,BIM,BILIMORA JN,63,03:05,11
52003,BIM WGI PASS,PAS,Passenger,Daily,BIM,BILIMORA JN,WGI,WAGHAI,63,03:00,11
52004,WGI BIM PASS,PAS,Passenger,Daily,WGI,WAGHAI,BIM,BILIMORA JN,63,03:10,11
52075,MJ-KBK PASSENGER,PAS,Passenger,Daily,MJ,MARWAR JN,KBK,KHAMBLI GHAT,47,02:55,5
52076,KBK-MJ PASSENGER,PAS,Passenger,Daily,KBK,KHAMBLI GHAT,MJ,MARWAR JN,47,02:55,5
52103,NRLN-MAE PASS,PAS,Passenger,Daily,NRLN,NERAL (NG),MAE,MATHERAN,20,02:40,5
52104,MAE-NRLN PASS,PAS,Passenger,Daily,MAE,MATHERAN,NRLN,NERAL (NG),20,02:45,5
52105,NRLN-MAE PASS,PAS,Passenger,Daily,NRLN,NERAL (NG),MAE,MATHERAN,20,02:40,5
52106,MAE-NRLN PASS,PAS,Passenger,Daily,MAE,MATHERAN,NRLN,NERAL (NG),20,02:40,5
52153,ANLG-MAE PASS,PAS,Passenger,Daily,ANLG,AMAN LODGE,MAE,MATHERAN,3,00:18,2
52154,MAE-ANLG PASS,PAS,Passenger,Daily,MAE,MATHERAN,ANLG,AMAN LODGE,3,00:18,2
52155,ANLG-MAE PASS,PAS,Passenger,Daily,ANLG,AMAN LODGE,MAE,MATHERAN,3,00:18,2
52156,MAE-ANLG PASS,PAS,Passenger,Daily,MAE,MATHERAN,ANLG,AMAN LODGE,3,00:18,2
52157,ANLG-MAE PASS,PAS,Passenger,Daily,ANLG,AMAN LODGE,MAE,MATHERAN,3,00:18,2
52158,MAE-ANLG PASS,PAS,Passenger,Daily,MAE,MATHERAN,ANLG,AMAN LODGE,3,00:18,2
52159,ANLG-MAE PASS,PAS,Passenger,Daily,ANLG,AMAN LODGE,MAE,MATHERAN,3,00:18,2
52160,MAE-ANLG PASS,PAS,Passenger,Daily,MAE,MATHERAN,ANLG,AMAN LODGE,3,00:18,2
52161,ANLG-MAE PASS,PAS,Passenger,Daily,ANLG,AMAN LODGE,MAE,MATHERAN,3,00:18,2
52162,MAE-ANLG PASS,PAS,Passenger,Daily,MAE,MATHERAN,ANLG,AMAN LODGE,3,00:18,2
52163,ANLG-MAE PASS,PAS,Passenger,Daily,ANLG,AMAN LODGE,MAE,MATHERAN,3,00:18,2
52164,MAE-ANLG PASS,PAS,Passenger,Daily,MAE,MATHERAN,ANLG,AMAN LODGE,3,00:18,2
52259,BIC MLN,PAS,Passenger,"Sat,Sun",BIC,BICHIA,MLN,MAILANI,107,04:25,9
52260,MLN BIC,PAS,Passenger,"Sat,Sun",MLN,MAILANI,BIC,BICHIA,107,04:35,9
52261,NNP-MLN PASSENGER,PAS,Passenger,Daily,NNP,NANPARA JN,MLN,MAILANI,170,06:35,16
52262,MLN-NNP PASSENGER,PAS,Passenger,Daily,MLN,MAILANI,NNP,NANPARA JN,170,07:00,16
52263,NNP-MLN PASSENGER,PAS,Passenger,Daily,NNP,NANPARA JN,MLN,MAILANI,170,06:45,16
52264,MLN-NNP PASSENGER,PAS,Passenger,Daily,MLN,MAILANI,NNP,NANPARA JN,170,07:25,16
52451,SHIVALK DLX EXP,PAS,Passenger,Daily,KLK,KALKA,SML,SHIMLA,96,04:55,7
52452,SHIVALK DLX EXP,PAS,Passenger,Daily,SML,SHIMLA,KLK,KALKA,96,05:15,8
52453,KLK SML EXP,PAS,Passenger,Daily,KLK,KALKA,SML,SHIMLA,96,05:30,26
52454,SML KLK EXP,PAS,Passenger,Daily,SML,SHIMLA,KLK,KALKA,96,05:15,14
52455,HIMALYAN QUEEN,PAS,Passenger,Daily,KLK,KALKA,SML,SHIMLA,96,05:00,16
52456,HIMALYAN QUEEN,PAS,Passenger,Daily,SML,SHIMLA,KLK,KALKA,96,04:55,8
52457,KLK SML EXP,PAS,Passenger,Daily,KLK,KALKA,SML,SHIMLA,96,05:20,18
52458,SML KLK EXP,PAS,Passenger,Daily,SML,SHIMLA,KLK,KALKA,96,05:20,12
52459,KLK SML EXPRESS,PAS,Passenger,Daily,KLK,KALKA,SML,SHIMLA,96,05:20,7
52460,SML KLK EXPRESS,PAS,Passenger,Daily,SML,SHIMLA,KLK,KALKA,96,05:15,7
52461,PTK-JMKR PASSENGER,PAS,Passenger,Daily,PTK,PATHANKOT,JMKR,JAWLMUKHI ROAD,93,04:20,17
52462,BJPL-NUPR PASSENGER,PAS,Passenger,Daily,BJPL,BAIJNATHPAPROLA,NUPR,NURPUR ROAD,158,06:40,27
52464,BJPL-JMKR PASSENGER,PAS,Passenger,Daily,BJPL,BAIJNATHPAPROLA,JMKR,JAWLMUKHI ROAD,77,03:30,14
52465,PTK-BJPL PASSENGER,PAS,Passenger,Daily,PTK,PATHANKOT,BJPL,BAIJNATHPAPROLA,162,07:00,30
52466,BJPL-NUPR PASSENGER,PAS,Passenger,Daily,BJPL,BAIJNATHPAPROLA,NUPR,NURPUR ROAD,158,06:00,27
52467,PTK-BJPL PASSENGER,PAS,Passenger,Daily,PTK,PATHANKOT,BJPL,BAIJNATHPAPROLA,162,06:40,30
52469,JMKR-BJPL ,PAS,Passenger,Daily,JMKR,JAWLMUKHI ROAD,BJPL,BAIJNATHPAPROLA,69,03:10,14
52470,BJPL-NUPR PASSENGER,PAS,Passenger,Daily,BJPL,BAIJNATHPAPROLA,PTK,PATHANKOT,180,07:30,30
52471,NUPR-BJPL PASSENGER,PAS,Passenger,Daily,NUPR,NURPUR ROAD,BJPL,BAIJNATHPAPROLA,143,06:20,27
52472,JDNX-BJPL PASSENGER,PAS,Passenger,Daily,JDNX,JOGINDER NAGAR,BJPL,BAIJNATHPAPROLA,30,01:40,3
52473,BJPL-JDNX PASSENGER,PAS,Passenger,Daily,BJPL,BAIJNATHPAPROLA,JDNX,JOGINDER NAGAR,29,01:35,3
52474,BJPL-PTK PASSENGER,PAS,Passenger,Daily,BJPL,BAIJNATHPAPROLA,PTK,PATHANKOT,180,07:10,30
52475,NUPR-BJPL PASSENGER,PAS,Passenger,Daily,NUPR,NURPUR ROAD,BJPL,BAIJNATHPAPROLA,143,06:55,27
52476,BJPL-NUPR PASSENGER,PAS,Passenger,Daily,BJPL,BAIJNATHPAPROLA,NUPR,NURPUR ROAD,158,06:45,27
52538,DJ NJP AC PASS,PAS,Passenger,"Tue,Thu,Sun",DJ,DARJEELING,NJP,NEW JALPAIGURI,87,07:55,12
52539,NJP DJ AC PASS,PAS,Passenger,"Mon,Wed,Sat",NJP,NEW JALPAIGURI,DJ,DARJEELING,87,08:26,12
52540,DJ NJP PASSENGER,PAS,Passenger,Daily,DJ,DARJEELING,NJP,NEW JALPAIGURI,87,07:30,12
52541,NJP DJ PASSENGER,PAS,Passenger,Daily,NJP,NEW JALPAIGURI,DJ,DARJEELING,87,07:30,12
52544,STMJOYRIDEVISTA,PAS,Passenger,Daily,DJ,DARJEELING,DJ,DARJEELING,12,01:45,3
52545,JUNGLE SAFARI,PAS,Passenger,"Sat,Sun",SGUJ,SILIGURI JN,TDH,TINDHARIA,30,02:50,4
52546,JUNGLE SAFARI,PAS,Passenger,"Sat,Sun",TDH,TINDHARIA,SGUJ,SILIGURI JN,30,02:25,4
52590,DIESEL JOYRIDE,PAS,Passenger,Daily,DJ,DARJEELING,DJ,DARJEELING,12,01:40,3
52591,DIESEL JOYRIDE,PAS,Passenger,Daily,DJ,DARJEELING,DJ,DARJEELING,12,01:40,3
52592,DIESEL JOYRIDE,PAS,Passenger,Daily,DJ,DARJEELING,DJ,DARJEELING,12,01:35,3
52594,STEAM JOYRIDE,PAS,Passenger,Daily,DJ,DARJEELING,DJ,DARJEELING,12,01:45,3
52596,STEAM JOYRIDE,PAS,Passenger,Daily,DJ,DARJEELING,DJ,DARJEELING,12,01:45,3
52597,DIESEL JOYRIDE,PAS,Passenger,Daily,DJ,DARJEELING,DJ,DARJEELING,12,01:40,3
52598,STMJOYRIDEVISTA,PAS,Passenger,Daily,DJ,DARJEELING,DJ,DARJEELING,12,01:45,3
52599,DIESEL JOYRIDE,PAS,Passenger,Daily,DJ,DARJEELING,DJ,DARJEELING,12,01:45,3
52929,VRL - JND PASSENGER,PAS,Passenger,Daily,VRL,VERAVAL,JND,JUNAGADH JN,114,03:45,12
52930,JND-VRL PASSENGER,PAS,Passenger,Daily,JND,JUNAGADH JN,VRL,VERAVAL,114,03:40,12
52933,VRL - JND PASSENGER,PAS,Passenger,Daily,VRL,VERAVAL,JND,JUNAGADH JN,114,04:10,12
52946,JND-VRL PASSENGER,PAS,Passenger,Daily,JND,JUNAGADH JN,VRL,VERAVAL,114,04:10,12
52949,VRL-DVA PASSENGER,PAS,Passenger,Daily,VRL,VERAVAL,DVA,DELVADA,95,03:50,12
52950,DVA-VRL PASSENGER,PAS,Passenger,Daily,DVA,DELVADA,VRL,VERAVAL,95,03:30,12
52951,DVA-JND PASSENGER,PAS,Passenger,Daily,DVA,DELVADA,JND,JUNAGADH JN,160,07:10,19
52952,JND-DVA PASSENGER,PAS,Passenger,Daily,JND,JUNAGADH JN,DVA,DELVADA,160,06:40,19
52955,VRL-JND PASSENGER,PAS,Passenger,Daily,VRL,VERAVAL,JND,JUNAGADH JN,114,04:10,12
52956,JND - VRL PASSENGER,PAS,Passenger,Daily,JND,JUNAGADH JN,VRL,VERAVAL,114,04:10,12
52965,PTP KKD PASS,PAS,Passenger,"Fri,Sat,Sun",PTP,PATAL PANI,KKD,KALKUND,10,02:00,4
52966,KKD PTP PASS,PAS,Passenger,"Fri,Sat,Sun",KKD,KALKUND,PTP,PATAL PANI,10,00:56,2
53001,HWH-AZ PASSENGER,PAS,Passenger,Daily,HWH,HOWRAH JN,AZ,AZIMGANJ JN,217,05:45,43
53002,AZ-HWH PASSENGER,PAS,Passenger,Daily,AZ,AZIMGANJ JN,HWH,HOWRAH JN,217,05:10,36
53005,KWAE-AZ PASSENGER,PAS,Passenger,Daily,KWAE,KATWA,AZ,AZIMGANJ JN,73,01:50,18
53006,AZ-KWAE PASSENGER,PAS,Passenger,Daily,AZ,AZIMGANJ JN,KWAE,KATWA,73,01:45,17
53009,KWAE-AZ PASSENGER,PAS,Passenger,Daily,KWAE,KATWA,AZ,AZIMGANJ JN,73,01:50,19
53011,KWAE-AZ PASSENGER,PAS,Passenger,Daily,KWAE,KATWA,AZ,AZIMGANJ JN,73,01:45,16
53012,AZ-KWAE PASSENGER,PAS,Passenger,Daily,AZ,AZIMGANJ JN,KWAE,KATWA,73,01:50,20
53014,AZ-KWAE PASSENGER,PAS,Passenger,Daily,AZ,AZIMGANJ JN,KWAE,KATWA,73,01:45,14
53015,KWAE-AZ PASSENGER,PAS,Passenger,Daily,KWAE,KATWA,AZ,AZIMGANJ JN,73,01:45,17
53016,AZ-KWAE PASSENGER,PAS,Passenger,Daily,AZ,AZIMGANJ JN,KWAE,KATWA,73,01:45,16
53017,KWAE-AZ PASSENGER,PAS,Passenger,Daily,KWAE,KATWA,AZ,AZIMGANJ JN,73,01:45,18
53018,AZ-KWAE PASSENGER,PAS,Passenger,Daily,AZ,AZIMGANJ JN,KWAE,KATWA,73,01:55,20
53027,AZ-MLDT PASSENGER,PAS,Passenger,Daily,AZ,AZIMGANJ JN,MLDT,MALDA TOWN,117,03:25,22
53028,MLDT-AZ PASSENGER,PAS,Passenger,Daily,MLDT,MALDA TOWN,AZ,AZIMGANJ JN,117,03:10,22
53029,AZ-BGP PASSENGER,PAS,Passenger,Daily,AZ,AZIMGANJ JN,BGP,BHAGALPUR,221,07:50,42
53030,BGP-AZ PASSENGER,PAS,Passenger,Daily,BGP,BHAGALPUR,AZ,AZIMGANJ JN,221,07:00,41
53047,VISWABHARTI PSG,PAS,Passenger,Daily,HWH,HOWRAH JN,RPH,RAMPUR HAT,218,04:50,23
53048,VISWABHARTI PSG,PAS,Passenger,Daily,RPH,RAMPUR HAT,HWH,HOWRAH JN,218,05:00,23
53051,AZ-NILE PASSENGER,PAS,Passenger,Daily,AZ,AZIMGANJ JN,NILE,NIMITITA,55,01:20,10
53052,NILE-AZ PASSENGER,PAS,Passenger,Daily,NILE,NIMITITA,AZ,AZIMGANJ JN,55,01:30,10
53053,KWAE-NILE PASSENGER,PAS,Passenger,Daily,KWAE,KATWA,NILE,NIMITITA,128,03:15,24
53054,NILE-KWAE PASSENGER,PAS,Passenger,Daily,NILE,NIMITITA,KWAE,KATWA,128,03:10,23
53055,KWAE-AMP PASSENGER,PAS,Passenger,Daily,KWAE,KATWA,AMP,AHAMADPUR JN.,51,01:35,14
53056,AMP-KWAE PASSENGER,PAS,Passenger,Daily,AMP,AHAMADPUR JN.,KWAE,KATWA,51,01:35,14
53091,KNJ-AZ CONV  PGR,PAS,Passenger,Daily,KNJ,KRISHNGR CTY JN,AZ,AZIMGANJ JN,104,02:25,19
53092,AZ-KNJ CONV PGR,PAS,Passenger,Daily,AZ,AZIMGANJ JN,KNJ,KRISHNGR CTY JN,104,02:20,19
53171,SDAH-LGL PASSENGER,PAS,Passenger,Daily,SDAH,SEALDAH,LGL,LALGOLA,231,05:35,40
53172,LGL SDAH PASS,PAS,Passenger,Daily,LGL,LALGOLA,SDAH,SEALDAH,231,06:15,38
53175,SDAH LGL PGR,PAS,Passenger,Daily,SDAH,SEALDAH,LGL,LALGOLA,231,05:30,35
53178,LGL SDAH PSGN,PAS,Passenger,Daily,LGL,LALGOLA,SDAH,SEALDAH,231,05:47,36
53180,LGL-SDAH PASSENGER,PAS,Passenger,Daily,LGL,LALGOLA,SDAH,SEALDAH,231,05:25,39
53181,SDAH LGL PSGN,PAS,Passenger,Daily,SDAH,SEALDAH,LGL,LALGOLA,231,05:25,34
53201,PNBE-BXR FAST PASSENGER,PAS,Passenger,"Mon,Tue,Wed,Thu,Fri,Sat",PNBE,PATNA JN,BXR,BUXAR,118,02:55,9
53202,BXR-PNBE FAST PASSENGER,PAS,Passenger,"Mon,Tue,Wed,Thu,Fri,Sat",BXR,BUXAR,PNBE,PATNA JN,118,02:45,9
53203,JAJ -DNR FAST PASSENGER,PAS,Passenger,"Mon,Tue,Wed,Thu,Fri,Sat",JAJ,JHAJHA,DNR,DANAPUR,187,05:20,23
53204,DNR -JAJ FAST PASSENGER,PAS,Passenger,"Mon,Tue,Wed,Thu,Fri,Sat",DNR,DANAPUR,JAJ,JHAJHA,187,05:05,23
53211,PNBE-SSM PASSENGER,PAS,Passenger,Daily,PNBE,PATNA JN,SSM,SASARAM,146,05:35,21
53212,SSM-PNBE PASSENGER,PAS,Passenger,Daily,SSM,SASARAM,PNBE,PATNA JN,146,04:50,21
53213,PNBE-GAYA PASSENGER,PAS,Passenger,Daily,PNBE,PATNA JN,GAYA,GAYA JN,92,03:30,31
53214,GAYA-PNBE PASSENGER,PAS,Passenger,Daily,GAYA,GAYA JN,PNBE,PATNA JN,92,03:15,31
53229,RGD-FUT PASSENGER,PAS,Passenger,Daily,RGD,RAJGIR,FUT,FATUHA,68,03:25,24
53230,FUT-RGD PASSENGER,PAS,Passenger,Daily,FUT,FATUHA,RGD,RAJGIR,68,03:40,24
53231,TIA-DNR PASSENGER,PAS,Passenger,Daily,TIA,TILAYA,DNR,DANAPUR,152,08:05,41
53232,DNR-TIA PASSENGER,PAS,Passenger,Daily,DNR,DANAPUR,TIA,TILAYA,152,06:55,40
53233,NES-FUT PASSENGER,PAS,Passenger,Daily,NES,NATESAR,FUT,FATUHA,62,02:10,10
53234,FUT-NES PASSENGER,PAS,Passenger,Daily,FUT,FATUHA,NES,NATESAR,62,02:30,10
53235,HIL-FUT PASSENGER,PAS,Passenger,Daily,HIL,HILSA,FUT,FATUHA,20,01:10,11
53236,FUT-HIL PASSENGER,PAS,Passenger,Daily,FUT,FATUHA,HIL,HILSA,20,01:15,11
53241,GAH-NKE PASSENGER,PAS,Passenger,Daily,GAH,GAWNAHA,NKE,NARKATIAGANJ JN,23,00:55,4
53242,NKE-GAH PASSENGER,PAS,Passenger,Daily,NKE,NARKATIAGANJ JN,GAH,GAWNAHA,23,01:00,4
53261,FUT-BXR PASSENGER,PAS,Passenger,Daily,FUT,FATUHA,BXR,BUXAR,140,06:55,33
53262,BXR-FUT PASSENGER,PAS,Passenger,Daily,BXR,BUXAR,FUT,FATUHA,140,05:30,30
53323,SNDT-DHN PASSENGER,PAS,Passenger,Daily,SNDT,SINDRI TOWN,DHN,DHANBAD JN,28,01:20,7
53324,DHN-SNDT PASSENGER,PAS,Passenger,Daily,DHN,DHANBAD JN,SNDT,SINDRI TOWN,28,01:20,7
53327,SNDT-GMO PASSENGER,PAS,Passenger,Daily,SNDT,SINDRI TOWN,GMO,NSC BOSE J GOMO,57,02:15,12
53328,GMO-SNDT PASSENGER,PAS,Passenger,Daily,GMO,NSC BOSE J GOMO,SNDT,SINDRI TOWN,57,02:20,12
53333,SNDT-DHN PASSENGER,PAS,Passenger,Daily,SNDT,SINDRI TOWN,DHN,DHANBAD JN,28,01:25,6
53334,DHN-SNDT PASSENGER,PAS,Passenger,Daily,DHN,DHANBAD JN,SNDT,SINDRI TOWN,28,01:30,6
53339,CRP-DHN PASSENGER,PAS,Passenger,"Mon,Tue,Wed,Thu,Fri,Sat",CRP,CHANDRAPURA,DHN,DHANBAD JN,34,02:30,11
53340,DHN-CRP PASSENGER,PAS,Passenger,"Mon,Tue,Wed,Thu,Fri,Sat",DHN,DHANBAD JN,CRP,CHANDRAPURA,34,01:35,11
53343,GMO-CPU PASSENGER,PAS,Passenger,Daily,GMO,NSC BOSE J GOMO,CPU,CHOPAN,463,14:50,63
53344,CPU-GMO PASSENGER,PAS,Passenger,Daily,CPU,CHOPAN,GMO,NSC BOSE J GOMO,463,15:05,63
53347,GMO-BRWD PASSENGER,PAS,Passenger,Daily,GMO,NSC BOSE J GOMO,BRWD,BARWADIH JN,261,09:05,39
53348,BRWD-GMO PASSENGER,PAS,Passenger,Daily,BRWD,BARWADIH JN,GMO,NSC BOSE J GOMO,261,08:30,39
53349,BRWD-DOS PASSENGER,PAS,Passenger,Daily,BRWD,BARWADIH JN,DOS,DEHRI ON SONE,159,04:55,25
53350,DOS-BRWD PASSENGER,PAS,Passenger,Daily,DOS,DEHRI ON SONE,BRWD,BARWADIH JN,159,05:45,25
53351,BRWD-CAR PASSENGER,PAS,Passenger,Daily,BRWD,BARWADIH JN,CAR,CHUNAR,305,09:35,32
53352,CAR-BRWD PASSENGER,PAS,Passenger,Daily,CAR,CHUNAR,BRWD,BARWADIH JN,305,09:35,32
53357,BRKA-DOS PASSENGER,PAS,Passenger,Daily,BRKA,BARKA KANA,DOS,DEHRI ON SONE,317,09:05,45
53358,DOS-BRKA PASSENGER,PAS,Passenger,Daily,DOS,DEHRI ON SONE,BRKA,BARKA KANA,317,09:35,45
53365,MMD-KQR PASSENGER,PAS,Passenger,"Mon,Tue,Wed,Thu,Fri,Sat",MMD,MAHESHMUNDA,KQR,KODERMA,110,03:15,16
53366,KQR-MMD PASSENGER,PAS,Passenger,"Mon,Tue,Wed,Thu,Fri,Sat",KQR,KODERMA,MMD,MAHESHMUNDA,110,03:10,16
53369,MDP-KQR PASSENGER,PAS,Passenger,"Mon,Tue,Wed,Thu,Fri,Sat",MDP,MADHUPUR JN.,KQR,KODERMA,137,04:10,21
53370,KQR-MDP PASSENGER,PAS,Passenger,"Mon,Tue,Wed,Thu,Fri,Sat",KQR,KODERMA,MDP,MADHUPUR JN.,137,04:00,21
53371,KQR-BRKA PASSENGER,PAS,Passenger,Daily,KQR,KODERMA,BRKA,BARKA KANA,138,04:15,16
53372,BRKA-KQR PASSENGER,PAS,Passenger,Daily,BRKA,BARKA KANA,KQR,KODERMA,138,04:00,16
53373,KQR-BRKA PASSENGER,PAS,Passenger,Daily,KQR,KODERMA,BRKA,BARKA KANA,138,04:35,16
53374,BRKA-KQR PASSENGER,PAS,Passenger,Daily,BRKA,BARKA KANA,KQR,KODERMA,138,03:55,16
53375,BRKA-SDWR PASSENGER,PAS,Passenger,Daily,BRKA,BARKA KANA,SDWR,SIDHWAR,6,00:20,2
53376,SDWR-BRKA PASSENGER,PAS,Passenger,Daily,SDWR,SIDHWAR,BRKA,BARKA KANA,6,00:20,2
53403,RPH-GAYA PASSENGER,PAS,Passenger,Daily,RPH,RAMPUR HAT,GAYA,GAYA JN,439,14:25,78
53404,GAYA-JMP PASSENGER,PAS,Passenger,Daily,GAYA,GAYA JN,JMP,JAMALPUR JN,174,06:25,32
53408,JMP-RPH PASSENGER,PAS,Passenger,Daily,JMP,JAMALPUR JN,RPH,RAMPUR HAT,265,08:25,47
53411,BHW-SBG PASSENGER,PAS,Passenger,Daily,BHW,BARHARWA JN,SBG,SAHIBGANJ JN,55,01:30,10
53412,SBG-BHW PASSENGER,PAS,Passenger,Daily,SBG,SAHIBGANJ JN,BHW,BARHARWA JN,55,01:35,10
53415,SBG-JMP PASSENGER,PAS,Passenger,Daily,SBG,SAHIBGANJ JN,JMP,JAMALPUR JN,128,04:15,31
53416,JMP-SBG PASSENGER,PAS,Passenger,Daily,JMP,JAMALPUR JN,SBG,SAHIBGANJ JN,128,04:00,31
53433,AZ-BHW PASSENGER,PAS,Passenger,Daily,AZ,AZIMGANJ JN,BHW,BARHARWA JN,91,02:55,20
53434,BHW-AZ PASSENGER,PAS,Passenger,Daily,BHW,BARHARWA JN,AZ,AZIMGANJ JN,91,02:40,20
53435,KWAE-AZ PASSENGER,PAS,Passenger,Daily,KWAE,KATWA,AZ,AZIMGANJ JN,73,01:50,19
53436,AZ-KWAE PASSENGER,PAS,Passenger,Daily,AZ,AZIMGANJ JN,KWAE,KATWA,73,02:05,36
53441,DGHR-JMP PGR,PAS,Passenger,"Mon,Tue,Wed,Thu,Fri,Sat",DGHR,DEOGHAR,JMP,JAMALPUR JN,159,06:40,39
53442,JMP-DGHR PGR,PAS,Passenger,"Mon,Tue,Wed,Thu,Fri,Sat",JMP,JAMALPUR JN,DGHR,DEOGHAR,160,05:00,39
53443,GODA-DGHR PGR,PAS,Passenger,"Mon,Tue,Wed,Thu,Fri,Sat",GODA,GODDA,DGHR,DEOGHAR,80,02:00,10
53444,DGHR-GODA PGR,PAS,Passenger,"Mon,Tue,Wed,Thu,Fri,Sat",DGHR,DEOGHAR,GODA,GODDA,80,01:50,10
53479,JMP-KIUL PASSENGER,PAS,Passenger,Daily,JMP,JAMALPUR JN,KIUL,KIUL JN,45,01:25,13
53480,KIUL-JMP PASSENGER,PAS,Passenger,Daily,KIUL,KIUL JN,JMP,JAMALPUR JN,45,01:20,13
53481,TPH-RJL PASSENGER,PAS,Passenger,Daily,TPH,TINPAHAR JN,RJL,RAJMAHAL,11,00:25,3
53482,RJL-TPH PASSENGER,PAS,Passenger,Daily,RJL,RAJMAHAL,TPH,TINPAHAR JN,11,00:25,3
53483,TPH-RJL PASSENGER,PAS,Passenger,Daily,TPH,TINPAHAR JN,RJL,RAJMAHAL,11,00:25,3
53484,RJL-TPH PASSENGER,PAS,Passenger,Daily,RJL,RAJMAHAL,TPH,TINPAHAR JN,11,00:25,3
53485,TPH-RJL PASSENGER,PAS,Passenger,Daily,TPH,TINPAHAR JN,RJL,RAJMAHAL,11,00:25,3
53486,RJL-TPH PASSENGER,PAS,Passenger,Daily,RJL,RAJMAHAL,TPH,TINPAHAR JN,11,00:25,3
53487,TPH-RJL PASSENGER,PAS,Passenger,Daily,TPH,TINPAHAR JN,RJL,RAJMAHAL,11,00:25,3
53488,RJL-TPH PASSENGER,PAS,Passenger,Daily,RJL,RAJMAHAL,TPH,TINPAHAR JN,11,00:25,3
53489,TPH-RJL PASSENGER,PAS,Passenger,Daily,TPH,TINPAHAR JN,RJL,RAJMAHAL,11,00:25,3
53490,RJL-TPH PASSENGER,PAS,Passenger,Daily,RJL,RAJMAHAL,TPH,TINPAHAR JN,11,00:25,3
53491,TPH-RJL PASSENGER,PAS,Passenger,Daily,TPH,TINPAHAR JN,RJL,RAJMAHAL,11,00:25,3
53492,RJL-TPH PASSENGER,PAS,Passenger,Daily,RJL,RAJMAHAL,TPH,TINPAHAR JN,11,00:25,3
53493,TPH-RJL PASSENGER,PAS,Passenger,Daily,TPH,TINPAHAR JN,RJL,RAJMAHAL,11,00:25,3
53494,RJL-TPH PASSENGER,PAS,Passenger,Daily,RJL,RAJMAHAL,TPH,TINPAHAR JN,11,00:25,3
53495,TPH-RJL PASSENGER,PAS,Passenger,Daily,TPH,TINPAHAR JN,RJL,RAJMAHAL,11,00:25,3
53496,RJL-TPH PASSENGER,PAS,Passenger,Daily,RJL,RAJMAHAL,TPH,TINPAHAR JN,11,00:25,3
53511,MDP-GRD PGR,PAS,Passenger,Daily,MDP,MADHUPUR JN.,GRD,GIRIDIH,38,00:50,7
53512,GRD-MDP PGR,PAS,Passenger,Daily,GRD,GIRIDIH,MDP,MADHUPUR JN.,38,00:53,7
53513,MDP-GRD PASSENGER,PAS,Passenger,Daily,MDP,MADHUPUR JN.,GRD,GIRIDIH,38,00:55,7
53514,GRD-MDP PASSENGER,PAS,Passenger,Daily,GRD,GIRIDIH,MDP,MADHUPUR JN.,38,01:00,7
53515,MDP-GRD PASSENGER,PAS,Passenger,"Mon,Tue,Wed,Fri,Sat,Sun",MDP,MADHUPUR JN.,GRD,GIRIDIH,38,00:58,7
53516,GRD-MDP PASSENGER,PAS,Passenger,"Mon,Tue,Wed,Fri,Sat,Sun",GRD,GIRIDIH,MDP,MADHUPUR JN.,38,00:58,7
53517,MDP-GRD PASSENGER,PAS,Passenger,Daily,MDP,MADHUPUR JN.,GRD,GIRIDIH,38,00:58,7
53518,GRD-MDP PASSENGER,PAS,Passenger,Daily,GRD,GIRIDIH,MDP,MADHUPUR JN.,38,01:05,7
53519,MDP-GRD PASSENGER,PAS,Passenger,Daily,MDP,MADHUPUR JN.,GRD,GIRIDIH,38,00:55,7
53520,GRD-MDP PASSENGER,PAS,Passenger,Daily,GRD,GIRIDIH,MDP,MADHUPUR JN.,38,00:55,7
53611,BRWD-DOS PASSENGER,PAS,Passenger,Daily,BRWD,BARWADIH JN,DOS,DEHRI ON SONE,159,04:50,25
53612,DOS-BRWD PASSENGER,PAS,Passenger,Daily,DOS,DEHRI ON SONE,BRWD,BARWADIH JN,159,05:30,25
53641,DLN-DDU PASSENGER,PAS,Passenger,Daily,DLN,DILDARNAGAR JN,DDU,PT.DEEN DAYAL UPADHYAYA JN.,54,02:05,9
53642,DDU-DLN PASSENGER,PAS,Passenger,Daily,DDU,PT.DEEN DAYAL UPADHYAYA JN.,DLN,DILDARNAGAR JN,54,01:50,9
53643,DLN-TRG PASSENGER,PAS,Passenger,Daily,DLN,DILDARNAGAR JN,TRG,TARIGHAT,17,00:50,4
53644,TRG-DLN PASSENGER,PAS,Passenger,Daily,TRG,TARIGHAT,DLN,DILDARNAGAR JN,17,00:50,4
53645,DLN-GCT PASSENGER,PAS,Passenger,Daily,DLN,DILDARNAGAR JN,GCT,GHAZIPUR CITY,26,01:20,4
53646,GCT-DLN PASSENGER,PAS,Passenger,Daily,GCT,GHAZIPUR CITY,DLN,DILDARNAGAR JN,26,01:10,4
53647,DLN-TRG PASSENGER,PAS,Passenger,Daily,DLN,DILDARNAGAR JN,TRG,TARIGHAT,17,00:45,4
53648,TRG-DLN PASSENGER,PAS,Passenger,Daily,TRG,TARIGHAT,DLN,DILDARNAGAR JN,17,00:50,4
54005,DLI-BNW PASSENGER,PAS,Passenger,Daily,DLI,DELHI JN.,BNW,BHIWANI JN.,119,03:45,23
54006,JIND-ROK PASSENGER,PAS,Passenger,Daily,JIND,JIND JN,ROK,ROHTAK JN,141,04:40,26
54007,ROK-JIND PASSENGER,PAS,Passenger,Daily,ROK,ROHTAK JN,JIND,JIND JN,141,04:05,26
54008,JIND-ROK PASSENGER,PAS,Passenger,Daily,JIND,JIND JN,ROK,ROHTAK JN,141,04:00,26
54009,ROK-JIND PASSENGER,PAS,Passenger,Daily,ROK,ROHTAK JN,JIND,JIND JN,141,04:10,26
54010,NRW-JIND PASSENGER,PAS,Passenger,Daily,NRW,NARWANA JN,JIND,JIND JN,34,00:50,5
54011,ROK-HNS PASSENGER,PAS,Passenger,Daily,ROK,ROHTAK JN,HNS,HANSI,71,02:35,10
54012,HNS-ROK PASSENGER,PAS,Passenger,Daily,HNS,HANSI,ROK,ROHTAK JN,71,02:00,10
54013,ROK-BNW PASSENGER,PAS,Passenger,Daily,ROK,ROHTAK JN,BNW,BHIWANI JN.,49,01:25,7
54014,BNW-ROK PASSENGER,PAS,Passenger,Daily,BNW,BHIWANI JN.,ROK,ROHTAK JN,49,01:30,7
54015,ROK-BNW PASSENGER,PAS,Passenger,Daily,ROK,ROHTAK JN,BNW,BHIWANI JN.,49,01:30,7
54016,BNW-ROK PASSENGER,PAS,Passenger,Daily,BNW,BHIWANI JN.,ROK,ROHTAK JN,49,01:25,7
54018,BNW-ROK PASSENGER,PAS,Passenger,Daily,BNW,BHIWANI JN.,ROK,ROHTAK JN,49,01:50,7
54019,RE-ROK PASSENGER,PAS,Passenger,Daily,RE,REWARI JN.,ROK,ROHTAK JN,81,01:35,8
54020,ROK-RE PASSENGER,PAS,Passenger,Daily,ROK,ROHTAK JN,RE,REWARI JN.,81,01:45,8
54023,ROK-JIND PASSENGER,PAS,Passenger,Daily,ROK,ROHTAK JN,JIND,JIND JN,57,01:20,10
54024,JIND-DLI PASSENGER,PAS,Passenger,Daily,JIND,JIND JN,DLI,DELHI JN.,127,03:35,26
54025,ROK-PNP PASSENGER,PAS,Passenger,Daily,ROK,ROHTAK JN,PNP,PANIPAT JN,71,02:05,6
54026,PNP-ROK PASSENGER,PAS,Passenger,Daily,PNP,PANIPAT JN,ROK,ROHTAK JN,71,01:45,6
54031,DLI-JIND PASSENGER,PAS,Passenger,Daily,DLI,DELHI JN.,JIND,JIND JN,127,03:55,26
54032,JIND-DLI PASSENGER,PAS,Passenger,Daily,JIND,JIND JN,DLI,DELHI JN.,127,03:28,26
54033,SSB-NRW PASSENGER,PAS,Passenger,Daily,SSB,SHAKURBASTI,NRW,NARWANA JN,151,03:45,25
54034,JIND-DLI PASSENGER,PAS,Passenger,Daily,JIND,JIND JN,DLI,DELHI JN.,127,03:50,26
54035,DLI-JHL PASSENGER,PAS,Passenger,Daily,DLI,DELHI JN.,JHL,JAKHAL JN,199,05:20,36
54036,JHL-SSB PASSENGER,PAS,Passenger,Daily,JHL,JAKHAL JN,SSB,SHAKURBASTI,189,04:55,32
54037,KKDE-JIND PASSENGER,PAS,Passenger,Daily,KKDE,KURUKSHETRA JN,JIND,JIND JN,120,02:50,18
54038,JIND-KKDE PASSENGER,PAS,Passenger,Daily,JIND,JIND JN,KKDE,KURUKSHETRA JN,120,03:25,18
54040,JIND-KKDE PASSENGER,PAS,Passenger,Daily,JIND,JIND JN,KKDE,KURUKSHETRA JN,120,02:45,19
54041,KKDE-JIND PASSENGER,PAS,Passenger,Daily,KKDE,KURUKSHETRA JN,JIND,JIND JN,120,02:45,18
54043,JIND-HSR PASSENGER,PAS,Passenger,Daily,JIND,JIND JN,HSR,HISAR,327,08:25,39
54044,HSR-JIND PASSENGER,PAS,Passenger,Daily,HSR,HISAR,JIND,JIND JN,327,07:45,40
54047,KKDE-JIND PASSENGER,PAS,Passenger,Daily,KKDE,KURUKSHETRA JN,JIND,JIND JN,120,02:35,11
54048,JIND-KKDE PASSENGER,PAS,Passenger,Daily,JIND,JIND JN,KKDE,KURUKSHETRA JN,120,03:30,18
54049,ROK-JIND PASSENGER,PAS,Passenger,Daily,ROK,ROHTAK JN,JIND,JIND JN,141,04:15,26
54050,JIND-ROK PASSENGER,PAS,Passenger,Daily,JIND,JIND JN,ROK,ROHTAK JN,141,04:10,26
54051,LDH-FZR PASSENGER,PAS,Passenger,Daily,LDH,LUDHIANA JN,FZR,FIROZPUR CANT,124,03:10,14
54052,FZR-LDH PASSENGER,PAS,Passenger,Daily,FZR,FIROZPUR CANT,LDH,LUDHIANA JN,124,03:00,14
54053,JHL-LDH PASSENGER,PAS,Passenger,Daily,JHL,JAKHAL JN,LDH,LUDHIANA JN,128,03:10,18
54054,LDH-JHL PASSENGER,PAS,Passenger,Daily,LDH,LUDHIANA JN,JHL,JAKHAL JN,128,03:10,18
54057,DLI-SMQL PASSENGER,PAS,Passenger,Daily,DLI,DELHI JN.,SMQL,SHAMLI,93,03:10,24
54058,SMQL-DLI PASSENGER,PAS,Passenger,Daily,SMQL,SHAMLI,DLI,DELHI JN.,93,03:30,24
54075,BE-DLI PASSENGER,PAS,Passenger,Daily,BE,BAREILLY(NR),DLI,DELHI JN.,271,09:30,30
54076,DLI-BE PASSENGER,PAS,Passenger,Daily,DLI,DELHI JN.,BE,BAREILLY(NR),271,09:50,36
54085,DLI-STD PASSENGER,PAS,Passenger,Daily,DLI,DELHI JN.,STD,SATROD,215,05:55,26
54086,STD-DLI PASSENGER,PAS,Passenger,Daily,STD,SATROD,DLI,DELHI JN.,214,06:50,26
54101,PYGS-CPA PASSENGER,PAS,Passenger,Daily,PYGS,PRAYAGRAJ SANGAM,CPA,KANPUR ANWRGANJ,213,07:10,36
54102,CPA-PYGS PASSENGER,PAS,Passenger,Daily,CPA,KANPUR ANWRGANJ,PYGS,PRAYAGRAJ SANGAM,213,07:20,36
54153,RBL-CNB PASSENGER,PAS,Passenger,Daily,RBL,RAE BARELI JN,CNB,KANPUR CENTRAL,167,05:40,27
54154,CNB-RBL PASSENGER,PAS,Passenger,Daily,CNB,KANPUR CENTRAL,RBL,RAE BARELI JN,167,05:50,27
54155,CNB-FBD PASSENGER,PAS,Passenger,Daily,CNB,KANPUR CENTRAL,FBD,FARRUKHABAD,139,04:15,27
54156,FBD-CNB PASSENGER,PAS,Passenger,Daily,FBD,FARRUKHABAD,CNB,KANPUR CENTRAL,139,04:30,27
54157,CPA-FBD PASSENGER,PAS,Passenger,Daily,CPA,KANPUR ANWRGANJ,FBD,FARRUKHABAD,136,04:00,26
54158,FBD-CPA PASSENGER,PAS,Passenger,Daily,FBD,FARRUKHABAD,CPA,KANPUR ANWRGANJ,136,04:15,26
54213,PYGS-JNU PASSENGER,PAS,Passenger,Daily,PYGS,PRAYAGRAJ SANGAM,JNU,JAUNPUR JN,110,04:25,19
54214,JNU-PYGS PASSENGER,PAS,Passenger,Daily,JNU,JAUNPUR JN,PYGS,PRAYAGRAJ SANGAM,110,03:40,19
54221,RBL-RRS PASSENGER,PAS,Passenger,Daily,RBL,RAE BARELI JN,RRS,RAGHURAJ SINGH,57,01:50,10
54222,RRS-RBL PASSENGER,PAS,Passenger,Daily,RRS,RAGHURAJ SINGH,RBL,RAE BARELI JN,57,02:10,10
54223,RBL-RRS PASSENGER,PAS,Passenger,Daily,RBL,RAE BARELI JN,RRS,RAGHURAJ SINGH,57,02:25,10
54224,RRS-RBL PASSENGER,PAS,Passenger,Daily,RRS,RAGHURAJ SINGH,RBL,RAE BARELI JN,57,02:00,10
54225,UCR-RBL PASSENGER,PAS,Passenger,Daily,UCR,UNCHAHAR JN,RBL,RAE BARELI JN,38,00:50,5
54226,RBL-UCR PASSENGER,PAS,Passenger,Daily,RBL,RAE BARELI JN,UCR,UNCHAHAR JN,38,00:50,5
54253,PYGS-LKO PASSENGER,PAS,Passenger,Daily,PYGS,PRAYAGRAJ SANGAM,LKO,LUCKNOW JN.,228,07:40,33
54254,LKO-PYGS PASSENGER,PAS,Passenger,Daily,LKO,LUCKNOW JN.,PYGS,PRAYAGRAJ SANGAM,228,07:05,33
54263,BSB-SLN PASSENGER,PAS,Passenger,Daily,BSB,VARANASI,SLN,SULTANPUR,143,03:55,21
54264,SLN-BSB PASSENGER,PAS,Passenger,Daily,SLN,SULTANPUR,BSB,VARANASI,143,03:40,21
54291,BSB-MBDP PASSENGER,PAS,Passenger,Daily,BSB,VARANASI,MBDP,MAA BELHA DEVI DHAM PRATAPGARH,128,03:30,18
54292,MBDP-BSB PASSENGER,PAS,Passenger,Daily,MBDP,MAA BELHA DEVI DHAM PRATAPGARH,BSB,VARANASI,128,04:05,18
54307,MB-DLI PASSENGER,PAS,Passenger,Daily,MB,MORADABAD,DLI,DELHI JN.,161,05:35,24
54308,DLI-MB PASSENGER,PAS,Passenger,Daily,DLI,DELHI JN.,MB,MORADABAD,161,06:30,23
54309,DLI-HSR PASSENGER,PAS,Passenger,Daily,DLI,DELHI JN.,HSR,HISAR,294,08:05,45
54310,HSR-DLI PASSENGER,PAS,Passenger,Daily,HSR,HISAR,DLI,DELHI JN.,294,09:05,45
54315,RE-HSR PASSENGER,PAS,Passenger,Daily,RE,REWARI JN.,HSR,HISAR,212,04:45,23
54316,HSR-RE PASSENGER,PAS,Passenger,Daily,HSR,HISAR,RE,REWARI JN.,212,05:25,28
54321,BLM-STP PASSENGER,PAS,Passenger,Daily,BLM,BALAMU JN,STP,SITAPUR JN.,64,05:30,13
54322,STP-BLM PASSENGER,PAS,Passenger,Daily,STP,SITAPUR JN.,BLM,BALAMU JN,64,02:55,13
54325,SPC-CNB PASSENGER,PAS,Passenger,Daily,SPC,SITAPUR CITY,CNB,KANPUR CENTRAL,177,09:30,30
54326,CNB-SPC PASSENGER,PAS,Passenger,Daily,CNB,KANPUR CENTRAL,SPC,SITAPUR CITY,177,11:00,30
54327,SPC-SPN PASSENGER,PAS,Passenger,Daily,SPC,SITAPUR CITY,SPN,SHAHJEHANPUR,87,02:40,12
54328,SPN-SPC PASSENGER,PAS,Passenger,Daily,SPN,SHAHJEHANPUR,SPC,SITAPUR CITY,87,02:55,12
54329,BLM-SPN PASSENGER,PAS,Passenger,Daily,BLM,BALAMU JN,SPN,SHAHJEHANPUR,96,03:35,15
54330,SPN-BLM PASSENGER,PAS,Passenger,Daily,SPN,SHAHJEHANPUR,BLM,BALAMU JN,96,03:30,15
54331,LKO-BLM PASSENGER,PAS,Passenger,"Wed,Sun",LKO,LUCKNOW JN.,BLM,BALAMU JN,69,02:15,10
54332,BLM-LKO PASSENGER,PAS,Passenger,"Mon,Thu",BLM,BALAMU JN,LKO,LUCKNOW JN.,69,02:00,10
54335,BLM-CNB PASSENGER,PAS,Passenger,Daily,BLM,BALAMU JN,CNB,KANPUR CENTRAL,117,03:50,20
54336,CNB-BLM PASSENGER,PAS,Passenger,Daily,CNB,KANPUR CENTRAL,BLM,BALAMU JN,117,04:30,20
54337,LKO-SPN PASSENGER,PAS,Passenger,"Mon,Tue,Thu,Fri,Sat",LKO,LUCKNOW JN.,SPN,SHAHJEHANPUR,164,05:35,22
54338,SPN-LKO PASSENGER,PAS,Passenger,"Tue,Wed,Fri,Sat,Sun",SPN,SHAHJEHANPUR,LKO,LUCKNOW JN.,164,06:30,22
54341,SRE-DDN PASSENGER,PAS,Passenger,Daily,SRE,SAHARANPUR JN.,DDN,DEHRADOON,132,06:10,21
54342,DDN-SRE PASSENGER,PAS,Passenger,Daily,DDN,DEHRADOON,SRE,SAHARANPUR JN.,132,05:20,21
54351,ALJN-BE PASSENGER,PAS,Passenger,Daily,ALJN,ALIGARH JN,BE,BAREILLY(NR),165,06:50,27
54352,BE-ALJN PASSENGER,PAS,Passenger,Daily,BE,BAREILLY(NR),ALJN,ALIGARH JN,165,05:35,27
54353,ALJN-BE PASSENGER,PAS,Passenger,Daily,ALJN,ALIGARH JN,BE,BAREILLY(NR),165,05:55,22
54354,BE-ALJN PASSENGER,PAS,Passenger,Daily,BE,BAREILLY(NR),ALJN,ALIGARH JN,165,05:45,27
54355,BKI-BE PASS,PAS,Passenger,Daily,BKI,BANDIKUI JN,BE,BAREILLY(NR),411,15:35,49
54356,BE-BKI PASS,PAS,Passenger,Daily,BE,BAREILLY(NR),BKI,BANDIKUI JN,411,12:45,49
54375,PYGS-JNU PASSENGER,PAS,Passenger,Daily,PYGS,PRAYAGRAJ SANGAM,JNU,JAUNPUR JN,110,03:30,19
54376,JNU-PYGS PASSENGER,PAS,Passenger,Daily,JNU,JAUNPUR JN,PYGS,PRAYAGRAJ SANGAM,110,03:40,19
54381,GJL-NBD PASSENGER,PAS,Passenger,Daily,GJL,GAJRAULA JN,NBD,NAJIBABAD JN,106,03:40,17
54382,NBD-GJL PASSENGER,PAS,Passenger,Daily,NBD,NAJIBABAD JN,GJL,GAJRAULA JN,106,04:00,18
54383,GJL-NBD PASSENGER,PAS,Passenger,Daily,GJL,GAJRAULA JN,NBD,NAJIBABAD JN,106,03:55,18
54384,NBD-GJL PASSENGER,PAS,Passenger,Daily,NBD,NAJIBABAD JN,GJL,GAJRAULA JN,106,03:50,17
54385,NBD-KTW PASSENGER,PAS,Passenger,Daily,NBD,NAJIBABAD JN,KTW,KOTDWARA,24,00:50,3
54386,KTW-NBD PASSENGER,PAS,Passenger,Daily,KTW,KOTDWARA,NBD,NAJIBABAD JN,24,01:00,3
54387,NBD-KTW PASSENGER,PAS,Passenger,Daily,NBD,NAJIBABAD JN,KTW,KOTDWARA,24,00:50,3
54388,KTW-NBD PASSENGER,PAS,Passenger,Daily,KTW,KOTDWARA,NBD,NAJIBABAD JN,24,01:00,3
54389,NBD-KTW PASSENGER,PAS,Passenger,Daily,NBD,NAJIBABAD JN,KTW,KOTDWARA,24,00:50,3
54390,KTW-NBD PASSENGER,PAS,Passenger,Daily,KTW,KOTDWARA,NBD,NAJIBABAD JN,24,01:00,3
54391,ALJN-GJL PASSENGER,PAS,Passenger,Daily,ALJN,ALIGARH JN,GJL,GAJRAULA JN,196,08:25,32
54392,GJL-ALJN PASSENGER,PAS,Passenger,Daily,GJL,GAJRAULA JN,ALJN,ALIGARH JN,196,07:50,32
54395,MB-NBD PASSENGER,PAS,Passenger,Daily,MB,MORADABAD,NBD,NAJIBABAD JN,160,06:35,23
54396,NBD-MB PASSENGER,PAS,Passenger,Daily,NBD,NAJIBABAD JN,MB,MORADABAD,160,06:25,23
54401,KRJ-MTC PASSENGER,PAS,Passenger,Daily,KRJ,KHURJA JN,MTC,MEERUT CITY,93,03:30,13
54402,MTC-KRJ PASSENGER,PAS,Passenger,Daily,MTC,MEERUT CITY,KRJ,KHURJA JN,93,04:15,13
54405,KRJ-MTC PASSENGER,PAS,Passenger,Daily,KRJ,KHURJA JN,MTC,MEERUT CITY,93,04:15,13
54406,MTC-KRJ PASSENGER,PAS,Passenger,Daily,MTC,MEERUT CITY,KRJ,KHURJA JN,93,02:45,13
54411,RE-MUT PASSENGER,PAS,Passenger,Daily,RE,REWARI JN.,MUT,MEERUT CANT,160,05:40,37
54413,DLI-RE PASSENGER,PAS,Passenger,Daily,DLI,DELHI JN.,RE,REWARI JN.,82,02:35,18
54414,RE-DLI PASSENGER,PAS,Passenger,Daily,RE,REWARI JN.,DLI,DELHI JN.,82,02:30,18
54417,DLI-RE PASSENGER,PAS,Passenger,Daily,DLI,DELHI JN.,RE,REWARI JN.,82,02:35,18
54420,RE-DLI PASSENGER,PAS,Passenger,Daily,RE,REWARI JN.,DLI,DELHI JN.,82,02:40,18
54421,DLI-RE PASSENGER,PAS,Passenger,Daily,DLI,DELHI JN.,RE,REWARI JN.,82,02:40,18
54423,NDLS-HSR PASSENGER,PAS,Passenger,Daily,NDLS,NEW DELHI,HSR,HISAR,179,04:30,16
54424,HSR-NDLS PASSENGER,PAS,Passenger,Daily,HSR,HISAR,NDLS,NEW DELHI,179,04:20,13
54463,CH-RKSH PASSENGER,PAS,Passenger,Daily,CH,CHANDAUSI JN,RKSH,RISHIKESH,233,11:50,38
54464,RKSH-CH PASSENGER,PAS,Passenger,Daily,RKSH,RISHIKESH,CH,CHANDAUSI JN,233,10:05,36
54473,DLI-SRE PASSENGER,PAS,Passenger,Daily,DLI,DELHI JN.,SRE,SAHARANPUR JN.,190,05:20,33
54474,SRE-DLI PASSENGER,PAS,Passenger,Daily,SRE,SAHARANPUR JN.,DLI,DELHI JN.,190,04:55,28
54481,HW-RKSH PASSENGER,PAS,Passenger,Daily,HW,HARIDWAR JN,RKSH,RISHIKESH,23,01:05,5
54482,RKSH-HW PASSENGER,PAS,Passenger,Daily,RKSH,RISHIKESH,HW,HARIDWAR JN,23,01:10,5
54483,HW-RKSH PASSENGER,PAS,Passenger,Daily,HW,HARIDWAR JN,RKSH,RISHIKESH,23,01:05,5
54484,RKSH-HW PASSENGER,PAS,Passenger,Daily,RKSH,RISHIKESH,HW,HARIDWAR JN,23,01:05,5
54531,UMB-KLK PASSENGER,PAS,Passenger,Daily,UMB,AMBALA CANT JN,KLK,KALKA,70,01:40,8
54532,KLK-UMB PASSENGER,PAS,Passenger,Daily,KLK,KALKA,UMB,AMBALA CANT JN,70,01:45,8
54551,UMB-BTI PASSENGER,PAS,Passenger,Daily,UMB,AMBALA CANT JN,BTI,BATHINDA,201,04:35,25
54552,BTI-UMB PASSENGER,PAS,Passenger,Daily,BTI,BATHINDA,UMB,AMBALA CANT JN,201,04:40,25
54553,UMB-DUI PASSENGER,PAS,Passenger,Daily,UMB,AMBALA CANT JN,DUI,DHURI JN,106,03:00,14
54557,UMB-PTA PASSENGER,PAS,Passenger,"Mon,Tue,Wed,Thu,Fri,Sat",UMB,AMBALA CANT JN,PTA,PATIALA,53,01:10,7
54558,PTA-UMB PASSENGER,PAS,Passenger,"Mon,Tue,Wed,Thu,Fri,Sat",PTA,PATIALA,UMB,AMBALA CANT JN,53,01:20,7
54559,BTI-FKA PASSENGER,PAS,Passenger,Daily,BTI,BATHINDA,FKA,FAZILKA,116,03:00,15
54560,FKA-BTI PASSENGER,PAS,Passenger,Daily,FKA,FAZILKA,BTI,BATHINDA,116,03:40,15
54561,BTI-FZR PASSENGER,PAS,Passenger,Daily,BTI,BATHINDA,FZR,FIROZPUR CANT,87,02:40,13
54562,FZR-BTI PASSENGER,PAS,Passenger,Daily,FZR,FIROZPUR CANT,BTI,BATHINDA,87,02:20,13
54563,BTI-FZR PASSENGER,PAS,Passenger,Daily,BTI,BATHINDA,FZR,FIROZPUR CANT,87,02:20,13
54564,FZR-BTI PASSENGER,PAS,Passenger,Daily,FZR,FIROZPUR CANT,BTI,BATHINDA,87,02:20,13
54571,LDH-FZR PASSENGER,PAS,Passenger,Daily,LDH,LUDHIANA JN,FZR,FIROZPUR CANT,124,03:10,19
54572,FZR-LDH PASSENGER,PAS,Passenger,Daily,FZR,FIROZPUR CANT,LDH,LUDHIANA JN,124,03:35,19
54575,LDH-LNK PASSENGER,PAS,Passenger,Daily,LDH,LUDHIANA JN,LNK,LOHIAN KHAS JN,77,02:20,14
54576,LNK-LDH PASSENGER,PAS,Passenger,Daily,LNK,LOHIAN KHAS JN,LDH,LUDHIANA JN,77,02:35,14
54603,HSR-LDH PASSENGER,PAS,Passenger,Daily,HSR,HISAR,LDH,LUDHIANA JN,210,05:05,19
54604,LDH-CUR PASSENGER,PAS,Passenger,Daily,LDH,LUDHIANA JN,CUR,CHURU,337,09:00,31
54605,CUR-LDH PASSENGER,PAS,Passenger,Daily,CUR,CHURU,LDH,LUDHIANA JN,337,08:50,39
54606,LDH-HSR PASSENGER,PAS,Passenger,Daily,LDH,LUDHIANA JN,HSR,HISAR,210,05:20,18
54611,ASR-PTK PASSENGER,PAS,Passenger,Daily,ASR,AMRITSAR,PTK,PATHANKOT,107,03:05,16
54612,PTK-ASR PASSENGER,PAS,Passenger,Daily,PTK,PATHANKOT,ASR,AMRITSAR,107,03:15,17
54613,ASR-PTK PASSENGER,PAS,Passenger,Daily,ASR,AMRITSAR,PTK,PATHANKOT,107,03:00,17
54614,PTK-ASR PASSENGER,PAS,Passenger,Daily,PTK,PATHANKOT,ASR,AMRITSAR,107,03:25,17
54615,ASR-PTK PASSENGER,PAS,Passenger,Daily,ASR,AMRITSAR,PTK,PATHANKOT,107,03:20,17
54616,PTK-ASR PASSENGER,PAS,Passenger,Daily,PTK,PATHANKOT,ASR,AMRITSAR,107,03:00,17
54621,JUC-PTK PASSENGER,PAS,Passenger,Daily,JUC,JALANDHAR CITY,PTK,PATHANKOT,116,03:05,18
54622,PTK-JUC PASSENGER,PAS,Passenger,Daily,PTK,PATHANKOT,JUC,JALANDHAR CITY,116,03:10,18
54625,NSS-JUC PASSENGER,PAS,Passenger,Daily,NSS,NAWASHAHR DOABA JN.,JUC,JALANDHAR CITY,57,02:05,11
54626,JUC-NSS PASSENGER,PAS,Passenger,Daily,JUC,JALANDHAR CITY,NSS,NAWASHAHR DOABA JN.,57,01:45,11
54631,BNW-DUI PASSENGER,PAS,Passenger,Daily,BNW,BHIWANI JN.,DUI,DHURI JN,208,05:45,25
54632,DUI-SSA PASSENGER,PAS,Passenger,Daily,DUI,DHURI JN,SSA,SIRSA,229,05:35,27
54633,SSA-LDH PASSENGER,PAS,Passenger,Daily,SSA,SIRSA,LDH,LUDHIANA JN,291,07:40,35
54634,LDH-BNW PASSENGER,PAS,Passenger,Daily,LDH,LUDHIANA JN,BNW,BHIWANI JN.,270,07:20,33
54635,HSR-LDH PASSENGER,PAS,Passenger,Daily,HSR,HISAR,LDH,LUDHIANA JN,210,05:05,15
54636,LDH-HSR PASSENGER,PAS,Passenger,Daily,LDH,LUDHIANA JN,HSR,HISAR,210,05:05,16
54637,HSX-JUC PASSENGER,PAS,Passenger,Daily,HSX,HOSHIARPUR,JUC,JALANDHAR CITY,43,01:10,7
54638,JUC-HSX PASSENGER,PAS,Passenger,Daily,JUC,JALANDHAR CITY,HSX,HOSHIARPUR,43,01:05,7
54641,BTI-FZR PASSENGER,PAS,Passenger,Daily,BTI,BATHINDA,FZR,FIROZPUR CANT,87,02:25,13
54642,FZR-BTI PASSENGER,PAS,Passenger,Daily,FZR,FIROZPUR CANT,BTI,BATHINDA,87,02:40,12
54643,JUC-FZR PASSENGER,PAS,Passenger,Daily,JUC,JALANDHAR CITY,FZR,FIROZPUR CANT,117,03:20,18
54644,FZR-JUC PASSENGER,PAS,Passenger,Daily,FZR,FIROZPUR CANT,JUC,JALANDHAR CITY,117,02:55,18
54645,LDH-FZR PASSENGER,PAS,Passenger,Daily,LDH,LUDHIANA JN,FZR,FIROZPUR CANT,124,02:30,13
54646,FZR-LDH PASSENGER,PAS,Passenger,Daily,FZR,FIROZPUR CANT,LDH,LUDHIANA JN,124,03:10,19
54701,BTI-LGH PASSENGER,PAS,Passenger,Daily,BTI,BATHINDA,LGH,LALGARH JN,320,07:35,31
54702,LGH-ABS PASSENGER,PAS,Passenger,Daily,LGH,LALGARH JN,ABS,ABOHAR,394,10:17,39
54703,BTI-JP PASSENGER,PAS,Passenger,Daily,BTI,BATHINDA,JP,JAIPUR JN.,550,14:20,45
54704,JP-BTI PASSENGER,PAS,Passenger,Daily,JP,JAIPUR JN.,BTI,BATHINDA,550,14:25,45
54751,HMH-SGNR PASS,PAS,Passenger,Daily,HMH,HANUMANGARH JN,SGNR,SHRI GANGANAGAR,67,01:20,5
54752,SGNR-HMH PASS,PAS,Passenger,Daily,SGNR,SHRI GANGANAGAR,HMH,HANUMANGARH JN,67,01:45,5
54753,BTI-SGNR PASSENGER,PAS,Passenger,Daily,BTI,BATHINDA,SGNR,SHRI GANGANAGAR,127,03:30,18
54754,SGNR-BTI PASSENGER,PAS,Passenger,Daily,SGNR,SHRI GANGANAGAR,BTI,BATHINDA,127,02:55,18
54755,BTI-SGNR PASSENGER,PAS,Passenger,Daily,BTI,BATHINDA,SGNR,SHRI GANGANAGAR,127,03:00,18
54756,SGNR-BTI PASSENGER,PAS,Passenger,Daily,SGNR,SHRI GANGANAGAR,BTI,BATHINDA,127,03:10,18
54757,HMH-SDLP PASS,PAS,Passenger,Daily,HMH,HANUMANGARH JN,SDLP,SADULPUR JN,178,03:55,22
54758,SDLP-HMH PASS,PAS,Passenger,Daily,SDLP,SADULPUR JN,HMH,HANUMANGARH JN,178,04:20,22
54759,HMH-SOG PASSENGER,PAS,Passenger,Daily,HMH,HANUMANGARH JN,SOG,SURATGARH JN,204,04:50,26
54760,SOG-HMH PASSENGER,PAS,Passenger,Daily,SOG,SURATGARH JN,HMH,HANUMANGARH JN,204,04:40,25
54761,HMH-SOG PASSENGER,PAS,Passenger,Daily,HMH,HANUMANGARH JN,SOG,SURATGARH JN,204,04:40,25
54762,SOG-HMH PASSENGER,PAS,Passenger,Daily,SOG,SURATGARH JN,HMH,HANUMANGARH JN,204,05:00,25
54763,SDLP-SGNR PASSENGER,PAS,Passenger,Daily,SDLP,SADULPUR JN,SGNR,SHRI GANGANAGAR,245,06:25,31
54764,SGNR-SDLP PASSENGER,PAS,Passenger,Daily,SGNR,SHRI GANGANAGAR,SDLP,SADULPUR JN,245,05:30,27
54765,DUI-BTI PASSENGER,PAS,Passenger,Daily,DUI,DHURI JN,BTI,BATHINDA,95,02:05,13
54766,BTI-DUI PASSENGER,PAS,Passenger,Daily,BTI,BATHINDA,DUI,DHURI JN,95,02:10,13
54767,HMH-SDLP-HMH PASS,PAS,Passenger,Daily,HMH,HANUMANGARH JN,SDLP,SADULPUR JN,178,04:45,22
54768,SDLP-HMH PASS,PAS,Passenger,Daily,SDLP,SADULPUR JN,HMH,HANUMANGARH JN,178,04:15,22
54769,SGNR-SOG PASS,PAS,Passenger,Daily,SGNR,SHRI GANGANAGAR,SOG,SURATGARH JN,137,03:10,17
54770,SOG-SGNR PASS,PAS,Passenger,Daily,SOG,SURATGARH JN,SGNR,SHRI GANGANAGAR,137,03:00,17
54781,BTI-RE PASSENGER,PAS,Passenger,Daily,BTI,BATHINDA,RE,REWARI JN.,300,08:05,38
54782,RE-BTI PASSENGER,PAS,Passenger,Daily,RE,REWARI JN.,BTI,BATHINDA,300,07:10,42
54785,FZR-FKA PASSENGER,PAS,Passenger,Daily,FZR,FIROZPUR CANT,FKA,FAZILKA,88,02:10,14
54786,FKA-FZR PASSENGER,PAS,Passenger,Daily,FKA,FAZILKA,FZR,FIROZPUR CANT,88,02:25,14
54787,BNW-RE PASSENGER,PAS,Passenger,Daily,BNW,BHIWANI JN.,RE,REWARI JN.,83,02:00,13
54788,RE-BNW PASSENGER,PAS,Passenger,Daily,RE,REWARI JN.,BNW,BHIWANI JN.,83,02:00,10
54789,RE-BKN PASSENGER,PAS,Passenger,Daily,RE,REWARI JN.,BKN,BIKANER JN,379,08:50,45
54790,BKN-RE PASSENGER,PAS,Passenger,Daily,BKN,BIKANER JN,RE,REWARI JN.,379,09:20,45
54793,SWM-MTJ PASSENGER,PAS,Passenger,Daily,SWM,SAWAI MADHOPUR JN,MTJ,MATHURA JN.,216,05:50,30
54794,MTJ-SWM PASSENGER,PAS,Passenger,Daily,MTJ,MATHURA JN.,SWM,SAWAI MADHOPUR JN,216,05:45,30
54803,SIKR-RE PASSENGER,PAS,Passenger,Daily,SIKR,SIKAR JN,RE,REWARI JN.,213,05:05,25
54804,RE-SIKR PASSENGER,PAS,Passenger,Daily,RE,REWARI JN.,SIKR,SIKAR JN,213,05:40,25
54813,JU-BME PASSENGER,PAS,Passenger,Daily,JU,JODHPUR JN,BME,BARMER,209,05:15,24
54814,BME-JU PASSENGER,PAS,Passenger,Daily,BME,BARMER,JU,JODHPUR JN,209,05:30,24
54825,JODHPUR-BILARA PASSENGER,PAS,Passenger,Daily,JU,JODHPUR JN,BLRA,BILARA,89,03:15,12
54826,BILARA-JODHPUR PASSENGER,PAS,Passenger,Daily,BLRA,BILARA,JU,JODHPUR JN,89,03:15,12
54879,BARMER-MUNABAO PASSENGER,PAS,Passenger,Daily,BME,BARMER,MBF,MUNABAO,119,02:15,9
54880,MUNABAO-BARMER PASSENGER,PAS,Passenger,Daily,MBF,MUNABAO,BME,BARMER,119,02:15,9
54881,BME-MBF PASSENGER,PAS,Passenger,Daily,BME,BARMER,MBF,MUNABAO,119,02:15,9
54882,MBF-BME PASSENGER,PAS,Passenger,Daily,MBF,MUNABAO,BME,BARMER,119,02:15,9
55031,GKP-GD PASSENGER,PAS,Passenger,Daily,GKP,GORAKHPUR JN,GD,GONDA JN,153,05:45,25
55032,GD-GKP PASSENGER,PAS,Passenger,Daily,GD,GONDA JN,GKP,GORAKHPUR JN,153,04:50,25
55033,GD-STP PASSENGER,PAS,Passenger,Daily,GD,GONDA JN,STP,SITAPUR JN.,158,04:30,22
55034,STP-GD PASSENGER,PAS,Passenger,Daily,STP,SITAPUR JN.,GD,GONDA JN,158,04:25,22
55035,SV-GKC PASSENGER,PAS,Passenger,Daily,SV,SIWAN JN,GKC,GORAKHPUR CANT,163,04:10,27
55036,GKC-SV PASSENGER,PAS,Passenger,Daily,GKC,GORAKHPUR CANT,SV,SIWAN JN,163,04:45,27
55037,SV-THE PASSENGER,PAS,Passenger,Daily,SV,SIWAN JN,THE,THAWE JN,28,00:50,5
55038,THE-SV PASSENGER,PAS,Passenger,Daily,THE,THAWE JN,SV,SIWAN JN,28,00:45,5
55039,NKE-BNY PASSENGER,PAS,Passenger,Daily,NKE,NARKATIAGANJ JN,BNY,BARHNI,263,10:00,33
55040,BNY-NKE PASSENGER,PAS,Passenger,Daily,BNY,BARHNI,NKE,NARKATIAGANJ JN,264,09:05,33
55041,SV-GKC PASSENGER,PAS,Passenger,Daily,SV,SIWAN JN,GKC,GORAKHPUR CANT,116,03:45,17
55042,GKC-SV PASSENGER,PAS,Passenger,Daily,GKC,GORAKHPUR CANT,SV,SIWAN JN,116,03:05,17
55047,NKE-GKC PASSENGER,PAS,Passenger,Daily,NKE,NARKATIAGANJ JN,GKC,GORAKHPUR CANT,147,06:30,16
55048,GKC-NKE PASSENGER,PAS,Passenger,Daily,GKC,GORAKHPUR CANT,NKE,NARKATIAGANJ JN,147,04:05,20
55055,CPR-JEA PASSENGER,PAS,Passenger,Daily,CPR,CHHAPRA,JEA,NAKAHA JUNGLE,186,05:25,28
55056,GKP-CPR PASSENGER,PAS,Passenger,Daily,GKP,GORAKHPUR JN,CPR,CHHAPRA,180,05:25,27
55059,STP-SPN PASSENGER,PAS,Passenger,Daily,STP,SITAPUR JN.,SPN,SHAHJEHANPUR,91,02:40,14
55060,SPN-STP PASSENGER,PAS,Passenger,Daily,SPN,SHAHJEHANPUR,STP,SITAPUR JN.,91,02:55,14
55061,JEA-ASH PASSENGER,PAS,Passenger,Daily,JEA,NAKAHA JUNGLE,ASH,AISHBAGH,338,10:35,45
55062,ASH-GKP PASSENGER ,PAS,Passenger,Daily,ASH,AISHBAGH,GKP,GORAKHPUR JN,344,12:15,46
55069,JEA-NTV PASSENGER,PAS,Passenger,Daily,JEA,NAKAHA JUNGLE,NTV,NAUTANWA,76,02:10,18
55070,NTV-GKP PASSENGER,PAS,Passenger,Daily,NTV,NAUTANWA,GKP,GORAKHPUR JN,81,03:00,19
55071,JEA-NTV PASSENGER,PAS,Passenger,Daily,JEA,NAKAHA JUNGLE,NTV,NAUTANWA,76,02:30,36
55072,NTV-JEA PASSENGER,PAS,Passenger,Daily,NTV,NAUTANWA,JEA,NAKAHA JUNGLE,76,02:20,18
55073,GKP-BNY PASSENGER ,PAS,Passenger,Daily,GKP,GORAKHPUR JN,BNY,BARHNI,113,03:40,13
55074,BNY-GKP,PAS,Passenger,Daily,BNY,BARHNI,GKP,GORAKHPUR JN,113,03:30,13
55075,GKP-BNY PASSENGER ,PAS,Passenger,Daily,GKP,GORAKHPUR JN,BNY,BARHNI,113,03:15,13
55076,BNY-JEA PASSENGER,PAS,Passenger,Daily,BNY,BARHNI,JEA,NAKAHA JUNGLE,107,03:05,12
55081,MLN-STP PASSENGER,PAS,Passenger,Daily,MLN,MAILANI,STP,SITAPUR JN.,106,02:50,16
55082,STP-MLN PASSENGER,PAS,Passenger,Daily,STP,SITAPUR JN.,MLN,MAILANI,106,03:20,16
55083,MLN-DAL PASSENGER,PAS,Passenger,Daily,MLN,MAILANI,DAL,DALIGANJ JN.,187,05:10,27
55084,DAL-MLN PASSENGER,PAS,Passenger,Daily,DAL,DALIGANJ JN.,MLN,MAILANI,187,04:55,27
55085,PBE-DAL PASSENGER,PAS,Passenger,Daily,PBE,PILIBHIT JN,DAL,DALIGANJ JN.,254,07:35,39
55086,GTNR-PBE PASSENGER,PAS,Passenger,Daily,GTNR,GOMTI NAGAR,PBE,PILIBHIT JN,263,08:55,41
55087,MLN-DAL PASSENGER,PAS,Passenger,Daily,MLN,MAILANI,DAL,DALIGANJ JN.,187,05:10,27
55088,DAL-MLN PASSENGER,PAS,Passenger,Daily,DAL,DALIGANJ JN.,MLN,MAILANI,187,05:15,27
55089,STP-GTNR PASSENGER,PAS,Passenger,Daily,STP,SITAPUR JN.,GTNR,GOMTI NAGAR,90,03:05,14
55090,DAL-STP PASSENGER,PAS,Passenger,Daily,DAL,DALIGANJ JN.,STP,SITAPUR JN.,81,02:20,12
55091,GD-SPC PASSENGER,PAS,Passenger,Daily,GD,GONDA JN,SPC,SITAPUR CITY,163,06:05,26
55092,SPC-GD PASSENGER,PAS,Passenger,Daily,SPC,SITAPUR CITY,GD,GONDA JN,163,06:20,26
55093,GKP-GD PASSENGER,PAS,Passenger,Daily,GKP,GORAKHPUR JN,GD,GONDA JN,153,05:05,25
55094,GD-GKP PASS,PAS,Passenger,Daily,GD,GONDA JN,GKP,GORAKHPUR JN,153,05:15,25
55095,NKE-GKC PASSENGER,PAS,Passenger,Daily,NKE,NARKATIAGANJ JN,GKC,GORAKHPUR CANT,147,04:25,20
55096,GKC-NKE PASSENGER,PAS,Passenger,Daily,GKC,GORAKHPUR CANT,NKE,NARKATIAGANJ JN,147,04:40,20
55097,NKE-GKC PASSENGER,PAS,Passenger,Daily,NKE,NARKATIAGANJ JN,GKC,GORAKHPUR CANT,147,04:35,20
55098,GKC-NKE PASSENGER,PAS,Passenger,Daily,GKC,GORAKHPUR CANT,NKE,NARKATIAGANJ JN,147,05:00,13
55101,CI-MAU UNRESERVED ,PAS,Passenger,Daily,CI,CHHAPRA KACHERI,MAU,MAU JN,179,05:20,28
55102,MAU-CI UNRESERVED ,PAS,Passenger,Daily,MAU,MAU JN,CI,CHHAPRA KACHERI,179,05:30,28
55103,THE-CI PASSENGER,PAS,Passenger,Daily,THE,THAWE JN,CI,CHHAPRA KACHERI,99,03:45,27
55104,CI-THE PASSENGER,PAS,Passenger,Daily,CI,CHHAPRA KACHERI,THE,THAWE JN,99,03:25,27
55105,CI-THE PASSENGER,PAS,Passenger,Daily,CI,CHHAPRA KACHERI,THE,THAWE JN,123,04:50,28
55106,THE-CI PASSENGER,PAS,Passenger,Daily,THE,THAWE JN,CI,CHHAPRA KACHERI,123,05:15,28
55107,THE-CPJ PASSENGER,PAS,Passenger,Daily,THE,THAWE JN,CPJ,KAPTANGANJ JN,99,02:40,18
55108,CPJ-THE PASSENGER,PAS,Passenger,Daily,CPJ,KAPTANGANJ JN,THE,THAWE JN,99,02:35,18
55109,THE-CI PASSENGER,PAS,Passenger,Daily,THE,THAWE JN,CI,CHHAPRA KACHERI,99,03:30,27
55110,CI-THE PASSENGER,PAS,Passenger,Daily,CI,CHHAPRA KACHERI,THE,THAWE JN,99,03:30,27
55111,MHC-THE PASSENGER,PAS,Passenger,Daily,MHC,MASRAKH,THE,THAWE JN,88,03:15,14
55112,THE-MHC PASSENGER,PAS,Passenger,Daily,THE,THAWE JN,MHC,MASRAKH,88,03:20,28
55113,SV-THE PASSENGER,PAS,Passenger,Daily,SV,SIWAN JN,THE,THAWE JN,28,00:50,10
55114,THE-SV PASSENGER,PAS,Passenger,Daily,THE,THAWE JN,SV,SIWAN JN,28,00:50,5
55115,THE-CPJ PASSENGER,PAS,Passenger,Daily,THE,THAWE JN,CPJ,KAPTANGANJ JN,99,02:35,18
55116,CPJ-THE PASSENGER,PAS,Passenger,Daily,CPJ,KAPTANGANJ JN,THE,THAWE JN,99,02:40,18
55121,SPJ-SV PASSENGER,PAS,Passenger,Daily,SPJ,SAMASTIPUR JN,SV,SIWAN JN,226,07:50,40
55122,SV-SPJ PASSENGER,PAS,Passenger,Daily,SV,SIWAN JN,SPJ,SAMASTIPUR JN,226,08:30,40
55123,BTT-BHJ PASSENGER,PAS,Passenger,Daily,BTT,BHATNI JN,BHJ,BARHAJ BAZAR,31,01:00,7
55124,BHJ-BTT PASSENGER,PAS,Passenger,Daily,BHJ,BARHAJ BAZAR,BTT,BHATNI JN,31,01:10,7
55125,SRU-BHJ PASSENGER,PAS,Passenger,Daily,SRU,SALEMPUR JN,BHJ,BARHAJ BAZAR,20,00:50,5
55126,BHJ-SRU PASSENGER,PAS,Passenger,Daily,BHJ,BARHAJ BAZAR,SRU,SALEMPUR JN,20,00:45,5
55127,SRU-BHJ PASSENGER,PAS,Passenger,Daily,SRU,SALEMPUR JN,BHJ,BARHAJ BAZAR,20,00:45,5
55128,BHJ-SRU PASSENGER,PAS,Passenger,Daily,BHJ,BARHAJ BAZAR,SRU,SALEMPUR JN,20,00:45,5
55129,BTT-BHJ PASSENGER,PAS,Passenger,Daily,BTT,BHATNI JN,BHJ,BARHAJ BAZAR,31,01:10,7
55130,BHJ-BTT PASSENGER,PAS,Passenger,Daily,BHJ,BARHAJ BAZAR,BTT,BHATNI JN,31,01:10,7
55131,BUI-PRRB PASSENGER,PAS,Passenger,Daily,BUI,BALLIA,PRRB,PRAYAGRAJ RAMBAG,262,07:25,46
55132,PRRB-BUI PASSENGER,PAS,Passenger,Daily,PRRB,PRAYAGRAJ RAMBAG,BUI,BALLIA,262,07:05,46
55133,BUI-SHG PASSENGER,PAS,Passenger,Daily,BUI,BALLIA,SHG,SHAHGANJ JN,169,05:00,26
55134,SHG-BUI PASSENGER,PAS,Passenger,Daily,SHG,SHAHGANJ JN,BUI,BALLIA,169,04:45,26
55135,BUI-SHG PASSENGER,PAS,Passenger,Daily,BUI,BALLIA,SHG,SHAHGANJ JN,169,04:35,26
55136,SHG-BUI PASSENGER,PAS,Passenger,Daily,SHG,SHAHGANJ JN,BUI,BALLIA,169,04:30,26
55137,BTT-BCY PASSENGER,PAS,Passenger,Daily,BTT,BHATNI JN,BCY,VARANASI CITY,157,04:55,25
55138,BSBS-BTT PASSENGER,PAS,Passenger,Daily,BNRS,BANARAS,BTT,BHATNI JN,164,05:25,27
55139,CPR-BCY PASSENGER,PAS,Passenger,Daily,CPR,CHHAPRA,BCY,VARANASI CITY,202,05:30,34
55140,BCY-CPR PASSENGER,PAS,Passenger,Daily,BCY,VARANASI CITY,CPR,CHHAPRA,202,06:20,34
55141,BNRS-MBDP PASSENGER,PAS,Passenger,Daily,BNRS,BANARAS,MBDP,MAA BELHA DEVI DHAM PRATAPGARH,130,03:15,18
55142,MBDP-BNRS PASSENGER,PAS,Passenger,Daily,MBDP,MAA BELHA DEVI DHAM PRATAPGARH,BNRS,BANARAS,130,04:15,18
55301,MB-LKU PASSENGER,PAS,Passenger,Daily,MB,MORADABAD,LKU,LALKUA JN.,94,02:35,11
55302,LKU-MB PASSENGER,PAS,Passenger,Daily,LKU,LALKUA JN.,MB,MORADABAD,94,03:05,11
55303,MB-LKU PASSENGER,PAS,Passenger,Daily,MB,MORADABAD,LKU,LALKUA JN.,107,03:55,13
55304,LKU-MB PASSENGER,PAS,Passenger,Daily,LKU,LALKUA JN.,MB,MORADABAD,107,04:20,11
55305,KPV-RMR PASSENGER,PAS,Passenger,Daily,KPV,KASHIPUR,RMR,RAMNAGAR,27,00:40,4
55306,RMR-KPV PASSENGER,PAS,Passenger,Daily,RMR,RAMNAGAR,KPV,KASHIPUR,27,00:40,4
55307,KSJ-RMR PASSENGER,PAS,Passenger,Daily,KSJ,KASGANJ,RMR,RAMNAGAR,273,08:10,36
55308,RMR-KSJ PASSENGER,PAS,Passenger,Daily,RMR,RAMNAGAR,KSJ,KASGANJ,273,08:05,37
55309,LKU-KPV PASSENGER,PAS,Passenger,Daily,LKU,LALKUA JN.,KPV,KASHIPUR,58,01:40,7
55310,KPV-LKU PASSENGER,PAS,Passenger,Daily,KPV,KASHIPUR,LKU,LALKUA JN.,58,01:30,6
55311,KSJ-LKU PASSENGER,PAS,Passenger,Daily,KSJ,KASGANJ,LKU,LALKUA JN.,187,05:50,29
55312,LKU-KSJ PASSENGER,PAS,Passenger,Daily,LKU,LALKUA JN.,KSJ,KASGANJ,187,05:55,29
55313,BC-LKU PASSENGER,PAS,Passenger,Daily,BC,BAREILLY CITY,LKU,LALKUA JN.,82,02:25,11
55314,LKU-BC PASSENGER,PAS,Passenger,Daily,LKU,LALKUA JN.,BC,BAREILLY CITY,82,02:15,11
55315,BC-PBE PASSENGER,PAS,Passenger,Daily,BC,BAREILLY CITY,PBE,PILIBHIT JN,56,01:55,10
55316,PBE-BC PASSENGER,PAS,Passenger,Daily,PBE,PILIBHIT JN,BC,BAREILLY CITY,56,02:15,10
55317,BC-PBE PASSENGER,PAS,Passenger,Daily,BC,BAREILLY CITY,PBE,PILIBHIT JN,56,01:45,10
55318,PBE-BC PASSENGER,PAS,Passenger,Daily,PBE,PILIBHIT JN,BC,BAREILLY CITY,56,02:40,10
55319,BC-PBE PASSENGER,PAS,Passenger,Daily,BC,BAREILLY CITY,PBE,PILIBHIT JN,56,01:35,7
55320,PBE-BC PASSENGER,PAS,Passenger,Daily,PBE,PILIBHIT JN,BRY,BAREILLY JN,58,02:30,11
55321,PBE-TPU PASSENGER,PAS,Passenger,Daily,PBE,PILIBHIT JN,TPU,TANAKPUR,63,01:50,7
55322,TPU-SPN PASSENGER,PAS,Passenger,Daily,TPU,TANAKPUR,SPN,SHAHJAHANPUR JN.,147,04:15,12
55323,SPN-TPU PASSENGER,PAS,Passenger,Daily,SPN,SHAHJAHANPUR JN.,TPU,TANAKPUR,147,04:05,12
55324,TPU-PBE PASSENGER,PAS,Passenger,Daily,TPU,TANAKPUR,PBE,PILIBHIT JN,63,01:30,7
55325,PBE-TPU PASSENGER,PAS,Passenger,Daily,PBE,PILIBHIT JN,TPU,TANAKPUR,63,01:50,7
55326,TPU-PBE PASSENGER,PAS,Passenger,Daily,TPU,TANAKPUR,PBE,PILIBHIT JN,63,02:10,7
55327,KSJ-BC PASSENGER,PAS,Passenger,Daily,KSJ,KASGANJ,BC,BAREILLY CITY,105,03:15,19
55328,BC-KSJ PASSENGER,PAS,Passenger,Daily,BC,BAREILLY CITY,KSJ,KASGANJ,105,03:30,19
55329,KSJ-BC FAST PASSANGER,PAS,Passenger,Daily,KSJ,KASGANJ,BC,BAREILLY CITY,105,02:30,8
55330,BC-KSJ PASSENGER,PAS,Passenger,Daily,BRY,BAREILLY JN,KSJ,KASGANJ,103,03:05,18
55331,KSJ-AH PASSENGER,PAS,Passenger,Daily,KSJ,KASGANJ,AH,ACHHNERA JN,140,04:10,19
55332,AH-KSJ PASSENGER,PAS,Passenger,Daily,AH,ACHHNERA JN,KSJ,KASGANJ,140,03:40,19
55333,KSJ-AF PASSENGER,PAS,Passenger,Daily,KSJ,KASGANJ,AF,AGRA FORT,166,05:25,23
55334,AF-KSJ PASSENGER,PAS,Passenger,Daily,AF,AGRA FORT,KSJ,KASGANJ,166,05:30,23
55335,KSJ-MTJ PASSENGER,PAS,Passenger,Daily,KSJ,KASGANJ,MTJ,MATHURA JN.,105,02:40,14
55336,MTJ-KSJ PASSENGER,PAS,Passenger,Daily,MTJ,MATHURA JN.,KSJ,KASGANJ,105,02:10,7
55337,KSJ-BTE PASSENGER,PAS,Passenger,Daily,KSJ,KASGANJ,BTE,BHARATPUR JN,167,06:00,23
55338,BTE-KSJ PASSENGER,PAS,Passenger,Daily,BTE,BHARATPUR JN,KSJ,KASGANJ,167,04:55,23
55339,KSJ-MTJ PASSENGER,PAS,Passenger,Daily,KSJ,KASGANJ,AH,ACHHNERA JN,140,03:40,10
55340,MTJ-KSJ PASSENGER,PAS,Passenger,Daily,AH,ACHHNERA JN,KSJ,KASGANJ,140,04:05,17
55341,SKB-KSJ PASSENGER,PAS,Passenger,Daily,SKB,SHIKOHABAD JN,KSJ,KASGANJ,214,06:35,33
55342,KSJ-SKB PASSENGER,PAS,Passenger,Daily,KSJ,KASGANJ,SKB,SHIKOHABAD JN,214,06:25,33
55343,FBD-KSJ PASSENGER,PAS,Passenger,Daily,FBD,FARRUKHABAD,KSJ,KASGANJ,108,02:55,17
55344,KSJ-FBD PASSENGER,PAS,Passenger,Daily,KSJ,KASGANJ,FBD,FARRUKHABAD,108,03:00,17
55345,LJN-KSJ PASSENGER,PAS,Passenger,Daily,LJN,LUCKNOW,KSJ,KASGANJ,320,10:50,55
55346,KSJ-LJN PASSENGER,PAS,Passenger,Daily,KSJ,KASGANJ,LJN,LUCKNOW,320,10:25,55
55347,CPA-FBD PASSENGER,PAS,Passenger,Daily,CPA,KANPUR ANWRGANJ,FBD,FARRUKHABAD,136,04:05,26
55348,FBD-CPA PASSENGER,PAS,Passenger,Daily,FBD,FARRUKHABAD,CPA,KANPUR ANWRGANJ,136,04:05,26
55349,PBE-SPN PASSENGER,PAS,Passenger,Daily,PBE,PILIBHIT JN,SPN,SHAHJEHANPUR,84,02:35,16
55350,SPN-PBE PASSENGER,PAS,Passenger,Daily,SPN,SHAHJEHANPUR,PBE,PILIBHIT JN,84,02:20,16
55351,PBE-SPN PASSENGER,PAS,Passenger,Daily,PBE,PILIBHIT JN,SPN,SHAHJAHANPUR JN.,84,02:40,16
55352,SPN-PBE PASSENGER,PAS,Passenger,Daily,SPN,SHAHJEHANPUR,PBE,PILIBHIT JN,84,02:25,16
55353,PBE-SPN PASSENGER,PAS,Passenger,Daily,PBE,PILIBHIT JN,SPN,SHAHJEHANPUR,84,02:25,16
55354,SPN-PBE PASSENGER,PAS,Passenger,Daily,SPN,SHAHJEHANPUR,PBE,PILIBHIT JN,84,02:20,16
55357,PBE-MLN PASSENGER,PAS,Passenger,Daily,PBE,PILIBHIT JN,MLN,MAILANI,67,02:20,13
55358,MLN-PBE PASSENGER,PAS,Passenger,Daily,MLN,MAILANI,PBE,PILIBHIT JN,67,02:30,13
55359,PBE-MLN PASSENGER,PAS,Passenger,Daily,PBE,PILIBHIT JN,MLN,MAILANI,67,02:30,13
55360,MLN-PBE PASSENGER,PAS,Passenger,Daily,MLN,MAILANI,PBE,PILIBHIT JN,67,02:30,13
55361,PBE-MLN PASSENGER,PAS,Passenger,Daily,PBE,PILIBHIT JN,MLN,MAILANI,67,02:25,13
55362,MLN-PBE PASSENGER,PAS,Passenger,Daily,MLN,MAILANI,PBE,PILIBHIT JN,67,02:55,13
55363,PBE-SPN PASSENGER,PAS,Passenger,Daily,PBE,PILIBHIT JN,SPN,SHAHJEHANPUR,84,02:15,16
55364,SPN-PBE PASSENGER,PAS,Passenger,Daily,SPN,SHAHJEHANPUR,PBE,PILIBHIT JN,84,02:15,16
55421,MLDT-BLGT PASSENGER,PAS,Passenger,Daily,MLDT,MALDA TOWN,BLGT,BALURGHAT,106,02:30,13
55422,BLGT-MLDT PASSENGER,PAS,Passenger,Daily,BLGT,BALURGHAT,MLDT,MALDA TOWN,106,03:20,13
55465,APDJ-BXT PASSENGER,PAS,Passenger,Daily,APDJ,ALIPUR DUAR JN,BXT,BAMANHAT,72,02:25,14
55466,BXT-APDJ PASSENGER,PAS,Passenger,Daily,BXT,BAMANHAT,APDJ,ALIPUR DUAR JN,72,02:30,14
55501,JJP-LKQ PASSENGER,PAS,Passenger,Daily,JJP,JHANJHARPUR,LKQ,LAUKAHA BAZAR,43,01:30,9
55502,LKQ-JJP PASSENGER,PAS,Passenger,Daily,LKQ,LAUKAHA BAZAR,JJP,JHANJHARPUR,43,01:30,9
55503,JJP-LKQ PASSENGER,PAS,Passenger,Daily,JJP,JHANJHARPUR,LKQ,LAUKAHA BAZAR,43,01:30,9
55504,LKQ-JJP PASSENGER,PAS,Passenger,Daily,LKQ,LAUKAHA BAZAR,JJP,JHANJHARPUR,43,01:30,9
55513,SPJ-JYG PASSENGER,PAS,Passenger,Daily,SPJ,SAMASTIPUR JN,JYG,JAYNAGAR,105,04:35,21
55514,JYG-SPJ PASSENGER,PAS,Passenger,Daily,JYG,JAYNAGAR,SPJ,SAMASTIPUR JN,105,04:40,23
55515,PNBE-THE FAST PASSENGER,PAS,Passenger,Daily,PNBE,PATNA JN,THE,THAWE JN,173,06:50,16
55516,THE-PNBE FAST PASSENGER,PAS,Passenger,Daily,THE,THAWE JN,PNBE,PATNA JN,173,07:15,16
55517,DBG-JYG PASSENGER,PAS,Passenger,Daily,DBG,DARBHANGA JN,JYG,JAYNAGAR,68,02:40,15
55518,JYG-DBG PASSENGER,PAS,Passenger,Daily,JYG,JAYNAGAR,DBG,DARBHANGA JN,68,03:05,15
55519,SPJ-JYG PASSENGER,PAS,Passenger,Daily,SPJ,SAMASTIPUR JN,JYG,JAYNAGAR,105,04:05,21
55520,JYG-SPJ PASSENGER,PAS,Passenger,Daily,JYG,JAYNAGAR,SPJ,SAMASTIPUR JN,105,04:20,21
55521,TIGJ-SHC PASSENGER,PAS,Passenger,Daily,TIGJ,TRIVENIGANJ,SHC,SAHARSA JN,58,03:20,11
55522,SHC-TIGJ PASSENGER,PAS,Passenger,Daily,SHC,SAHARSA JN,TIGJ,TRIVENIGANJ,58,02:50,11
55523,SHC-ALUH-BTHN-SPJ PASS,PAS,Passenger,Daily,SHC,SAHARSA JN,SPJ,SAMASTIPUR JN,197,12:25,35
55524,SPJ-BTHN-ALUH-SHC PASS,PAS,Passenger,Daily,SPJ,SAMASTIPUR JN,SHC,SAHARSA JN,197,10:10,35
55565,SHC- SPJ PASSENGER,PAS,Passenger,Daily,SHC,SAHARSA JN,SPJ,SAMASTIPUR JN,139,04:38,27
55566,SPJ - SHC PASSENGER,PAS,Passenger,Daily,SPJ,SAMASTIPUR JN,SHC,SAHARSA JN,139,05:25,27
55569,PRNC-SHC PASSENGER,PAS,Passenger,Daily,PRNC,PURNIA COURT,SHC,SAHARSA JN,95,03:00,12
55570,SHC-PRNC PASSENGER,PAS,Passenger,Daily,SHC,SAHARSA JN,PRNC,PURNIA COURT,95,02:30,12
55577,SPJ-RXL PASSENGER,PAS,Passenger,Daily,SPJ,SAMASTIPUR JN,RXL,RAXAUL JN,191,06:20,38
55578,RXL-SPJ PASSENGER,PAS,Passenger,Daily,RXL,RAXAUL JN,SPJ,SAMASTIPUR JN,191,07:05,38
55581,RXL-SMI PASENGER,PAS,Passenger,Daily,RXL,RAXAUL JN,SMI,SITAMARHI,86,02:45,16
55582,SMI-RXL PASSENGER,PAS,Passenger,Daily,SMI,SITAMARHI,RXL,RAXAUL JN,86,02:55,16
55583,RXL-NKE PASSENGER,PAS,Passenger,Daily,RXL,RAXAUL JN,NKE,NARKATIAGANJ JN,41,01:45,8
55584,NKE-RXL PASSENGER,PAS,Passenger,Daily,NKE,NARKATIAGANJ JN,RXL,RAXAUL JN,41,01:15,8
55585,RXL-NKE PASSENGER,PAS,Passenger,Daily,RXL,RAXAUL JN,NKE,NARKATIAGANJ JN,41,01:40,8
55586,NKE-RXL PASSENGER,PAS,Passenger,Daily,NKE,NARKATIAGANJ JN,RXL,RAXAUL JN,41,01:40,8
55587,RXL-NKE PASSENGER,PAS,Passenger,Daily,RXL,RAXAUL JN,NKE,NARKATIAGANJ JN,41,01:20,8
55588,NKE-RXL PASSENGER,PAS,Passenger,Daily,NKE,NARKATIAGANJ JN,RXL,RAXAUL JN,41,01:35,8
55601,GHY-LMG PASSENGER,PAS,Passenger,"Fri,Sat,Sun",GHY,GUWAHATI,LMG,LUMDING JN,181,05:05,16
55602,LMG-GHY PASSENGER,PAS,Passenger,"Mon,Sat,Sun",LMG,LUMDING JN,GHY,GUWAHATI,181,04:15,16
55603,GHY-MBO PASSENGER,PAS,Passenger,Daily,GHY,GUWAHATI,MBO,MAIRABARI,160,05:10,29
55604,MBO-GHY PASSENGER,PAS,Passenger,Daily,MBO,MAIRABARI,GHY,GUWAHATI,160,05:25,29
55605,GHY-SKHV PASSENGER,PAS,Passenger,"Tue,Thu",GHY,GUWAHATI,SKHV,SUKHOVI,246,06:55,19
55606,SKHV-GHY PASSENGER,PAS,Passenger,"Wed,Fri",SKHV,SUKHOVI,GHY,GUWAHATI,246,06:05,19
55607,MNDP-GHY PASSENGER,PAS,Passenger,"Tue,Thu",MNDP,MENDIPATHAR,GHY,GUWAHATI,129,04:10,14
55608,GHY-MNDP PASSENGER,PAS,Passenger,"Mon,Wed",GHY,GUWAHATI,MNDP,MENDIPATHAR,129,04:15,14
55619,MNDP-GHY PASSENGER,PAS,Passenger,Daily,MNDP,MENDIPATHAR,GHY,GUWAHATI,129,04:45,14
55620,GHY-MNDP PASSENGER,PAS,Passenger,Daily,GHY,GUWAHATI,MNDP,MENDIPATHAR,129,04:00,14
55661,MSSN-SCL PASSENGER,PAS,Passenger,"Mon,Tue,Wed,Thu,Sat,Sun",MSSN,MAISHASHAN,SCL,SILCHAR,62,03:15,13
55662,SCL-MSSN PASSENGER,PAS,Passenger,"Mon,Tue,Wed,Thu,Sat,Sun",SCL,SILCHAR,MSSN,MAISHASHAN,62,02:45,13
55665,SCL-VNGP PASSENGER,PAS,Passenger,Daily,SCL,SILCHAR,VNGP,VANGAICHUNGPAO,67,02:35,10
55666,VNGP-SCL PASSENGER,PAS,Passenger,Daily,VNGP,VANGAICHUNGPAO,SCL,SILCHAR,67,02:35,10
55667,SCL-BHRB PASSENGER,PAS,Passenger,Daily,SCL,SILCHAR,BHRB,BHAIRABI,103,04:00,14
55668,BHRB-SCL PASSENGER,PAS,Passenger,Daily,BHRB,BHAIRABI,SCL,SILCHAR,103,04:00,14
55669,SCL-SANG PASSENGER,PAS,Passenger,"Mon,Tue,Wed,Fri,Sat",SCL,SILCHAR,SANG,SAIRANG,154,05:30,18
55670,SANG-SCL PASSENGER,PAS,Passenger,"Tue,Wed,Thu,Sat,Sun",SANG,SAIRANG,SCL,SILCHAR,154,06:10,18
55675,AGTL DMR PASS,PAS,Passenger,Daily,AGTL,AGARTALA,DMR,DHARMANAGAR,140,04:45,14
55676,DMR AGTL PASS,PAS,Passenger,Daily,DMR,DHARMANAGAR,AGTL,AGARTALA,140,04:50,14
55677,SCL-DMR PASSENGER,PAS,Passenger,"Tue,Fri",SCL,SILCHAR,DMR,DHARMANAGAR,117,05:15,23
55678,DMR-SCL PASSENGER,PAS,Passenger,"Wed,Sat",DMR,DHARMANAGAR,SCL,SILCHAR,117,04:55,23
55685,MSSN-SCL PASSENGER,PAS,Passenger,"Mon,Tue,Wed,Thu,Fri,Sat",MSSN,MAISHASHAN,SCL,SILCHAR,62,02:45,13
55686,SCL-MSSN PASSENGER,PAS,Passenger,"Mon,Tue,Wed,Thu,Fri,Sat",SCL,SILCHAR,MSSN,MAISHASHAN,62,03:35,13
55687,DLCR-SCL PASSENGER,PAS,Passenger,"Tue,Wed,Thu,Sat,Sun",DLCR,DULLABCHERRA,SCL,SILCHAR,103,05:15,12
55688,SCL-DLCR PASSENGER,PAS,Passenger,"Mon,Tue,Wed,Fri,Sat",SCL,SILCHAR,DLCR,DULLABCHERRA,103,04:50,12
55689,DLCR-BPB PASSENGER,PAS,Passenger,"Mon,Tue,Wed,Fri,Sat",DLCR,DULLABCHERRA,BPB,BADARPUR JN.,73,03:15,16
55690,BPB-DLCR PASSENGER,PAS,Passenger,"Mon,Tue,Wed,Fri,Sat",BPB,BADARPUR JN.,DLCR,DULLABCHERRA,73,03:45,16
55701,MLDT-KIR PASSENGER,PAS,Passenger,Daily,MLDT,MALDA TOWN,KIR,KATIHAR JN,91,03:20,20
55702,KIR-MLDT PASSENGER,PAS,Passenger,Daily,KIR,KATIHAR JN,MLDT,MALDA TOWN,91,03:55,20
55703,MLFC-KIR PASSENGER,PAS,Passenger,Daily,MLFC,MALDA COURT,KIR,KATIHAR JN,90,03:50,20
55704,KIR-MLFC PASSENGER,PAS,Passenger,Daily,KIR,KATIHAR JN,MLFC,MALDA COURT,90,03:15,20
55707,RDP-KIR PASSENGER,PAS,Passenger,Daily,RDP,RADHIKAPUR,KIR,KATIHAR JN,110,04:05,24
55708,KIR-RDP PASSENGER,PAS,Passenger,Daily,KIR,KATIHAR JN,RDP,RADHIKAPUR,109,03:50,24
55727,KIR-RDP PASSENGER,PAS,Passenger,Daily,KIR,KATIHAR JN,RDP,RADHIKAPUR,94,03:05,19
55728,RDP-KIR PASSENGER,PAS,Passenger,Daily,RDP,RADHIKAPUR,KIR,KATIHAR JN,94,02:55,19
55729,KIR-RDP PASSENGER,PAS,Passenger,Daily,KIR,KATIHAR JN,RDP,RADHIKAPUR,94,03:25,19
55730,RDP-KIR PASSENGER,PAS,Passenger,Daily,RDP,RADHIKAPUR,KIR,KATIHAR JN,94,03:50,19
55769,MLFC-KIR PASSENGER,PAS,Passenger,Daily,MLFC,MALDA COURT,KIR,KATIHAR JN,90,03:05,20
55770,KIR-MLFC PASSENGER,PAS,Passenger,Daily,KIR,KATIHAR JN,MLFC,MALDA COURT,90,03:30,20
55801,MANAS RHINO PASSENGER,PAS,Passenger,Daily,NBQ,NEW BONGAIGAON,GHY,GUWAHATI,157,04:35,22
55802,MANAS RHINO PASSENGER,PAS,Passenger,Daily,GHY,GUWAHATI,NBQ,NEW BONGAIGAON,157,04:40,22
55803,NBQ-GHY PASSENGER,PAS,Passenger,Daily,NBQ,NEW BONGAIGAON,GHY,GUWAHATI,182,05:00,19
55804,GHY-NBQ PASSENGER,PAS,Passenger,Daily,GHY,GUWAHATI,NBQ,NEW BONGAIGAON,182,04:30,19
55809,NBQ-GHY PASSENGER,PAS,Passenger,Daily,NBQ,NEW BONGAIGAON,GHY,GUWAHATI,157,04:40,22
55810,GHY-NBQ PASSENGER,PAS,Passenger,Daily,GHY,GUWAHATI,NBQ,NEW BONGAIGAON,157,05:10,22
55817,NBQ-GHY PASSENGER,PAS,Passenger,Daily,NBQ,NEW BONGAIGAON,GHY,GUWAHATI,157,05:10,22
55818,GHY-NBQ PASSENGER,PAS,Passenger,Daily,GHY,GUWAHATI,NBQ,NEW BONGAIGAON,157,05:30,22
55819,DKGN-BHNG PASSENGER,PAS,Passenger,"Mon,Tue,Wed,Fri,Sat",DKGN,DEKARGAON,BHNG,BHALUKPONG,64,01:55,6
55820,BHNG-DKGN PASSENGER,PAS,Passenger,"Mon,Tue,Wed,Fri,Sat",BHNG,BHALUKPONG,DKGN,DEKARGAON,64,01:55,6
55821,RNY-DKGN PASSENGER,PAS,Passenger,Daily,RNY,RANGIYA JN.,DKGN,DEKARGAON,144,04:20,18
55822,DKGN-RNY PASSENGER,PAS,Passenger,Daily,DKGN,DEKARGAON,RNY,RANGIYA JN.,144,04:35,18
55823,RPAN-DKGN PASSENGER,PAS,Passenger,Daily,RPAN,RANGAPARA NORTH,DKGN,DEKARGAON,21,00:35,3
55824,DKGN-RPAN PASSENGER,PAS,Passenger,Daily,DKGN,DEKARGAON,RPAN,RANGAPARA NORTH,21,01:05,3
55861,RNY-DKGN PASSENGER,PAS,Passenger,Daily,RNY,RANGIYA JN.,DKGN,DEKARGAON,144,04:25,18
55862,DKGN-RNY PASSENGER,PAS,Passenger,Daily,DKGN,DEKARGAON,RNY,RANGIYA JN.,144,04:35,18
55893,RNY-RPAN PASSENGER,PAS,Passenger,Daily,RNY,RANGIYA JN.,RPAN,RANGAPARA NORTH,123,03:15,14
55894,RPAN-RNY PASSENGER,PAS,Passenger,Daily,RPAN,RANGAPARA NORTH,RNY,RANGIYA JN.,123,02:40,14
55909,SLGR-DBRG PASSENGER,PAS,Passenger,"Mon,Tue,Wed,Thu,Fri,Sat",SLGR,SIMALUGURI JN,DBRG,DIBRUGARH,96,02:35,12
55910,DBRG-SLGR PASSENGER,PAS,Passenger,"Mon,Tue,Wed,Thu,Fri,Sat",DBRG,DIBRUGARH,SLGR,SIMALUGURI JN,96,02:35,12
55913,JTTN-TSK PASSENGER,PAS,Passenger,"Mon,Tue,Wed,Thu,Fri,Sat",JTTN,JORHAT TOWN,TSK,TINSUKIA JN.,177,07:15,25
55914,TSK-JTTN PASSENGER,PAS,Passenger,"Mon,Tue,Wed,Thu,Fri,Sun",TSK,TINSUKIA JN.,JTTN,JORHAT TOWN,177,06:15,25
56001,TVR-MQ PASS,PAS,Passenger,Daily,TVR,THIRUVARUR JN,MQ,MANNARGUDI,38,01:05,6
56002,MQ-TVR PASS,PAS,Passenger,Daily,MQ,MANNARGUDI,TVR,THIRUVARUR JN,38,01:05,6
56003,TEN-TCN PASSENGER,PAS,Passenger,Daily,TEN,TIRUNELVELI JN,TCN,TIRUCHENDUR,61,01:40,12
56004,TCN-TEN PASSENGER,PAS,Passenger,Daily,TCN,TIRUCHENDUR,TEN,TIRUNELVELI JN,61,01:35,12
56005,ERS-KTYM PASSENGER,PAS,Passenger,Daily,ERS,ERNAKULAM JN,KTYM,KOTTAYAM,60,01:45,12
56006,KTYM-ERS PASSENGER,PAS,Passenger,Daily,KTYM,KOTTAYAM,ERS,ERNAKULAM JN,60,01:35,9
56007,MV-VLNK PASS,PAS,Passenger,Daily,MV,MAYILADUTURAI JN,VLNK,VELLANKANNI,68,02:40,12
56008,VLNK-MV PASS,PAS,Passenger,Daily,VLNK,VELLANKANNI,MV,MAYILADUTURAI JN,68,02:10,12
56009,MV-KIK PASS,PAS,Passenger,Daily,MV,MAYILADUTURAI JN,KIK,KARAIKAL,39,01:30,7
56010,KIK-MV PASS,PAS,Passenger,Daily,KIK,KARAIKAL,MV,MAYILADUTURAI JN,39,01:30,7
56101,QLN-NCJ PASSENGER,PAS,Passenger,Daily,QLN,KOLLAM JN,NCJ,NAGERCOIL JUNCTION,136,03:50,22
56102,NCJ-QLN PASSENGER,PAS,Passenger,Daily,NCJ,NAGERCOIL JUNCTION,QLN,KOLLAM JN,136,03:55,22
56103,ED-MTDM PASSENGER,PAS,Passenger,Daily,ED,ERODE JN,MTDM,METTUR DAM,100,02:45,11
56104,MTDM-ED PASSENGER,PAS,Passenger,Daily,MTDM,METTUR DAM,ED,ERODE JN,100,02:40,11
56105,TPJ-ED PASSENGER,PAS,Passenger,Daily,TPJ,TIRUCHCHIRAPPALLI JN.,ED,ERODE JN,142,04:35,22
56106,ED-TPJ PASSENGER,PAS,Passenger,Daily,ED,ERODE JN,TPJ,TIRUCHCHIRAPPALLI JN.,142,04:00,22
56107,JTJ-ED PASSENGER,PAS,Passenger,Daily,JTJ,JOLARPETTAI JN.,ED,ERODE JN,183,05:15,23
56108,ED-JTJ PASSENGER,PAS,Passenger,Daily,ED,ERODE JN,JTJ,JOLARPETTAI JN.,183,06:00,23
56109,CBE-POY PASSENGER,PAS,Passenger,Daily,CBE,COIMBATORE JN,POY,POLLACHI JN.,46,01:20,4
56110,POY-CBE PASSENGER,PAS,Passenger,Daily,POY,POLLACHI JN.,CBE,COIMBATORE JN,46,01:05,4
56111,VM-TPJ MEMU,MEMU,MEMU,Daily,VM,VILLUPURAM JN,TPJ,TIRUCHCHIRAPPALLI JN.,178,03:50,28
56112,TPJ-VM  MEMU,MEMU,MEMU,Daily,TPJ,TIRUCHCHIRAPPALLI JN.,VM,VILLUPURAM JN,178,04:45,28
56113,CBE-POY PASSENGER,PAS,Passenger,Daily,CBE,COIMBATORE JN,POY,POLLACHI JN.,46,01:15,4
56114,POY-CBE PASSENGER,PAS,Passenger,Daily,POY,POLLACHI JN.,CBE,COIMBATORE JN,46,01:55,4
56115,TCR-GUV PASS,PAS,Passenger,Daily,TCR,THRISUR,GUV,GURUVAYUR,23,00:35,3
56116,GUV-TCR PASS,PAS,Passenger,Daily,GUV,GURUVAYUR,TCR,THRISUR,23,00:40,3
56136,MTP UAM PASS,PAS,Passenger,Daily,MTP,METUPALAIYAM,UAM,UDAGAMANDALAM,46,04:45,7
56137,UAM MTP PASS,PAS,Passenger,Daily,UAM,UDAGAMANDALAM,MTP,METUPALAIYAM,46,03:30,7
56138,ONR UAM PASS,PAS,Passenger,Daily,ONR,COONOOR,UAM,UDAGAMANDALAM,19,01:10,6
56139,UAM ONR PASS,PAS,Passenger,Daily,UAM,UDAGAMANDALAM,ONR,COONOOR,19,01:05,6
56140,UAM ONR PASS,PAS,Passenger,Daily,UAM,UDAGAMANDALAM,ONR,COONOOR,19,01:05,6
56141,ONR UAM PASS,PAS,Passenger,Daily,ONR,COONOOR,UAM,UDAGAMANDALAM,19,01:15,6
56142,UAM ONR PASS,PAS,Passenger,Daily,UAM,UDAGAMANDALAM,ONR,COONOOR,19,01:00,6
56143,ONR UAM PASS,PAS,Passenger,Daily,ONR,COONOOR,UAM,UDAGAMANDALAM,19,01:10,6
56201,CMNR-MYS PASSENGER,PAS,Passenger,Daily,CMNR,CHAMARAJANAGAR,MYS,MYSORE JN,60,01:50,13
56202,MYS-CMNR PASSENGER,PAS,Passenger,Daily,MYS,MYSORE JN,CMNR,CHAMARAJANAGAR,60,01:45,13
56203,CMNR-MYS PASSENGER,PAS,Passenger,Daily,CMNR,CHAMARAJANAGAR,MYS,MYSORE JN,60,02:00,14
56204,MYS-CMNR PASSENGER,PAS,Passenger,Daily,MYS,MYSORE JN,CMNR,CHAMARAJANAGAR,60,01:45,14
56205,NTW-MYS PASSENGER,PAS,Passenger,Daily,NTW,NANJANGUD TOWN,MYS,MYSORE JN,25,00:50,7
56206,MYS-NTW PASSENGER,PAS,Passenger,Daily,MYS,MYSORE JN,NTW,NANJANGUD TOWN,25,00:45,7
56207,CMNR-MYS PASSENGER,PAS,Passenger,Daily,CMNR,CHAMARAJANAGAR,MYS,MYSORE JN,60,01:50,14
56208,MYS-CMNR PASSENGER,PAS,Passenger,Daily,MYS,MYSORE JN,CMNR,CHAMARAJANAGAR,60,01:40,13
56209,CMNR-MYS PASSENGER,PAS,Passenger,Daily,CMNR,CHAMARAJANAGAR,MYS,MYSORE JN,60,01:55,14
56210,MYS-CMNR PASSENGER,PAS,Passenger,Daily,MYS,MYSORE JN,CMNR,CHAMARAJANAGAR,60,02:10,14
56217,TLGP-SMET PASSENGER,PAS,Passenger,Daily,TLGP,TALGUPPA,SMET,SHIMOGA TOWN,98,02:25,10
56218,SMET-TLGP PASSENGER,PAS,Passenger,Daily,SMET,SHIMOGA TOWN,TLGP,TALGUPPA,98,02:25,10
56223,SBC-ASK PASSENGER,PAS,Passenger,Daily,SBC,KSR BENGALURU,ASK,ARSIKERE JN,166,04:30,29
56224,ASK-SBC PASSENGER,PAS,Passenger,Daily,ASK,ARSIKERE JN,SBC,KSR BENGALURU,167,03:50,29
56229,SBC-CPT PASSENGER,PAS,Passenger,Daily,SBC,KSR BENGALURU,CPT,CHANNAPATNA,55,01:20,10
56230,CPT-SBC PASSENGER,PAS,Passenger,Daily,CPT,CHANNAPATNA,SBC,KSR BENGALURU,55,01:15,10
56231,MYS-SMVB PASSENGER,PAS,Passenger,Daily,MYS,MYSORE JN,SMVB,SMVT BENGALURU,150,03:55,15
56232,SMVB-MYS PASSENGER,PAS,Passenger,Daily,SMVB,SMVT BENGALURU,MYS,MYSORE JN,150,04:30,15
56265,ASK-MYS PASSENGER,PAS,Passenger,Daily,ASK,ARSIKERE JN,MYS,MYSORE JN,167,03:45,21
56266,MYS-ASK PASSENGER,PAS,Passenger,Daily,MYS,MYSORE JN,ASK,ARSIKERE JN,167,03:45,21
56267,ASK-MYS PASSENGER,PAS,Passenger,Daily,ASK,ARSIKERE JN,MYS,MYSORE JN,167,04:25,21
56268,MYS-ASK PASSENGER,PAS,Passenger,Daily,MYS,MYSORE JN,ASK,ARSIKERE JN,167,04:15,21
56271,SMET-CMGR PASSENGER,PAS,Passenger,Daily,SMET,SHIMOGA TOWN,CMGR,CHIKKAMAGALURU,114,03:10,13
56272,CMGR-SMET PASSENGER,PAS,Passenger,Daily,CMGR,CHIKKAMAGALURU,SMET,SHIMOGA TOWN,114,02:45,13
56281,CMNR-TK PASSENGER,PAS,Passenger,Daily,CMNR,CHAMARAJANAGAR,TK,TUMKUR,269,07:50,48
56282,TK-CMNR PASSENGER,PAS,Passenger,Daily,TK,TUMKUR,CMNR,CHAMARAJANAGAR,269,07:00,48
56301,ALLP-QLN PASSENGER,PAS,Passenger,"Mon,Tue,Wed,Thu,Fri,Sat",ALLP,ALAPPUZHA,QLN,KOLLAM JN,84,02:05,14
56302,QLN-ALLP PASSENGER,PAS,Passenger,"Mon,Tue,Wed,Thu,Fri,Sat",QLN,KOLLAM JN,ALLP,ALAPPUZHA,84,02:10,14
56303,QLN-TVC PASSENGER,PAS,Passenger,Daily,QLN,KOLLAM JN,TVC,THIRUVANANTHAPURAM CENTRAL,64,01:53,18
56304,TVC-QLN PASSENGER,PAS,Passenger,Daily,TVC,THIRUVANANTHAPURAM CENTRAL,QLN,KOLLAM JN,64,01:55,18
56305,NCJ-TVCN PASSENGER,PAS,Passenger,Daily,NCJ,NAGERCOIL JUNCTION,TVCN,THIRUVANANTHAPURAM NORTH,77,02:30,16
56306,TVCN-NCJ PASSENGER,PAS,Passenger,Daily,TVCN,THIRUVANANTHAPURAM NORTH,NCJ,NAGERCOIL JUNCTION,77,02:25,15
56307,QLN-TVC PASSENGER,PAS,Passenger,Daily,QLN,KOLLAM JN,TVC,THIRUVANANTHAPURAM CENTRAL,64,01:50,18
56308,TVC-NCJ PASSENGER,PAS,Passenger,Daily,TVC,THIRUVANANTHAPURAM CENTRAL,NCJ,NAGERCOIL JUNCTION,71,02:05,14
56309,NCJ-TVCN PASSENGER,PAS,Passenger,Daily,NCJ,NAGERCOIL JUNCTION,TVCN,THIRUVANANTHAPURAM NORTH,77,02:15,15
56310,TVCN-NCJ PASSENGER,PAS,Passenger,Daily,TVCN,THIRUVANANTHAPURAM NORTH,NCJ,NAGERCOIL JUNCTION,77,03:00,16
56311,KTYM-QLN PASSENGER,PAS,Passenger,Daily,KTYM,KOTTAYAM,QLN,KOLLAM JN,96,02:10,14
56312,ALLP-ERS PASSENGER,PAS,Passenger,Daily,ALLP,ALAPPUZHA,ERS,ERNAKULAM JN,57,01:30,12
56313,GUV-ERS PASSENGER,PAS,Passenger,Daily,GUV,GURUVAYUR,ERS,ERNAKULAM JN,97,02:35,17
56314,ERS-GUV PASSENGER,PAS,Passenger,Daily,ERS,ERNAKULAM JN,GUV,GURUVAYUR,97,02:35,18
56315,GUV-TCR PASSENGER,PAS,Passenger,Daily,GUV,GURUVAYUR,TCR,THRISUR,23,00:40,3
56316,TCR-GUV PASSENGER,PAS,Passenger,Daily,TCR,THRISUR,GUV,GURUVAYUR,23,00:30,6
56317,GUV-ERS PASSENGER,PAS,Passenger,Daily,GUV,GURUVAYUR,ERS,ERNAKULAM JN,97,03:00,36
56318,ERS-GUV PASSENGER,PAS,Passenger,Daily,ERS,ERNAKULAM JN,GUV,GURUVAYUR,97,02:50,34
56319,ERS-KYJ PASSENGER,PAS,Passenger,Daily,ERS,ERNAKULAM JN,KYJ,KAYANKULAM JN,100,02:40,38
56320,KYJ-ERS PASSENGER,PAS,Passenger,Daily,KYJ,KAYANKULAM JN,ERS,ERNAKULAM JN,100,02:40,19
56322,NIL-SRR PASSENGER,PAS,Passenger,Daily,NIL,NILAMBUR ROAD,SRR,SHORANUR JN,66,01:35,12
56323,SRR-NIL PASSENGER,PAS,Passenger,Daily,SRR,SHORANUR JN,NIL,NILAMBUR ROAD,66,01:35,12
56519,SBC HPT PAS,PAS,Passenger,Daily,SBC,KSR BENGALURU,HPT,HOSAPETE JUNCTION,526,11:25,27
56520,HPT SBC PAS,PAS,Passenger,Daily,HPT,HOSAPETE JUNCTION,SBC,KSR BENGALURU,527,10:50,27
56529,HRR-HPT PASSENGER,PAS,Passenger,Daily,HRR,HARIHAR,HPT,HOSAPETE JUNCTION,177,05:25,16
56530,HPT-HRR PASSENGER,PAS,Passenger,Daily,HPT,HOSAPETE JUNCTION,HRR,HARIHAR,177,05:20,16
56531,YPR-HUP PASSENGER,PAS,Passenger,Daily,YPR,YESVANTPUR JN.,HUP,HINDUPUR,94,01:45,5
56532,HUP-YPR PASSENGER,PAS,Passenger,Daily,HUP,HINDUPUR,YPR,YESVANTPUR JN.,94,02:15,5
56600,CAN-SRR PASSENGER,PAS,Passenger,Daily,CAN,KANNUR,SRR,SHORANUR JN,175,05:20,33
56601,CLT-SRR PASSENGER,PAS,Passenger,Daily,CLT,KOZHIKKODE,SRR,SHORANUR JN,86,02:10,14
56602,SRR-CLT PASSENGER,PAS,Passenger,Daily,SRR,SHORANUR JN,CLT,KOZHIKKODE,86,02:55,14
56603,CBE-SRR PASSENGER,PAS,Passenger,Daily,CBE,COIMBATORE JN,SRR,SHORANUR JN,100,02:40,13
56604,SRR-CBE PASSENGER,PAS,Passenger,Daily,SRR,SHORANUR JN,CBE,COIMBATORE JN,101,02:45,13
56605,SRR-TCR PASSENGER,PAS,Passenger,Daily,SRR,SHORANUR JN,TCR,THRISUR,33,01:00,7
56607,PGT-NIL PASSENGER,PAS,Passenger,Daily,PGT,PALAKKAD JN,NIL,NILAMBUR ROAD,110,02:40,18
56608,NIL-PGT PASSENGER,PAS,Passenger,Daily,NIL,NILAMBUR ROAD,PGT,PALAKKAD JN,110,03:05,18
56609,SRR-NIL PASSENGER,PAS,Passenger,Daily,SRR,SHORANUR JN,NIL,NILAMBUR ROAD,66,01:30,24
56610,NIL-SRR PASSENGER,PAS,Passenger,Daily,NIL,NILAMBUR ROAD,SRR,SHORANUR JN,66,01:40,12
56611,SRR-NIL PASSENGER,PAS,Passenger,Daily,SRR,SHORANUR JN,NIL,NILAMBUR ROAD,66,01:30,12
56612,NIL-SRR PASSENGER,PAS,Passenger,Daily,NIL,NILAMBUR ROAD,SRR,SHORANUR JN,66,01:35,12
56613,SRR-NIL PASSENGER,PAS,Passenger,Daily,SRR,SHORANUR JN,NIL,NILAMBUR ROAD,66,01:40,12
56614,NIL-SRR PASSENGER,PAS,Passenger,Daily,NIL,NILAMBUR ROAD,SRR,SHORANUR JN,66,01:30,12
56615,MAO-MAQ PASSENGER,PAS,Passenger,Daily,MAO,MADGAON JUNCTION,MAQ,MANGALORE CENTRAL,321,07:40,31
56616,MAQ-MAO PASSENGER,PAS,Passenger,Daily,MAQ,MANGALORE CENTRAL,MAO,MADGAON JUNCTION,321,08:00,31
56617,CLT-CAN PASSENGER,PAS,Passenger,Daily,CLT,KOZHIKKODE,CAN,KANNUR,89,03:15,20
56619,CAN-CHV PASSENGER,PAS,Passenger,Daily,CAN,KANNUR,CHV,CHARVATTUR,48,01:05,11
56621,CHV-MAQ PASSENGER,PAS,Passenger,Daily,CHV,CHARVATTUR,MAQ,MANGALORE CENTRAL,80,02:20,12
56623,TCR-SRR PASSENGER,PAS,Passenger,Daily,TCR,THRISUR,SRR,SHORANUR JN,33,01:10,7
56624,SRR-TCR PASSENGER,PAS,Passenger,Daily,SRR,SHORANUR JN,TCR,THRISUR,33,00:55,7
56625,MAQ-SBHR PASSENGER,PAS,Passenger,Daily,MAQ,MANGALORE CENTRAL,SBHR,SUBRAHMANYA ROAD,92,02:30,11
56626,SBHR-MAQ PASSENGER,PAS,Passenger,Daily,SBHR,SUBRAHMANYA ROAD,MAQ,MANGALORE CENTRAL,92,02:30,11
56627,MAQ-SBHR PASSENGER,PAS,Passenger,Daily,MAQ,MANGALORE CENTRAL,SBHR,SUBRAHMANYA ROAD,92,02:25,11
56628,SBHR- MAQ PASSENGER,PAS,Passenger,Daily,SBHR,SUBRAHMANYA ROAD,MAQ,MANGALORE CENTRAL,92,02:35,11
56629,MAQ-SBHR PASSENGER,PAS,Passenger,Daily,MAQ,MANGALORE CENTRAL,SBHR,SUBRAHMANYA ROAD,92,02:30,11
56630,SBHR-MAQ PASSENGER,PAS,Passenger,Daily,SBHR,SUBRAHMANYA ROAD,MAQ,MANGALORE CENTRAL,92,02:40,11
56632,CAN-CLT PASS,PAS,Passenger,Daily,CAN,KANNUR,CLT,KOZHIKKODE,89,01:55,7
56700,TPJ-MV PASS,PAS,Passenger,Daily,TPJ,TIRUCHCHIRAPPALLI JN.,MV,MAYILADUTURAI JN,120,03:10,25
56701,MDU-BDNK PASS,PAS,Passenger,Daily,MDU,MADURAI JN,BDNK,BODINAYAKKANUR,90,01:40,6
56702,BDNK-MDU PASS,PAS,Passenger,Daily,BDNK,BODINAYAKKANUR,MDU,MADURAI JN,90,01:50,6
56703,CAN-MAQ PASS,PAS,Passenger,Daily,CAN,KANNUR,MAQ,MANGALORE CENTRAL,131,03:10,22
56704,MAQ-CAN PASS,PAS,Passenger,Daily,MAQ,MANGALORE CENTRAL,CAN,KANNUR,129,02:50,22
56705,PUU-CAPE PASSENGER,PAS,Passenger,Daily,PUU,PUNALUR,CAPE,KANNIYAKUMARI,195,05:50,20
56706,CAPE-PUU PASSENGER,PAS,Passenger,Daily,CAPE,KANNIYAKUMARI,PUU,PUNALUR,195,05:15,20
56707,CAPE-TEN PASSENGER,PAS,Passenger,Daily,CAPE,KANNIYAKUMARI,TEN,TIRUNELVELI JN,89,02:15,10
56708,TEN-CAPE PASSENGER,PAS,Passenger,Daily,TEN,TIRUNELVELI JN,CAPE,KANNIYAKUMARI,89,02:15,10
56709,NCJ-CAPE PASSENGER,PAS,Passenger,Daily,NCJ,NAGERCOIL JUNCTION,CAPE,KANNIYAKUMARI,16,00:20,2
56711,MDU-RMM PASSENGER,PAS,Passenger,Daily,MDU,MADURAI JN,RMM,RAMESWARAM,159,03:25,17
56712,RMM-MDU PASSENGER,PAS,Passenger,Daily,RMM,RAMESWARAM,MDU,MADURAI JN,159,03:35,17
56713,MDU-RMM PASSENGER,PAS,Passenger,Daily,MDU,MADURAI JN,RMM,RAMESWARAM,159,03:45,17
56714,RMM-MDU PASSENGER,PAS,Passenger,Daily,RMM,RAMESWARAM,MDU,MADURAI JN,161,03:35,17
56715,MDU-RMM PASSENGER,PAS,Passenger,Daily,MDU,MADURAI JN,RMM,RAMESWARAM,159,03:45,17
56716,RMM-MDU PASSENGER,PAS,Passenger,Daily,RMM,RAMESWARAM,MDU,MADURAI JN,159,03:45,17
56717,DG-MDU PASS,PAS,Passenger,Daily,DG,DINDIGUL JN,MDU,MADURAI JN,66,01:20,8
56718,MDU-DG PASSENGER,PAS,Passenger,Daily,MDU,MADURAI JN,DG,DINDIGUL JN,66,01:25,8
56721,TN-TEN PASS,PAS,Passenger,"Mon,Tue,Wed,Thu,Fri,Sat",TN,TUTICORIN,TEN,TIRUNELVELI JN,60,01:45,10
56722,TEN-TN PASS,PAS,Passenger,"Mon,Tue,Wed,Thu,Fri,Sat",TEN,TIRUNELVELI JN,TN,TUTICORIN,60,01:45,10
56739,MV-TJ PASS,PAS,Passenger,Daily,MV,MAYILADUTURAI JN,TJ,THANJAVUR JN.,70,01:40,16
56741,TEN-SCT PASS,PAS,Passenger,Daily,TEN,TIRUNELVELI JN,SCT,SENGOTTAI,80,02:05,17
56742,SCT-TEN PASS,PAS,Passenger,Daily,SCT,SENGOTTAI,TEN,TIRUNELVELI JN,80,02:20,17
56743,TEN-SCT PASS,PAS,Passenger,Daily,TEN,TIRUNELVELI JN,SCT,SENGOTTAI,80,02:05,17
56744,SCT-TEN PASS,PAS,Passenger,Daily,SCT,SENGOTTAI,TEN,TIRUNELVELI JN,80,02:00,17
56745,TJ-TPJ PASS,PAS,Passenger,Daily,TJ,THANJAVUR JN.,TPJ,TIRUCHCHIRAPPALLI JN.,50,01:40,10
56751,TEN-TCN PASSENGER,PAS,Passenger,Daily,TEN,TIRUNELVELI JN,TCN,TIRUCHENDUR,61,01:40,12
56752,TCN-TEN PASSENGER,PAS,Passenger,Daily,TCN,TIRUCHENDUR,TEN,TIRUNELVELI JN,61,01:30,12
56753,TEN-TCN PASSENGER,PAS,Passenger,Daily,TEN,TIRUNELVELI JN,TCN,TIRUCHENDUR,61,01:40,12
56754,TCN-TEN PASSENGER,PAS,Passenger,Daily,TCN,TIRUCHENDUR,TEN,TIRUNELVELI JN,61,01:25,12
56755,MEJ-TCN PASSENGER,PAS,Passenger,Daily,MEJ,VANCHI MANIYACHCHI JN,TCN,TIRUCHENDUR,90,02:30,16
56756,TCN-MEJ PASSENGER,PAS,Passenger,Daily,TCN,TIRUCHENDUR,MEJ,VANCHI MANIYACHCHI JN,90,02:25,16
56757,TEN-TCN PASSENGER,PAS,Passenger,Daily,TEN,TIRUNELVELI JN,TCN,TIRUCHENDUR,61,01:30,12
56758,TCN-TEN PASSENGER,PAS,Passenger,Daily,TCN,TIRUCHENDUR,TEN,TIRUNELVELI JN,61,01:30,12
56759,MEJ-TN PASSENGER,PAS,Passenger,Daily,MEJ,VANCHI MANIYACHCHI JN,TN,TUTICORIN,31,00:45,4
56760,TN-MEJ PASS,PAS,Passenger,Daily,TN,TUTICORIN,MEJ,VANCHI MANIYACHCHI JN,31,00:45,6
56761,MEJ-TN PASSENGER,PAS,Passenger,Daily,MEJ,VANCHI MANIYACHCHI JN,TN,TUTICORIN,31,00:50,6
56762,TN-MEJ PASSENGER,PAS,Passenger,Daily,TN,TUTICORIN,MEJ,VANCHI MANIYACHCHI JN,31,00:40,4
56771,MDU-SCT PASSENGER,PAS,Passenger,Daily,MDU,MADURAI JN,SCT,SENGOTTAI,173,03:10,14
56772,SCT-MDU PASSENGER,PAS,Passenger,Daily,SCT,SENGOTTAI,MDU,MADURAI JN,173,03:20,14
56773,TEN-SCT PASSENGER,PAS,Passenger,Daily,TEN,TIRUNELVELI JN,SCT,SENGOTTAI,80,02:05,17
56774,SCT-TEN PASSENGER,PAS,Passenger,Daily,SCT,SENGOTTAI,TEN,TIRUNELVELI JN,80,02:10,17
56775,TEN-SCT PASSENGER,PAS,Passenger,Daily,TEN,TIRUNELVELI JN,SCT,SENGOTTAI,80,02:15,17
56776,SCT-TEN PASSENGER,PAS,Passenger,Daily,SCT,SENGOTTAI,TEN,TIRUNELVELI JN,80,02:05,17
56801,MV-TJ PASS,PAS,Passenger,Daily,MV,MAYILADUTURAI JN,TJ,THANJAVUR JN.,70,01:55,16
56802,TJ-MV PASS,PAS,Passenger,Daily,TJ,THANJAVUR JN.,MV,MAYILADUTURAI JN,70,02:10,16
56803,TPJ-KKDI PASS,PAS,Passenger,Daily,TPJ,TIRUCHCHIRAPPALLI JN.,KKDI,KARAIKKUDI JN,95,01:50,10
56804,KKDI-TPJ PASS,PAS,Passenger,Daily,KKDI,KARAIKKUDI JN,TPJ,TIRUCHCHIRAPPALLI JN.,95,02:00,10
56805,TVR-TPJ DMU PASS,PAS,Passenger,Daily,TVR,THIRUVARUR JN,TPJ,TIRUCHCHIRAPPALLI JN.,104,02:20,14
56806,TPJ-TVR DMU PASS,PAS,Passenger,Daily,TPJ,TIRUCHCHIRAPPALLI JN.,TVR,THIRUVARUR JN,104,02:45,14
56807,VM-TVR PASS,PAS,Passenger,Daily,VM,VILLUPURAM JN,TVR,THIRUVARUR JN,160,04:20,26
56808,TVR-VM PASS,PAS,Passenger,Daily,TVR,THIRUVARUR JN,VM,VILLUPURAM JN,160,04:00,26
56809,TPJ-ED PASSENGER,PAS,Passenger,Daily,TPJ,TIRUCHCHIRAPPALLI JN.,ED,ERODE JN,142,04:40,24
56810,ED-TPJ PASS,PAS,Passenger,Daily,ED,ERODE JN,TPJ,TIRUCHCHIRAPPALLI JN.,142,04:15,24
56811,JTJ-ED PASSENGER,PAS,Passenger,Daily,JTJ,JOLARPETTAI JN.,ED,ERODE JN,183,05:30,23
56812,ED-JTJ PASSENGER,PAS,Passenger,Daily,ED,ERODE JN,JTJ,JOLARPETTAI JN.,183,04:40,23
56813,VM-MV PASS,PAS,Passenger,Daily,VM,VILLUPURAM JN,MV,MAYILADUTURAI JN,122,03:20,22
56814,MV-VM PASS,PAS,Passenger,Daily,MV,MAYILADUTURAI JN,VM,VILLUPURAM JN,122,03:35,22
56815,TPJ-KKDI DMU PASS,PAS,Passenger,Daily,TPJ,TIRUCHCHIRAPPALLI JN.,KKDI,KARAIKKUDI JN,95,01:50,9
56816,KKDI-TPJ DMU PASS,PAS,Passenger,Daily,KKDI,KARAIKKUDI JN,TPJ,TIRUCHCHIRAPPALLI JN.,95,01:55,9
56817,KIK-TJ PASS,PAS,Passenger,Daily,KIK,KARAIKAL,TJ,THANJAVUR JN.,96,02:55,20
56818,TPJ-KIK PASS,PAS,Passenger,Daily,TPJ,TIRUCHCHIRAPPALLI JN.,KIK,KARAIKAL,145,04:10,29
56819,TJ-TPJ PASS,PAS,Passenger,Daily,TJ,THANJAVUR JN.,TPJ,TIRUCHCHIRAPPALLI JN.,50,01:35,20
56821,MV-TPJ PASS,PAS,Passenger,Daily,MV,MAYILADUTURAI JN,TPJ,TIRUCHCHIRAPPALLI JN.,120,03:10,25
56823,TJ-TPJ PASS,PAS,Passenger,Daily,TJ,THANJAVUR JN.,TPJ,TIRUCHCHIRAPPALLI JN.,50,01:30,10
56824,TPJ-TJ PASS,PAS,Passenger,Daily,TPJ,TIRUCHCHIRAPPALLI JN.,TJ,THANJAVUR JN.,50,01:15,10
56826,TJ-MV PASS,PAS,Passenger,Daily,TJ,THANJAVUR JN.,MV,MAYILADUTURAI JN,70,02:35,16
56827,TVR-KKDI DMU,PAS,Passenger,Daily,TVR,THIRUVARUR JN,KKDI,KARAIKKUDI JN,149,03:15,20
56828,KKDI-TVR DMU,PAS,Passenger,Daily,KKDI,KARAIKKUDI JN,TVR,THIRUVARUR JN,149,03:05,20
56831,TPJ-KKDI PASS,PAS,Passenger,Daily,TPJ,TIRUCHCHIRAPPALLI JN.,KKDI,KARAIKKUDI JN,95,01:55,10
56832,KKDI-TPJ PASS,PAS,Passenger,Daily,KKDI,KARAIKKUDI JN,TPJ,TIRUCHCHIRAPPALLI JN.,95,02:00,10
56833,KKDI-VPT PASS,PAS,Passenger,Daily,KKDI,KARAIKKUDI JN,VPT,VIRUDUNAGAR JN,128,03:20,11
56834,VPT-KKDI PASS,PAS,Passenger,Daily,VPT,VIRUDUNAGAR JN,KKDI,KARAIKKUDI JN,128,02:50,11
56835,MV-KKDI PASS,PAS,Passenger,Daily,MV,MAYILADUTURAI JN,KKDI,KARAIKKUDI JN,188,04:45,24
56836,KKDI-MV PASS,PAS,Passenger,Daily,KKDI,KARAIKKUDI JN,MV,MAYILADUTURAI JN,188,04:15,24
56903,SUR DHARWAR PASS,PAS,Passenger,Daily,SUR,SOLAPUR JN,DWR,DHARWAR,376,09:05,29
56904,DWR SUR PASSENGE,PAS,Passenger,Daily,DWR,DHARWAR,SUR,SOLAPUR JN,376,09:10,29
56905,SUR-UBL PASSENGER,PAS,Passenger,Daily,SUR,SOLAPUR JN,UBL,SSS HUBBALLI JN,356,09:40,43
56906,UBL-SUR PASSENGER,PAS,Passenger,Daily,UBL,SSS HUBBALLI JN,SUR,SOLAPUR JN,356,10:05,86
56911,UBL-GTL PASSENGER,PAS,Passenger,Daily,UBL,SSS HUBBALLI JN,GTL,GUNTAKAL JN,256,06:35,28
56912,GTL-UBL PASSENGER,PAS,Passenger,Daily,GTL,GUNTAKAL JN,UBL,SSS HUBBALLI JN,256,06:30,28
56919,UBL-BJP PASSENGER,PAS,Passenger,Daily,UBL,SSS HUBBALLI JN,BJP,VIJAYAPURA,247,06:10,21
56920,BJP-UBL PASSENGER,PAS,Passenger,Daily,BJP,VIJAYAPURA,UBL,SSS HUBBALLI JN,247,06:15,21
56927,UBL-SNNR PASSENGER,PAS,Passenger,Daily,UBL,SSS HUBBALLI JN,SNNR,SINDHANUR,210,04:45,20
56928,SNNR-UBL PASSENGER,PAS,Passenger,Daily,SNNR,SINDHANUR,UBL,SSS HUBBALLI JN,210,04:35,20
56931,MRJ-LD PASSENGER,PAS,Passenger,Daily,MRJ,MIRAJ JN.,LD,LONDA JN,188,05:00,22
56932,LD-MRJ PASSENGER,PAS,Passenger,Daily,LD,LONDA JN,MRJ,MIRAJ JN.,188,04:35,22
56937,BGM-MRJ PASSENGER,PAS,Passenger,Daily,BGM,BELAGAVI,MRJ,MIRAJ JN.,137,03:30,17
56938,MRJ-BGM PASSENGER,PAS,Passenger,Daily,MRJ,MIRAJ JN.,BGM,BELAGAVI,137,03:05,17
56939,BGM-MRJ PASSENGER,PAS,Passenger,Daily,BGM,BELAGAVI,MRJ,MIRAJ JN.,137,03:00,17
56940,MRJ-BGM PASSENGER,PAS,Passenger,Daily,MRJ,MIRAJ JN.,BGM,BELAGAVI,137,03:15,17
56961,QLM-VSG DEMU,DMU,DMU,Daily,QLM,KULEM,VSG,VASCO DA GAMA,58,01:55,12
56962,VSG-QLM DEMU,DMU,DMU,Daily,VSG,VASCO DA GAMA,QLM,KULEM,58,01:45,12
56963,QLM-VSG DMU,DMU,DMU,Daily,QLM,KULEM,VSG,VASCO DA GAMA,58,01:50,12
56964,VSG-QLM DMU,DMU,DMU,Daily,VSG,VASCO DA GAMA,QLM,KULEM,58,01:50,12
56965,QLM-VSG DEMU,DMU,DMU,Daily,QLM,KULEM,VSG,VASCO DA GAMA,58,02:20,12
56966,VSG-QLM DEMU,DMU,DMU,Daily,VSG,VASCO DA GAMA,QLM,KULEM,58,01:55,12
57201,BZA-GNT ,PAS,Passenger,Daily,BZA,VIJAYAWADA JN,GNT,GUNTUR JN,35,01:15,6
57202,GNT-BZA ,PAS,Passenger,Daily,GNT,GUNTUR JN,BZA,VIJAYAWADA JN,35,01:20,6
57203,GNT-MCLA,PAS,Passenger,Daily,GNT,GUNTUR JN,MCLA,MACHERLA,130,03:35,14
57204,MCLA-GNT ,PAS,Passenger,Daily,MCLA,MACHERLA,GNT,GUNTUR JN,130,03:25,14
57205,NDKD-MCLA,PAS,Passenger,Daily,NDKD,NADIKODE,MCLA,MACHERLA,35,01:00,4
57206,MCLA-NDKD ,PAS,Passenger,Daily,MCLA,MACHERLA,NDKD,NADIKODE,35,01:00,4
57301,KCG-MDAK PASSENGER,PAS,Passenger,Daily,KCG,KACHEGUDA,MDAK,MEDAK,104,03:20,29
57302,MDAK-KCG PASSENGER,PAS,Passenger,Daily,MDAK,MEDAK,KCG,KACHEGUDA,104,03:25,29
57401,TPTY UBL PASS,PAS,Passenger,Daily,TPTY,TIRUPATI,UBL,SSS HUBBALLI JN,575,15:15,63
57402,UBL TPTY PAS,PAS,Passenger,Daily,UBL,SSS HUBBALLI JN,TPTY,TIRUPATI,575,16:10,63
57403,TPTY-GTL PASSENGER,PAS,Passenger,Daily,TPTY,TIRUPATI,GTL,GUNTAKAL JN,371,08:40,38
57404,GTL-TPTY PASSENGER,PAS,Passenger,Daily,GTL,GUNTAKAL JN,TPTY,TIRUPATI,370,09:10,37
57405,TPTY KRYP PASS,PAS,Passenger,Daily,TPTY,TIRUPATI,KRYP,KADIRIDEVARAPALLI,532,12:45,39
57406,KRYP TPTY PAS,PAS,Passenger,Daily,KRYP,KADIRIDEVARAPALLI,TPTY,TIRUPATI,531,12:50,40
57407,GTL-MRK,PAS,Passenger,Daily,GTL,GUNTAKAL JN,MRK,MARKAPUR ROAD,260,06:00,16
57408,MRK-GTL,PAS,Passenger,Daily,MRK,MARKAPUR ROAD,GTL,GUNTAKAL JN,260,06:00,16
57411,GTL-BDHN PASSENGER,PAS,Passenger,Daily,GTL,GUNTAKAL JN,BDHN,BODHAN,550,16:25,85
57412,KCG-GTL PASSENGER,PAS,Passenger,Daily,KCG,KACHEGUDA,GTL,GUNTAKAL JN,358,09:20,50
57414,BDHN-KCG PASSENGER,PAS,Passenger,Daily,BDHN,BODHAN,KCG,KACHEGUDA,192,06:10,38
57415,GTL-JRU PASSENGER,PAS,Passenger,Daily,GTL,GUNTAKAL JN,JRU,CHIKJAJUR JN,230,06:15,22
57416,JRU-GTL PASSENGER,PAS,Passenger,Daily,JRU,CHIKJAJUR JN,GTL,GUNTAKAL JN,230,06:05,22
57606,VKB-KCG PASSENGER,PAS,Passenger,Daily,VKB,VIKARABAD JN,KCG,KACHEGUDA,80,02:50,12
57651,NED-MMR,PAS,Passenger,Daily,NED,NANDED,MMR,MANMAD JN,348,10:25,35
57652,MMR-NED ,PAS,Passenger,Daily,MMR,MANMAD JN,NED,NANDED,349,09:25,35
57653,PAU-ADB PASSENGER ,PAS,Passenger,Daily,PAU,PURNA JN,ADB,ADILABAD,226,05:30,30
57654,ADB-PRLI PASSENGER,PAS,Passenger,Daily,ADB,ADILABAD,PRLI,PARLI VAIJNATH,318,08:30,40
57655,PRLI-AK,PAS,Passenger,Daily,PRLI,PARLI VAIJNATH,AK,AKOLA JN.,301,07:50,34
57656,AK-PAU PASSENGER,PAS,Passenger,Daily,AK,AKOLA JN.,PAU,PURNA JN,209,05:05,24
57657,PAU-PRLI PASSENGER,PAS,Passenger,Daily,PAU,PURNA JN,PRLI,PARLI VAIJNATH,92,02:30,11
57658,PRLI-PAU PASSENGER ,PAS,Passenger,Daily,PRLI,PARLI VAIJNATH,PAU,PURNA JN,92,02:55,11
57661,RC-BJP PASSENGER,PAS,Passenger,Daily,RC,RAICHUR,BJP,VIJAYAPURA,366,10:05,42
57662,BJP-RC PASSENGER,PAS,Passenger,Daily,BJP,VIJAYAPURA,RC,RAICHUR,366,10:50,42
58025,SRC DGHA PASS,PAS,Passenger,Sat,SRC,SANTRAGACHI JN,DGHA,DIGHA,179,03:35,7
58026,DGHA SRC PASS,PAS,Passenger,Sat,DGHA,DIGHA,SRC,SANTRAGACHI JN,179,03:40,7
58027,KGP-TATA PASS,PAS,Passenger,Daily,KGP,KHARAGPUR JN,TATA,TATANAGAR JN,134,03:20,19
58028,TATA-KGP PASS,PAS,Passenger,Daily,TATA,TATANAGAR JN,KGP,KHARAGPUR JN,134,02:55,17
58029,SRC DGHA PSS,PAS,Passenger,Sun,SRC,SANTRAGACHI JN,DGHA,DIGHA,179,03:45,7
58030,DGHA SRC PASS,PAS,Passenger,Sun,DGHA,DIGHA,SRC,SANTRAGACHI JN,179,03:40,7
58033,BKSC-RNC PASSENGER,PAS,Passenger,Daily,BKSC,BOKARO STEEL CITY,RNC,RANCHI,116,03:15,15
58034,RNC-BKSC PASSENGER,PAS,Passenger,Daily,RNC,RANCHI,BKSC,BOKARO STEEL CITY,113,03:20,15
58151,BRMP-BXF PASSENGER,PAS,Passenger,"Mon,Tue,Wed,Thu,Fri,Sat",BRMP,BIRMITRAPUR,BXF,BARSUAN,104,03:45,11
58152,BXF-BRMP PASSENGER,PAS,Passenger,"Mon,Tue,Wed,Thu,Fri,Sat",BXF,BARSUAN,BRMP,BIRMITRAPUR,104,03:45,11
58201,BSP-R PASS,PAS,Passenger,Daily,BSP,BILASPUR JN.,R,RAIPUR JN.,115,02:50,15
58202,R-BSP PASS,PAS,Passenger,Daily,R,RAIPUR JN.,BSP,BILASPUR JN.,115,02:45,15
58203,KRBA-R PASS,PAS,Passenger,Daily,KRBA,KORBA,R,RAIPUR JN.,206,05:05,28
58204,R-KRBA PASS,PAS,Passenger,Daily,R,RAIPUR JN.,KRBA,KORBA,206,04:50,28
58205,R-NITR PAS,PAS,Passenger,Daily,R,RAIPUR JN.,NITR,NETAJI SUBHASH,299,07:55,41
58206,NITR-R PASS,PAS,Passenger,Daily,NITR,NETAJI SUBHASH,R,RAIPUR JN.,298,09:55,41
58207,R-JNRD PASS,PAS,Passenger,Daily,R,RAIPUR JN.,JNRD,JUNAGARH ROAD,306,07:45,26
58208,JNRD-R PASS,PAS,Passenger,Daily,JNRD,JUNAGARH ROAD,R,RAIPUR JN.,306,08:35,26
58210,BSP-GAD PASS,PAS,Passenger,Daily,BSP,BILASPUR JN.,GAD,GEVRA ROAD,97,02:40,15
58213,TIG-BSP PASS,PAS,Passenger,Daily,TIG,TITLAGARH,BSP,BILASPUR JN.,432,11:15,48
58214,BSP-TIG PASS,PAS,Passenger,Daily,BSP,BILASPUR JN.,TIG,TITLAGARH,432,12:10,48
58217,TIG-R PASS,PAS,Passenger,Daily,TIG,TITLAGARH,R,RAIPUR JN.,204,05:10,14
58218,R-TIG,PAS,Passenger,Daily,R,RAIPUR JN.,TIG,TITLAGARH,204,05:00,14
58221,CHRM-CHD PASS,PAS,Passenger,Daily,CHRM,CHIRMIRI,CHD,CHANDIA ROAD,213,05:20,20
58222,CHD-CHRM PASS,PAS,Passenger,Daily,CHD,CHANDIA ROAD,CHRM,CHIRMIRI,213,05:25,20
58303,SBP-JNRD PASSENGER,PAS,Passenger,Daily,SBP,SAMBALPUR JN.,JNRD,JUNAGARH ROAD,283,07:50,27
58304,JNRD-SBP PASSENGER,PAS,Passenger,Daily,JNRD,JUNAGARH ROAD,SBP,SAMBALPUR JN.,283,08:00,27
58305,BLGR-PUKK PASSENGER,PAS,Passenger,Daily,BLGR,BALANGIR,PUKK,PURUNAKATAK,120,03:00,10
58306,PUKK-BLGR PASSENGER,PAS,Passenger,Daily,PUKK,PURUNAKATAK,BLGR,BALANGIR,120,03:20,10
58307,BLGR-PUKK PASSENGER,PAS,Passenger,Daily,BLGR,BALANGIR,PUKK,PURUNAKATAK,120,03:00,10
58308,PUKK-BLGR PASSENGER,PAS,Passenger,Daily,PUKK,PURUNAKATAK,BLGR,BALANGIR,120,02:40,10
58309,BLGR-SNPU PASSENGER,PAS,Passenger,Daily,BLGR,BALANGIR,SNPU,SONEPUR,47,01:15,5
58310,SNPU-BLGR PASSENGER,PAS,Passenger,Daily,SNPU,SONEPUR,BLGR,BALANGIR,47,01:00,5
58405,CTC-PRDP PASSENGER,PAS,Passenger,Daily,CTC,CUTTACK,PRDP,PARADEEP,83,02:00,12
58406,PRDP-CTC PASSENGER,PAS,Passenger,Daily,PRDP,PARADEEP,CTC,CUTTACK,83,01:45,12
58501,VSKP KRDL PGRSP,PAS,Passenger,Daily,VSKP,VISAKHAPATNAM,KRDL,KIRANDUL,472,14:00,49
58502,KRDL VSKP PGRSP,PAS,Passenger,Daily,KRDL,KIRANDUL,VSKP,VISAKHAPATNAM,472,15:00,49
58503,BWIP-VSKP PASSENGER,PAS,Passenger,Daily,BWIP,BHAWANIPATNA,VSKP,VISAKHAPATNAM,308,09:05,34
58504,VSKP-BWIP PASSENGER,PAS,Passenger,Daily,VSKP,VISAKHAPATNAM,BWIP,BHAWANIPATNA,308,06:45,34
58505,GNPR VSKP PASS,PAS,Passenger,Daily,GNPR,GUNUPUR,VSKP,VISAKHAPATNAM,267,06:40,30
58506,VSKP GNPR PASS,PAS,Passenger,Daily,VSKP,VISAKHAPATNAM,GNPR,GUNUPUR,267,06:25,30
58527,R-VSKP PASSENGER,PAS,Passenger,Daily,R,RAIPUR JN.,VSKP,VISAKHAPATNAM,529,13:40,54
58528,VSKP-R PASSENGER,PAS,Passenger,Daily,VSKP,VISAKHAPATNAM,R,RAIPUR JN.,529,15:25,54
58531,BAM-VSKP PASSENGER,PAS,Passenger,Daily,BAM,BRAHMAPUR,VSKP,VISAKHAPATNAM,277,05:40,30
58532,VSKP-BAM PASSENGER,PAS,Passenger,Daily,VSKP,VISAKHAPATNAM,BAM,BRAHMAPUR,277,05:30,30
58537,KRPU-VSKP PASSENGER,PAS,Passenger,Daily,KRPU,KORAPUT JN.,VSKP,VISAKHAPATNAM,358,09:10,38
58538,VSKP-KRPU PASSENGER,PAS,Passenger,Daily,VSKP,VISAKHAPATNAM,KRPU,KORAPUT JN.,358,09:00,38
58659,HTE-ROU PASS ,PAS,Passenger,Daily,HTE,HATIA,ROU,ROURKELA,165,06:10,19
58660,ROU-HTE PASS ,PAS,Passenger,Daily,ROU,ROURKELA,HTE,HATIA,165,05:50,19
58663,HTE-SANI PASSENGER,PAS,Passenger,Daily,HTE,HATIA,SANI,SHANKI,47,01:55,8
58664,SANI-HTE PASSENGER,PAS,Passenger,Daily,SANI,SHANKI,HTE,HATIA,47,02:05,8
58665,HTE-SANI PASSENGER,PAS,Passenger,Daily,HTE,HATIA,SANI,SHANKI,47,01:55,8
58666,SANI-HTE PASSENGER,PAS,Passenger,Daily,SANI,SHANKI,HTE,HATIA,47,02:25,8
58815,NITR-TRDI PASS,PAS,Passenger,Daily,NITR,NETAJI SUBHASH,TRDI,TIRODI,125,04:00,20
58816,TRDI-NITR PASS,PAS,Passenger,Daily,TRDI,TIRODI,NITR,NETAJI SUBHASH,123,03:30,20
58817,TMR-TRDI PASS,PAS,Passenger,Daily,TMR,TUMSAR ROAD,TRDI,TIRODI,49,01:35,9
58818,TRDI-TMR PASS,PAS,Passenger,Daily,TRDI,TIRODI,TMR,TUMSAR ROAD,47,01:15,9
58819,NITR-CWA PASS,PAS,Passenger,Daily,NITR,NETAJI SUBHASH,CWA,CHHINDWARA JN,142,04:25,27
58820,CWA-NITR PASS,PAS,Passenger,Daily,CWA,CHHINDWARA JN,NITR,NETAJI SUBHASH,142,04:40,27
58821,NITR-CWA PASS,PAS,Passenger,Daily,NITR,NETAJI SUBHASH,CWA,CHHINDWARA JN,142,04:20,27
58822,CWA-NITR PASS,PAS,Passenger,Daily,CWA,CHHINDWARA JN,NITR,NETAJI SUBHASH,142,04:10,27
58823,CWA-MFR PASS,PAS,Passenger,Daily,CWA,CHHINDWARA JN,MFR,MANDLA FORT,181,05:15,29
58824,MFR-CWA PASS,PAS,Passenger,Daily,MFR,MANDLA FORT,CWA,CHHINDWARA JN,181,06:00,29
58825,CWA-NIR PASS,PAS,Passenger,Daily,CWA,CHHINDWARA JN,NIR,NAINPUR JN,139,03:15,21
58826,NIR-CWA PASS,PAS,Passenger,Daily,NIR,NAINPUR JN,CWA,CHHINDWARA JN,139,03:30,21
58829,SEY-BZU PASS,PAS,Passenger,Daily,SEY,SEONI,BZU,BETUL,203,07:05,20
58830,BZU-SEY PASS,PAS,Passenger,Daily,BZU,BETUL,SEY,SEONI,203,06:00,19
59023,MMCT-BL PASSENGER,PAS,Passenger,Daily,MMCT,MUMBAI CENTRAL,BL,VALSAD,194,04:55,21
59024,BL-MMCT PASSENGER,PAS,Passenger,Daily,BL,VALSAD,MMCT,MUMBAI CENTRAL,194,04:35,21
59039,VR-BL PASSENGER,PAS,Passenger,Daily,VR,VIRAR,BL,VALSAD,138,03:45,18
59040,VAPI-MMCT PASSENGER,PAS,Passenger,Daily,VAPI,VAPI,MMCT,MUMBAI CENTRAL,168,03:30,16
59045,MMCT-VAPI PASSENGER,PAS,Passenger,Daily,MMCT,MUMBAI CENTRAL,VAPI,VAPI,168,03:35,12
59046,BL-VR PASSENGER,PAS,Passenger,Daily,BL,VALSAD,VR,VIRAR,138,02:10,6
59049,BL-BRC PASSENGER,PAS,Passenger,Daily,BL,VALSAD,BRC,VADODARA JN,198,06:05,35
59050,BRC-BL PASSENGER,PAS,Passenger,Daily,BRC,VADODARA JN,BL,VALSAD,198,06:25,35
59075,NDB-BSL PASSENGER,PAS,Passenger,Daily,NDB,NANDURBAR,BSL,BHUSAVAL JN,175,04:50,22
59076,NDB PASS SPL,PAS,Passenger,Daily,BSL,BHUSAVAL JN,NDB,NANDURBAR,175,04:40,22
59117,PRTN-CTD PASSENGER,PAS,Passenger,Daily,PRTN,PRATAPNAGAR,CTD,CHHOTA UDEPUR,99,02:35,18
59118,ARPR-PRTN PASSENGER,PAS,Passenger,Daily,ARPR,ALIRAJPUR,PRTN,PRATAPNAGAR,148,03:35,22
59119,PRTN-ARPR PASSENGER,PAS,Passenger,Daily,PRTN,PRATAPNAGAR,ARPR,ALIRAJPUR,148,03:40,22
59120,ARPR-PRTN PASSENGER,PAS,Passenger,Daily,ARPR,ALIRAJPUR,PRTN,PRATAPNAGAR,148,03:40,22
59121,PRTN-ARPR PASSENGER,PAS,Passenger,Daily,PRTN,PRATAPNAGAR,ARPR,ALIRAJPUR,148,03:40,22
59122,CTD-PRTN PASSENGER,PAS,Passenger,Daily,CTD,CHHOTA UDEPUR,PRTN,PRATAPNAGAR,99,02:45,18
59123,PRTN-JOBT PASSENGER,PAS,Passenger,Daily,PRTN,PRATAPNAGAR,JOBT,JOBAT,172,04:05,20
59124,JOBT-PRTN PASSENGER,PAS,Passenger,Daily,JOBT,JOBAT,PRTN,PRATAPNAGAR,172,04:00,20
59125,PRTN-CTD PASS,PAS,Passenger,Daily,PRTN,PRATAPNAGAR,CTD,CHHOTA UDEPUR,99,02:30,18
59126,CTD-PRTN PASS,PAS,Passenger,Daily,CTD,CHHOTA UDEPUR,PRTN,PRATAPNAGAR,99,02:35,18
59203,SUNR-BVC PASSENGER,PAS,Passenger,Daily,SUNR,SURENDRANAGAR,BVC,BHAVNAGAR TERMINUS,172,03:55,22
59204,BVC-BTD PASSENGER,PAS,Passenger,Daily,BVP,BHAVANAGAR PARA,BTD,BOTAD JN,89,02:00,13
59205,KNLS-PBR PASSENGER,PAS,Passenger,Daily,KNLS,KANALAS JN,PBR,PORBANDAR,108,02:20,11
59206,PBR-KNLS PASSENGER,PAS,Passenger,Daily,PBR,PORBANDAR,KNLS,KANALAS JN,108,02:40,11
59213,BNVD-PBR PASSENGER,PAS,Passenger,Daily,BNVD,BHANVAD,PBR,PORBANDAR,52,01:40,8
59214,PBR-BNVD PASSENGER,PAS,Passenger,Daily,PBR,PORBANDAR,BNVD,BHANVAD,52,01:15,7
59215,BNVD-PBR PASSENGER,PAS,Passenger,Daily,BNVD,BHANVAD,PBR,PORBANDAR,52,01:30,7
59216,PBR-BNVD PASSENGER,PAS,Passenger,Daily,PBR,PORBANDAR,BNVD,BHANVAD,52,01:10,8
59227,SUNR-BVC PASSENGER,PAS,Passenger,Daily,SUNR,SURENDRANAGAR,BVC,BHAVNAGAR TERMINUS,172,04:35,21
59228,BVC-SUNR PASSENGER,PAS,Passenger,Daily,BVC,BHAVNAGAR TERMINUS,SUNR,SURENDRANAGAR,172,04:10,21
59229,BTD-BVC PASSENGER,PAS,Passenger,Daily,BTD,BOTAD JN,BVP,BHAVANAGAR PARA,89,02:10,13
59230,BVC-BTD PASSENGER,PAS,Passenger,Daily,BVP,BHAVANAGAR PARA,BTD,BOTAD JN,89,02:15,13
59231,GANDHIGRAM-BHAVNAGAR PASS,PAS,Passenger,Daily,GG,GANDHIGRAM,BVC,BHAVNAGAR TERMINUS,246,04:50,11
59232,BHAVNAGAR-GANDHIGRAM PASS,PAS,Passenger,Daily,BVC,BHAVNAGAR TERMINUS,GG,GANDHIGRAM,246,04:55,11
59233,SUNR-BVC PASSENGER,PAS,Passenger,Daily,SUNR,SURENDRANAGAR,BVC,BHAVNAGAR TERMINUS,172,04:20,20
59234,BVC-SUNR PASSENGER,PAS,Passenger,Daily,BVC,BHAVNAGAR TERMINUS,SUNR,SURENDRANAGAR,172,04:25,20
59235,DLJ-MHV PASSENGER,PAS,Passenger,Daily,DLJ,DHOLA JN,MHV,MAHUVA JN,152,04:35,22
59236,MHV-DLJ PASSENGER,PAS,Passenger,Daily,MHV,MAHUVA JN,DLJ,DHOLA JN,152,04:20,22
59237,GANDHIGRAM - BOTAD PASS,PAS,Passenger,Daily,GG,GANDHIGRAM,BTD,BOTAD JN,154,04:15,23
59238,BOTAD - GANDHIGRAM PASS,PAS,Passenger,Daily,BTD,BOTAD JN,GG,GANDHIGRAM,154,04:00,23
59239,DHOLA-BHAVNAGAR PASSENGER,PAS,Passenger,Daily,DLJ,DHOLA JN,BVC,BHAVNAGAR TERMINUS,49,01:20,9
59240,BHAVNAGAR-DHOLA PASSENGER,PAS,Passenger,Daily,BVC,BHAVNAGAR TERMINUS,DLJ,DHOLA JN,49,01:20,9
59267,PIT-BVC PASSENGER,PAS,Passenger,Daily,PIT,PALITANA,BVP,BHAVANAGAR PARA,44,01:15,7
59268,BVC-PIT PASSENGER,PAS,Passenger,Daily,BVP,BHAVANAGAR PARA,PIT,PALITANA,44,01:05,7
59269,PIT-BVC PASSENGER,PAS,Passenger,Daily,PIT,PALITANA,BVC,BHAVNAGAR TERMINUS,48,01:50,8
59270,BVC-PIT PASSENGER,PAS,Passenger,Daily,BVC,BHAVNAGAR TERMINUS,PIT,PALITANA,48,01:20,8
59271,BTD-BVC PASSENGER,PAS,Passenger,Daily,BTD,BOTAD JN,BVP,BHAVANAGAR PARA,89,01:40,10
59272,BVC-SUNR PASSENGER,PAS,Passenger,Daily,BVC,BHAVNAGAR TERMINUS,SUNR,SURENDRANAGAR,172,04:10,18
59301,INDB-DADN PASSENGER,PAS,Passenger,Daily,INDB,INDORE JN,DADN,DR. AMBEDKAR NAGAR,21,00:50,7
59302,DADN-INDB PASSENGER,PAS,Passenger,Daily,DADN,DR. AMBEDKAR NAGAR,INDB,INDORE JN,21,00:50,7
59306,UJN-INDB PASSENGER,PAS,Passenger,Daily,UJN,UJJAIN JN,INDB,INDORE JN,82,02:20,10
59307,INDB-UJN PASSENGER,PAS,Passenger,Daily,INDB,INDORE JN,UJN,UJJAIN JN,82,02:05,10
59317,NAD-UJN PASSENGER,PAS,Passenger,Daily,NAD,NAGDA JN,UJN,UJJAIN JN,55,01:40,8
59318,UJN-NAD PASSENGER,PAS,Passenger,Daily,UJN,UJJAIN JN,NAD,NAGDA JN,55,01:15,8
59319,UJN-BPL PASSENGER,PAS,Passenger,Daily,UJN,UJJAIN JN,BPL,BHOPAL JN.,186,05:05,24
59320,BPL-UJN PASSENGER,PAS,Passenger,Daily,BPL,BHOPAL JN.,UJN,UJJAIN JN,186,04:40,24
59345,RTM-NAD PASSENGER,PAS,Passenger,Daily,RTM,RATLAM JN,NAD,NAGDA JN,41,01:00,6
59346,NAD-RTM PASSENGER,PAS,Passenger,Daily,NAD,NAGDA JN,RTM,RATLAM JN,41,00:55,6
59353,NAD-UJN PASSENGER,PAS,Passenger,Daily,NAD,NAGDA JN,UJN,UJJAIN JN,55,01:30,8
59354,UJN-NAD PASSENGER,PAS,Passenger,Daily,UJN,UJJAIN JN,NAD,NAGDA JN,55,01:25,8
59387,NAD-INDB PASSENGER,PAS,Passenger,Daily,NAD,NAGDA JN,INDB,INDORE JN,137,04:20,17
59388,INDB-NAD PASSENGER,PAS,Passenger,Daily,INDB,INDORE JN,NAD,NAGDA JN,137,04:40,17
59421,RJT-VRL PASSENGER,PAS,Passenger,Daily,RJT,RAJKOT,VRL,VERAVAL,185,04:30,21
59422,VRL-RJT PASSENGER,PAS,Passenger,Daily,VRL,VERAVAL,RJT,RAJKOT,185,04:50,21
59423,RJT-VRL PASSENGER,PAS,Passenger,Daily,RJT,RAJKOT,VRL,VERAVAL,185,05:00,21
59424,VRL-RJT PASSENGER,PAS,Passenger,Daily,VRL,VERAVAL,RJT,RAJKOT,185,05:20,21
59475,MSH-PTN PASSENGER,PAS,Passenger,Daily,MSH,MAHESANA JN,PTN,PATAN,40,00:50,6
59476,PTN-MSH PASSENGER,PAS,Passenger,Daily,PTN,PATAN,MSH,MAHESANA JN,40,00:50,6
59481,MSH-BLDI PASSENGER,PAS,Passenger,Daily,MSH,MAHESANA JN,BLDI,BHILDI JN.,91,02:10,11
59482,BLDI-MSH PASSENGER,PAS,Passenger,Daily,BLDI,BHILDI JN.,MSH,MAHESANA JN,91,02:10,11
59483,MSH-PTN PASSENGER,PAS,Passenger,Daily,MSH,MAHESANA JN,PTN,PATAN,40,00:50,6
59484,PTN-MSH PASSENGER,PAS,Passenger,Daily,PTN,PATAN,MSH,MAHESANA JN,40,01:00,6
59509,MSH-VG PASSENGER,PAS,Passenger,Daily,MSH,MAHESANA JN,VG,VIRAMGAM JN,65,01:30,8
59510,VG-MSH PASSENGER,PAS,Passenger,Daily,VG,VIRAMGAM JN,MSH,MAHESANA JN,65,01:30,8
59511,MSH-VG PASSENGER,PAS,Passenger,Daily,MSH,MAHESANA JN,VG,VIRAMGAM JN,65,01:25,9
59512,VG-MSH PASSENGER,PAS,Passenger,Daily,VG,VIRAMGAM JN,MSH,MAHESANA JN,65,01:25,9
59549,PASSENGER,PAS,Passenger,Daily,BRC,VADODARA JN,VTA,VATVA,92,01:59,7
59550,VTA-BRC PASSENGER,PAS,Passenger,Daily,VTA,VATVA,BRC,VADODARA JN,90,02:30,7
59551,RJT-OKHA PASSENGER,PAS,Passenger,Daily,RJT,RAJKOT,OKHA,OKHA,252,06:40,18
59552,OKHA-RJT PASSENGER,PAS,Passenger,Daily,OKHA,OKHA,RJT,RAJKOT,252,07:30,17
59553,GG-BTD PASSENGER,PAS,Passenger,Daily,GG,GANDHIGRAM,BTD,BOTAD JN,154,04:05,23
59554,BTD-GG PASSENGER,PAS,Passenger,Daily,BTD,BOTAD JN,GG,GANDHIGRAM,154,04:25,23
59555,GG-BTD PASSENGER,PAS,Passenger,Daily,GG,GANDHIGRAM,BTD,BOTAD JN,154,03:55,23
59556,BTD-GG PASSENGER,PAS,Passenger,Daily,BTD,BOTAD JN,GG,GANDHIGRAM,154,03:55,23
59557,PBR-BVC PASSENGER,PAS,Passenger,Daily,PBR,PORBANDAR,BVP,BHAVANAGAR PARA,302,07:05,27
59558,BVC-VRL PASSENGER,PAS,Passenger,Daily,BVC,BHAVNAGAR TERMINUS,VRL,VERAVAL,288,06:45,25
59559,VRL-BVC PASSENGER,PAS,Passenger,Daily,VRL,VERAVAL,BVC,BHAVNAGAR TERMINUS,288,06:50,25
59560,BVC-PBR PASSENGER,PAS,Passenger,Daily,BVP,BHAVANAGAR PARA,PBR,PORBANDAR,302,06:55,27
59561,RJT-PBR PASSENGER,PAS,Passenger,Daily,RJT,RAJKOT,PBR,PORBANDAR,201,04:25,16
59562,PBR-RJT PASSENGER,PAS,Passenger,Daily,PBR,PORBANDAR,RJT,RAJKOT,201,04:30,16
59563,RJT-PBR PASSENGER,PAS,Passenger,"Mon,Tue,Thu,Fri,Sun",RJT,RAJKOT,PBR,PORBANDAR,201,05:40,16
59564,PBR-RJT PASSENGER,PAS,Passenger,"Mon,Tue,Wed,Fri,Sat",PBR,PORBANDAR,RJT,RAJKOT,201,04:45,16
59601,AII-MJ PASSENGER,PAS,Passenger,Daily,AII,AJMER JN,MJ,MARWAR JN,140,03:25,17
59602,MJ-AII PASSENGER,PAS,Passenger,Daily,MJ,MARWAR JN,AII,AJMER JN,140,03:10,17
59603,AII-PUHT PASSENGER,PAS,Passenger,"Mon,Wed,Thu,Sat,Sun",AII,AJMER JN,PUHT,PUSHKAR TERMINUS,31,01:10,5
59604,PUHT-AII PASSENGER,PAS,Passenger,"Mon,Wed,Thu,Sat,Sun",PUHT,PUSHKAR TERMINUS,AII,AJMER JN,31,01:10,5
59605,UDZ-BI PASSENGER,PAS,Passenger,Daily,UDZ,UDAIPUR CITY,BI,BARI SADRI,124,03:00,12
59606,BI-UDZ PASSENGER,PAS,Passenger,Daily,BI,BARI SADRI,UDZ,UDAIPUR CITY,124,03:25,12
59607,UDZ-BI PASSENGER,PAS,Passenger,Daily,UDZ,UDAIPUR CITY,BI,BARI SADRI,124,03:10,12
59608,BI-UDZ PASSENGER,PAS,Passenger,Daily,BI,BARI SADRI,UDZ,UDAIPUR CITY,124,03:10,12
59609,UDZ-COR PASSENGER,PAS,Passenger,Daily,UDZ,UDAIPUR CITY,COR,CHITTAURGARH JN.,114,03:10,13
59610,COR-UDZ PASSENGER,PAS,Passenger,Daily,COR,CHITTAURGARH JN.,UDZ,UDAIPUR CITY,114,03:05,13
59629,RE-FL PASSENGER,PAS,Passenger,Daily,RE,REWARI JN.,FL,PHULERA,280,06:20,25
59630,FL-RE PASSENGER,PAS,Passenger,Daily,FL,PHULERA,RE,REWARI JN.,280,06:35,27
59631,HSR-RE PASSENGER,PAS,Passenger,Daily,HSR,HISAR,RE,REWARI JN.,143,03:40,21
59632,RE-HSR PASSENGER,PAS,Passenger,Daily,RE,REWARI JN.,HSR,HISAR,143,04:05,21
59633,RE-RGS PASSENGER,PAS,Passenger,"Sat,Sun",RE,REWARI JN.,RGS,RINGAS JN,149,03:20,13
59634,RGS-RE PASSENGER,PAS,Passenger,"Sat,Sun",RGS,RINGAS JN,RE,REWARI JN.,149,03:25,13
59709,JP-BNW FAST PASSENGER,PAS,Passenger,Daily,JP,JAIPUR JN.,BNW,BHIWANI JN.,288,07:20,20
59710,BNW-JP FAST PASSENGER,PAS,Passenger,Daily,BNW,BHIWANI JN.,JP,JAIPUR JN.,288,07:00,20
59711,SOG-APH PASSENGER,PAS,Passenger,Daily,SOG,SURATGARH JN,APH,ANUPGARH,78,01:50,9
59712,APH-SOG PASSENGER,PAS,Passenger,Daily,APH,ANUPGARH,SOG,SURATGARH JN,78,01:50,10
59713,SOG-APH PASS,PAS,Passenger,Daily,SOG,SURATGARH JN,APH,ANUPGARH,78,01:50,11
59714,APH-SOG PASS,PAS,Passenger,Daily,APH,ANUPGARH,SOG,SURATGARH JN,78,01:55,10
59715,SOG-APH PASS,PAS,Passenger,Daily,SOG,SURATGARH JN,APH,ANUPGARH,78,01:45,10
59716,APH-SOG PASSENGER,PAS,Passenger,Daily,APH,ANUPGARH,SOG,SURATGARH JN,78,01:55,11
59717,SOG-APH PASSENGER,PAS,Passenger,Daily,SOG,SURATGARH JN,APH,ANUPGARH,78,01:45,10
59718,APH-SOG PASSENGER,PAS,Passenger,Daily,APH,ANUPGARH,SOG,SURATGARH JN,78,01:45,9
59719,SOG-BTI PASSENGER,PAS,Passenger,Daily,SOG,SURATGARH JN,BTI,BATHINDA,142,03:30,17
59720,BTI-SOG PASSENGER,PAS,Passenger,Daily,BTI,BATHINDA,SOG,SURATGARH JN,142,03:45,17
59813,KOTA-JAB PASSENGER,PAS,Passenger,Daily,KOTA,KOTA JN,JAB,YAMUNA BRIDGE,335,10:10,45
59814,AF-KOTA PASSENGER,PAS,Passenger,Daily,AF,AGRA FORT,KOTA,KOTA JN,333,09:35,44
59833,KOTA-MDS PASSENGER,PAS,Passenger,Daily,KOTA,KOTA JN,MDS,MANDASOR,276,07:15,22
59834,MDS-KOTA PASSENGER,PAS,Passenger,Daily,MDS,MANDASOR,KOTA,KOTA JN,276,06:55,22
59835,MDS-UDZ PASSENGER,PAS,Passenger,Daily,MDS,MANDASOR,UDZ,UDAIPUR CITY,219,05:30,23
59836,UDZ-MDS PASSENGER,PAS,Passenger,Daily,UDZ,UDAIPUR CITY,MDS,MANDASOR,219,05:35,23
59837,AKLA-KOTA PASSENGER,PAS,Passenger,Daily,AKLA,AKLERA,KOTA,KOTA JN,146,03:15,14
59838,KOTA-AKLA PASSENGER,PAS,Passenger,Daily,KOTA,KOTA JN,AKLA,AKLERA,146,03:15,14
59839,AKLA-KOTA PASSENGER,PAS,Passenger,Daily,AKLA,AKLERA,KOTA,KOTA JN,146,03:00,14
59840,KOTA-AKLA PASSENGER,PAS,Passenger,Daily,KOTA,KOTA JN,AKLA,AKLERA,146,03:20,14
61001,BOR-BSR MEMU,MEMU,MEMU,Daily,BOR,BOISAR,BSR,VASAI ROAD,51,01:10,9
61002,DI-BOR MEMU,MEMU,MEMU,Daily,DI,DOMBIVIL,BOR,BOISAR,92,02:31,15
61003,BSR-DIVA MEMU,MEMU,MEMU,Daily,BSR,VASAI ROAD,DIVA,DIVA,42,01:00,7
61004,DIVA-BSR MEMU,MEMU,MEMU,Daily,DIVA,DIVA,BSR,VASAI ROAD,42,01:00,7
61005,BSR-DIVA MEMU,MEMU,MEMU,Daily,BSR,VASAI ROAD,DIVA,DIVA,42,01:00,7
61006,DIVA-BSR MEMU,MEMU,MEMU,Daily,DIVA,DIVA,BSR,VASAI ROAD,42,00:52,7
61007,BSR-DIVA MEMU,MEMU,MEMU,Daily,BSR,VASAI ROAD,DIVA,DIVA,42,01:00,7
61008,DIVA-BSR MEMU,MEMU,MEMU,Daily,DIVA,DIVA,BSR,VASAI ROAD,42,01:00,7
61009,BSR-DIVA MEMU,MEMU,MEMU,Daily,BSR,VASAI ROAD,DIVA,DIVA,42,00:52,7
61010,ROHA-DIVA MEMU,MEMU,MEMU,Daily,ROHA,ROHA,DIVA,DIVA,105,02:30,17
61011,DIVA-ROHA MEMU,MEMU,MEMU,Daily,DIVA,DIVA,ROHA,ROHA,105,02:20,17
61012,ROHA-DIVA MEMU,MEMU,MEMU,Daily,ROHA,ROHA,DIVA,DIVA,103,03:00,17
61013,DIVA-ROHA MEMU,MEMU,MEMU,Daily,DIVA,DIVA,ROHA,ROHA,105,02:30,17
61015,DIVA-ROHA MEMU,MEMU,MEMU,"Mon,Tue,Wed,Thu,Fri",DIVA,DIVA,ROHA,ROHA,105,02:35,17
61016,ROHA-DIVA MEMU,MEMU,MEMU,"Mon,Tue,Wed,Thu,Fri",ROHA,ROHA,DIVA,DIVA,105,02:30,17
61017,DIVA-PNVL MEMU,MEMU,MEMU,"Mon,Tue,Wed,Thu,Fri",DIVA,DIVA,PNVL,PANVEL,28,00:40,7
61018,PNVL-DIVA MEMU,MEMU,MEMU,"Mon,Tue,Wed,Thu,Fri",PNVL,PANVEL,DIVA,DIVA,28,00:40,7
61019,DIVA-PEN MEMU,MEMU,MEMU,"Mon,Tue,Wed,Thu,Fri",DIVA,DIVA,PEN,PEN,63,01:35,13
61020,PEN-DIVA MEMU,MEMU,MEMU,"Mon,Tue,Wed,Thu,Fri",PEN,PEN,DIVA,DIVA,63,01:35,13
61021,BSR-DIVA MEMU,MEMU,MEMU,"Mon,Tue,Wed,Thu,Fri",BSR,VASAI ROAD,DIVA,DIVA,42,01:00,7
61022,DIVA-BSR MEMU,MEMU,MEMU,"Mon,Tue,Wed,Thu,Fri",DIVA,DIVA,BSR,VASAI ROAD,42,01:00,7
61023,DIVA-PEN MEMU,MEMU,MEMU,"Mon,Tue,Wed,Thu,Fri",DIVA,DIVA,PEN,PEN,63,01:35,13
61024,PEN-DIVA MEMU,MEMU,MEMU,"Mon,Tue,Wed,Thu,Fri",PEN,PEN,DIVA,DIVA,63,01:45,13
61025,DIVA-PEN MEMU,MEMU,MEMU,"Mon,Tue,Wed,Thu,Fri",DIVA,DIVA,PEN,PEN,63,01:30,13
61026,PEN-DIVA MEMU,MEMU,MEMU,"Mon,Tue,Wed,Thu,Fri",PEN,PEN,DIVA,DIVA,63,01:35,13
61101,BSL-BD MEMU,MEMU,MEMU,Daily,BSL,BHUSAVAL JN,BD,BADNERA JN.,219,04:55,24
61102,BD-BSL MEMU,MEMU,MEMU,Daily,BD,BADNERA JN.,BSL,BHUSAVAL JN,219,05:25,25
61103,BD-NRKR MEMU,MEMU,MEMU,Daily,BD,BADNERA JN.,NRKR,NARKHER,138,02:55,11
61104,NRKR-BD MEMU,MEMU,MEMU,Daily,NRKR,NARKHER,BD,BADNERA JN.,138,03:25,11
61105,BD-NRKR MEMU,MEMU,MEMU,Daily,BD,BADNERA JN.,NRKR,NARKHER,138,02:50,11
61106,NRKR-BD MEMU,MEMU,MEMU,Daily,NRKR,NARKHER,BD,BADNERA JN.,138,03:30,11
61107,AMI-WR MEMU,MEMU,MEMU,Daily,AMI,AMRAVATI,WR,WARDHA JN,104,01:55,10
61108,WR-AMI MEMU,MEMU,MEMU,Daily,WR,WARDHA JN,AMI,AMRAVATI,104,02:05,10
61109,WR-NGP MEMU,MEMU,MEMU,"Mon,Tue,Wed,Thu,Fri,Sun",WR,WARDHA JN,NGP,NAGPUR JN.,79,02:15,11
61110,NGP-WR MEMU,MEMU,MEMU,"Mon,Tue,Wed,Thu,Fri,Sat",NGP,NAGPUR JN.,WR,WARDHA JN,79,02:00,11
61111,BD-AMI MEMU,MEMU,MEMU,Daily,BD,BADNERA JN.,AMI,AMRAVATI,9,00:15,2
61112,AMI-BD MEMU,MEMU,MEMU,Daily,AMI,AMRAVATI,BD,BADNERA JN.,9,00:16,4
61113,BD-AMI MEMU,MEMU,MEMU,Daily,BD,BADNERA JN.,AMI,AMRAVATI,9,00:15,2
61114,AMI-BD MEMU,MEMU,MEMU,Daily,AMI,AMRAVATI,BD,BADNERA JN.,9,00:15,2
61115,BD-AMI MEMU,MEMU,MEMU,Daily,BD,BADNERA JN.,AMI,AMRAVATI,9,00:20,2
61116,AMI-BD MEMU,MEMU,MEMU,Daily,AMI,AMRAVATI,BD,BADNERA JN.,9,00:15,2
61117,NGP-AMLA MEMU,MEMU,MEMU,Daily,NGP,NAGPUR JN.,AMLA,AMLA JN,166,03:50,20
61118,AMLA-NGP MEMU,MEMU,MEMU,Daily,AMLA,AMLA JN,NGP,NAGPUR JN.,166,04:20,20
61119,NGP-AMLA MEMU,MEMU,MEMU,Daily,NGP,NAGPUR JN.,AMLA,AMLA JN,166,04:00,20
61120,AMLA-NGP MEMU,MEMU,MEMU,Daily,AMLA,AMLA JN,NGP,NAGPUR JN.,166,04:35,20
61121,AMLA-ET MEMU,MEMU,MEMU,Daily,AMLA,AMLA JN,ET,ITARSI JN,130,03:35,13
61122,ET-AMLA MEMU,MEMU,MEMU,Daily,ET,ITARSI JN,AMLA,AMLA JN,130,03:40,13
61123,AMLA-CWA  MEMU,MEMU,MEMU,Daily,AMLA,AMLA JN,CWA,CHHINDWARA JN,115,03:10,15
61124,CWA-AMLA MEMU,MEMU,MEMU,Daily,CWA,CHHINDWARA JN,AMLA,AMLA JN,115,02:50,15
61125,AMLA-CWA MEMU,MEMU,MEMU,Daily,AMLA,AMLA JN,CWA,CHHINDWARA JN,115,02:45,15
61126,CWA-AMLA MEMU,MEMU,MEMU,Daily,CWA,CHHINDWARA JN,AMLA,AMLA JN,115,02:40,15
61127,WR-BPQ MEMU,MEMU,MEMU,Daily,WR,WARDHA JN,BPQ,BALHARSHAH,133,03:15,15
61128,BPQ-WR MEMU,MEMU,MEMU,Daily,BPQ,BALHARSHAH,WR,WARDHA JN,133,03:00,15
61129,NK-BD MEMU,MEMU,MEMU,Daily,NK,NASIK ROAD,BD,BADNERA JN.,476,08:20,18
61130,BD-NK MEMU,MEMU,MEMU,Daily,BD,BADNERA JN.,NK,NASIK ROAD,476,09:35,18
61131,CSN-DHI MEMU,MEMU,MEMU,"Mon,Tue,Wed,Thu,Fri,Sat",CSN,CHALISGAON JN,DHI,DHULE,56,01:15,9
61132,DHI-CSN MEMU,MEMU,MEMU,"Mon,Tue,Wed,Thu,Fri,Sat",DHI,DHULE,CSN,CHALISGAON JN,56,01:05,8
61133,CSN-DHI MEMU,MEMU,MEMU,"Mon,Tue,Wed,Thu,Fri,Sat",CSN,CHALISGAON JN,DHI,DHULE,56,01:15,9
61134,DHI-CSN MEMU,MEMU,MEMU,"Mon,Tue,Wed,Thu,Fri,Sat",DHI,DHULE,CSN,CHALISGAON JN,56,01:15,9
61135,CSN-DHI MEMU,MEMU,MEMU,"Mon,Tue,Wed,Thu,Fri,Sat",CSN,CHALISGAON JN,DHI,DHULE,56,01:15,9
61136,DHI-CSN MEMU,MEMU,MEMU,"Mon,Tue,Wed,Thu,Fri,Sat",DHI,DHULE,CSN,CHALISGAON JN,56,01:15,9
61137,CSN-DHI MEMU,MEMU,MEMU,"Mon,Tue,Wed,Thu,Fri,Sat",CSN,CHALISGAON JN,DHI,DHULE,56,01:05,9
61138,DHI-CSN MEMU,MEMU,MEMU,"Mon,Tue,Wed,Thu,Fri,Sat",DHI,DHULE,CSN,CHALISGAON JN,56,01:05,9
61139,KNW-SWD MEMU,MEMU,MEMU,"Mon,Tue,Fri,Sat,Sun",KNW,KHANDWA JUNCTION,SWD,SANAWAD,54,01:30,6
61140,SWD-KNW MEMU,MEMU,MEMU,"Mon,Tue,Fri,Sat,Sun",SWD,SANAWAD,KNW,KHANDWA JUNCTION,54,01:25,6
61141,KNW-SWD MEMU,MEMU,MEMU,"Mon,Tue,Fri,Sat,Sun",KNW,KHANDWA JUNCTION,SWD,SANAWAD,54,01:25,6
61142,SWD-KNW MEMU,MEMU,MEMU,"Mon,Tue,Fri,Sat,Sun",SWD,SANAWAD,KNW,KHANDWA JUNCTION,54,01:25,6
61601,KTE-CHRM MEMU,MEMU,MEMU,Daily,KTE,KATNI,CHRM,CHIRMIRI,253,07:30,28
61602,CHRM-KTE MEMU,MEMU,MEMU,Daily,CHRM,CHIRMIRI,KTE,KATNI,253,07:00,28
61603,KTE-BRGW MEMU,MEMU,MEMU,Daily,KTE,KATNI,BRGW,BARGAWAN,241,06:50,25
61604,BRGW-KTE MEMU,MEMU,MEMU,Daily,BRGW,BARGAWAN,KTE,KATNI,241,07:00,25
61605,KTE-STA MEMU,MEMU,MEMU,Daily,KTE,KATNI,STA,SATNA,98,02:20,11
61606,STA-KTE MEMU,MEMU,MEMU,Daily,STA,SATNA,KTE,KATNI,98,01:55,11
61607,STA-MKP MEMU,MEMU,MEMU,Daily,STA,SATNA,MKP,MANIKPUR JN,78,03:00,11
61608,MKP-STA MEMU,MEMU,MEMU,Daily,MKP,MANIKPUR JN,STA,SATNA,78,02:50,11
61609,STA-MKP MEMU,MEMU,MEMU,Daily,STA,SATNA,MKP,MANIKPUR JN,78,02:05,11
61610,MKP-STA MEMU,MEMU,MEMU,Daily,MKP,MANIKPUR JN,STA,SATNA,78,02:30,11
61611,BINA-RTA MEMU,MEMU,MEMU,Daily,BINA,BINA JN,RTA,RUTHIYAI JUNCTION,139,03:25,19
61612,RTA-BINA MEMU,MEMU,MEMU,Daily,RTA,RUTHIYAI JUNCTION,BINA,BINA JN,139,03:45,19
61613,GATL-KOTA MEMU,MEMU,MEMU,Daily,GATL,GATL,KOTA,KOTA JN,161,03:35,17
61614,KOTA-GATL MEMU,MEMU,MEMU,Daily,KOTA,KOTA JN,GATL,GATL,161,03:25,17
61615,CMU-KOTA MEMU,MEMU,MEMU,Daily,CMU,CHAU MAHLA,KOTA,KOTA JN,163,03:15,18
61616,KOTA-CMU MEMU,MEMU,MEMU,Daily,KOTA,KOTA JN,CMU,CHAU MAHLA,163,03:20,18
61617,ET-KTE MEMU,MEMU,MEMU,Daily,ET,ITARSI JN,KTE,KATNI,336,07:05,33
61618,KTE-ET MEMU,MEMU,MEMU,Daily,KTE,KATNI,ET,ITARSI JN,336,08:15,33
61619,BINA-KMZ MEMU,MEMU,MEMU,Daily,BINA,BINA JN,KMZ,KATNI MURWARA,260,07:00,30
61620,KMZ-BINA MEMU,MEMU,MEMU,Daily,KMZ,KATNI MURWARA,BINA,BINA JN,260,06:50,30
61621,KOTA-SWM MEMU,MEMU,MEMU,Daily,KOTA,KOTA JN,SWM,SAWAI MADHOPUR JN,108,02:15,13
61622,SWM-KOTA MEMU,MEMU,MEMU,Daily,SWM,SAWAI MADHOPUR JN,KOTA,KOTA JN,108,02:25,13
61623,UJN -KOTA MEMU,MEMU,MEMU,Daily,UJN,UJJAIN JN,KOTA,KOTA JN,280,06:35,31
61624,KOTA-UJN MEMU,MEMU,MEMU,Daily,KOTA,KOTA JN,UJN,UJJAIN JN,280,06:20,31
61625,BINA-RTA MEMU,MEMU,MEMU,Daily,BINA,BINA JN,RTA,RUTHIYAI JUNCTION,139,03:20,19
61626,RTA-BINA MEMU,MEMU,MEMU,Daily,RTA,RUTHIYAI JUNCTION,BINA,BINA JN,139,03:20,19
61631,BPL-BINA MEMU,MEMU,MEMU,Daily,BPL,BHOPAL JN.,BINA,BINA JN,138,03:15,16
61632,BINA-BPL MEMU,MEMU,MEMU,Daily,BINA,BINA JN,BPL,BHOPAL JN.,138,03:10,16
61633,KOTA-BINA MEMU,MEMU,MEMU,Daily,KOTA,KOTA JN,BINA,BINA JN,303,07:30,39
61634,BINA-KOTA MEMU,MEMU,MEMU,Daily,BINA,BINA JN,KOTA,KOTA JN,303,07:35,39
63007,KWAE-RPH MEMU,MEMU,MEMU,Daily,KWAE,KATWA,RPH,RAMPUR HAT,132,03:35,29
63008,RPH-KWAE MEMU PASSENGER,MEMU,MEMU,Daily,RPH,RAMPUR HAT,KWAE,KATWA,132,03:55,29
63010,AZ-KWAE MEMU,MEMU,MEMU,Daily,AZ,AZIMGANJ JN,KWAE,KATWA,73,01:30,19
63011,BWN-RPH MEMU,MEMU,MEMU,Daily,BWN,BARDHAMAN,RPH,RAMPUR HAT,112,02:35,19
63012,RPH-BWN MEMU,MEMU,MEMU,Daily,RPH,RAMPUR HAT,BWN,BARDHAMAN,112,02:32,19
63013,KWAE-AZ MEMU PASSENGER,MEMU,MEMU,Daily,KWAE,KATWA,AZ,AZIMGANJ JN,73,01:45,18
63019,KWAE-AZ MEMU,MEMU,MEMU,Daily,KWAE,KATWA,AZ,AZIMGANJ JN,73,01:30,15
63020,AZ-KWAE MEMU,MEMU,MEMU,Daily,AZ,AZIMGANJ JN,KWAE,KATWA,73,01:40,15
63021,AZ-RPH MEMU,MEMU,MEMU,Daily,AZ,AZIMGANJ JN,RPH,RAMPUR HAT,59,01:40,11
63022,RPH-AZ MEMU,MEMU,MEMU,Daily,RPH,RAMPUR HAT,AZ,AZIMGANJ JN,59,01:40,11
63023,AZ-RPH MEMU PASSENGER,MEMU,MEMU,Daily,AZ,AZIMGANJ JN,RPH,RAMPUR HAT,59,01:55,11
63024,RPH-AZ MEMU PASSENGER,MEMU,MEMU,Daily,RPH,RAMPUR HAT,AZ,AZIMGANJ JN,59,02:00,10
63025,AZ-RPH MEMU PASSENGER,MEMU,MEMU,Daily,AZ,AZIMGANJ JN,RPH,RAMPUR HAT,59,01:45,11
63026,RPH-AZ MEMU,MEMU,MEMU,Daily,RPH,RAMPUR HAT,AZ,AZIMGANJ JN,59,01:45,11
63031,KWAE-AZ MEMU,MEMU,MEMU,Daily,KWAE,KATWA,AZ,AZIMGANJ JN,73,01:25,16
63032,AZ-KWAE MEMU PASSENGER,MEMU,MEMU,Daily,AZ,AZIMGANJ JN,KWAE,KATWA,73,01:45,19
63033,AZ-NHT MEMU,MEMU,MEMU,Daily,AZ,AZIMGANJ JN,NHT,NALHATI JN,45,01:06,9
63034,NHT-AZ MEMU PGR,MEMU,MEMU,Daily,NHT,NALHATI JN,AZ,AZIMGANJ JN,45,01:05,9
63039,KWAE-AMP MEMU,MEMU,MEMU,Daily,KWAE,KATWA,AMP,AHAMADPUR JN.,51,01:23,14
63040,AMP-KWAE MEMU,MEMU,MEMU,Daily,AMP,AHAMADPUR JN.,KWAE,KATWA,51,01:14,14
63041,BPC-AZ MEMU PGR,MEMU,MEMU,Daily,BPC,BERHAMPORE CRT,AZ,AZIMGANJ JN,17,00:27,4
63042,AZ-BPC  MEMU PGR,MEMU,MEMU,Daily,AZ,AZIMGANJ JN,BPC,BERHAMPORE CRT,17,00:25,4
63043,KWAE-AMP MEMU PGR,MEMU,MEMU,Daily,KWAE,KATWA,AMP,AHAMADPUR JN.,51,01:20,14
63044,AMP-KWAE MEMU PGR,MEMU,MEMU,Daily,AMP,AHAMADPUR JN.,KWAE,KATWA,51,01:25,14
63045,BPC-AZ MEMU PGR,MEMU,MEMU,Daily,BPC,BERHAMPORE CRT,AZ,AZIMGANJ JN,17,00:27,4
63046,AZ-BPC MEMU PGR,MEMU,MEMU,Daily,AZ,AZIMGANJ JN,BPC,BERHAMPORE CRT,17,00:25,4
63051,AZ-RPH MEMU,MEMU,MEMU,Daily,AZ,AZIMGANJ JN,RPH,RAMPUR HAT,59,01:25,11
63052,RPH-AZ MEMU,MEMU,MEMU,Daily,RPH,RAMPUR HAT,AZ,AZIMGANJ JN,59,01:50,11
63057,BPC-AZ MEMU PGR,MEMU,MEMU,Daily,BPC,BERHAMPORE CRT,AZ,AZIMGANJ JN,17,00:27,4
63058,AZ-BPC MEMU PGR,MEMU,MEMU,Daily,AZ,AZIMGANJ JN,BPC,BERHAMPORE CRT,17,00:27,4
63063,BWN-SBG MEMU PGR,MEMU,MEMU,Daily,BWN,BARDHAMAN,SBG,SAHIBGANJ JN,249,06:30,40
63064,SBG-BWN MEMU PGR,MEMU,MEMU,Daily,SBG,SAHIBGANJ JN,BWN,BARDHAMAN,249,06:50,40
63068,RPH-BWN MEMU  PASSENGER,MEMU,MEMU,Daily,RPH,RAMPUR HAT,BWN,BARDHAMAN,112,02:36,19
63069,BWN-RPH PASSENGER,MEMU,MEMU,Daily,BWN,BARDHAMAN,RPH,RAMPUR HAT,112,02:33,19
63073,RPH-SBG MEMU PGR,MEMU,MEMU,Daily,RPH,RAMPUR HAT,SBG,SAHIBGANJ JN,137,03:35,22
63074,SBG-RPH MEMU PGR,MEMU,MEMU,Daily,SBG,SAHIBGANJ JN,RPH,RAMPUR HAT,137,04:15,22
63075,RPH-BHW MEMU PGR,MEMU,MEMU,Daily,RPH,RAMPUR HAT,BHW,BARHARWA JN,83,01:45,13
63076,BHW-RPH MEMU PGR,MEMU,MEMU,Daily,BHW,BARHARWA JN,RPH,RAMPUR HAT,83,01:40,13
63081,RPH-JSME PASSENGER,MEMU,MEMU,Daily,RPH,RAMPUR HAT,JSME,JASIDIH JN.,136,03:25,18
63082,JSME-RPH PASSENGER,MEMU,MEMU,Daily,JSME,JASIDIH JN.,RPH,RAMPUR HAT,136,03:25,18
63101,KOAA-LGL MEMU,MEMU,MEMU,Daily,KOAA,KOLKATTA TERMINAL,LGL,LALGOLA,224,04:50,35
63102,LGL-KOAA MEMU,MEMU,MEMU,Daily,LGL,LALGOLA,KOAA,KOLKATTA TERMINAL,224,04:50,33
63103,SDAH-LGL MEMU,MEMU,MEMU,Daily,SDAH,SEALDAH,LGL,LALGOLA,231,04:40,32
63104,LGL-SDAH MEMU,MEMU,MEMU,Daily,LGL,LALGOLA,SDAH,SEALDAH,231,04:42,40
63105,SDAH-LGL MEMU,MEMU,MEMU,Daily,SDAH,SEALDAH,LGL,LALGOLA,231,04:32,31
63106,LGL-SDAH MEMU,MEMU,MEMU,Daily,LGL,LALGOLA,SDAH,SEALDAH,231,04:50,29
63107,SDAH-LGL MEMU,MEMU,MEMU,Daily,SDAH,SEALDAH,LGL,LALGOLA,231,04:52,29
63108,LGL-SDAH MEMU,MEMU,MEMU,Daily,LGL,LALGOLA,SDAH,SEALDAH,231,05:03,35
63111,SDAH-RHA MEMU,MEMU,MEMU,Daily,SDAH,SEALDAH,RHA,RANAGHAT JN,76,01:48,24
63112,RHA-SDAH MEMU,MEMU,MEMU,Daily,RHA,RANAGHAT JN,SDAH,SEALDAH,76,01:42,12
63133,RHA-LGL MEMU,MEMU,MEMU,Daily,RHA,RANAGHAT JN,LGL,LALGOLA,155,03:12,29
63134,LGL-RHA MEMU,MEMU,MEMU,Daily,LGL,LALGOLA,RHA,RANAGHAT JN,155,03:15,27
63141,SDAH-GODA MEMU PGR,MEMU,MEMU,Daily,SDAH,SEALDAH,GODA,GODDA,368,09:25,40
63142,GODA-SDAH MEMU PGR,MEMU,MEMU,Daily,GODA,GODDA,SDAH,SEALDAH,368,08:50,43
63151,JSME-BDME MEMU,MEMU,MEMU,Daily,JSME,JASIDIH JN.,BDME,BAIDYANATHDHAM,6,00:20,3
63153,JSME-BDME MEMU,MEMU,MEMU,Daily,JSME,JASIDIH JN.,BDME,BAIDYANATHDHAM,6,00:20,3
63154,BDME-JSME MEMU,MEMU,MEMU,Daily,BDME,BAIDYANATHDHAM,JSME,JASIDIH JN.,6,00:20,3
63155,JSME-BDME MEMU,MEMU,MEMU,Daily,JSME,JASIDIH JN.,BDME,BAIDYANATHDHAM,6,00:20,3
63156,BDME-JSME MEMU,MEMU,MEMU,Daily,BDME,BAIDYANATHDHAM,JSME,JASIDIH JN.,6,00:18,3
63157,JSME-BDME MEMU,MEMU,MEMU,Daily,JSME,JASIDIH JN.,BDME,BAIDYANATHDHAM,6,00:20,3
63158,BDME-JSME MEMU,MEMU,MEMU,Daily,BDME,BAIDYANATHDHAM,JSME,JASIDIH JN.,6,00:20,3
63159,JSME-BDME MEMU,MEMU,MEMU,Daily,JSME,JASIDIH JN.,BDME,BAIDYANATHDHAM,6,00:20,3
63160,BDME-JSME MEMU,MEMU,MEMU,Daily,BDME,BAIDYANATHDHAM,JSME,JASIDIH JN.,6,00:20,3
63161,JSME-BDME MEMU,MEMU,MEMU,Daily,JSME,JASIDIH JN.,BDME,BAIDYANATHDHAM,6,00:20,3
63162,BDME-JSME MEMU,MEMU,MEMU,Daily,BDME,BAIDYANATHDHAM,JSME,JASIDIH JN.,6,00:20,3
63163,JSME-BDME MEMU,MEMU,MEMU,Daily,JSME,JASIDIH JN.,BDME,BAIDYANATHDHAM,6,00:20,3
63164,BDME-JSME MEMU,MEMU,MEMU,Daily,BDME,BAIDYANATHDHAM,JSME,JASIDIH JN.,6,00:20,3
63165,JSME-BDME MEMU,MEMU,MEMU,Daily,JSME,JASIDIH JN.,BDME,BAIDYANATHDHAM,6,00:20,3
63166,BDME-JSME MEMU,MEMU,MEMU,Daily,BDME,BAIDYANATHDHAM,JSME,JASIDIH JN.,6,00:20,3
63167,JSME-BDME MEMU,MEMU,MEMU,Daily,JSME,JASIDIH JN.,BDME,BAIDYANATHDHAM,6,00:20,2
63168,BDME-JSME MEMU,MEMU,MEMU,Daily,BDME,BAIDYANATHDHAM,JSME,JASIDIH JN.,6,00:20,2
63169,JSME-BDME MEMU,MEMU,MEMU,Daily,JSME,JASIDIH JN.,BDME,BAIDYANATHDHAM,6,00:20,2
63176,LGL-SDAH MEMU PASSENGER,MEMU,MEMU,Daily,LGL,LALGOLA,SDAH,SEALDAH,231,05:17,36
63177,SDAH-LGL MEMU PASSENGER,MEMU,MEMU,Daily,SDAH,SEALDAH,LGL,LALGOLA,231,05:02,29
63201,BJU-SPJ MEMU,MEMU,MEMU,Daily,BJU,BARAUNI JN,SPJ,SAMASTIPUR JN,51,02:00,9
63202,SPJ-BJU MEMU,MEMU,MEMU,Daily,SPJ,SAMASTIPUR JN,BJU,BARAUNI JN,51,02:00,9
63203,KIUL-MKA MEMU,MEMU,MEMU,Daily,KIUL,KIUL JN,MKA,MOKAMA,34,01:15,9
63204,MKA-KIUL MEMU,MEMU,MEMU,Daily,MKA,MOKAMA,KIUL,KIUL JN,34,01:40,9
63205,KIUL-PNBE MEMU,MEMU,MEMU,Daily,KIUL,KIUL JN,PNBE,PATNA JN,123,05:15,27
63206,PNBE-KIUL MEMU,MEMU,MEMU,Daily,PNBE,PATNA JN,KIUL,KIUL JN,123,05:45,28
63207,JAJ-PNBE MEMU,MEMU,MEMU,Daily,JAJ,JHAJHA,PNBE,PATNA JN,177,06:40,53
63209,DGHR-PNBE MEMU,MEMU,MEMU,Daily,DGHR,DEOGHAR,PNBE,PATNA JN,227,07:55,40
63210,PNBE-DGHR MEMU,MEMU,MEMU,Daily,PNBE,PATNA JN,DGHR,DEOGHAR,227,07:45,57
63212,PNBE-JAJ MEMU,MEMU,MEMU,Daily,PNBE,PATNA JN,JAJ,JHAJHA,177,05:15,38
63213,PNBE-ARA MEMU,MEMU,MEMU,Daily,PNBE,PATNA JN,ARA,ARA,49,02:10,14
63214,ARA-PNBE MEMU,MEMU,MEMU,Daily,ARA,ARA,PNBE,PATNA JN,49,01:40,14
63215,SPJ-MFP MEMU,MEMU,MEMU,Daily,SPJ,SAMASTIPUR JN,MFP,MUZAFFARPUR JN,52,01:40,9
63216,MFP-SPJ MEMU,MEMU,MEMU,Daily,MFP,MUZAFFARPUR JN,SPJ,SAMASTIPUR JN,52,01:40,10
63217,BJU-DNR MEMU,MEMU,MEMU,Daily,BJU,BARAUNI JN,DNR,DANAPUR,117,05:00,39
63218,DNR-BJU MEMU,MEMU,MEMU,Daily,DNR,DANAPUR,BJU,BARAUNI JN,117,06:00,38
63219,DNR-BXR MEMU,MEMU,MEMU,Daily,DNR,DANAPUR,BXR,BUXAR,108,04:40,26
63220,BXR-PNBE MEMU,MEMU,MEMU,Daily,BXR,BUXAR,PNBE,PATNA JN,118,05:10,29
63221,MKA-PNBE MEMU,MEMU,MEMU,Daily,MKA,MOKAMA,PNBE,PATNA JN,89,02:15,13
63222,PNBE-MKA MEMU,MEMU,MEMU,Daily,PNBE,PATNA JN,MKA,MOKAMA,89,02:10,13
63223,PNBE-ARA MEMU,MEMU,MEMU,Daily,PNBE,PATNA JN,ARA,ARA,49,01:45,10
63224,ARA-PNBE MEMU,MEMU,MEMU,Daily,ARA,ARA,PNBE,PATNA JN,49,02:10,10
63225,PNBE-DDU MEMU,MEMU,MEMU,Daily,PNBE,PATNA JN,DDU,PT.DEEN DAYAL UPADHYAYA JN.,208,08:00,37
63226,BSB-PNBE MEMU,MEMU,MEMU,Daily,BSB,VARANASI,PNBE,PATNA JN,226,09:15,43
63229,ARA-BNRS MEMU,MEMU,MEMU,Daily,ARA,ARA,BNRS,BANARAS,180,06:00,23
63230,BNRS-ARA MEMU,MEMU,MEMU,Daily,BNRS,BANARAS,ARA,ARA,180,07:30,23
63231,PNBE-DDU MEMU,MEMU,MEMU,Daily,PNBE,PATNA JN,DDU,PT.DEEN DAYAL UPADHYAYA JN.,208,08:35,36
63232,BXR-PNBE MEMU,MEMU,MEMU,Daily,BXR,BUXAR,PNBE,PATNA JN,118,04:30,24
63233,PNBE-BSB MEMU,MEMU,MEMU,Daily,PNBE,PATNA JN,BSB,VARANASI,226,07:35,40
63234,DDU-PNBE MEMU,MEMU,MEMU,Daily,DDU,PT.DEEN DAYAL UPADHYAYA JN.,PNBE,PATNA JN,208,08:20,39
63235,BXR-DDU MEMU,MEMU,MEMU,Daily,BXR,BUXAR,DDU,PT.DEEN DAYAL UPADHYAYA JN.,90,03:15,17
63237,DDU-SFG MEMU,MEMU,MEMU,Daily,DDU,PT.DEEN DAYAL UPADHYAYA JN.,SFG,SUBEDARGANJ,157,05:30,21
63238,SFG-DDU MEMU,MEMU,MEMU,Daily,SFG,SUBEDARGANJ,DDU,PT.DEEN DAYAL UPADHYAYA JN.,157,05:45,21
63240,DDU-BXR MEMU,MEMU,MEMU,Daily,DDU,PT.DEEN DAYAL UPADHYAYA JN.,BXR,BUXAR,90,03:35,17
63241,PNBE-GAYA MEMU,MEMU,MEMU,Daily,PNBE,PATNA JN,GAYA,GAYA JN,92,03:40,28
63242,GAYA-PNBE MEMU,MEMU,MEMU,Daily,GAYA,GAYA JN,PNBE,PATNA JN,92,02:45,17
63243,PNBE-GAYA MEMU,MEMU,MEMU,Daily,PNBE,PATNA JN,GAYA,GAYA JN,92,03:00,30
63244,GAYA-PNBE MEMU,MEMU,MEMU,Daily,GAYA,GAYA JN,PNBE,PATNA JN,92,02:50,31
63245,PNBE-GAYA MEMU,MEMU,MEMU,Daily,PNBE,PATNA JN,GAYA,GAYA JN,92,03:00,22
63246,GAYA-PNBE MEMU,MEMU,MEMU,Daily,GAYA,GAYA JN,PNBE,PATNA JN,92,02:45,23
63247,PNBE-GAYA MEMU,MEMU,MEMU,Daily,PNBE,PATNA JN,GAYA,GAYA JN,92,02:45,19
63248,GAYA-PNBE MEMU,MEMU,MEMU,Daily,GAYA,GAYA JN,PNBE,PATNA JN,92,03:25,30
63249,PNBE-GAYA MEMU,MEMU,MEMU,Daily,PNBE,PATNA JN,GAYA,GAYA JN,92,03:00,19
63250,GAYA-PNBE MEMU,MEMU,MEMU,Daily,GAYA,GAYA JN,PNBE,PATNA JN,92,02:45,19
63251,PNBE-GAYA MEMU,MEMU,MEMU,Daily,PNBE,PATNA JN,GAYA,GAYA JN,92,03:00,25
63252,GAYA-PNBE MEMU,MEMU,MEMU,Daily,GAYA,GAYA JN,PNBE,PATNA JN,92,02:55,23
63253,PNBE-GAYA MEMU,MEMU,MEMU,Daily,PNBE,PATNA JN,GAYA,GAYA JN,92,03:15,23
63254,GAYA-PNBE MEMU,MEMU,MEMU,Daily,GAYA,GAYA JN,PNBE,PATNA JN,92,02:45,27
63255,PNBE-GAYA MEMU,MEMU,MEMU,Daily,PNBE,PATNA JN,GAYA,GAYA JN,92,02:45,22
63256,GAYA-PNBE MEMU,MEMU,MEMU,Daily,GAYA,GAYA JN,PNBE,PATNA JN,92,02:40,16
63258,GAYA-PNBE MEMU,MEMU,MEMU,Daily,GAYA,GAYA JN,PNBE,PATNA JN,92,02:50,62
63259,PNBE-GAYA MEMU,MEMU,MEMU,Daily,PNBE,PATNA JN,GAYA,GAYA JN,92,03:15,31
63263,PNBE-BXR MEMU,MEMU,MEMU,Daily,PNBE,PATNA JN,BXR,BUXAR,118,04:35,26
63264,DDU-PNBE MEMU,MEMU,MEMU,Daily,DDU,PT.DEEN DAYAL UPADHYAYA JN.,PNBE,PATNA JN,208,09:35,43
63265,DBG-PPTA MEMU,MEMU,MEMU,Daily,DBG,DARBHANGA JN,PPTA,PATLIPUTRA,206,07:40,39
63266,PPTA-DBG MEMU,MEMU,MEMU,Daily,PPTA,PATLIPUTRA,DBG,DARBHANGA JN,206,07:25,39
63267,MFP-PPTA MEMU,MEMU,MEMU,Daily,MFP,MUZAFFARPUR JN,PPTA,PATLIPUTRA,74,02:25,15
63268,PPTA-MFP MEMU,MEMU,MEMU,Daily,PPTA,PATLIPUTRA,MFP,MUZAFFARPUR JN,74,02:55,15
63269,SPJ-MFP MEMU,MEMU,MEMU,Daily,SPJ,SAMASTIPUR JN,MFP,MUZAFFARPUR JN,52,01:27,10
63270,MFP-SPJ MEMU,MEMU,MEMU,Daily,MFP,MUZAFFARPUR JN,SPJ,SAMASTIPUR JN,52,01:25,9
63271,MKA-PNBE MEMU,MEMU,MEMU,Daily,MKA,MOKAMA,PNBE,PATNA JN,89,04:05,27
63272,PNBE-MKA MEMU,MEMU,MEMU,Daily,PNBE,PATNA JN,MKA,MOKAMA,89,04:35,22
63273,RGD-PNBE MEMU FAST PASS,MEMU,MEMU,Daily,RGD,RAJGIR,PNBE,PATNA JN,96,02:15,11
63274,PNBE-RGD MEMU FAST PASS ,MEMU,MEMU,Daily,PNBE,PATNA JN,RGD,RAJGIR,96,02:35,11
63275,KIUL-PNBE MEMU FAST PASS,MEMU,MEMU,Daily,KIUL,KIUL JN,PNBE,PATNA JN,123,03:55,23
63276,PNBE-KIUL MEMU FAST PASS,MEMU,MEMU,Daily,PNBE,PATNA JN,KIUL,KIUL JN,123,04:15,23
63280,PNBE-BJU MEMU,MEMU,MEMU,Daily,PNBE,PATNA JN,BJU,BARAUNI JN,121,06:00,27
63281,PPTA-PNBE MEMU,MEMU,MEMU,Daily,PPTA,PATLIPUTRA,PNBE,PATNA JN,13,01:10,4
63282,PNBE-PPTA MEMU,MEMU,MEMU,Daily,PNBE,PATNA JN,PPTA,PATLIPUTRA,13,00:50,4
63283,BJU-PNBE MEMU,MEMU,MEMU,Daily,BJU,BARAUNI JN,PNBE,PATNA JN,121,04:35,26
63284,PNBE-BJU MEMU,MEMU,MEMU,Daily,PNBE,PATNA JN,BJU,BARAUNI JN,121,04:55,26
63285,BJU-PNBE MEMU,MEMU,MEMU,Daily,BJU,BARAUNI JN,PNBE,PATNA JN,121,05:20,27
63287,BJU-PPTA MEMU,MEMU,MEMU,Daily,BJU,BARAUNI JN,PPTA,PATLIPUTRA,108,03:45,27
63288,PPTA-BJU MEMU,MEMU,MEMU,Daily,PPTA,PATLIPUTRA,BJU,BARAUNI JN,108,03:55,24
63289,GAYA-DOS MEMU,MEMU,MEMU,Daily,GAYA,GAYA JN,DOS,DEHRI ON SONE,85,03:05,15
63290,DOS-GAYA MEMU,MEMU,MEMU,Daily,DOS,DEHRI ON SONE,GAYA,GAYA JN,85,01:50,15
63291,GAYA-DOS MEMU,MEMU,MEMU,Daily,GAYA,GAYA JN,DOS,DEHRI ON SONE,85,02:10,15
63292,DOS-GAYA MEMU,MEMU,MEMU,Daily,DOS,DEHRI ON SONE,GAYA,GAYA JN,85,02:35,15
63293,DOS-DDU MEMU,MEMU,MEMU,Daily,DOS,DEHRI ON SONE,DDU,PT.DEEN DAYAL UPADHYAYA JN.,119,03:10,18
63294,DDU-DOS MEMU,MEMU,MEMU,Daily,DDU,PT.DEEN DAYAL UPADHYAYA JN.,DOS,DEHRI ON SONE,119,02:50,18
63295,GAYA-DDU MEMU,MEMU,MEMU,Daily,GAYA,GAYA JN,DDU,PT.DEEN DAYAL UPADHYAYA JN.,204,05:20,29
63296,DDU-GAYA MEMU,MEMU,MEMU,Daily,DDU,PT.DEEN DAYAL UPADHYAYA JN.,GAYA,GAYA JN,204,05:50,29
63297,DGHR-JAJ MEMU,MEMU,MEMU,Daily,DGHR,DEOGHAR,JAJ,JHAJHA,50,01:25,9
63298,JAJ-DGHR MEMU,MEMU,MEMU,Daily,JAJ,JHAJHA,DGHR,DEOGHAR,50,01:30,9
63301,KIR-BJU MEMU,MEMU,MEMU,Daily,KIR,KATIHAR JN,BJU,BARAUNI JN,179,05:35,25
63302,BJU-KIR MEMU,MEMU,MEMU,Daily,BJU,BARAUNI JN,KIR,KATIHAR JN,179,05:05,28
63303,KIR-SPJ MEMU,MEMU,MEMU,Daily,KIR,KATIHAR JN,SPJ,SAMASTIPUR JN,230,07:45,37
63304,SPJ- KIR MEMU,MEMU,MEMU,Daily,SPJ,SAMASTIPUR JN,KIR,KATIHAR JN,230,09:45,37
63305,KIR-SEE MEMU,MEMU,MEMU,Daily,KIR,KATIHAR JN,SEE,SONPUR JN,273,10:35,47
63306,SEE-KIR MEMU,MEMU,MEMU,Daily,SEE,SONPUR JN,KIR,KATIHAR JN,273,10:00,47
63307,KIR-SPJ MEMU,MEMU,MEMU,Daily,KIR,KATIHAR JN,SPJ,SAMASTIPUR JN,230,07:30,34
63308,SPJ-KIR MEMU,MEMU,MEMU,Daily,SPJ,SAMASTIPUR JN,KIR,KATIHAR JN,230,08:50,35
63309,MFP-NKE MEMU,MEMU,MEMU,Daily,MFP,MUZAFFARPUR JN,NKE,NARKATIAGANJ JN,159,05:00,29
63311,MFP-RXL MEMU,MEMU,MEMU,Daily,MFP,MUZAFFARPUR JN,RXL,RAXAUL JN,130,04:35,22
63312,RXL-MFP MEMU,MEMU,MEMU,Daily,RXL,RAXAUL JN,MFP,MUZAFFARPUR JN,130,05:18,24
63313,MFP-RXL-STF MEMU,MEMU,MEMU,Daily,MFP,MUZAFFARPUR JN,STF,SIKTA,147,05:15,25
63314,STF-RXL-MFP MEMU,MEMU,MEMU,Daily,STF,SIKTA,MFP,MUZAFFARPUR JN,147,05:35,26
63315,JAJ-GAYA MEMU,MEMU,MEMU,Daily,JAJ,JHAJHA,GAYA,GAYA JN,183,06:35,39
63316,GAYA-JAJ MEMU,MEMU,MEMU,Daily,GAYA,GAYA JN,JAJ,JHAJHA,183,06:45,43
63317,ARA-BBU MEMU,MEMU,MEMU,Daily,ARA,ARA,BBU,BHABUA ROAD,145,04:40,21
63318,BBU-ARA MEMU,MEMU,MEMU,Daily,BBU,BHABUA ROAD,ARA,ARA,145,04:05,21
63319,ARA-SSM MEMU,MEMU,MEMU,Daily,ARA,ARA,SSM,SASARAM,97,03:20,13
63320,SSM-ARA MEMU,MEMU,MEMU,Daily,SSM,SASARAM,ARA,ARA,97,02:55,13
63321,KIUL-GAYA MEMU,MEMU,MEMU,Daily,KIUL,KIUL JN,GAYA,GAYA JN,129,04:35,30
63322,GAYA-KIUL MEMU,MEMU,MEMU,Daily,GAYA,GAYA JN,KIUL,KIUL JN,129,04:25,29
63323,KIUL-GAYA MEMU,MEMU,MEMU,Daily,KIUL,KIUL JN,GAYA,GAYA JN,129,04:15,22
63324,GAYA-KIUL MEMU,MEMU,MEMU,Daily,GAYA,GAYA JN,KIUL,KIUL JN,129,04:10,22
63325,IPR-PNBE MEMU,MEMU,MEMU,Daily,IPR,ISLAMPUR,PNBE,PATNA JN,63,02:55,23
63326,PNBE-IPR MEMU,MEMU,MEMU,Daily,PNBE,PATNA JN,IPR,ISLAMPUR,63,03:15,23
63327,IPR-PNBE MEMU,MEMU,MEMU,Daily,IPR,ISLAMPUR,PNBE,PATNA JN,63,03:20,20
63328,PNBE-IPR MEMU,MEMU,MEMU,Daily,PNBE,PATNA JN,IPR,ISLAMPUR,63,02:50,20
63329,PPTA-GAYA MEMU,MEMU,MEMU,Daily,PPTA,PATLIPUTRA,GAYA,GAYA JN,104,04:00,10
63330,GAYA-PPTA MEMU,MEMU,MEMU,Daily,GAYA,GAYA JN,PPTA,PATLIPUTRA,104,04:25,10
63331,KIUL-MKA MEMU,MEMU,MEMU,Daily,KIUL,KIUL JN,MKA,MOKAMA,34,01:30,12
63332,MKA-KIUL MEMU,MEMU,MEMU,Daily,MKA,MOKAMA,KIUL,KIUL JN,34,02:00,12
63333,PPTA-BUI MEMU,MEMU,MEMU,Daily,PPTA,PATLIPUTRA,BUI,BALLIA,129,04:30,22
63334,BUI-PPTA MEMU,MEMU,MEMU,Daily,BUI,BALLIA,PPTA,PATLIPUTRA,129,04:55,22
63338,NKE-MFP MEMU,MEMU,MEMU,Daily,NKE,NARKATIAGANJ JN,MFP,MUZAFFARPUR JN,159,04:10,22
63339,RGD-DNR MEMU,MEMU,MEMU,Daily,RGD,RAJGIR,DNR,DANAPUR,106,04:25,36
63340,DNR-RGD MEMU,MEMU,MEMU,Daily,DNR,DANAPUR,RGD,RAJGIR,106,04:30,35
63341,MFP-NKE MEMU,MEMU,MEMU,Daily,MFP,MUZAFFARPUR JN,NKE,NARKATIAGANJ JN,159,05:35,29
63342,NKE-MFP MEMU,MEMU,MEMU,Daily,NKE,NARKATIAGANJ JN,MFP,MUZAFFARPUR JN,159,06:20,29
63343,SHC-SPJ MEMU,MEMU,MEMU,Daily,SHC,SAHARSA JN,SPJ,SAMASTIPUR JN,139,04:50,27
63344,SPJ-SHC MEMU,MEMU,MEMU,Daily,SPJ,SAMASTIPUR JN,SHC,SAHARSA JN,139,06:35,27
63345,SHC - SPJ MEMU,MEMU,MEMU,Daily,SHC,SAHARSA JN,SPJ,SAMASTIPUR JN,139,05:00,25
63346,SPJ - SHC MEMU,MEMU,MEMU,Daily,SPJ,SAMASTIPUR JN,SHC,SAHARSA JN,139,06:20,25
63347,SHC-SPJ MEMU,MEMU,MEMU,Daily,SHC,SAHARSA JN,SPJ,SAMASTIPUR JN,139,04:45,27
63348,SPJ-SHC MEMU,MEMU,MEMU,Daily,SPJ,SAMASTIPUR JN,SHC,SAHARSA JN,139,06:10,26
63349,SHC-SPJ MEMU,MEMU,MEMU,Daily,SHC,SAHARSA JN,SPJ,SAMASTIPUR JN,139,04:45,26
63350,SPJ-SHC MEMU,MEMU,MEMU,Daily,SPJ,SAMASTIPUR JN,SHC,SAHARSA JN,139,04:55,26
63355,KIUL-GAYA MEMU,MEMU,MEMU,Daily,KIUL,KIUL JN,GAYA,GAYA JN,129,04:30,26
63356,GAYA-KIUL MEMU,MEMU,MEMU,Daily,GAYA,GAYA JN,KIUL,KIUL JN,129,04:30,24
63359,SHC-DMH MEMU,MEMU,MEMU,Daily,SHC,SAHARSA JN,DMH,DAURAM MADHPURA,22,00:40,5
63360,DMH-SHC MEMU,MEMU,MEMU,Daily,DMH,DAURAM MADHPURA,SHC,SAHARSA JN,22,00:48,5
63361,GAH-NKE MEMU ,MEMU,MEMU,Daily,GAH,GAWNAHA,NKE,NARKATIAGANJ JN,23,01:00,4
63362,NKE-GAH MEMU ,MEMU,MEMU,Daily,NKE,NARKATIAGANJ JN,GAH,GAWNAHA,23,01:00,4
63363,RGD-BKP MEMU,MEMU,MEMU,"Mon,Tue,Wed,Thu,Fri,Sat",RGD,RAJGIR,BKP,BAKHTIYARPUR JN,51,01:55,11
63364,BKP-RGD MEMU,MEMU,MEMU,"Mon,Tue,Wed,Thu,Fri,Sat",BKP,BAKHTIYARPUR JN,RGD,RAJGIR,51,01:50,11
63365,RGD-BKP MEMU,MEMU,MEMU,"Mon,Tue,Wed,Thu,Fri,Sat",RGD,RAJGIR,BKP,BAKHTIYARPUR JN,51,02:25,11
63366,BKP-RGD MEMU,MEMU,MEMU,"Mon,Tue,Wed,Thu,Fri,Sat",BKP,BAKHTIYARPUR JN,RGD,RAJGIR,51,01:55,11
63367,BKP-GAYA MEMU,MEMU,MEMU,"Mon,Tue,Wed,Thu,Fri,Sat",BKP,BAKHTIYARPUR JN,GAYA,GAYA JN,138,06:35,39
63368,GAYA-BKP MEMU,MEMU,MEMU,"Mon,Tue,Wed,Thu,Fri,Sat",GAYA,GAYA JN,BKP,BAKHTIYARPUR JN,138,06:20,39
63369,ARA-SSM MEMU,MEMU,MEMU,"Mon,Tue,Wed,Thu,Fri,Sat",ARA,ARA,SSM,SASARAM,97,02:45,15
63370,SSM-ARA MEMU,MEMU,MEMU,"Mon,Tue,Wed,Thu,Fri,Sat",SSM,SASARAM,ARA,ARA,97,02:40,15
63371,ARA-SSM MEMU,MEMU,MEMU,"Mon,Tue,Wed,Thu,Fri,Sat",ARA,ARA,SSM,SASARAM,97,02:50,15
63372,SSM-ARA MEMU,MEMU,MEMU,"Mon,Tue,Wed,Thu,Fri,Sat",SSM,SASARAM,ARA,ARA,97,02:45,15
63373,DBG-RXL-NKE MEMU,MEMU,MEMU,Daily,DBG,DARBHANGA JN,NKE,NARKATIAGANJ JN,194,07:10,36
63374,NKE-RXL-DBG MEMU,MEMU,MEMU,Daily,NKE,NARKATIAGANJ JN,DBG,DARBHANGA JN,194,06:10,36
63375,SHC-SOU MEMU,MEMU,MEMU,Daily,SHC,SAHARSA JN,SOU,SUPAUL,27,00:45,4
63376,SOU-SHC MEMU,MEMU,MEMU,Daily,SOU,SUPAUL,SHC,SAHARSA JN,27,00:50,4
63377,LSI-SHC MEMU,MEMU,MEMU,Daily,LSI,LAHERIA SARAI,SHC,SAHARSA JN,151,05:40,32
63378,SHC-LSI MEMU,MEMU,MEMU,Daily,SHC,SAHARSA JN,LSI,LAHERIA SARAI,152,06:20,32
63379,LSI-SHC MEMU,MEMU,MEMU,Daily,LSI,LAHERIA SARAI,SHC,SAHARSA JN,151,05:25,32
63380,SHC-LSI MEMU,MEMU,MEMU,Daily,SHC,SAHARSA JN,LSI,LAHERIA SARAI,152,05:00,32
63381,LSI-SHC MEMU,MEMU,MEMU,Daily,LSI,LAHERIA SARAI,SHC,SAHARSA JN,151,05:30,32
63382,SHC-LSI MEMU,MEMU,MEMU,Daily,SHC,SAHARSA JN,LSI,LAHERIA SARAI,152,05:45,32
63383,VSHI-KQR MEMU FAST PASS,MEMU,MEMU,"Tue,Wed,Thu,Fri,Sat,Sun",VSHI,VAISHALI,KQR,KODERMA,328,10:00,15
63384,KQR-VSHI MEMU FAST PASS,MEMU,MEMU,"Tue,Wed,Thu,Fri,Sat,Sun",KQR,KODERMA,VSHI,VAISHALI,328,10:00,15
63385,KIUL-GAYA MEMU PASSENGER,MEMU,MEMU,Daily,KIUL,KIUL JN,GAYA,GAYA JN,129,04:20,21
63386,GAYA-KIUL MEMU PASSENGER,MEMU,MEMU,Daily,GAYA,GAYA JN,KIUL,KIUL JN,129,04:45,23
63387,JMP-GAYA MEMU PASSENGER,MEMU,MEMU,Daily,JMP,JAMALPUR JN,GAYA,GAYA JN,174,05:35,21
63388,GAYA-JMP MEMU PASSENGER,MEMU,MEMU,Daily,GAYA,GAYA JN,JMP,JAMALPUR JN,174,06:30,21
63389,PNBE-NWD MEMU,MEMU,MEMU,"Mon,Tue,Wed,Thu,Fri,Sat",PNBE,PATNA JN,NWD,NAWADAH,162,04:45,23
63390,NWD-PNBE MEMU,MEMU,MEMU,"Mon,Tue,Wed,Thu,Fri,Sat",NWD,NAWADAH,PNBE,PATNA JN,162,04:20,23
63391,IPR-PNBE MEMU,MEMU,MEMU,"Mon,Tue,Wed,Thu,Fri,Sat",IPR,ISLAMPUR,PNBE,PATNA JN,71,03:55,21
63392,PNBE-IPR MEMU,MEMU,MEMU,"Mon,Tue,Wed,Thu,Fri,Sat",PNBE,PATNA JN,IPR,ISLAMPUR,71,02:30,21
63393,PNBE-GAYA MEMU,MEMU,MEMU,Daily,PNBE,PATNA JN,GAYA,GAYA JN,92,02:35,6
63394,GAYA-PNBE MEMU,MEMU,MEMU,Daily,GAYA,GAYA JN,PNBE,PATNA JN,92,02:55,22
63395,PNBE-GAYA MEMU,MEMU,MEMU,Daily,PNBE,PATNA JN,GAYA,GAYA JN,92,03:50,31
63396,GAYA-PNBE MEMU,MEMU,MEMU,Daily,GAYA,GAYA JN,PNBE,PATNA JN,92,03:10,31
63397,JMP-SHC MEMU,MEMU,MEMU,Daily,JMP,JAMALPUR JN,SHC,SAHARSA JN,80,03:15,15
63398,SHC-JMP MEMU,MEMU,MEMU,Daily,SHC,SAHARSA JN,JMP,JAMALPUR JN,80,02:50,15
63401,SBG-MLDT MEMU PGR,MEMU,MEMU,Daily,SBG,SAHIBGANJ JN,MLDT,MALDA TOWN,104,03:10,19
63402,MLDT-SBG MEMU PGR,MEMU,MEMU,Daily,MLDT,MALDA TOWN,SBG,SAHIBGANJ JN,104,03:05,19
63405,RPH-SBG MEMU PASSENGER,MEMU,MEMU,Daily,RPH,RAMPUR HAT,SBG,SAHIBGANJ JN,137,03:15,22
63406,SBG-RPH MEMU PASSENGER,MEMU,MEMU,Daily,SBG,SAHIBGANJ JN,RPH,RAMPUR HAT,137,03:55,22
63411,SBG-BGP MEMU PGR,MEMU,MEMU,Daily,SBG,SAHIBGANJ JN,BGP,BHAGALPUR,75,01:55,14
63412,BGP-SBG MEMU PGR,MEMU,MEMU,Daily,BGP,BHAGALPUR,SBG,SAHIBGANJ JN,75,01:55,14
63421,AZ-SBG MEMU PASSENGER,MEMU,MEMU,Daily,AZ,AZIMGANJ JN,SBG,SAHIBGANJ JN,146,04:05,25
63422,SBG-AZ MEMU PASSENGER,MEMU,MEMU,Daily,SBG,SAHIBGANJ JN,AZ,AZIMGANJ JN,146,04:05,26
63423,JMP-KIUL MEMU PGR,MEMU,MEMU,Daily,JMP,JAMALPUR JN,KIUL,KIUL JN,45,01:50,13
63424,KIUL-JMP MEMU PGR,MEMU,MEMU,Daily,KIUL,KIUL JN,JMP,JAMALPUR JN,45,01:30,13
63431,SBG-JMP MEMU PGR ,MEMU,MEMU,Daily,SBG,SAHIBGANJ JN,JMP,JAMALPUR JN,128,04:30,31
63432,JMP-SBG MEMU PGR,MEMU,MEMU,Daily,JMP,JAMALPUR JN,SBG,SAHIBGANJ JN,128,05:03,31
63433,AZ-RPH MEMU PASSENGER,MEMU,MEMU,Daily,AZ,AZIMGANJ JN,RPH,RAMPUR HAT,59,01:50,11
63434,RPH-AZ MEMU PASSENGER,MEMU,MEMU,Daily,RPH,RAMPUR HAT,AZ,AZIMGANJ JN,59,01:50,11
63501,HWH-BWN MEMU,MEMU,MEMU,Daily,HWH,HOWRAH JN,BWN,BARDHAMAN,107,01:50,3
63502,BWN-HWH MEMU,MEMU,MEMU,Daily,BWN,BARDHAMAN,HWH,HOWRAH JN,107,02:17,34
63505,BWN-ASN MEMU,MEMU,MEMU,Daily,BWN,BARDHAMAN,ASN,ASANSOL JN.,104,02:20,14
63506,ASN-BWN MEMU,MEMU,MEMU,Daily,ASN,ASANSOL JN.,BWN,BARDHAMAN,104,02:10,14
63507,BWN-ASN MEMU,MEMU,MEMU,Daily,BWN,BARDHAMAN,ASN,ASANSOL JN.,104,02:10,15
63508,ASN-BWN MEMU,MEMU,MEMU,Daily,ASN,ASANSOL JN.,BWN,BARDHAMAN,104,02:10,14
63509,BWN-JAJ MEMU,MEMU,MEMU,Daily,BWN,BARDHAMAN,JAJ,JHAJHA,260,05:45,35
63510,JAJ-ASN-BWN MEMU PGR,MEMU,MEMU,Daily,JAJ,JHAJHA,BWN,BARDHAMAN,260,05:45,36
63511,BWN-ASN MEMU,MEMU,MEMU,Daily,BWN,BARDHAMAN,ASN,ASANSOL JN.,104,02:15,15
63512,ASN-BWN MEMU,MEMU,MEMU,Daily,ASN,ASANSOL JN.,BWN,BARDHAMAN,104,02:20,15
63513,BWN-ASN MEMU,MEMU,MEMU,Daily,BWN,BARDHAMAN,ASN,ASANSOL JN.,104,02:15,14
63514,ASN-BWN MEMU,MEMU,MEMU,Daily,ASN,ASANSOL JN.,BWN,BARDHAMAN,104,02:20,14
63515,BWN-ASN MEMU,MEMU,MEMU,Daily,BWN,BARDHAMAN,ASN,ASANSOL JN.,104,02:15,14
63516,ASN-BWN MEMU,MEMU,MEMU,Daily,ASN,ASANSOL JN.,BWN,BARDHAMAN,104,02:20,14
63517,BWN-ASN MEMU,MEMU,MEMU,Daily,BWN,BARDHAMAN,ASN,ASANSOL JN.,104,02:08,14
63518,ASN-BWN MEMU,MEMU,MEMU,Daily,ASN,ASANSOL JN.,BWN,BARDHAMAN,104,02:15,14
63519,BWN-ASN-BKSC MEMU PGR,MEMU,MEMU,Daily,BWN,BARDHAMAN,BKSC,BOKARO STEEL CITY,298,09:18,44
63520,BKSC-ASN-BWN MEMU PGR,MEMU,MEMU,Daily,BKSC,BOKARO STEEL CITY,BWN,BARDHAMAN,299,07:50,41
63521,BWN-ASN MEMU,MEMU,MEMU,Daily,BWN,BARDHAMAN,ASN,ASANSOL JN.,104,02:15,14
63522,ASN-BWN MEMU,MEMU,MEMU,Daily,ASN,ASANSOL JN.,BWN,BARDHAMAN,104,02:10,15
63523,BWN-ASN MEMU,MEMU,MEMU,Daily,BWN,BARDHAMAN,ASN,ASANSOL JN.,104,02:30,14
63524,ASN-BWN MEMU,MEMU,MEMU,Daily,ASN,ASANSOL JN.,BWN,BARDHAMAN,104,02:10,14
63525,BWN-ASN MEMU,MEMU,MEMU,Daily,BWN,BARDHAMAN,ASN,ASANSOL JN.,104,02:35,15
63526,ASN-BWN MEMU,MEMU,MEMU,Daily,ASN,ASANSOL JN.,BWN,BARDHAMAN,104,02:10,14
63527,DGR-ASN MEMU,MEMU,MEMU,Daily,DGR,DURGAPUR,ASN,ASANSOL JN.,42,01:00,6
63528,ASN-DGR MEMU,MEMU,MEMU,Daily,ASN,ASANSOL JN.,DGR,DURGAPUR,42,01:00,6
63529,UDL-RPH MEMU,MEMU,MEMU,Daily,UDL,ANDAL JN.,RPH,RAMPUR HAT,107,02:20,18
63530,RPH-UDL MEMU,MEMU,MEMU,Daily,RPH,RAMPUR HAT,UDL,ANDAL JN.,107,02:30,17
63531,UDL-SNT MEMU,MEMU,MEMU,Daily,UDL,ANDAL JN.,SNT,SAINTHIA,79,01:50,14
63532,SNT-UDL MEMU,MEMU,MEMU,Daily,SNT,SAINTHIA,UDL,ANDAL JN.,79,01:45,14
63533,UDL-SNT MEMU,MEMU,MEMU,Daily,UDL,ANDAL JN.,SNT,SAINTHIA,79,01:50,14
63534,SNT-UDL MEMU,MEMU,MEMU,Daily,SNT,SAINTHIA,UDL,ANDAL JN.,79,01:50,14
63535,UDL-SNT MEMU,MEMU,MEMU,Daily,UDL,ANDAL JN.,SNT,SAINTHIA,79,01:50,13
63536,SNT-UDL MEMU,MEMU,MEMU,Daily,SNT,SAINTHIA,UDL,ANDAL JN.,79,01:50,14
63537,UDL-SNT MEMU,MEMU,MEMU,Daily,UDL,ANDAL JN.,SNT,SAINTHIA,79,01:50,14
63538,SNT-UDL MEMU,MEMU,MEMU,Daily,SNT,SAINTHIA,UDL,ANDAL JN.,79,01:50,14
63541,ASN-GMO MEMU,MEMU,MEMU,Daily,ASN,ASANSOL JN.,GMO,NSC BOSE J GOMO,87,02:05,18
63542,GMO-ASN MEMU,MEMU,MEMU,Daily,GMO,NSC BOSE J GOMO,ASN,ASANSOL JN.,87,02:25,19
63543,ASN-GMO MEMU,MEMU,MEMU,Daily,ASN,ASANSOL JN.,GMO,NSC BOSE J GOMO,87,02:15,18
63544,GMO-ASN MEMU,MEMU,MEMU,Daily,GMO,NSC BOSE J GOMO,ASN,ASANSOL JN.,87,02:40,17
63545,UDL-JSME MEMU PGR,MEMU,MEMU,"Mon,Tue,Wed,Thu,Fri,Sun",UDL,ANDAL JN.,JSME,JASIDIH JN.,131,03:55,22
63546,JSME-UDL MEMU PGR,MEMU,MEMU,"Mon,Tue,Wed,Thu,Fri,Sun",JSME,JASIDIH JN.,UDL,ANDAL JN.,131,04:15,22
63547,JSME-BAKA MEMU PASS,MEMU,MEMU,"Mon,Tue,Wed,Thu,Fri,Sun",JSME,JASIDIH JN.,BAKA,BANKA,61,01:40,9
63548,BAKA-JSME MEMU PASS,MEMU,MEMU,"Mon,Tue,Wed,Thu,Fri,Sun",BAKA,BANKA,JSME,JASIDIH JN.,61,01:40,9
63549,BWN-ASN MEMU PGR,MEMU,MEMU,Daily,BWN,BARDHAMAN,ASN,ASANSOL JN.,105,02:10,15
63550,UDL-BWN MEMU PGR ,MEMU,MEMU,Daily,UDL,ANDAL JN.,BWN,BARDHAMAN,80,01:25,12
63552,ASN UDL MEMU ,MEMU,MEMU,Daily,ASN,ASANSOL JN.,UDL,ANDAL JN.,26,00:35,3
63555,ASN-BRKA MEMU,MEMU,MEMU,Daily,ASN,ASANSOL JN.,BRKA,BARKA KANA,188,06:00,36
63556,BRKA-ASN MEMU,MEMU,MEMU,Daily,BRKA,BARKA KANA,ASN,ASANSOL JN.,188,06:20,36
63557,BRKA-BSB MEMU PGR,MEMU,MEMU,Daily,BRKA,BARKA KANA,BSB,VARANASI,454,12:40,65
63558,BSB-BRKA MEMU,MEMU,MEMU,Daily,BSB,VARANASI,BRKA,BARKA KANA,454,13:40,65
63561,ASN-JSME MEMU,MEMU,MEMU,Daily,ASN,ASANSOL JN.,JSME,JASIDIH JN.,110,02:20,17
63562,BDME-ASN MEMU,MEMU,MEMU,Daily,BDME,BAIDYANATHDHAM,ASN,ASANSOL JN.,117,02:55,16
63563,ASN-JSME MEMU,MEMU,MEMU,Daily,ASN,ASANSOL JN.,JSME,JASIDIH JN.,110,02:20,16
63564,JSME-ASN MEMU,MEMU,MEMU,Daily,JSME,JASIDIH JN.,ASN,ASANSOL JN.,110,02:35,17
63565,JSME-JAJ MEMU,MEMU,MEMU,Daily,JSME,JASIDIH JN.,JAJ,JHAJHA,44,01:05,7
63566,JAJ-JSME MEMU,MEMU,MEMU,Daily,JAJ,JHAJHA,JSME,JASIDIH JN.,44,01:00,7
63569,ASN-JSME MEMU PGR,MEMU,MEMU,Daily,ASN,ASANSOL JN.,JSME,JASIDIH JN.,110,02:35,14
63570,BDME-ASN MEMU,MEMU,MEMU,Daily,BDME,BAIDYANATHDHAM,ASN,ASANSOL JN.,117,03:05,17
63571,JSME-MKA MEMU PGR,MEMU,MEMU,Daily,JSME,JASIDIH JN.,MKA,MOKAMA,132,03:55,25
63572,MKA-JSME MEMU,MEMU,MEMU,Daily,MKA,MOKAMA,JSME,JASIDIH JN.,132,03:55,25
63573,JSME-KIUL MEMU,MEMU,MEMU,Daily,JSME,JASIDIH JN.,KIUL,KIUL JN,98,03:25,18
63574,KIUL-JSME MEMU,MEMU,MEMU,Daily,KIUL,KIUL JN,JSME,JASIDIH JN.,98,02:40,18
63581,BWN-RPH MEMU,MEMU,MEMU,Daily,BWN,BARDHAMAN,RPH,RAMPUR HAT,112,02:30,19
63582,RPH-BWN MEMU,MEMU,MEMU,Daily,RPH,RAMPUR HAT,BWN,BARDHAMAN,112,02:31,19
63583,BWN-RPH MEMU,MEMU,MEMU,Daily,BWN,BARDHAMAN,RPH,RAMPUR HAT,112,02:30,19
63584,RPH-BWN MEMU,MEMU,MEMU,Daily,RPH,RAMPUR HAT,BWN,BARDHAMAN,112,02:40,19
63591,BKSC-ASN MEMU PGR,MEMU,MEMU,"Mon,Tue,Wed,Thu,Fri,Sat",BKSC,BOKARO STEEL CITY,ASN,ASANSOL JN.,136,03:50,21
63592,ASN-BKSC MEMU PGR,MEMU,MEMU,"Mon,Tue,Wed,Thu,Fri,Sat",ASN,ASANSOL JN.,BKSC,BOKARO STEEL CITY,136,04:15,21
63593,PRR-ASN MEMU,MEMU,MEMU,Daily,PRR,PURULIA JN.,ASN,ASANSOL JN.,81,02:40,15
63594,ASN-PRR MEMU,MEMU,MEMU,Daily,ASN,ASANSOL JN.,PRR,PURULIA JN.,81,02:55,15
63597,RNC-ASN MEMU,MEMU,MEMU,Daily,RNC,RANCHI,ASN,ASANSOL JN.,196,06:10,29
63598,ASN-RNC MEMU,MEMU,MEMU,Daily,ASN,ASANSOL JN.,RNC,RANCHI,199,07:25,29
64001,DLI-PNP EMU,EMU,EMU,Daily,DLI,DELHI JN.,PNP,PANIPAT JN,88,02:05,18
64002,PNP-DLI EMU,EMU,EMU,Daily,PNP,PANIPAT JN,DLI,DELHI JN.,88,02:15,18
64012,SSB-PWL EMU,EMU,EMU,Daily,SSB,SHAKURBASTI,PWL,PALWAL,69,02:10,16
64013,PWL-SSB EMU,EMU,EMU,Daily,PWL,PALWAL,SSB,SHAKURBASTI,69,01:55,16
64015,PWL-SSB EMU,EMU,EMU,Daily,PWL,PALWAL,SSB,SHAKURBASTI,69,02:00,16
64016,SSB-MTJ EMU,EMU,EMU,Daily,SSB,SHAKURBASTI,MTJ,MATHURA JN.,152,04:45,26
64018,SSB-NDLS EMU,EMU,EMU,Daily,SSB,SHAKURBASTI,NDLS,NEW DELHI,11,00:37,6
64019,MTJ-SSB EMU,EMU,EMU,Daily,MTJ,MATHURA JN.,SSB,SHAKURBASTI,152,05:00,25
64020,SMQL-DLI MEMU,MEMU,MEMU,Daily,SMQL,SHAMLI,DLI,DELHI JN.,93,02:35,16
64021,DLI-SMQL MEMU,MEMU,MEMU,Daily,DLI,DELHI JN.,SMQL,SHAMLI,93,02:50,25
64022,SRE-DLI MEMU,MEMU,MEMU,Daily,SRE,SAHARANPUR JN.,DLI,DELHI JN.,164,04:50,32
64023,DLI-SRE MEMU,MEMU,MEMU,Daily,DLI,DELHI JN.,SRE,SAHARANPUR JN.,164,05:30,39
64024,SMQL-DLI MEMU,MEMU,MEMU,Daily,SMQL,SHAMLI,DLI,DELHI JN.,93,02:55,10
64025,DLI-SMQL MEMU,MEMU,MEMU,Daily,DLI,DELHI JN.,SMQL,SHAMLI,93,02:30,10
64026,SRE-DLI MEMU,MEMU,MEMU,Daily,SRE,SAHARANPUR JN.,DLI,DELHI JN.,164,05:40,39
64027,DLI-SRE MEMU,MEMU,MEMU,Daily,DLI,DELHI JN.,SRE,SAHARANPUR JN.,164,04:55,36
64028,SRE-DLI MEMU,MEMU,MEMU,Daily,SRE,SAHARANPUR JN.,DLI,DELHI JN.,164,05:35,38
64029,DLI-SRE MEMU,MEMU,MEMU,Daily,DLI,DELHI JN.,SRE,SAHARANPUR JN.,164,04:53,38
64031,GZB-SSB EMU,EMU,EMU,Daily,GZB,GHAZIABAD,SSB,SHAKURBASTI,37,01:30,13
64033,DLI-SMQL MEMU,MEMU,MEMU,Daily,DLI,DELHI JN.,SMQL,SHAMLI,93,02:35,10
64034,SMQL-DLI MEMU,MEMU,MEMU,Daily,SMQL,SHAMLI,DLI,DELHI JN.,93,03:10,10
64035,DSA-SMQL MEMU ,MEMU,MEMU,Daily,DSA,DELHI SHAHDARA,SMQL,SHAMLI,87,02:00,9
64036,SMQL-DSA MEMU ,MEMU,MEMU,Daily,SMQL,SHAMLI,DSA,DELHI SHAHDARA,87,02:20,9
64051,KSV-GZB EMU,EMU,EMU,Daily,KSV,KOSI KALAN,GZB,GHAZIABAD,123,03:55,22
64052,GZB-PWL EMU,EMU,EMU,Daily,GZB,GHAZIABAD,PWL,PALWAL,80,02:35,17
64053,PWL-GZB EMU,EMU,EMU,Daily,PWL,PALWAL,GZB,GHAZIABAD,83,02:40,17
64055,PWL-GZB EMU,EMU,EMU,Daily,PWL,PALWAL,GZB,GHAZIABAD,83,02:25,18
64057,PWL-GZB EMU,EMU,EMU,Daily,PWL,PALWAL,GZB,GHAZIABAD,80,02:45,17
64062,DLI-PWL EMU,EMU,EMU,Daily,DLI,DELHI JN.,PWL,PALWAL,60,02:03,13
64071,BVH-SSB EMU,EMU,EMU,Daily,BVH,BALLABGARH,SSB,SHAKURBASTI,47,01:55,14
64073,DHO-NDLS EMU,EMU,EMU,Daily,DHO,DHAULPUR,NDLS,NEW DELHI,246,06:20,26
64074,NDLS-DHO EMU,EMU,EMU,Daily,NDLS,NEW DELHI,DHO,DHAULPUR,246,06:35,26
64076,NDLS-PWL EMU,EMU,EMU,Daily,NDLS,NEW DELHI,PWL,PALWAL,57,01:20,11
64077,PWL-NDLS EMU,EMU,EMU,Daily,PWL,PALWAL,NDLS,NEW DELHI,57,01:35,11
64078,NDLS-PWL EMU,EMU,EMU,Daily,NDLS,NEW DELHI,PWL,PALWAL,57,01:25,11
64082,NDLS-KSV EMU,EMU,EMU,Daily,NDLS,NEW DELHI,KSV,KOSI KALAN,100,03:00,16
64090,SMQL-DLI MEMU,MEMU,MEMU,"Mon,Tue,Wed,Thu,Fri,Sun",SMQL,SHAMLI,DLI,DELHI JN.,93,03:55,24
64091,DLI-SMQL MEMU,MEMU,MEMU,"Mon,Tue,Wed,Thu,Fri,Sun",DLI,DELHI JN.,SMQL,SHAMLI,93,03:15,24
64092,KPKI-DLI MEMU,MEMU,MEMU,"Mon,Tue,Wed,Thu,Fri,Sun",KPKI,QASIMPUR KHERI,DLI,DELHI JN.,64,03:05,17
64093,DLI-KPKI MEMU,MEMU,MEMU,"Mon,Tue,Wed,Thu,Fri,Sun",DLI,DELHI JN.,KPKI,QASIMPUR KHERI,64,02:00,17
64095,NDLS-SSB EMU,EMU,EMU,"Mon,Tue,Wed,Thu,Fri",NDLS,NEW DELHI,SSB,SHAKURBASTI,33,01:10,18
64101,ALJN-DLI EMU,EMU,EMU,Daily,ALJN,ALIGARH JN,DLI,DELHI JN.,126,03:25,21
64102,DLI-ALJN EMU,EMU,EMU,Daily,DLI,DELHI JN.,ALJN,ALIGARH JN,126,03:15,21
64103,ALJN-DLI EMU,EMU,EMU,Daily,ALJN,ALIGARH JN,DLI,DELHI JN.,126,03:10,21
64104,DLI-DKDE EMU,EMU,EMU,Daily,DLI,DELHI JN.,DKDE,DANKAUR,54,01:30,10
64105,ALJN-NDLS EMU,EMU,EMU,Daily,ALJN,ALIGARH JN,NDLS,NEW DELHI,132,03:15,24
64106,DLI-KRJ EMU,EMU,EMU,Daily,DLI,DELHI JN.,KRJ,KHURJA JN,83,02:05,15
64107,DKDE-DLI EMU,EMU,EMU,Daily,DKDE,DANKAUR,DLI,DELHI JN.,54,01:35,10
64108,DLI-KRJ EMU ,EMU,EMU,Daily,DLI,DELHI JN.,KRJ,KHURJA JN,83,03:20,15
64109,DKDE-SSB EMU,EMU,EMU,Daily,DKDE,DANKAUR,SSB,SHAKURBASTI,71,02:40,18
64110,NDLS-ALJN EMU,EMU,EMU,Daily,NDLS,NEW DELHI,ALJN,ALIGARH JN,132,02:55,24
64111,KRJ-SSB EMU,EMU,EMU,Daily,KRJ,KHURJA JN,SSB,SHAKURBASTI,93,03:10,19
64112,SSB-DKDE EMU,EMU,EMU,Daily,SSB,SHAKURBASTI,DKDE,DANKAUR,65,02:30,14
64113,KRJ-GZB EMU,EMU,EMU,Daily,KRJ,KHURJA JN,GZB,GHAZIABAD,63,01:35,11
64114,NDLS-ALJN EMU,EMU,EMU,Daily,NDLS,NEW DELHI,ALJN,ALIGARH JN,132,03:05,24
64151,ALJN-DLI MEMU,MEMU,MEMU,Daily,ALJN,ALIGARH JN,DLI,DELHI JN.,126,03:15,21
64152,DLI-ALJN MEMU,MEMU,MEMU,Daily,DLI,DELHI JN.,ALJN,ALIGARH JN,126,03:00,21
64154,ALJN-TDL MEMU,MEMU,MEMU,Daily,ALJN,ALIGARH JN,TDL,TUNDLA JN,78,01:30,11
64165,TDL-ALJN MEMU,MEMU,MEMU,Daily,TDL,TUNDLA JN,ALJN,ALIGARH JN,78,01:45,11
64167,GZB-AGA EMU,EMU,EMU,Daily,GZB,GHAZIABAD,AGA,AGRA CITY,207,06:35,26
64168,AGA-GZB EMU,EMU,EMU,Daily,AGA,AGRA CITY,GZB,GHAZIABAD,207,05:30,26
64169,PHD-ETW MEMU,MEMU,MEMU,Daily,PHD,PHAPHUND,ETW,ETAWAH JN,56,01:25,7
64170,ETW-PHD MEMU,MEMU,MEMU,Daily,ETW,ETAWAH JN,PHD,PHAPHUND,56,00:55,7
64171,CNB-BRT MEMU,MEMU,MEMU,Daily,CNB,KANPUR CENTRAL,BRT,BRAHMAVART,26,01:05,6
64172,BRT-CNB MEMU,MEMU,MEMU,Daily,BRT,BRAHMAVART,CNB,KANPUR CENTRAL,26,01:15,6
64173,CNB-BRT MEMU,MEMU,MEMU,Daily,CNB,KANPUR CENTRAL,BRT,BRAHMAVART,26,01:05,6
64174,BRT-CNB MEMU,MEMU,MEMU,Daily,BRT,BRAHMAVART,CNB,KANPUR CENTRAL,26,01:10,6
64175,ROZA-BE PASSENGER,MEMU,MEMU,Daily,ROZA,ROZA JN,BE,BAREILLY(NR),78,03:15,13
64176,BE-ROZA PASSENGER,MEMU,MEMU,Daily,BE,BAREILLY(NR),ROZA,ROZA JN,78,02:05,13
64177,BE-MB PASSENGER,MEMU,MEMU,Daily,BE,BAREILLY(NR),MB,MORADABAD,110,05:03,20
64178,MB-BE PASSENGER,MEMU,MEMU,Daily,MB,MORADABAD,BE,BAREILLY(NR),110,04:35,20
64203,LKO-CNB MEMU,MEMU,MEMU,Daily,LKO,LUCKNOW JN.,CNB,KANPUR CENTRAL,74,01:55,13
64204,CNB-LKO MEMU,MEMU,MEMU,Daily,CNB,KANPUR CENTRAL,LKO,LUCKNOW JN.,74,02:20,13
64211,LKO-CNB MEMU,MEMU,MEMU,Daily,LKO,LUCKNOW JN.,CNB,KANPUR CENTRAL,74,01:50,13
64212,CNB-LKO MEMU,MEMU,MEMU,Daily,CNB,KANPUR CENTRAL,LKO,LUCKNOW JN.,74,01:55,13
64214,CNB-LKO MEMU,MEMU,MEMU,Daily,CNB,KANPUR CENTRAL,LKO,LUCKNOW JN.,74,02:25,13
64215,AYC-LKO MEMU,MEMU,MEMU,Daily,AYC,AYODHYA CANTT,LKO,LUCKNOW JN.,127,03:25,18
64216,LKO-AYC MEMU,MEMU,MEMU,Daily,LKO,LUCKNOW JN.,AYC,AYODHYA CANTT,127,04:00,18
64217,MUR-AYC MEMU,MEMU,MEMU,Daily,MUR,MANKAPUR JN,AYC,AYODHYA CANTT,46,02:15,7
64218,AYC-MUR MEMU,MEMU,MEMU,Daily,AYC,AYODHYA CANTT,MUR,MANKAPUR JN,46,02:00,7
64219,MUR-AYC MEMU,MEMU,MEMU,Daily,MUR,MANKAPUR JN,AYC,AYODHYA CANTT,46,01:40,7
64220,AYC-MUR MEMU,MEMU,MEMU,Daily,AYC,AYODHYA CANTT,MUR,MANKAPUR JN,46,01:35,7
64221,PYGS-AYC MEMU,MEMU,MEMU,Daily,PYGS,PRAYAGRAJ SANGAM,AYC,AYODHYA CANTT,153,04:40,23
64222,AYC-PYGS MEMU,MEMU,MEMU,Daily,AYC,AYODHYA CANTT,PYGS,PRAYAGRAJ SANGAM,153,04:45,23
64223,MUR-AY MEMU,MEMU,MEMU,Daily,MUR,MANKAPUR JN,AY,AYODHYA DHAM JN,39,01:00,6
64224,AY-MUR MEMU,MEMU,MEMU,Daily,AY,AYODHYA DHAM JN,MUR,MANKAPUR JN,38,01:10,6
64255,UTR-CNB MEMU,MEMU,MEMU,Daily,UTR,UTRAHTIA,CNB,KANPUR CENTRAL,86,03:05,14
64281,SOP-UTR MEMU,MEMU,MEMU,Daily,SOP,SHIUPUR,UTR,UTRAHTIA,265,05:25,25
64282,UTR-SOP MEMU,MEMU,MEMU,Daily,UTR,UTRAHTIA,SOP,SHIUPUR,265,05:45,25
64401,GZB-DLI EMU,EMU,EMU,Daily,GZB,GHAZIABAD,DLI,DELHI JN.,20,00:45,5
64402,DLI-SBB EMU,EMU,EMU,Daily,DLI,DELHI JN.,SBB,SAHIBABAD,13,00:30,4
64404,DLI-GZB EMU,EMU,EMU,Daily,DLI,DELHI JN.,GZB,GHAZIABAD,20,00:45,5
64406,DLI-GZB EMU,EMU,EMU,Daily,DLI,DELHI JN.,GZB,GHAZIABAD,20,00:45,5
64407,GZB-DLI EMU,EMU,EMU,Daily,GZB,GHAZIABAD,DLI,DELHI JN.,20,00:45,5
64408,DLI-GZB EMU,EMU,EMU,Daily,DLI,DELHI JN.,GZB,GHAZIABAD,20,00:45,5
64409,GZB-NDLS EMU,EMU,EMU,Daily,GZB,GHAZIABAD,NDLS,NEW DELHI,23,01:10,7
64410,NDLS-GZB EMU,EMU,EMU,Daily,NDLS,NEW DELHI,GZB,GHAZIABAD,26,00:50,8
64411,SBB-DLI EMU,EMU,EMU,Daily,SBB,SAHIBABAD,DLI,DELHI JN.,22,01:10,8
64412,DLI-GZB EMU,EMU,EMU,Daily,DLI,DELHI JN.,GZB,GHAZIABAD,20,00:50,5
64414,DLI-GZB EMU,EMU,EMU,Daily,DLI,DELHI JN.,GZB,GHAZIABAD,20,00:45,5
64415,GZB-NDLS EMU,EMU,EMU,Daily,GZB,GHAZIABAD,NDLS,NEW DELHI,26,00:45,6
64417,GZB-DLI MEMU,MEMU,MEMU,Daily,GZB,GHAZIABAD,DLI,DELHI JN.,29,01:25,10
64418,DLI-GZB MEMU,MEMU,MEMU,Daily,DLI,DELHI JN.,GZB,GHAZIABAD,29,01:15,10
64419,NZM-GZB EMU,EMU,EMU,Daily,NZM,HAZRAT NIZAMUDDIN JN,GZB,GHAZIABAD,30,01:45,10
64422,NDLS-GZB EMU,EMU,EMU,Daily,NDLS,NEW DELHI,GZB,GHAZIABAD,26,00:50,6
64423,GZB-NDLS EMU,EMU,EMU,Daily,GZB,GHAZIABAD,NDLS,NEW DELHI,26,00:50,7
64425,GZB-NDLS EMU,EMU,EMU,Daily,GZB,GHAZIABAD,NDLS,NEW DELHI,26,00:55,8
64426,NDLS-GZB EMU,EMU,EMU,Daily,NDLS,NEW DELHI,GZB,GHAZIABAD,26,00:50,8
64428,NDLS-GZB EMU,EMU,EMU,"Mon,Tue,Wed,Thu,Fri",NDLS,NEW DELHI,GZB,GHAZIABAD,26,00:50,7
64429,GZB-NDLS EMU,EMU,EMU,Daily,GZB,GHAZIABAD,NDLS,NEW DELHI,26,00:50,8
64430,NDLS-GZB EMU,EMU,EMU,Daily,NDLS,NEW DELHI,GZB,GHAZIABAD,26,00:45,7
64431,GZB-NDLS EMU,EMU,EMU,"Mon,Tue,Wed,Thu,Fri",GZB,GHAZIABAD,NDLS,NEW DELHI,26,00:50,7
64432,NDLS-GZB EMU,EMU,EMU,Daily,NDLS,NEW DELHI,GZB,GHAZIABAD,26,00:45,7
64433,GZB-NDLS EMU,EMU,EMU,Daily,GZB,GHAZIABAD,NDLS,NEW DELHI,26,00:50,8
64434,DLI-GZB EMU,EMU,EMU,Daily,DLI,DELHI JN.,GZB,GHAZIABAD,29,01:15,10
64437,GZB-DLI EMU,EMU,EMU,Daily,GZB,GHAZIABAD,DLI,DELHI JN.,29,01:40,9
64439,GZB-DLI EMU,EMU,EMU,Daily,GZB,GHAZIABAD,DLI,DELHI JN.,29,01:10,9
64441,GZB-NDLS EMU,EMU,EMU,Daily,GZB,GHAZIABAD,NDLS,NEW DELHI,26,00:50,7
64443,GZB-DLI EMU,EMU,EMU,Daily,GZB,GHAZIABAD,DLI,DELHI JN.,29,01:25,10
64445,GZB-DLI EMU,EMU,EMU,Daily,GZB,GHAZIABAD,DLI,DELHI JN.,20,00:45,5
64449,GZB-NDLS LADIES EMU,EMU,EMU,"Mon,Tue,Wed,Thu,Fri",GZB,GHAZIABAD,NDLS,NEW DELHI,26,00:45,8
64450,NDLS-GZB LADIES EMU,EMU,EMU,"Mon,Tue,Wed,Thu,Fri",NDLS,NEW DELHI,GZB,GHAZIABAD,26,00:50,8
64451,DLI-PNP MEMU,MEMU,MEMU,Daily,DLI,DELHI JN.,PNP,PANIPAT JN,88,02:35,18
64452,KKDE-DLI EMU,MEMU,MEMU,Daily,KKDE,KURUKSHETRA JN,DLI,DELHI JN.,156,03:40,28
64453,DLI-PNP EMU,MEMU,MEMU,Daily,DLI,DELHI JN.,PNP,PANIPAT JN,88,02:10,18
64454,KKDE-DLI MEMU,MEMU,MEMU,Daily,KKDE,KURUKSHETRA JN,DLI,DELHI JN.,156,03:50,56
64461,NZM-KKDE MEMU,MEMU,MEMU,Daily,NZM,HAZRAT NIZAMUDDIN JN,KKDE,KURUKSHETRA JN,164,04:35,32
64462,KKDE-NZM MEMU,MEMU,MEMU,Daily,KKDE,KURUKSHETRA JN,NZM,HAZRAT NIZAMUDDIN JN,164,04:17,32
64464,PNP-NDLS MEMU,MEMU,MEMU,Daily,PNP,PANIPAT JN,NDLS,NEW DELHI,89,02:35,19
64465,NDLS-KKDE MEMU,MEMU,MEMU,Daily,NDLS,NEW DELHI,KKDE,KURUKSHETRA JN,157,03:45,29
64469,NDLS-PNP LADIES EMU,EMU,EMU,"Mon,Tue,Wed,Thu,Fri",NDLS,NEW DELHI,PNP,PANIPAT JN,89,02:10,19
64470,PNP-NDLS LADIES EMU,EMU,EMU,"Mon,Tue,Wed,Thu,Fri",PNP,PANIPAT JN,NDLS,NEW DELHI,89,02:15,19
64471,GZB-PNP MEMU,MEMU,MEMU,Daily,GZB,GHAZIABAD,PNP,PANIPAT JN,115,03:35,26
64472,PNP-GZB MEMU,MEMU,MEMU,Daily,PNP,PANIPAT JN,GZB,GHAZIABAD,115,03:10,26
64481,PNP-UMB MEMU,MEMU,MEMU,Daily,PNP,PANIPAT JN,UMB,AMBALA CANT JN,109,02:50,17
64482,UMB-KKDE MEMU,MEMU,MEMU,Daily,UMB,AMBALA CANT JN,KKDE,KURUKSHETRA JN,41,00:55,7
64483,KKDE-UMB MEMU,MEMU,MEMU,Daily,KKDE,KURUKSHETRA JN,UMB,AMBALA CANT JN,41,01:05,7
64491,PWL-NDLS LADIES EMU,EMU,EMU,"Mon,Tue,Wed,Thu,Fri,Sat",PWL,PALWAL,NDLS,NEW DELHI,57,01:30,11
64492,NDLS-PWL LADIES EMU,EMU,EMU,"Mon,Tue,Wed,Thu,Fri,Sat",NDLS,NEW DELHI,PWL,PALWAL,57,01:30,11
64501,SRE-UMB MEMU,MEMU,MEMU,Daily,SRE,SAHARANPUR JN.,UMB,AMBALA CANT JN,81,01:45,13
64502,UMB-SRE MEMU,MEMU,MEMU,Daily,UMB,AMBALA CANT JN,SRE,SAHARANPUR JN.,81,01:55,13
64504,UMB-SRE MEMU,MEMU,MEMU,Daily,UMB,AMBALA CANT JN,SRE,SAHARANPUR JN.,81,01:45,13
64511,HW-AADR MEMU,MEMU,MEMU,Daily,HW,HARIDWAR JN,AADR,AMB  ANDAURA,358,08:45,33
64512,AADR-HW MEMU,MEMU,MEMU,Daily,AADR,AMB  ANDAURA,HW,HARIDWAR JN,358,07:25,28
64513,SRE-NLDM MEMU,MEMU,MEMU,Daily,SRE,SAHARANPUR JN.,NLDM,NANGAL DAM,238,05:40,33
64514,NLDM-UMB MEMU,MEMU,MEMU,Daily,NLDM,NANGAL DAM,UMB,AMBALA CANT JN,157,03:20,21
64515,UMB-NLDM MEMU,MEMU,MEMU,Daily,UMB,AMBALA CANT JN,NLDM,NANGAL DAM,157,03:20,21
64516,NLDM-UMB MEMU,MEMU,MEMU,Daily,NLDM,NANGAL DAM,UMB,AMBALA CANT JN,170,03:20,17
64517,UMB-NLDM MEMU,MEMU,MEMU,Daily,UMB,AMBALA CANT JN,NLDM,NANGAL DAM,157,03:45,20
64518,NLDM-UMB MEMU,MEMU,MEMU,Daily,NLDM,NANGAL DAM,UMB,AMBALA CANT JN,157,03:55,21
64521,UMB-LDH MEMU,MEMU,MEMU,Daily,UMB,AMBALA CANT JN,LDH,LUDHIANA JN,114,02:30,14
64522,LDH-UMB MEMU,MEMU,MEMU,Daily,LDH,LUDHIANA JN,UMB,AMBALA CANT JN,114,02:35,14
64523,UMB-LDH MEMU,MEMU,MEMU,Daily,UMB,AMBALA CANT JN,LDH,LUDHIANA JN,114,02:40,14
64524,LDH-UMB MEMU,MEMU,MEMU,Daily,LDH,LUDHIANA JN,UMB,AMBALA CANT JN,114,02:20,14
64531,DLI-PNP MEMU,MEMU,MEMU,Daily,DLI,DELHI JN.,PNP,PANIPAT JN,88,02:58,17
64532,UMB-PNP MEMU,MEMU,MEMU,Daily,UMB,AMBALA CANT JN,PNP,PANIPAT JN,109,02:52,17
64533,DLI-PNP MEMU,MEMU,MEMU,Daily,DLI,DELHI JN.,PNP,PANIPAT JN,88,02:15,18
64534,PNP-GZB MEMU,MEMU,MEMU,Daily,PNP,PANIPAT JN,GZB,GHAZIABAD,115,03:10,26
64536,PNP-DLI MEMU,MEMU,MEMU,Daily,PNP,PANIPAT JN,DLI,DELHI JN.,88,02:45,18
64541,PNP-UMB MEMU,MEMU,MEMU,Daily,PNP,PANIPAT JN,UMB,AMBALA CANT JN,109,03:15,17
64545,KKDE-UMB MEMU,MEMU,MEMU,Daily,KKDE,KURUKSHETRA JN,UMB,AMBALA CANT JN,41,00:55,7
64546,UMB-KKDE MEMU,MEMU,MEMU,Daily,UMB,AMBALA CANT JN,KKDE,KURUKSHETRA JN,41,00:50,7
64547,KKDE-UMB MEMU,MEMU,MEMU,Daily,KKDE,KURUKSHETRA JN,UMB,AMBALA CANT JN,41,01:00,7
64548,UMB-KKDE MEMU,MEMU,MEMU,Daily,UMB,AMBALA CANT JN,KKDE,KURUKSHETRA JN,41,00:52,7
64551,LDH-CIA MEMU,MEMU,MEMU,Daily,LDH,LUDHIANA JN,CIA,CHHEHARTA,142,04:00,22
64552,CIA-LDH MEMU,MEMU,MEMU,Daily,CIA,CHHEHARTA,LDH,LUDHIANA JN,142,04:20,20
64553,MB-GZB MEMU,MEMU,MEMU,Daily,MB,MORADABAD,GZB,GHAZIABAD,141,03:30,22
64554,GZB-MB MEMU,MEMU,MEMU,Daily,GZB,GHAZIABAD,MB,MORADABAD,141,04:33,22
64555,GZB-MTC MEMU,MEMU,MEMU,Daily,GZB,GHAZIABAD,MTC,MEERUT CITY,47,01:10,9
64556,MTC-GZB MEMU,MEMU,MEMU,Daily,MTC,MEERUT CITY,GZB,GHAZIABAD,47,01:10,18
64557,DLI-SRE MEMU,MEMU,MEMU,Daily,DLI,DELHI JN.,SRE,SAHARANPUR JN.,181,04:35,28
64558,SRE-DLI MEMU,MEMU,MEMU,Daily,SRE,SAHARANPUR JN.,DLI,DELHI JN.,181,04:25,28
64559,DLI-SRE MEMU,MEMU,MEMU,Daily,DLI,DELHI JN.,SRE,SAHARANPUR JN.,181,05:25,28
64560,SRE-DLI MEMU,MEMU,MEMU,Daily,SRE,SAHARANPUR JN.,DLI,DELHI JN.,181,04:25,28
64563,RPHR-AADR MEMU,MEMU,MEMU,Daily,RPHR,RAIPUR HARIYANA JN.,AADR,AMB  ANDAURA,455,10:15,31
64564,AADR-RPHR ,MEMU,MEMU,Daily,AADR,AMB  ANDAURA,RPHR,RAIPUR HARIYANA JN.,456,10:05,30
64565,MB-SRE MEMU,MEMU,MEMU,Daily,MB,MORADABAD,SRE,SAHARANPUR JN.,193,05:25,30
64566,SRE-MB MEMU,MEMU,MEMU,Daily,SRE,SAHARANPUR JN.,MB,MORADABAD,193,05:35,30
64567,BSC-TKJ MEMU,MEMU,MEMU,Daily,BSC,BULANDSHAHR,TKJ,TILAK BRIDGE,104,03:50,20
64568,TKJ-BSC MEMU,MEMU,MEMU,Daily,TKJ,TILAK BRIDGE,BSC,BULANDSHAHR,104,03:40,20
64581,HRF-DLI MEMU,MEMU,MEMU,Daily,HRF,HARHRAS QILAH,DLI,DELHI JN.,165,04:15,26
64582,DLI-HRF MEMU,MEMU,MEMU,Daily,DLI,DELHI JN.,HRF,HARHRAS QILAH,165,04:15,26
64583,TDL-DLI MEMU,MEMU,MEMU,Daily,TDL,TUNDLA JN,DLI,DELHI JN.,204,06:15,32
64584,DLI-TDL MEMU,MEMU,MEMU,Daily,DLI,DELHI JN.,TDL,TUNDLA JN,204,04:50,32
64585,HRF-HRS MEMU,MEMU,MEMU,Daily,HRF,HARHRAS QILAH,HRS,HATHRAS JN,9,00:25,2
64586,HRS-HRF MEMU,MEMU,MEMU,Daily,HRS,HATHRAS JN,HRF,HARHRAS QILAH,9,00:25,2
64587,CNB-TDL MEMU,MEMU,MEMU,Daily,CNB,KANPUR CENTRAL,TDL,TUNDLA JN,231,06:20,30
64588,TDL-CNB MEMU,MEMU,MEMU,Daily,TDL,TUNDLA JN,CNB,KANPUR CENTRAL,231,06:20,30
64589,CNB-PHD MEMU,MEMU,MEMU,Daily,CNB,KANPUR CENTRAL,PHD,PHAPHUND,83,01:45,13
64590,PHD-CNB MEMU,MEMU,MEMU,Daily,PHD,PHAPHUND,CNB,KANPUR CENTRAL,83,02:05,13
64591,SFG-CNB MEMU,MEMU,MEMU,Daily,SFG,SUBEDARGANJ,CNB,KANPUR CENTRAL,191,05:20,30
64592,CNB-SFG MEMU,MEMU,MEMU,Daily,CNB,KANPUR CENTRAL,SFG,SUBEDARGANJ,191,05:55,30
64593,FTP-CNB MEMU,MEMU,MEMU,Daily,FTP,FATEHPUR,CNB,KANPUR CENTRAL,78,02:40,13
64594,CNB-FTP MEMU,MEMU,MEMU,Daily,CNB,KANPUR CENTRAL,FTP,FATEHPUR,78,02:25,13
64595,DDU-SFG MEMU,MEMU,MEMU,Daily,DDU,PT.DEEN DAYAL UPADHYAYA JN.,SFG,SUBEDARGANJ,157,04:40,21
64596,SFG-DDU MEMU,MEMU,MEMU,Daily,SFG,SUBEDARGANJ,DDU,PT.DEEN DAYAL UPADHYAYA JN.,157,04:50,21
64601,MKP-CNB MEMU,MEMU,MEMU,Daily,MKP,MANIKPUR JN,CNB,KANPUR CENTRAL,243,07:00,28
64602,CNB-MKP MEMU,MEMU,MEMU,Daily,CNB,KANPUR CENTRAL,MKP,MANIKPUR JN,243,07:35,28
64603,CNB-ETW MEMU,MEMU,MEMU,Daily,CNB,KANPUR CENTRAL,ETW,ETAWAH JN,139,03:10,20
64604,ETW-CNB MEMU,MEMU,MEMU,Daily,ETW,ETAWAH JN,CNB,KANPUR CENTRAL,139,03:10,20
64605,ETW-TDL MEMU,MEMU,MEMU,Daily,ETW,ETAWAH JN,TDL,TUNDLA JN,92,02:20,11
64606,TDL-ETW MEMU,MEMU,MEMU,Daily,TDL,TUNDLA JN,ETW,ETAWAH JN,92,02:00,11
64607,VGLJ-CNB MEMU,MEMU,MEMU,Daily,VGLJ,VIRANGANA LAKSHMIBAI JHANSI JN,CNB,KANPUR CENTRAL,220,06:10,27
64608,CNB-VGLJ MEMU,MEMU,MEMU,Daily,CNB,KANPUR CENTRAL,VGLJ,VIRANGANA LAKSHMIBAI JHANSI JN,220,05:50,27
64609,KURJ-VGLJ MEMU,MEMU,MEMU,Daily,KURJ,KHAJURAHO,VGLJ,VIRANGANA LAKSHMIBAI JHANSI JN,254,06:45,25
64610,VGLJ-KURJ MEMU,MEMU,MEMU,Daily,VGLJ,VIRANGANA LAKSHMIBAI JHANSI JN,KURJ,KHAJURAHO,254,06:55,25
64611,VGLJ-MKP MEMU,MEMU,MEMU,Daily,VGLJ,VIRANGANA LAKSHMIBAI JHANSI JN,MKP,MANIKPUR JN,292,07:05,30
64612,MKP-VGLJ MEMU,MEMU,MEMU,Daily,MKP,MANIKPUR JN,VGLJ,VIRANGANA LAKSHMIBAI JHANSI JN,292,07:45,30
64613,VGLJ-BNDA MEMU,MEMU,MEMU,Daily,VGLJ,VIRANGANA LAKSHMIBAI JHANSI JN,BNDA,BANDA JN,192,04:20,20
64614,BNDA-VGLJ MEMU,MEMU,MEMU,Daily,BNDA,BANDA JN,VGLJ,VIRANGANA LAKSHMIBAI JHANSI JN,192,04:45,20
64615,LAR-VGLJ MEMU,MEMU,MEMU,Daily,LAR,LALITPUR,VGLJ,VIRANGANA LAKSHMIBAI JHANSI JN,89,02:20,12
64616,VGLJ-LAR MEMU,MEMU,MEMU,Daily,VGLJ,VIRANGANA LAKSHMIBAI JHANSI JN,LAR,LALITPUR,89,02:15,12
64617,BINA-LAR MEMU,MEMU,MEMU,Daily,BINA,BINA JN,LAR,LALITPUR,63,02:05,8
64618,LAR-BINA MEMU,MEMU,MEMU,Daily,LAR,LALITPUR,BINA,BINA JN,63,02:15,8
64619,IDH-BKI MEMU,MEMU,MEMU,Daily,IDH,IDGAH JN,BKI,BANDIKUI JN,148,03:25,44
64620,BKI-IDH MEMU,MEMU,MEMU,Daily,BKI,BANDIKUI JN,IDH,IDGAH JN,148,03:20,22
64621,IDH-BKI MEMU,MEMU,MEMU,"Mon,Tue,Wed,Thu,Fri,Sat",IDH,IDGAH JN,BKI,BANDIKUI JN,148,03:20,22
64622,BKI-IDH MEMU,MEMU,MEMU,"Mon,Tue,Wed,Thu,Fri,Sat",BKI,BANDIKUI JN,IDH,IDGAH JN,148,03:15,22
64623,AGC-MNQ MEMU,MEMU,MEMU,Daily,AGC,AGRA CANTT JN,MNQ,MAINPURI,191,05:25,21
64624,MNQ-AGC MEMU,MEMU,MEMU,Daily,MNQ,MAINPURI,AGC,AGRA CANTT JN,191,04:55,21
64625,ETW-AGC MEMU,MEMU,MEMU,Daily,ETW,ETAWAH JN,AGC,AGRA CANTT JN,120,04:25,17
64626,AGC-ETW MEMU,MEMU,MEMU,Daily,AGC,AGRA CANTT JN,ETW,ETAWAH JN,120,04:29,18
64627,PHD-ETW MEMU,MEMU,MEMU,Daily,PHD,PHAPHUND,ETW,ETAWAH JN,56,01:30,7
64628,ETW-PHD MEMU,MEMU,MEMU,Daily,ETW,ETAWAH JN,PHD,PHAPHUND,56,01:30,7
64629,CNB-PHD MEMU,MEMU,MEMU,Daily,CNB,KANPUR CENTRAL,PHD,PHAPHUND,83,02:10,12
64630,PHD-CNB MEMU,MEMU,MEMU,Daily,PHD,PHAPHUND,CNB,KANPUR CENTRAL,83,01:40,12
64631,PHD-SKB MEMU,MEMU,MEMU,Daily,PHD,PHAPHUND,SKB,SHIKOHABAD JN,112,02:20,14
64632,SKB-PHD MEMU,MEMU,MEMU,Daily,SKB,SHIKOHABAD JN,PHD,PHAPHUND,112,01:55,14
64633,GWL-ETW MEMU,MEMU,MEMU,Daily,GWL,GWALIOR JN.,ETW,ETAWAH JN,118,04:00,17
64634,ETW-GWL MEMU,MEMU,MEMU,Daily,ETW,ETAWAH JN,GWL,GWALIOR JN.,118,04:30,17
64635,GWL-BIB MEMU,MEMU,MEMU,Daily,GWL,GWALIOR JN.,BIB,,115,04:15,16
64636,BIB-GWL MEMU,MEMU,MEMU,Daily,BIB,,GWL,GWALIOR JN.,115,04:50,16
64637,GWL-BIB MEMU,MEMU,MEMU,Daily,GWL,GWALIOR JN.,BIB,,115,04:15,16
64638,BIB-GWL MEMU,MEMU,MEMU,Daily,BIB,,GWL,GWALIOR JN.,115,04:25,16
64639,GWL-BIB MEMU,MEMU,MEMU,Daily,GWL,GWALIOR JN.,BIB,,115,04:15,16
64640,BIB-GWL MEMU,MEMU,MEMU,Daily,BIB,,GWL,GWALIOR JN.,115,04:20,16
64641,GWL-ETW MEMU,MEMU,MEMU,Daily,GWL,GWALIOR JN.,ETW,ETAWAH JN,118,03:25,17
64642,ETW-GWL MEMU,MEMU,MEMU,Daily,ETW,ETAWAH JN,GWL,GWALIOR JN.,118,03:40,17
64643,GWL-BIX MEMU,MEMU,MEMU,Daily,GWL,GWALIOR JN.,BIX,BHIND,82,02:25,14
64644,BIX-GWL MEMU,MEMU,MEMU,Daily,BIX,BHIND,GWL,GWALIOR JN.,82,02:35,14
64645,KURJ CNB MEMU,MEMU,MEMU,Daily,KURJ,KHAJURAHO,CNB,KANPUR CENTRAL,261,06:55,28
64646,CNB-KURJ MEMU,MEMU,MEMU,Daily,CNB,KANPUR CENTRAL,KURJ,KHAJURAHO,261,07:00,28
64647,KURJ-LAR MEMU,MEMU,MEMU,Daily,KURJ,KHAJURAHO,LAR,LALITPUR,165,04:00,14
64648,LAR-KURJ MEMU,MEMU,MEMU,Daily,LAR,LALITPUR,KURJ,KHAJURAHO,165,04:45,14
64649,MBA-KURJ MEMU,MEMU,MEMU,Daily,MBA,MAHOBA,KURJ,KHAJURAHO,64,01:20,6
64650,KURJ-MBA MEMU,MEMU,MEMU,Daily,KURJ,KHAJURAHO,MBA,MAHOBA,64,01:45,6
64651,SGDN-BRML MEMU,MEMU,MEMU,Daily,SGDN,SANGALDAN,BRML,BARAMULA,183,04:30,22
64652,BRML-SGDN MEMU,MEMU,MEMU,Daily,BRML,BARAMULA,SGDN,SANGALDAN,183,04:25,20
64701,VGLJ-LKO MEMU,MEMU,MEMU,Daily,VGLJ,VIRANGANA LAKSHMIBAI JHANSI JN,LKO,LUCKNOW JN.,293,08:05,38
64702,LKO-VGLJ MEMU,MEMU,MEMU,Daily,LKO,LUCKNOW JN.,VGLJ,VIRANGANA LAKSHMIBAI JHANSI JN,293,08:15,39
64703,GOY-ALJN MEMU ,MEMU,MEMU,"Mon,Tue,Wed,Thu,Fri,Sat",GOY,GOVINDPURI,ALJN,ALIGARH JN,305,05:20,13
64704,ALJN-GOY MEMU ,MEMU,MEMU,"Mon,Tue,Wed,Thu,Fri,Sat",ALJN,ALIGARH JN,GOY,GOVINDPURI,305,06:35,13
64903,MTJ-GZB EMU,EMU,EMU,Daily,MTJ,MATHURA JN.,GZB,GHAZIABAD,164,04:45,27
64904,GZB-MTJ EMU,EMU,EMU,Daily,GZB,GHAZIABAD,MTJ,MATHURA JN.,164,04:35,27
64905,MTJ-NDLS EMU,EMU,EMU,Daily,MTJ,MATHURA JN.,NDLS,NEW DELHI,141,03:55,21
64906,GZB-PWL EMU,EMU,EMU,Daily,GZB,GHAZIABAD,PWL,PALWAL,80,02:45,17
64908,SSB-BVH EMU,EMU,EMU,Daily,SSB,SHAKURBASTI,BVH,BALLABGARH,47,01:45,14
64910,SSB-MTJ EMU,EMU,EMU,Daily,SSB,SHAKURBASTI,MTJ,MATHURA JN.,152,04:15,26
64912,JIND-NDLS MEMU,MEMU,MEMU,Daily,JIND,JIND JN,NDLS,NEW DELHI,128,03:30,26
64915,NDLS-JIND MEMU,MEMU,MEMU,Daily,NDLS,NEW DELHI,JIND,JIND JN,128,03:30,26
64931,DLI-JIND MEMU,MEMU,MEMU,Daily,DLI,DELHI JN.,JIND,JIND JN,127,03:10,26
64932,JIND-DLI MEMU,MEMU,MEMU,Daily,JIND,JIND JN,DLI,DELHI JN.,127,03:30,26
64955,AGC-TDL MEMU,MEMU,MEMU,Daily,AGC,AGRA CANTT JN.,TDL,TUNDLA JN,28,01:30,8
64956,TDL-AGC MEMU,MEMU,MEMU,Daily,TDL,TUNDLA JN,AGC,AGRA CANTT JN,28,02:10,7
64957,AGC-PWL MEMU,MEMU,MEMU,Daily,AGC,AGRA CANTT JN.,PWL,PALWAL,137,03:30,19
64958,PWL-AGC MEMU,MEMU,MEMU,Daily,PWL,PALWAL,AGC,AGRA CANTT JN.,137,03:00,19
65101,GCT-JNU MEMU,MEMU,MEMU,Daily,GCT,GHAZIPUR CITY,JNU,JAUNPUR JN,100,02:30,16
65102,JNU-GCT MEMU,MEMU,MEMU,Daily,JNU,JAUNPUR JN,GCT,GHAZIPUR CITY,100,02:30,16
65103,GCT-DLN PSPC,MEMU,MEMU,Daily,GCT,GHAZIPUR CITY,DLN,DILDARNAGAR JN,28,01:15,5
65104,DLN-GCT PSPS,MEMU,MEMU,Daily,DLN,DILDARNAGAR JN,GCT,GHAZIPUR CITY,28,01:10,5
65105,GCT BCY UNRESERVED,MEMU,MEMU,Daily,GCT,GHAZIPUR CITY,BCY,VARANASI CITY,71,02:25,13
65106,BCY GCT MEMU,MEMU,MEMU,Daily,BCY,VARANASI CITY,GCT,GHAZIPUR CITY,71,02:20,13
65107,BTT-BCY MEMU,MEMU,MEMU,Daily,BTT,BHATNI JN,BCY,VARANASI CITY,157,04:10,24
65108,BCY-BTT MEMU,MEMU,MEMU,Daily,BCY,VARANASI CITY,BTT,BHATNI JN,157,04:05,24
65109,AMH-BCY MEMU,MEMU,MEMU,Daily,AMH,AZAMGARH,BCY,VARANASI CITY,132,03:35,21
65110,BCY-AMH MEMU,MEMU,MEMU,Daily,BCY,VARANASI CITY,AMH,AZAMGARH,132,03:45,21
65111,BNRS-PRRB MEMU,MEMU,MEMU,Daily,BNRS,BANARAS,PRRB,PRAYAGRAJ RAMBAG,118,03:25,21
65112,PRRB-BNRS MEMU,MEMU,MEMU,Daily,PRRB,PRAYAGRAJ RAMBAG,BNRS,BANARAS,118,03:20,21
65113,BNRS-PRRB MEMU,MEMU,MEMU,Daily,BNRS,BANARAS,PRRB,PRAYAGRAJ RAMBAG,118,03:45,21
65114,PRRB-BNRS MEMU,MEMU,MEMU,Daily,PRRB,PRAYAGRAJ RAMBAG,BNRS,BANARAS,118,03:30,21
65115,BTT-AY MEMU,MEMU,MEMU,Daily,BTT,BHATNI JN,AY,AYODHYA DHAM JN,235,07:45,36
65116,AY-BTT MEMU,MEMU,MEMU,Daily,AY,AYODHYA DHAM JN,BTT,BHATNI JN,235,08:30,36
65117,GCT-PYGS MEMU,MEMU,MEMU,Daily,GCT,GHAZIPUR CITY,PYGS,PRAYAGRAJ SANGAM,206,06:00,31
65118,PYGS-GCT MEMU,MEMU,MEMU,Daily,PYGS,PRAYAGRAJ SANGAM,GCT,GHAZIPUR CITY,206,06:05,31
65119,GCT-JNU MEMU,MEMU,MEMU,Daily,GCT,GHAZIPUR CITY,JNU,JAUNPUR JN,100,02:30,16
65120,JNU-GCT MEMU,MEMU,MEMU,Daily,JNU,JAUNPUR JN,GCT,GHAZIPUR CITY,100,02:30,16
65121,DIT-BCY MEMU,MEMU,MEMU,Daily,DIT,DOHRIGHAT,BCY,VARANASI CITY,132,03:55,15
65122,BCY- DIT MEMU,MEMU,MEMU,Daily,BCY,VARANASI CITY,DIT,DOHRIGHAT,132,03:45,15
65129,BNRS JI SPL,MEMU,MEMU,Daily,BNRS,BANARAS,JI,JHUSI,111,02:10,7
65130,JI BNRS SPL,MEMU,MEMU,Daily,JI,JHUSI,BNRS,BANARAS,111,02:10,7
65131,MAU-PRRB MEMU,MEMU,MEMU,"Mon,Tue,Wed,Thu,Fri,Sun",MAU,MAU JN,PRRB,PRAYAGRAJ RAMBAG,215,06:20,36
65132,PRRB-MAU MEMU,MEMU,MEMU,"Mon,Tue,Wed,Thu,Fri,Sat",PRRB,PRAYAGRAJ RAMBAG,MAU,MAU JN,215,05:45,36
65133,DIT-MAU MEMU,MEMU,MEMU,"Mon,Tue,Wed,Thu,Fri,Sat",DIT,DOHRIGHAT,MAU,MAU JN,43,01:40,7
65134,MAU-DIT MEMU,MEMU,MEMU,"Mon,Tue,Wed,Thu,Fri,Sat",MAU,MAU JN,DIT,DOHRIGHAT,43,01:50,7
65301,BC-RMR MEMU,MEMU,MEMU,Daily,BC,BAREILLY CITY,RMR,RAMNAGAR,167,05:15,19
65302,KPV-BC MEMU,MEMU,MEMU,Daily,KPV,KASHIPUR,BC,BAREILLY CITY,140,04:35,17
65303,MB-RMR MEMU,MEMU,MEMU,Daily,MB,MORADABAD,RMR,RAMNAGAR,76,02:25,7
65304,RMR-MB MEMU,MEMU,MEMU,Daily,RMR,RAMNAGAR,MB,MORADABAD,76,02:45,13
65305,MB-KPV MEMU,MEMU,MEMU,Daily,MB,MORADABAD,KPV,KASHIPUR,49,01:40,7
65306,RMR-MB MEMU,MEMU,MEMU,Daily,RMR,RAMNAGAR,MB,MORADABAD,76,02:25,9
65307,MB-KPV MEMU,MEMU,MEMU,Daily,MB,MORADABAD,KPV,KASHIPUR,49,01:40,10
65308,KPV-MB MEMU,MEMU,MEMU,Daily,KPV,KASHIPUR,MB,MORADABAD,49,02:35,10
65309,MB-RMR MEMU,MEMU,MEMU,Daily,MB,MORADABAD,RMR,RAMNAGAR,76,02:40,13
65310,RMR-MB MEMU,MEMU,MEMU,Daily,RMR,RAMNAGAR,MB,MORADABAD,76,02:35,14
66000,AVD-MASS PASS,MEMU,MEMU,Daily,AVD,AVADI,MASS,CHENNAI CENTRAL SUBURBAN STATION,22,00:45,13
66001,AJJ-HX MEMU ,MEMU,MEMU,Daily,AJJ,ARAKKONAM JN.,HX,CUDDAPAH,192,04:55,26
66002,AVD-MASS MEMU LOCAL,MEMU,MEMU,Daily,AVD,AVADI,MASS,CHENNAI CENTRAL SUBURBAN STATION,22,00:45,13
66003,MASS-AVD MEMU SUBURBAN,MEMU,MEMU,Daily,MASS,CHENNAI CENTRAL SUBURBAN STATION,AVD,AVADI,22,00:45,13
66005,MASS-AVD PASSR,MEMU,MEMU,Daily,MASS,CHENNAI CENTRAL SUBURBAN STATION,AVD,AVADI,22,00:45,13
66006,HX-AJJ MEMU,MEMU,MEMU,Daily,HX,CUDDAPAH,AJJ,ARAKKONAM JN.,192,05:05,26
66007,MASS-AVD EMU LOCAL,MEMU,MEMU,Daily,MASS,CHENNAI CENTRAL SUBURBAN STATION,AVD,AVADI,22,00:45,13
66008,AJJ-MASS PASSR,MEMU,MEMU,Daily,AJJ,ARAKKONAM JN.,MASS,CHENNAI CENTRAL SUBURBAN STATION,69,02:10,29
66009,MASS-AJJ PASSR,MEMU,MEMU,Daily,MASS,CHENNAI CENTRAL SUBURBAN STATION,AJJ,ARAKKONAM JN.,69,01:55,29
66010,AJJ-MASS PASS,MEMU,MEMU,Daily,AJJ,ARAKKONAM JN.,MASS,CHENNAI CENTRAL SUBURBAN STATION,69,02:05,29
66011,MASS-AJJ PASS,MEMU,MEMU,Daily,MASS,CHENNAI CENTRAL SUBURBAN STATION,AJJ,ARAKKONAM JN.,69,02:00,29
66013,MASS-AJJ MEMU FAST,MEMU,MEMU,Daily,MASS,CHENNAI CENTRAL SUBURBAN STATION,AJJ,ARAKKONAM JN.,69,01:10,10
66014,AJJ-MASS MEMU,MEMU,MEMU,Daily,AJJ,ARAKKONAM JN.,MASS,CHENNAI CENTRAL SUBURBAN STATION,69,01:55,29
66015,MASS-AJJ MEMU,MEMU,MEMU,Daily,MASS,CHENNAI CENTRAL SUBURBAN STATION,AJJ,ARAKKONAM JN.,69,02:00,29
66016,AJJ-MASS PASSR,MEMU,MEMU,Daily,AJJ,ARAKKONAM JN.,MASS,CHENNAI CENTRAL SUBURBAN STATION,69,02:00,29
66017,KPD-JTJ MEMU PASS,MEMU,MEMU,Daily,KPD,KATPADI JN,JTJ,JOLARPETTAI JN.,84,02:25,14
66018,JTJ-KPD MEMU PASS,MEMU,MEMU,Daily,JTJ,JOLARPETTAI JN.,KPD,KATPADI JN,84,02:30,14
66019,VM-MV MEMU,MEMU,MEMU,Daily,VM,VILLUPURAM JN,MV,MAYILADUTURAI JN,122,03:05,22
66020,MV-VM MEMU,MEMU,MEMU,Daily,MV,MAYILADUTURAI JN,VM,VILLUPURAM JN,122,03:10,22
66021,MASS-AJJ FAST MEMU,MEMU,MEMU,Daily,MASS,CHENNAI CENTRAL SUBURBAN STATION,AJJ,ARAKKONAM JN.,69,01:30,11
66022,TRT-MASS MEMU,MEMU,MEMU,Daily,TRT,TIRUTTANI,MASS,CHENNAI CENTRAL SUBURBAN STATION,82,02:25,30
66023,MV-TVR MEMU,MEMU,MEMU,Daily,MV,MAYILADUTURAI JN,TVR,THIRUVARUR JN,39,01:00,5
66024,TVR-MV MEMU,MEMU,MEMU,Daily,TVR,THIRUVARUR JN,MV,MAYILADUTURAI JN,39,01:00,5
66025,KPD-VM MEMU PASS,MEMU,MEMU,Daily,KPD,KATPADI JN,VM,VILLUPURAM JN,161,04:00,22
66026,VM-KPD MEMU PASS,MEMU,MEMU,Daily,VM,VILLUPURAM JN,KPD,KATPADI JN,160,03:50,22
66027,KPD-VM MEMU PASS,MEMU,MEMU,Daily,KPD,KATPADI JN,VM,VILLUPURAM JN,161,03:55,22
66028,TPTY-KPD MEMU PASS,MEMU,MEMU,Daily,TPTY,TIRUPATI,KPD,KATPADI JN,104,04:20,5
66029,MASS-SPE MEMU PASS,MEMU,MEMU,Daily,MASS,CHENNAI CENTRAL SUBURBAN STATION,SPE,SULLURUPETA,82,02:20,22
66030,SPE-MASS MEMU PASS,MEMU,MEMU,Daily,SPE,SULLURUPETA,MASS,CHENNAI CENTRAL SUBURBAN STATION,82,02:25,22
66031,MASS-SPE MEMU PASS,MEMU,MEMU,Daily,MASS,CHENNAI CENTRAL SUBURBAN STATION,SPE,SULLURUPETA,82,02:40,22
66032,SPE-MASS MEMU PASS,MEMU,MEMU,Daily,SPE,SULLURUPETA,MASS,CHENNAI CENTRAL SUBURBAN STATION,82,02:10,22
66033,MSB-TNM FAST MEMU,MEMU,MEMU,Daily,MSB,CHENNAI BEACH,TNM,TIRUVANNAMALAI,223,05:40,34
66034,TNM-TBM FAST MEMU,MEMU,MEMU,Daily,TNM,TIRUVANNAMALAI,TBM,TAMBARAM,253,06:40,51
66035,SPE-NLR MEMU,MEMU,MEMU,Daily,SPE,SULLURUPETA,NLR,NELLORE,93,02:00,12
66036,NLR-SPE MEMU,MEMU,MEMU,Daily,NLR,NELLORE,SPE,SULLURUPETA,93,02:00,12
66037,SPE-NLR MEMU,MEMU,MEMU,Daily,SPE,SULLURUPETA,NLR,NELLORE,93,02:15,12
66038,NLR-SPE MEMU PASS,MEMU,MEMU,Daily,NLR,NELLORE,SPE,SULLURUPETA,93,02:15,12
66039,MASS-SPE MEMU PASS,MEMU,MEMU,Daily,MASS,CHENNAI CENTRAL SUBURBAN STATION,SPE,SULLURUPETA,82,02:13,22
66040,NLR-SPE MEMU,MEMU,MEMU,Daily,NLR,NELLORE,SPE,SULLURUPETA,93,02:25,12
66041,SPE-NLR MEMU PASS,MEMU,MEMU,Daily,SPE,SULLURUPETA,NLR,NELLORE,93,02:30,12
66042,SPE-MASS EMU PASS,MEMU,MEMU,Daily,SPE,SULLURUPETA,MASS,CHENNAI CENTRAL SUBURBAN STATION,82,02:30,22
66043,AJJ-TPTY MEMU PASS,MEMU,MEMU,Daily,AJJ,ARAKKONAM JN.,TCNR,TIRUCHANUR,72,02:30,12
66044,TPTY-AJJ MEMU PASS,MEMU,MEMU,Daily,TCNR,TIRUCHANUR,AJJ,ARAKKONAM JN.,72,02:25,12
66045,TBM-VM MEMU PASS,MEMU,MEMU,Daily,TBM,TAMBARAM,VM,VILLUPURAM JN,134,03:25,22
66046,VM-MSB MEMU ,MEMU,MEMU,Daily,VM,VILLUPURAM JN,MSB,CHENNAI BEACH,163,04:15,38
66049,AJJ-TRT MEMU PASS,MEMU,MEMU,Daily,AJJ,ARAKKONAM JN.,TRT,TIRUTTANI,13,00:25,2
66050,AVD-MASS MEMU LOCAL,MEMU,MEMU,Daily,AVD,AVADI,MASS,CHENNAI CENTRAL SUBURBAN STATION,22,00:45,13
66051,MS-PDY MEMU,MEMU,MEMU,Daily,MS,CHENNAI EGMORE,PDY,PONDICHERRY,196,04:05,18
66052,PDY-MS MEMU PASS,MEMU,MEMU,Daily,PDY,PONDICHERRY,MS,CHENNAI EGMORE,196,05:00,18
66055,TBM-VM MEMU PASS,MEMU,MEMU,Daily,TBM,TAMBARAM,VM,VILLUPURAM JN,134,03:00,19
66056,VM-TBM MEMU ,MEMU,MEMU,Daily,VM,VILLUPURAM JN,TBM,TAMBARAM,134,03:15,19
66057,AJJ-KPD EMU PASS,MEMU,MEMU,Daily,AJJ,ARAKKONAM JN.,KPD,KATPADI JN,61,01:55,10
66058,KPD-AJJ EMU PASS,MEMU,MEMU,Daily,KPD,KATPADI JN,AJJ,ARAKKONAM JN.,61,01:30,9
66059,AJJ-VLR EMU PASS,MEMU,MEMU,Daily,AJJ,ARAKKONAM JN.,VLR,VELLORE CANTONMENT,71,02:20,12
66060,VLR-AJJ EMU PASS,MEMU,MEMU,Daily,VLR,VELLORE CANTONMENT,AJJ,ARAKKONAM JN.,71,02:10,12
66061,AJJ-VLR MEMU PASS,MEMU,MEMU,Daily,AJJ,ARAKKONAM JN.,VLR,VELLORE CANTONMENT,71,02:10,12
66062,VLR-AJJ MEMU PASS,MEMU,MEMU,Daily,VLR,VELLORE CANTONMENT,AJJ,ARAKKONAM JN.,71,02:10,12
66063,VM-PDY MEMU,MEMU,MEMU,Daily,VM,VILLUPURAM JN,PDY,PONDICHERRY,38,00:55,5
66064,PDY-VM MEMU,MEMU,MEMU,Daily,PDY,PONDICHERRY,VM,VILLUPURAM JN,38,00:50,5
66065,VM-PDY EMU,MEMU,MEMU,Daily,VM,VILLUPURAM JN,PDY,PONDICHERRY,38,00:45,5
66066,PDY-VM MEMU ,MEMU,MEMU,Daily,PDY,PONDICHERRY,VM,VILLUPURAM JN,38,00:50,5
66067,MV-TVR PASSENGER,MEMU,MEMU,Daily,MV,MAYILADUTURAI JN,TVR,THIRUVARUR JN,39,00:50,5
66068,TVR-MV PASSENGER,MEMU,MEMU,Daily,TVR,THIRUVARUR JN,MV,MAYILADUTURAI JN,39,01:00,5
66069,MASS-TPTY FAST MEMU ,MEMU,MEMU,Daily,MASS,CHENNAI CENTRAL SUBURBAN STATION,TCNR,TIRUCHANUR,141,03:55,15
66070,TPTY-MASS FAST MEMU,MEMU,MEMU,Daily,TCNR,TIRUCHANUR,MASS,CHENNAI CENTRAL SUBURBAN STATION,141,03:45,15
66300,ERS-ALLP MEMU ,MEMU,MEMU,Daily,ERS,ERNAKULAM JN,ALLP,ALAPPUZHA,57,01:35,12
66301,PUU-QLN MEMU,MEMU,MEMU,Daily,PUU,PUNALUR,QLN,KOLLAM JN,44,01:20,10
66302,QLN-PUU MEMU,MEMU,MEMU,Daily,QLN,KOLLAM JN,PUU,PUNALUR,44,01:15,10
66303,QLN-ERS EMU,MEMU,MEMU,"Tue,Wed,Thu,Fri,Sat,Sun",QLN,KOLLAM JN,ERS,ERNAKULAM JN,156,04:00,25
66304,ERS-QLN EMU,MEMU,MEMU,"Tue,Wed,Thu,Fri,Sat,Sun",ERS,ERNAKULAM JN,QLN,KOLLAM JN,155,03:40,25
66305,CAPE-QLN MEMU,MEMU,MEMU,"Mon,Tue,Wed,Thu,Sat,Sun",CAPE,KANNIYAKUMARI,QLN,KOLLAM JN,151,05:25,32
66306,QLN-CAPE MEMU,MEMU,MEMU,"Mon,Tue,Wed,Thu,Sat,Sun",QLN,KOLLAM JN,CAPE,KANNIYAKUMARI,150,04:15,32
66307,ERS-QLN MEMU,MEMU,MEMU,"Mon,Tue,Thu,Fri,Sat,Sun",ERS,ERNAKULAM JN,QLN,KOLLAM JN,155,03:45,25
66308,QLN-ERS  MEMU,MEMU,MEMU,"Mon,Tue,Thu,Fri,Sat,Sun",QLN,KOLLAM JN,ERS,ERNAKULAM JN,156,03:50,25
66309,ERS-QLN MEMU,MEMU,MEMU,"Mon,Tue,Thu,Fri,Sat,Sun",ERS,ERNAKULAM JN,QLN,KOLLAM JN,141,03:25,17
66310,QLN-ERS MEMU ,MEMU,MEMU,"Mon,Wed,Thu,Fri,Sat,Sun",QLN,KOLLAM JN,ERS,ERNAKULAM JN,156,03:25,20
66311,ALLP-QLN MEMU,MEMU,MEMU,Daily,ALLP,ALAPPUZHA,QLN,KOLLAM JN,84,01:55,14
66312,QLN-ALLP MEMU,MEMU,MEMU,Daily,QLN,KOLLAM JN,ALLP,ALAPPUZHA,84,02:05,14
66313,ERS-ALLP PASS,PAS,Passenger,Daily,ERS,ERNAKULAM JN,ALLP,ALAPPUZHA,57,01:30,12
66314,ALLP-ERS MEMU,MEMU,MEMU,Daily,ALLP,ALAPPUZHA,ERS,ERNAKULAM JN,57,01:35,12
66315,KTYM-QLN MEMU,MEMU,MEMU,Daily,KTYM,KOTTAYAM,QLN,KOLLAM JN,96,02:35,14
66316,QLN-KTYM MEMU,MEMU,MEMU,Daily,QLN,KOLLAM JN,KTYM,KOTTAYAM,96,02:15,14
66317,PUU-QLN  MEMU,MEMU,MEMU,Daily,PUU,PUNALUR,QLN,KOLLAM JN,44,01:25,10
66318,QLN-PUU MEMU,MEMU,MEMU,Daily,QLN,KOLLAM JN,PUU,PUNALUR,44,01:25,10
66319,SRR-ERS MEMU,MEMU,MEMU,Daily,SRR,SHORANUR JN,ERS,ERNAKULAM JN,108,03:15,22
66320,ERS-SRR MEMU,MEMU,MEMU,Daily,ERS,ERNAKULAM JN,SRR,SHORANUR JN,109,02:50,22
66321,ERS-QLN MEMU,MEMU,MEMU,Daily,ERS,ERNAKULAM JN,QLN,KOLLAM JN,155,04:00,25
66322,QLN-ERS MEMU,MEMU,MEMU,Daily,QLN,KOLLAM JN,ERS,ERNAKULAM JN,156,03:50,25
66323,CAN-SRR MEMU,MEMU,MEMU,"Mon,Tue,Wed,Thu,Fri,Sat",CAN,KANNUR,SRR,SHORANUR JN,176,05:35,32
66324,SRR-CAN MEMU,MEMU,MEMU,"Mon,Tue,Wed,Thu,Fri,Sat",SRR,SHORANUR JN,CAN,KANNUR,176,04:10,32
66325,NIL-SRR MEMU ,PAS,Passenger,Daily,NIL,NILAMBUR ROAD,SRR,SHORANUR JN,66,01:10,5
66326,SRR-NIL MEMU,PAS,Passenger,Daily,SRR,SHORANUR JN,NIL,NILAMBUR ROAD,66,01:30,10
66327,ERS-QLN MEMU,MEMU,MEMU,"Mon,Tue,Wed,Thu,Fri",ERS,ERNAKULAM JN,QLN,KOLLAM JN,156,03:40,20
66328,QLN-ERS MEMU,MEMU,MEMU,"Mon,Tue,Wed,Thu,Fri",QLN,KOLLAM JN,ERS,ERNAKULAM JN,156,03:40,20
66501,UBL-BJP MEMU,MEMU,MEMU,Daily,UBL,SSS HUBBALLI JN,BJP,VIJAYAPURA,247,05:25,11
66502,BJP-UBL MEMU,MEMU,MEMU,Daily,BJP,VIJAYAPURA,UBL,SSS HUBBALLI JN,247,05:15,11
66505,YNK-ASK MEMU,MEMU,MEMU,"Mon,Tue,Wed,Thu,Fri,Sat",YNK,YELAHANKA JN.,ASK,ARSIKERE JN,171,04:30,28
66506,ASK-YNK MEMU,MEMU,MEMU,"Mon,Tue,Wed,Thu,Fri,Sat",ASK,ARSIKERE JN,YNK,YELAHANKA JN.,172,05:05,28
66511,SBC-MKM MEMU,MEMU,MEMU,Daily,SBC,KSR BENGALURU,MKM,MARIKUPPAM,86,02:25,16
66512,MKM-SBC MEMU,MEMU,MEMU,Daily,MKM,MARIKUPPAM,SBC,KSR BENGALURU,86,02:35,17
66513,BWT-MKM MEMU,MEMU,MEMU,Daily,BWT,BANGARAPET JN.,MKM,MARIKUPPAM,16,00:35,7
66514,MKM-KJM MEMU,MEMU,MEMU,Daily,MKM,MARIKUPPAM,KJM,KRISHNARAJAPURM,72,01:55,13
66515,KJM-MKM MEMU,MEMU,MEMU,Daily,KJM,KRISHNARAJAPURM,MKM,MARIKUPPAM,72,01:45,13
66516,MKM-BWT MEMU,MEMU,MEMU,Daily,MKM,MARIKUPPAM,BWT,BANGARAPET JN.,16,00:35,7
66517,MKM-BWT MEMU,MEMU,MEMU,Daily,MKM,MARIKUPPAM,BWT,BANGARAPET JN.,16,00:35,7
66518,BWT-MKM MEMU,MEMU,MEMU,Daily,BWT,BANGARAPET JN.,MKM,MARIKUPPAM,16,00:35,7
66519,MKM-SBC MEMU,MEMU,MEMU,Daily,MKM,MARIKUPPAM,SBC,KSR BENGALURU,86,02:15,16
66520,SBC-MKM MEMU,MEMU,MEMU,Daily,SBC,KSR BENGALURU,MKM,MARIKUPPAM,86,02:05,15
66523,SBC-HUP MEMU,MEMU,MEMU,Daily,SBC,KSR BENGALURU,HUP,HINDUPUR,99,02:45,16
66524,HUP-SBC MEMU,MEMU,MEMU,Daily,HUP,HINDUPUR,SBC,KSR BENGALURU,99,02:35,16
66525,SBC-HAS MEMU,MEMU,MEMU,"Mon,Tue,Wed,Thu,Fri,Sat",SBC,KSR BENGALURU,HAS,HASSAN,180,04:10,34
66526,HAS-SBC MEMU,MEMU,MEMU,"Mon,Tue,Wed,Thu,Fri,Sat",HAS,HASSAN,SBC,KSR BENGALURU,180,03:45,34
66527,KPN-BWT MEMU,MEMU,MEMU,Daily,KPN,KUPPAM,BWT,BANGARAPET JN.,31,00:45,10
66528,BWT-KPN MEMU,MEMU,MEMU,Daily,BWT,BANGARAPET JN.,KPN,KUPPAM,31,00:45,5
66529,KPN-SBC MEMU,MEMU,MEMU,Daily,KPN,KUPPAM,SBC,KSR BENGALURU,102,02:35,15
66530,SBC-BWT MEMU,MEMU,MEMU,Daily,SBC,KSR BENGALURU,BWT,BANGARAPET JN.,70,01:55,10
66531,BWT-WFD MEMU,MEMU,MEMU,Daily,BWT,BANGARAPET JN.,WFD,WHITEFIELD,47,01:15,6
66532,WFD-MKM MEMU,MEMU,MEMU,Daily,WFD,WHITEFIELD,MKM,MARIKUPPAM,63,01:40,12
66533,MKM-KJM MEMU,MEMU,MEMU,Daily,MKM,MARIKUPPAM,KJM,KRISHNARAJAPURM,72,01:45,13
66534,KJM-KPN MEMU,MEMU,MEMU,Daily,KJM,KRISHNARAJAPURM,KPN,KUPPAM,88,02:00,11
66535,SBC-CPT MEMU,MEMU,MEMU,Daily,SBC,KSR BENGALURU,CPT,CHANNAPATNA,55,01:15,10
66536,CPT-SBC MEMU,MEMU,MEMU,Daily,CPT,CHANNAPATNA,SBC,KSR BENGALURU,55,01:15,10
66537,BWT-SMVB MEMU,MEMU,MEMU,Daily,BWT,BANGARAPET JN.,SMVB,SMVT BENGALURU,64,01:35,7
66538,SMVB-BWT MEMU,MEMU,MEMU,Daily,SMVB,SMVT BENGALURU,BWT,BANGARAPET JN.,64,01:15,8
66539,SBC-AP MEMU,MEMU,MEMU,"Fri,Sat,Sun",SBC,KSR BENGALURU,AP,ASHOKAPURAM,143,03:25,23
66540,AP-SBC MEMU,MEMU,MEMU,"Fri,Sat,Sun",AP,ASHOKAPURAM,SBC,KSR BENGALURU,143,03:50,23
66541,WFD-SBC MEMU,MEMU,MEMU,Daily,WFD,WHITEFIELD,SBC,KSR BENGALURU,23,00:50,6
66542,SBC-WFD MEMU,MEMU,MEMU,Daily,SBC,KSR BENGALURU,WFD,WHITEFIELD,23,00:50,5
66543,KPN-SBC MEMU,MEMU,MEMU,Daily,KPN,KUPPAM,SBC,KSR BENGALURU,102,02:30,15
66544,BAND-KPN MEMU,MEMU,MEMU,Daily,BAND,BANASWADI,KPN,KUPPAM,98,02:25,13
66545,MKM-SBC MEMU,MEMU,MEMU,Daily,MKM,MARIKUPPAM,SBC,KSR BENGALURU,86,03:05,17
66546,SBC-MKM MEMU,MEMU,MEMU,Daily,SBC,KSR BENGALURU,MKM,MARIKUPPAM,86,02:15,16
66547,KJM-MKM MEMU,MEMU,MEMU,Daily,KJM,KRISHNARAJAPURM,MKM,MARIKUPPAM,72,01:50,10
66548,MKM-KJM MEMU,MEMU,MEMU,Daily,MKM,MARIKUPPAM,KJM,KRISHNARAJAPURM,72,01:35,10
66549,JTJ-SBC MEMU,MEMU,MEMU,Daily,JTJ,JOLARPETTAI JN.,SBC,KSR BENGALURU,140,03:40,19
66550,SBC-JTJ MEMU,MEMU,MEMU,Daily,SBC,KSR BENGALURU,JTJ,JOLARPETTAI JN.,140,04:10,18
66551,SBC-MYS MEMU,MEMU,MEMU,Daily,SBC,KSR BENGALURU,MYS,MYSORE JN,138,04:05,22
66552,MYS-SBC MEMU,MEMU,MEMU,Daily,MYS,MYSORE JN,SBC,KSR BENGALURU,138,03:20,22
66553,SBC-AP MEMU,MEMU,MEMU,Daily,SBC,KSR BENGALURU,AP,ASHOKAPURAM,143,03:15,24
66554,AP-SBC MEMU,MEMU,MEMU,Daily,AP,ASHOKAPURAM,SBC,KSR BENGALURU,143,03:30,24
66555,MKM-SBC MEMU,MEMU,MEMU,Daily,MKM,MARIKUPPAM,SBC,KSR BENGALURU,86,02:35,17
66556,SBC-MKM MEMU,MEMU,MEMU,Daily,SBC,KSR BENGALURU,MKM,MARIKUPPAM,86,02:35,16
66557,BWT-MKM MEMU,MEMU,MEMU,Daily,BWT,BANGARAPET JN.,MKM,MARIKUPPAM,16,00:35,7
66558,MKM-BWT MEMU,MEMU,MEMU,Daily,MKM,MARIKUPPAM,BWT,BANGARAPET JN.,16,00:35,7
66559,SBC-ATP MEMU,MEMU,MEMU,Daily,SBC,KSR BENGALURU,ATP,ANANTAPUR,234,05:20,25
66560,ATP-SBC MEMU,MEMU,MEMU,Daily,ATP,ANANTAPUR,SBC,KSR BENGALURU,234,06:20,26
66561,TK-YPR MEMU,MEMU,MEMU,"Mon,Tue,Wed,Thu,Fri,Sat",TK,TUMKUR,YPR,YESVANTPUR JN.,65,01:30,12
66562,YPR-TK MEMU,MEMU,MEMU,"Mon,Tue,Wed,Thu,Fri,Sat",YPR,YESVANTPUR JN.,TK,TUMKUR,65,01:25,12
66563,YPR-HSRA MEMU,MEMU,MEMU,"Mon,Tue,Wed,Thu,Fri,Sat",YPR,YESVANTPUR JN.,HSRA,HOSUR,64,01:45,8
66564,HSRA-YPR MEMU,MEMU,MEMU,"Mon,Tue,Wed,Thu,Fri,Sat",HSRA,HOSUR,YPR,YESVANTPUR JN.,64,01:55,8
66565,BAND-TK MEMU,MEMU,MEMU,Mon,BAND,BANASWADI,TK,TUMKUR,76,02:20,9
66566,TK-BAND MEMU,MEMU,MEMU,Sat,TK,TUMKUR,BAND,BANASWADI,76,01:45,10
66567,SBC-TK MEMU,MEMU,MEMU,Daily,SBC,KSR BENGALURU,TK,TUMKUR,71,01:45,14
66568,TK-SBC MEMU,MEMU,MEMU,Daily,TK,TUMKUR,SBC,KSR BENGALURU,71,01:50,14
66569,YPR-TK MEMU,MEMU,MEMU,Daily,YPR,YESVANTPUR JN.,TK,TUMKUR,65,01:25,12
66570,TK-YPR MEMU,MEMU,MEMU,Daily,TK,TUMKUR,YPR,YESVANTPUR JN.,65,01:15,8
66571,SBC-TK MEMU,MEMU,MEMU,Daily,SBC,KSR BENGALURU,TK,TUMKUR,71,01:55,14
66572,TK-SBC MEMU,MEMU,MEMU,Daily,TK,TUMKUR,SBC,KSR BENGALURU,71,01:45,14
66573,YPR-TK MEMU,MEMU,MEMU,Daily,YPR,YESVANTPUR JN.,TK,TUMKUR,65,01:10,5
66574,TK-YPR MEMU,MEMU,MEMU,Daily,TK,TUMKUR,YPR,YESVANTPUR JN.,65,01:25,12
66575,BAND-TK MEMU,MEMU,MEMU,"Mon,Tue,Wed,Thu,Fri,Sat",BAND,BANASWADI,TK,TUMKUR,78,02:10,11
66576,TK-BAND MEMU,MEMU,MEMU,"Mon,Tue,Wed,Thu,Fri,Sat",TK,TUMKUR,BAND,BANASWADI,78,01:55,8
66577,TK-SMET MEMU,MEMU,MEMU,"Mon,Tue,Wed,Thu,Fri,Sat",TK,TUMKUR,SMET,SHIMOGA TOWN,203,04:40,24
66578,SMET-TK MEMU,MEMU,MEMU,"Mon,Tue,Wed,Thu,Fri,Sat",SMET,SHIMOGA TOWN,TK,TUMKUR,204,04:35,24
66579,SBC-AP MEMU,MEMU,MEMU,Daily,SBC,KSR BENGALURU,AP,ASHOKAPURAM,143,04:10,19
66580,AP-SBC MEMU,MEMU,MEMU,Daily,AP,ASHOKAPURAM,SBC,KSR BENGALURU,143,03:55,19
66581,SBC-BWT MEMU,MEMU,MEMU,Daily,SBC,KSR BENGALURU,BWT,BANGARAPET JN.,70,01:35,9
66582,BWT-SBC MEMU,MEMU,MEMU,Daily,BWT,BANGARAPET JN.,SBC,KSR BENGALURU,70,01:50,10
66583,SBC-DPJ MEMU,MEMU,MEMU,Daily,SBC,KSR BENGALURU,DPJ,DHARMAPURI,151,03:22,14
66584,DPJ-SBC MEMU,MEMU,MEMU,Daily,DPJ,DHARMAPURI,SBC,KSR BENGALURU,151,03:30,15
66585,YPR-HSRA MEMU,MEMU,MEMU,"Mon,Tue,Wed,Thu,Fri,Sat",YPR,YESVANTPUR JN.,HSRA,HOSUR,64,01:45,9
66586,HSRA-YPR MEMU,MEMU,MEMU,"Mon,Tue,Wed,Thu,Fri,Sat",HSRA,HOSUR,YPR,YESVANTPUR JN.,64,01:50,9
66587,BNC-KQZ MEMU,MEMU,MEMU,"Mon,Tue,Wed,Thu,Fri,Sat",BNC,BANGALORE CANT,KQZ,KOLAR,83,02:20,11
66588,KQZ-BNC MEMU,MEMU,MEMU,"Mon,Tue,Wed,Thu,Fri,Sat",KQZ,KOLAR,BNC,BANGALORE CANT,83,02:25,10
66589,BWT-KQZ MEMU,MEMU,MEMU,"Mon,Tue,Wed,Thu,Fri,Sat",BWT,BANGARAPET JN.,KQZ,KOLAR,17,00:30,3
66590,KQZ-BWT MEMU,MEMU,MEMU,"Mon,Tue,Wed,Thu,Fri,Sat",KQZ,KOLAR,BWT,BANGARAPET JN.,17,00:30,3
66591,SBC-KQZ MEMU,MEMU,MEMU,"Mon,Tue,Wed,Thu,Fri,Sat",SBC,KSR BENGALURU,KQZ,KOLAR,158,03:55,22
66592,KQZ-BNC MEMU,MEMU,MEMU,"Mon,Tue,Wed,Thu,Fri,Sat",KQZ,KOLAR,BNC,BANGALORE CANT,154,03:35,22
66593,KQZ-BWT MEMU,MEMU,MEMU,"Mon,Tue,Wed,Thu,Fri,Sat",KQZ,KOLAR,BWT,BANGARAPET JN.,17,00:30,3
66594,BWT-KQZ MEMU,MEMU,MEMU,"Mon,Tue,Wed,Thu,Fri,Sat",BWT,BANGARAPET JN.,KQZ,KOLAR,17,00:30,3
66595,YPR-HSRA MEMU,MEMU,MEMU,"Mon,Tue,Wed,Thu,Fri,Sat",YPR,YESVANTPUR JN.,HSRA,HOSUR,64,01:50,9
66596,HSRA-YPR MEMU,MEMU,MEMU,"Mon,Tue,Wed,Thu,Fri,Sat",HSRA,HOSUR,YPR,YESVANTPUR JN.,64,01:40,9
66597,SBC-AP MEMU,MEMU,MEMU,Daily,SBC,KSR BENGALURU,AP,ASHOKAPURAM,143,03:00,13
66598,AP-SBC MEMU,MEMU,MEMU,Daily,AP,ASHOKAPURAM,SBC,KSR BENGALURU,143,03:45,13
66601,ED-CBE MEMU,MEMU,MEMU,Daily,ED,ERODE JN,CBE,COIMBATORE JN,101,02:30,15
66602,CBE-ED MEMU,MEMU,MEMU,Daily,CBE,COIMBATORE JN,ED,ERODE JN,101,02:25,15
66603,CBE-SRR EMU,MEMU,MEMU,"Mon,Tue,Wed,Thu,Fri,Sat",CBE,COIMBATORE JN,SRR,SHORANUR JN,98,02:35,13
66604,SRR-CBE EMU,MEMU,MEMU,"Mon,Tue,Wed,Thu,Fri,Sat",SRR,SHORANUR JN,CBE,COIMBATORE JN,98,03:10,13
66605,CBE-PGTN MEMU,MEMU,MEMU,"Mon,Tue,Wed,Thu,Fri,Sat",CBE,COIMBATORE JN,PGTN,PALGHAT TOWN,59,01:45,8
66606,PGTN-CBE MEMU,MEMU,MEMU,"Mon,Tue,Wed,Thu,Fri,Sat",PGTN,PALGHAT TOWN,CBE,COIMBATORE JN,58,01:50,8
66607,ED-PGTN MEMU,MEMU,MEMU,"Mon,Tue,Wed,Fri,Sat,Sun",ED,ERODE JN,PGTN,PALGHAT TOWN,159,04:40,22
66608,PGTN-ED MEMU,MEMU,MEMU,"Mon,Tue,Wed,Fri,Sat,Sun",PGTN,PALGHAT TOWN,ED,ERODE JN,159,04:25,22
66609,PGT-ERS MEMU,MEMU,MEMU,"Mon,Wed,Thu,Fri,Sat,Sun",PGT,PALAKKAD JN,ERS,ERNAKULAM JN,151,03:55,27
66610,ERS-PGT MEMU,MEMU,MEMU,"Mon,Wed,Thu,Fri,Sat,Sun",ERS,ERNAKULAM JN,PGT,PALAKKAD JN,151,03:50,27
66611,MTP-PTJ MEMU,MEMU,MEMU,Daily,MTP,METUPALAIYAM,PTJ,PODANUR JN,47,01:10,7
66612,PTJ-MTP MEMU,MEMU,MEMU,Daily,PTJ,PODANUR JN,MTP,METUPALAIYAM,45,01:05,7
66613,MTP-CBE MEMU,MEMU,MEMU,"Mon,Tue,Wed,Thu,Fri,Sat",MTP,METUPALAIYAM,CBE,COIMBATORE JN,41,00:50,6
66614,CBE-MTP MEMU,MEMU,MEMU,"Mon,Tue,Wed,Thu,Fri,Sat",CBE,COIMBATORE JN,MTP,METUPALAIYAM,39,00:45,6
66615,MTP-PTJ MEMU,MEMU,MEMU,Daily,MTP,METUPALAIYAM,PTJ,PODANUR JN,47,01:25,7
66616,PTJ-MTP MEMU,MEMU,MEMU,Daily,PTJ,PODANUR JN,MTP,METUPALAIYAM,45,01:00,7
66617,MTP-CBE MEMU,MEMU,MEMU,Daily,MTP,METUPALAIYAM,CBE,COIMBATORE JN,41,00:45,6
66618,CBE-MTP MEMU,MEMU,MEMU,Daily,CBE,COIMBATORE JN,MTP,METUPALAIYAM,39,00:45,6
66619,MTP-PTJ MEMU,MEMU,MEMU,"Mon,Tue,Wed,Thu,Fri,Sat",MTP,METUPALAIYAM,PTJ,PODANUR JN,47,01:05,7
66620,PTJ-MTP MEMU,MEMU,MEMU,"Mon,Tue,Wed,Thu,Fri,Sat",PTJ,PODANUR JN,MTP,METUPALAIYAM,45,01:00,7
66621,SA-ED MEMU,MEMU,MEMU,"Mon,Tue,Wed,Fri,Sat,Sun",SA,SALEM JN,ED,ERODE JN,59,01:10,5
66622,ED-SA MEMU,MEMU,MEMU,"Mon,Tue,Wed,Fri,Sat,Sun",ED,ERODE JN,SA,SALEM JN,59,01:15,5
66623,PGT-POY MEMU,MEMU,MEMU,"Wed,Thu,Fri,Sat,Sun",PGT,PALAKKAD JN,POY,POLLACHI JN.,58,02:10,8
66624,POY-PGT MEMU,MEMU,MEMU,"Mon,Thu,Fri,Sat,Sun",POY,POLLACHI JN.,PGT,PALAKKAD JN,58,01:55,8
67201,RJY-BZA MEMU,MEMU,MEMU,Daily,RJY,RAJAMUNDRY,BZA,VIJAYAWADA JN,149,04:05,14
67202,BZA-RJY MEMU,MEMU,MEMU,Daily,BZA,VIJAYAWADA JN,RJY,RAJAMUNDRY,149,03:20,14
67203,GDR-RU MEMU,MEMU,MEMU,Daily,GDR,GUDUR JN,RU,RENIGUNTA JN,83,01:55,7
67204,RU-NLR MEMU,MEMU,MEMU,Daily,RU,RENIGUNTA JN,NLR,NELLORE,121,03:30,12
67205,TPTY-KPD PASSENGER MEMU,MEMU,MEMU,Daily,TPTY,TIRUPATI,KPD,KATPADI JN,104,02:35,13
67206,KPD-TPTY PASSENGER MEMU,MEMU,MEMU,Daily,KPD,KATPADI JN,TPTY,TIRUPATI,104,02:50,13
67207,TPTY-KPD PASSENGER MEMU,MEMU,MEMU,Daily,TPTY,TIRUPATI,KPD,KATPADI JN,104,03:10,13
67208,KPD-TPTY PASSENGER MEMU,MEMU,MEMU,Daily,KPD,KATPADI JN,TPTY,TIRUPATI,104,03:10,13
67209,TPTY-KPD PASSENGER MEMU,MEMU,MEMU,Daily,TPTY,TIRUPATI,KPD,KATPADI JN,104,03:10,13
67210,KPD-TPTY PASSENGER MEMU,MEMU,MEMU,Daily,KPD,KATPADI JN,TPTY,TIRUPATI,104,03:20,13
67213,BZA-TEL MEMU,MEMU,MEMU,Daily,BZA,VIJAYAWADA JN,TEL,TENALI JN,32,01:10,7
67214,TEL-BZA MEMU,MEMU,MEMU,Daily,TEL,TENALI JN,BZA,VIJAYAWADA JN,32,01:00,7
67215,BZA-BDCR MEMU,MEMU,MEMU,Daily,BZA,VIJAYAWADA JN,BDCR,BHADRACHALAM RD,177,05:10,24
67216,BDCR-BZA MEMU,MEMU,MEMU,Daily,BDCR,BHADRACHALAM RD,BZA,VIJAYAWADA JN,177,05:20,24
67221,BZA-TEL MEMU,MEMU,MEMU,Daily,BZA,VIJAYAWADA JN,TEL,TENALI JN,32,01:00,7
67222,TEL-BZA MEMU,MEMU,MEMU,Daily,TEL,TENALI JN,BZA,VIJAYAWADA JN,32,01:20,7
67223,GNT-RAL ,MEMU,MEMU,Daily,GNT,GUNTUR JN,RAL,REPALLE,59,01:40,11
67224,RAL-TEL MEMU,MEMU,MEMU,Daily,RAL,REPALLE,TEL,TENALI JN,34,01:00,8
67225,BZA-GDR PASSENGER MEMU,MEMU,MEMU,Daily,BZA,VIJAYAWADA JN,GDR,GUDUR JN,293,07:45,38
67226,GDR-BZA PASSENGER MEMU,MEMU,MEMU,Daily,GDR,GUDUR JN,BZA,VIJAYAWADA JN,293,08:40,41
67227,BZA-MCLA PASSENGER ,MEMU,MEMU,Daily,BZA,VIJAYAWADA JN,MCLA,MACHERLA,162,05:15,19
67228,MCLA-BZA PASSENGER ,MEMU,MEMU,Daily,MCLA,MACHERLA,BZA,VIJAYAWADA JN,162,05:00,19
67229,BZA-GNT MEMU,MEMU,MEMU,Daily,BZA,VIJAYAWADA JN,GNT,GUNTUR JN,35,01:20,6
67230,GNT-BZA MEMU,MEMU,MEMU,Daily,GNT,GUNTUR JN,BZA,VIJAYAWADA JN,35,01:20,6
67231,TEL-RAL MEMU,MEMU,MEMU,Daily,TEL,TENALI JN,RAL,REPALLE,34,01:00,8
67232,RAL-TEL,MEMU,MEMU,Daily,RAL,REPALLE,TEL,TENALI JN,34,01:00,8
67233,TEL-RAL MEMU,MEMU,MEMU,Daily,TEL,TENALI JN,RAL,REPALLE,34,01:00,8
67234,RAL-GNT ,MEMU,MEMU,Daily,RAL,REPALLE,GNT,GUNTUR JN,59,01:55,11
67235,GNT-TEL MEMU,MEMU,MEMU,Daily,GNT,GUNTUR JN,TEL,TENALI JN,25,01:20,4
67236,TEL-GNT MEMU,MEMU,MEMU,Daily,TEL,TENALI JN,GNT,GUNTUR JN,25,00:55,4
67237,TEL-RAL MEMU,MEMU,MEMU,Daily,TEL,TENALI JN,RAL,REPALLE,34,01:00,7
67238,RAL-MRK ,MEMU,MEMU,Daily,RAL,REPALLE,MRK,MARKAPUR ROAD,195,05:35,27
67239,MRK-TEL MEMU,MEMU,MEMU,Daily,MRK,MARKAPUR ROAD,TEL,TENALI JN,161,05:00,22
67241,RJY-BVRM ,MEMU,MEMU,Daily,RJY,RAJAMUNDRY,BVRM,BHIMAVARAM JN,68,02:05,11
67242,BVRM-NDD DMU,MEMU,MEMU,Daily,BVRM,BHIMAVARAM JN,NDD,NIDADAVOLU JN,46,01:30,12
67243,NDD-NS ,MEMU,MEMU,Daily,NDD,NIDADAVOLU JN,NS,NARASAPUR,75,02:50,17
67244,NS-NDD ,MEMU,MEMU,Daily,NS,NARASAPUR,NDD,NIDADAVOLU JN,75,01:55,11
67245,NDD-NS ,MEMU,MEMU,Daily,NDD,NIDADAVOLU JN,NS,NARASAPUR,75,02:20,16
67246,NS-RJY DMU,MEMU,MEMU,Daily,NS,NARASAPUR,RJY,RAJAMUNDRY,100,03:35,14
67247,NS-GNT ,MEMU,MEMU,Daily,NS,NARASAPUR,GNT,GUNTUR JN,175,06:15,34
67248,GNT-BZA MEMU,MEMU,MEMU,Daily,GNT,GUNTUR JN,BZA,VIJAYAWADA JN,35,01:25,6
67249,GNT-RAL ,MEMU,MEMU,Daily,GNT,GUNTUR JN,RAL,REPALLE,59,01:40,11
67250,RAL-GNT DMU,MEMU,MEMU,Daily,RAL,REPALLE,GNT,GUNTUR JN,59,01:50,11
67251,BVRM-MTM DMU,MEMU,MEMU,Daily,BVRM,BHIMAVARAM JN,MTM,MACHILIPATNAM,102,03:50,21
67252,MTM-GDV ,MEMU,MEMU,Daily,MTM,MACHILIPATNAM,GDV,GUDIVADA JN,37,01:05,8
67253,GDV-MTM ,MEMU,MEMU,Daily,GDV,GUDIVADA JN,MTM,MACHILIPATNAM,37,01:00,7
67254,MTM-GDV MEMU,MEMU,MEMU,Daily,MTM,MACHILIPATNAM,GDV,GUDIVADA JN,37,01:00,7
67255,GDV-MTM MEMU,MEMU,MEMU,Daily,GDV,GUDIVADA JN,MTM,MACHILIPATNAM,37,01:05,8
67256,MTM-BZA MEMU,MEMU,MEMU,Daily,MTM,MACHILIPATNAM,BZA,VIJAYAWADA JN,81,02:45,18
67257,BZA-NS ,MEMU,MEMU,Daily,BZA,VIJAYAWADA JN,NS,NARASAPUR,138,03:40,15
67258,BZA-NS ,MEMU,MEMU,Daily,BZA,VIJAYAWADA JN,NS,NARASAPUR,138,04:25,29
67259,BZA-BTTR MEMU,MEMU,MEMU,Daily,BZA,VIJAYAWADA JN,BTTR,BITRAGUNTA,221,06:30,33
67260,BTTR-BZA MEMU,MEMU,MEMU,Daily,BTTR,BITRAGUNTA,BZA,VIJAYAWADA JN,221,05:35,33
67261,RJY-BZA MEMU,MEMU,MEMU,Daily,RJY,RAJAMUNDRY,BZA,VIJAYAWADA JN,149,03:55,14
67262,BZA-RJY MEMU,MEMU,MEMU,Daily,BZA,VIJAYAWADA JN,RJY,RAJAMUNDRY,149,05:35,14
67263,BZA-MTM MEMU,MEMU,MEMU,Daily,BZA,VIJAYAWADA JN,MTM,MACHILIPATNAM,80,02:35,18
67264,MTM-BZA ,MEMU,MEMU,Daily,MTM,MACHILIPATNAM,BZA,VIJAYAWADA JN,81,02:30,17
67265,BZA-MTM ,MEMU,MEMU,Daily,BZA,VIJAYAWADA JN,MTM,MACHILIPATNAM,80,02:35,18
67266,MTM-BZA ,MEMU,MEMU,Daily,MTM,MACHILIPATNAM,BZA,VIJAYAWADA JN,81,02:25,16
67267,BZA-MTM MEMU,MEMU,MEMU,Daily,BZA,VIJAYAWADA JN,MTM,MACHILIPATNAM,80,02:30,16
67268,MTM-BZA DMU,MEMU,MEMU,Daily,MTM,MACHILIPATNAM,BZA,VIJAYAWADA JN,81,02:05,10
67269,BZA-MTM ,MEMU,MEMU,Daily,BZA,VIJAYAWADA JN,MTM,MACHILIPATNAM,80,02:45,10
67270,MTM-BZA ,MEMU,MEMU,Daily,MTM,MACHILIPATNAM,BZA,VIJAYAWADA JN,81,02:35,18
67271,MTM-GDV,MEMU,MEMU,Daily,MTM,MACHILIPATNAM,GDV,GUDIVADA JN,37,01:10,5
67272,GDV-MTM MEMU,MEMU,MEMU,Daily,GDV,GUDIVADA JN,MTM,MACHILIPATNAM,37,01:05,8
67273,BZA-OGL MEMU,MEMU,MEMU,Daily,BZA,VIJAYAWADA JN,OGL,ONGOLE,138,04:15,26
67274,OGL-BZA MEMU,MEMU,MEMU,Daily,OGL,ONGOLE,BZA,VIJAYAWADA JN,138,04:25,26
67275,BZA-BVRM ,MEMU,MEMU,Daily,BZA,VIJAYAWADA JN,BVRM,BHIMAVARAM JN,109,03:20,24
67276,NS-BZA ,MEMU,MEMU,Daily,NS,NARASAPUR,BZA,VIJAYAWADA JN,139,03:55,23
67277,BVRM-NDD DMU,MEMU,MEMU,Daily,BVRM,BHIMAVARAM JN,NDD,NIDADAVOLU JN,46,01:25,11
67278,NDD-BVRM ,MEMU,MEMU,Daily,NDD,NIDADAVOLU JN,BVRM,BHIMAVARAM JN,46,01:15,6
67279,NS-NDD ,MEMU,MEMU,Daily,NS,NARASAPUR,NDD,NIDADAVOLU JN,75,02:00,8
67280,NDD-NS PASSENGER ,MEMU,MEMU,Daily,NDD,NIDADAVOLU JN,NS,NARASAPUR,75,01:50,8
67281,BZA-BVRM ,MEMU,MEMU,Daily,BZA,VIJAYAWADA JN,BVRM,BHIMAVARAM JN,109,03:40,24
67282,BVRM-BZA DMU,MEMU,MEMU,Daily,BVRM,BHIMAVARAM JN,BZA,VIJAYAWADA JN,110,03:10,13
67283,BVRM-NDD DMU,MEMU,MEMU,Daily,BVRM,BHIMAVARAM JN,NDD,NIDADAVOLU JN,46,01:30,12
67284,NDD-BVRM ,MEMU,MEMU,Daily,NDD,NIDADAVOLU JN,BVRM,BHIMAVARAM JN,46,01:30,11
67285,RJY-VSKP PASSENGER MEMU,MEMU,MEMU,Daily,RJY,RAJAMUNDRY,VSKP,VISAKHAPATNAM,201,06:40,22
67286,VSKP-RJY PASSENGER MEMU,MEMU,MEMU,Daily,VSKP,VISAKHAPATNAM,RJY,RAJAMUNDRY,201,06:15,22
67287,VSKP-VZM PASSENGER,MEMU,MEMU,Daily,VSKP,VISAKHAPATNAM,VZM,VIZIANAGRAM JN,61,01:20,9
67288,VZM-VSKP PSG,MEMU,MEMU,Daily,VZM,VIZIANAGRAM JN,VSKP,VISAKHAPATNAM,61,01:30,10
67289,VSKP-PSA PSG,MEMU,MEMU,Daily,VSKP,VISAKHAPATNAM,PSA,PALASA,203,05:16,26
67290,PSA-VSKP PASS,MEMU,MEMU,Daily,PSA,PALASA,VSKP,VISAKHAPATNAM,203,04:30,52
67301,RJY-COA,MEMU,MEMU,Daily,RJY,RAJAMUNDRY,COA,KAKINADA PORT,64,02:00,8
67302,COA-RJY,MEMU,MEMU,Daily,COA,KAKINADA PORT,RJY,RAJAMUNDRY,64,02:00,8
67759,SC-CT MEMU,MEMU,MEMU,Daily,SC,SECUNDERABAD JN,CT,CHITTAPUR,170,04:40,20
67760,CT-SC MEMU,MEMU,MEMU,Daily,CT,CHITTAPUR,SC,SECUNDERABAD JN,170,04:15,20
67761,SC-WL MEMU,MEMU,MEMU,Daily,SC,SECUNDERABAD JN,WL,WARANGAL,142,03:40,16
67762,WL-SC MEMU,MEMU,MEMU,Daily,WL,WARANGAL,SC,SECUNDERABAD JN,142,04:10,18
67763,SC-KZJ MEMU,MEMU,MEMU,Daily,SC,SECUNDERABAD JN,KZJ,KAZIPET JN,131,03:05,14
67764,KZJ-SC MEMU,MEMU,MEMU,Daily,KZJ,KAZIPET JN,SC,SECUNDERABAD JN,131,03:35,14
67765,KZJ-DKJ MEMU,MEMU,MEMU,Daily,KZJ,KAZIPET JN,DKJ,DORNAKAL JN,97,02:05,12
67766,DKJ-KZJ MEMU,MEMU,MEMU,Daily,DKJ,DORNAKAL JN,KZJ,KAZIPET JN,97,02:05,12
67767,DKJ-BZA MEMU,MEMU,MEMU,Daily,DKJ,DORNAKAL JN,BZA,VIJAYAWADA JN,122,03:00,16
67768,BZA-DKJ MEMU,MEMU,MEMU,Daily,BZA,VIJAYAWADA JN,DKJ,DORNAKAL JN,122,03:20,17
67769,BZA-GNT MEMU,MEMU,MEMU,Daily,BZA,VIJAYAWADA JN,GNT,GUNTUR JN,35,01:25,6
67770,GNT-BZA MEMU,MEMU,MEMU,Daily,GNT,GUNTUR JN,BZA,VIJAYAWADA JN,35,01:20,6
67771,SRUR-KRMR MEMU,MEMU,MEMU,Daily,SRUR,SIRPUR TOWN,KRMR,KARIMNAGAR OA,143,03:35,14
67772,KRMR-SRUR MEMU,MEMU,MEMU,Daily,KRMR,KARIMNAGAR OA,SRUR,SIRPUR TOWN,143,03:35,14
67773,KRMR-BDHN MEMU,MEMU,MEMU,Daily,KRMR,KARIMNAGAR,BDHN,BODHAN,169,05:20,12
67774,BDHN-KRMR MEMU,MEMU,MEMU,Daily,BDHN,BODHAN,KRMR,KARIMNAGAR,169,03:40,12
67775,KCG-MRGA MEMU,MEMU,MEMU,Daily,KCG,KACHEGUDA,MRGA,MIRYALAGUDA,148,04:15,17
67776,MRGA-KCG MEMU,MEMU,MEMU,Daily,MRGA,MIRYALAGUDA,KCG,KACHEGUDA,148,04:45,17
67777,MRGA-NDKD MEMU,MEMU,MEMU,Daily,MRGA,MIRYALAGUDA,NDKD,NADIKODE,39,02:00,3
67778,NDKD-MRGA MEMU,MEMU,MEMU,Daily,NDKD,NADIKODE,MRGA,MIRYALAGUDA,39,00:40,4
67779,KCG-NDKD ,MEMU,MEMU,"Mon,Tue,Wed,Thu,Fri,Sun",KCG,KACHEGUDA,NDKD,NADIKODE,187,05:00,20
67780,NDKD-KCG DMU,MEMU,MEMU,"Mon,Tue,Wed,Thu,Fri,Sun",NDKD,NADIKODE,KCG,KACHEGUDA,187,05:05,21
67781,KCG-MBNR MEMU,MEMU,MEMU,Daily,KCG,KACHEGUDA,MBNR,MAHBUBNAGAR,106,02:10,17
67782,MBNR-KCG PASSENGER MEMU,MEMU,MEMU,Daily,MBNR,MAHBUBNAGAR,KCG,KACHEGUDA,106,02:25,21
67783,RC-GWD,MEMU,MEMU,"Mon,Tue,Wed,Thu,Fri,Sun",RC,RAICHUR,GWD,GADWAL,57,01:20,3
67784,GWD-RC ,MEMU,MEMU,"Mon,Tue,Wed,Thu,Fri,Sun",GWD,GADWAL,RC,RAICHUR,57,01:30,3
67785,FM-WADI ,MEMU,MEMU,Daily,FM,FALAKNUMA,WADI,WADI JN.,199,06:30,31
67786,WADI-KCG ,MEMU,MEMU,Daily,WADI,WADI JN.,KCG,KACHEGUDA,193,05:10,27
67787,KCG-RC ,MEMU,MEMU,Daily,KCG,KACHEGUDA,RC,RAICHUR,221,05:05,31
67788,RC-KCG ,MEMU,MEMU,Daily,RC,RAICHUR,KCG,KACHEGUDA,221,06:10,31
67789,MAS-AJJ MEMU,MEMU,MEMU,"Mon,Tue,Wed,Thu,Fri",MAS,PURATCHI THALAIVAR DR. MGR CTL,AJJ,ARAKKONAM JN.,69,01:30,10
67790,AJJ-MASS MEMU,MEMU,MEMU,"Mon,Tue,Wed,Thu,Fri",AJJ,ARAKKONAM JN.,MASS,CHENNAI CENTRAL SUBURBAN STATION,69,01:40,10
68001,SRC-JGM MEMU,MEMU,MEMU,"Mon,Tue,Wed,Thu,Fri",SRC,SANTRAGACHI JN,JGM,JHARGRAM,147,03:10,15
68002,JER-HWH MEMU,MEMU,MEMU,Daily,JER,JALESWAR,HWH,HOWRAH JN,190,03:50,21
68003,TATA-GUA MEMU,MEMU,MEMU,"Mon,Tue,Wed,Thu,Fri,Sat",TATA,TATANAGAR JN,GUA,GUA,150,03:40,18
68004,GUA-TATA MEMU,MEMU,MEMU,"Mon,Tue,Wed,Thu,Fri,Sat",GUA,GUA,ADTP,ADITYAPUR,144,03:35,17
68006,TATA KGP MEMU PASS ,MEMU,MEMU,Daily,TATA,TATANAGAR JN,KGP,KHARAGPUR JN,134,04:10,19
68007,HWH-JER MEMU,MEMU,MEMU,Daily,HWH,HOWRAH JN,JER,JALESWAR,190,04:00,24
68008,JGM-SRC MEMU,MEMU,MEMU,"Mon,Tue,Wed,Thu,Fri",JGM,JHARGRAM,SRC,SANTRAGACHI JN,147,03:10,15
68009,TATA-CKP MEMU,MEMU,MEMU,Daily,ADTP,ADITYAPUR,CKP,CHAKARADHARPUR,58,01:45,8
68010,CKP-TATA MEMU PASS ,MEMU,MEMU,Daily,CKP,CHAKARADHARPUR,TATA,TATANAGAR JN,62,01:50,9
68011,KGP-TATA MEMU,MEMU,MEMU,Daily,KGP,KHARAGPUR JN,TATA,TATANAGAR JN,134,02:50,17
68013,KGP-TATA MEMU,MEMU,MEMU,Daily,KGP,KHARAGPUR JN,TATA,TATANAGAR JN,134,02:40,19
68014,TATA-KGP MEMU,MEMU,MEMU,Daily,TATA,TATANAGAR JN,KGP,KHARAGPUR JN,134,03:30,19
68015,KGP-TATA MEMU,MEMU,MEMU,Daily,KGP,KHARAGPUR JN,TATA,TATANAGAR JN,134,02:55,17
68016,TATA-KGP MEMU,MEMU,MEMU,Daily,TATA,TATANAGAR JN,KGP,KHARAGPUR JN,134,02:45,18
68017,RNC-LAD MEMU,MEMU,MEMU,Daily,RNC,RANCHI,LAD,LOHARDAGA  BS,66,01:30,10
68018,LAD-RNC MEMU,MEMU,MEMU,Daily,LAD,LOHARDAGA  BS,RNC,RANCHI,67,01:50,10
68019,TATA-GUA MEMU PAS,MEMU,MEMU,Daily,ADTP,ADITYAPUR,GUA,GUA,144,03:50,17
68020,GUA-TATA MEMU PASS,MEMU,MEMU,Daily,GUA,GUA,ADTP,ADITYAPUR,144,05:35,17
68021,KGP-BLS MEMU,MEMU,MEMU,"Mon,Tue,Wed,Thu,Fri,Sat",KGP,KHARAGPUR JN,BLS,BALASORE,121,02:25,18
68022,BLS-KGP MEMU,MEMU,MEMU,"Mon,Tue,Wed,Thu,Fri,Sat",BLS,BALASORE,KGP,KHARAGPUR JN,121,03:05,18
68023,JGM-PRR MEMU,MEMU,MEMU,"Mon,Tue,Wed,Thu,Fri,Sat",JGM,JHARGRAM,PRR,PURULIA JN.,186,04:35,28
68024,PRR-JGM MEMU,MEMU,MEMU,"Mon,Tue,Wed,Thu,Fri,Sat",PRR,PURULIA JN.,JGM,JHARGRAM,186,05:05,27
68025,CKP-ROU MEMU,MEMU,MEMU,Daily,CKP,CHAKARADHARPUR,ROU,ROURKELA,101,02:20,14
68026,ROU-CKP MEMU,MEMU,MEMU,Daily,ROU,ROURKELA,CKP,CHAKARADHARPUR,101,02:35,14
68027,RNC-TORI MEMU,MEMU,MEMU,Daily,RNC,RANCHI,TORI,TORI,110,02:35,14
68028,TORI-RNC MEMU,MEMU,MEMU,Daily,TORI,TORI,RNC,RANCHI,111,02:25,14
68029,ROU-JSG MEMU,MEMU,MEMU,Daily,ROU,ROURKELA,JSG,JHARSUGUDA JN,102,04:15,15
68030,JSG-ROU MEMU,MEMU,MEMU,Daily,JSG,JHARSUGUDA JN,ROU,ROURKELA,102,02:30,15
68031,JSG-SBP MEMU,MEMU,MEMU,Daily,JSG,JHARSUGUDA JN,SBP,SAMBALPUR JN.,49,01:25,8
68032,SBP-JSG MEMU,MEMU,MEMU,Daily,SBP,SAMBALPUR JN.,JSG,JHARSUGUDA JN,49,01:35,8
68033,JSG-SBP MEMU,MEMU,MEMU,Daily,JSG,JHARSUGUDA JN,SBP,SAMBALPUR JN.,49,01:20,8
68034,SBP-JSG MEMU,MEMU,MEMU,Daily,SBP,SAMBALPUR JN.,JSG,JHARSUGUDA JN,49,01:20,8
68035,ADTP - HTE MEMU ,MEMU,MEMU,Daily,ADTP,ADITYAPUR,HTE,HATIA,169,06:25,25
68036,HTE-ADTP MEMU,MEMU,MEMU,Daily,HTE,HATIA,ADTP,ADITYAPUR,167,05:40,25
68037,RNC-LAD MEMU,MEMU,MEMU,Daily,RNC,RANCHI,LAD,LOHARDAGA  BS,66,01:30,10
68038,LAD-RNC MEMU,MEMU,MEMU,Daily,LAD,LOHARDAGA  BS,RNC,RANCHI,67,01:20,7
68039,RNC-LAD MEMU,MEMU,MEMU,Daily,RNC,RANCHI,LAD,LOHARDAGA  BS,66,01:25,10
68040,LAD-RNC MEMU,MEMU,MEMU,Daily,LAD,LOHARDAGA  BS,RNC,RANCHI,67,01:35,10
68041,ADRA-BRKA MEMU,MEMU,MEMU,Daily,ADRA,ADRA,BRKA,BARKA KANA,157,04:55,23
68042,BRKA-ADRA MEMU,MEMU,MEMU,Daily,BRKA,BARKA KANA,ADRA,ADRA,158,05:10,23
68043,TATA-ROU MEMU,MEMU,MEMU,"Mon,Tue,Wed,Thu,Fri,Sun",TATA,TATANAGAR JN,ROU,ROURKELA,163,04:15,21
68044,ROU-TATA MEMU,MEMU,MEMU,"Mon,Tue,Wed,Thu,Fri,Sat",ROU,ROURKELA,TATA,TATANAGAR JN,163,04:10,21
68045,ADRA-ASN MEMU,MEMU,MEMU,Daily,ADRA,ADRA,ASN,ASANSOL JN.,41,01:26,9
68046,ASN-ADRA MEMU,MEMU,MEMU,Daily,ASN,ASANSOL JN.,ADRA,ADRA,41,01:25,9
68047,KGP-BLDA MEMU,MEMU,MEMU,Daily,KGP,KHARAGPUR JN,BLDA,BELDA,41,01:10,6
68048,BLDA-KGP MEMU,MEMU,MEMU,Daily,BLDA,BELDA,KGP,KHARAGPUR JN,41,00:55,6
68049,KGP-BHC MEMU,MEMU,MEMU,Daily,KGP,KHARAGPUR JN,BHC,BHADRAKH,180,03:50,28
68050,BHC-KGP MEMU,MEMU,MEMU,Daily,BHC,BHADRAKH,KGP,KHARAGPUR JN,180,04:05,28
68051,BLS-BHC MEMU,MEMU,MEMU,Daily,BLS,BALASORE,BHC,BHADRAKH,59,01:35,10
68052,BHC-BLS MEMU,MEMU,MEMU,Daily,BHC,BHADRAKH,BLS,BALASORE,59,01:25,10
68053,ADRA-BBM MEMU,MEMU,MEMU,Daily,ADRA,ADRA,BBM,BARABHUM,71,01:35,11
68054,BBM-ADRA MEMU,MEMU,MEMU,Daily,BBM,BARABHUM,ADRA,ADRA,71,01:40,11
68055,ASN-TATA MEMU,MEMU,MEMU,Daily,ASN,ASANSOL JN.,TATA,TATANAGAR JN,171,05:45,29
68056,TATA-ASN MEMU,MEMU,MEMU,Daily,TATA,TATANAGAR JN,ASN,ASANSOL JN.,171,05:05,29
68057,ADRA PRR MEMU SPL,MEMU,MEMU,Daily,ADRA,ADRA,PRR,PURULIA JN.,39,01:05,7
68058,PRR-ADRA MEMU,MEMU,MEMU,Daily,PRR,PURULIA JN.,ADRA,ADRA,39,01:10,7
68059,BBM-ASN MEMU,MEMU,MEMU,Daily,BBM,BARABHUM,ASN,ASANSOL JN.,112,03:20,19
68060,ASN-BBM MEMU,MEMU,MEMU,Daily,ASN,ASANSOL JN.,BBM,BARABHUM,112,03:25,19
68061,ADRA-ASN MEMU,MEMU,MEMU,Daily,ADRA,ADRA,ASN,ASANSOL JN.,41,01:20,9
68062,ASN-ADRA MEMU,MEMU,MEMU,Daily,ASN,ASANSOL JN.,ADRA,ADRA,41,01:25,9
68063,ADRA-ASN MEMU,MEMU,MEMU,Daily,ADRA,ADRA,ASN,ASANSOL JN.,41,01:20,9
68064,ASN-ADRA MEMU,MEMU,MEMU,Daily,ASN,ASANSOL JN.,ADRA,ADRA,41,01:25,9
68065,ADRA-ASN MEMU,MEMU,MEMU,Daily,ADRA,ADRA,ASN,ASANSOL JN.,41,01:20,9
68066,ASN-ADRA MEMU,MEMU,MEMU,Daily,ASN,ASANSOL JN.,ADRA,ADRA,41,01:35,9
68067,ADRA-ASN MEMU,MEMU,MEMU,Daily,ADRA,ADRA,ASN,ASANSOL JN.,41,01:15,9
68068,ASN-ADRA MEMU,MEMU,MEMU,Daily,ASN,ASANSOL JN.,ADRA,ADRA,41,01:37,9
68069,ADRA-ASN MEMU,MEMU,MEMU,Daily,ADRA,ADRA,ASN,ASANSOL JN.,41,01:15,9
68070,ASN-ADRA MEMU,MEMU,MEMU,Daily,ASN,ASANSOL JN.,ADRA,ADRA,41,01:20,9
68071,ADRA-KNF MEMU,MEMU,MEMU,Daily,ADRA,ADRA,KNF,KHANODIH,70,02:20,16
68072,VAA ADRA MEMU ,MEMU,MEMU,Daily,VAA,BHAGA JN,ADRA,ADRA,41,01:50,9
68073,BJE-VAA MEMU,MEMU,MEMU,Daily,BJE,BHOJUDIH JN.,VAA,BHAGA JN,11,01:00,5
68074,KNF-BJE MEMU,MEMU,MEMU,Daily,KNF,KHANODIH,BJE,BHOJUDIH JN.,40,01:40,12
68075,ADRA-BJE MEMU,MEMU,MEMU,Daily,ADRA,ADRA,BJE,BHOJUDIH JN.,30,01:10,5
68076,BJE-ADRA MEMU,MEMU,MEMU,Daily,BJE,BHOJUDIH JN.,ADRA,ADRA,30,01:00,5
68077,ADRA-VAA MEMU,MEMU,MEMU,Daily,ADRA,ADRA,VAA,BHAGA JN,41,01:20,9
68078,VAA-ADRA MEMU,MEMU,MEMU,Daily,VAA,BHAGA JN,ADRA,ADRA,41,01:20,9
68079,BJE-CRP MEMU,MEMU,MEMU,Daily,BJE,BHOJUDIH JN.,CRP,CHANDRAPURA,38,01:55,7
68080,CRP-BJE MEMU,MEMU,MEMU,Daily,CRP,CHANDRAPURA,BJE,BHOJUDIH JN.,38,02:05,7
68081,BQA-ADRA MEMU,MEMU,MEMU,Daily,BQA,BANKURA,ADRA,ADRA,53,01:05,8
68082,ADRA VSU PASS SPL,MEMU,MEMU,Daily,ADRA,ADRA,VSU,BISHNUPUR,84,01:50,13
68083,VSU-ADRA MEMU,MEMU,MEMU,Daily,VSU,BISHNUPUR,ADRA,ADRA,83,01:40,14
68084,ADRA-VSU MEMU,MEMU,MEMU,Daily,ADRA,ADRA,VSU,BISHNUPUR,84,02:00,14
68085,TATA-BRKA MEMU PASS,MEMU,MEMU,Daily,TATA,TATANAGAR JN,BRKA,BARKA KANA,162,06:25,26
68086,BRKA-TATA MEMU PASS,MEMU,MEMU,Daily,BRKA,BARKA KANA,TATA,TATANAGAR JN,162,06:05,26
68087,VSU-DHN MEMU,MEMU,MEMU,Daily,VSU,BISHNUPUR,DHN,DHANBAD JN,149,04:55,25
68088,DHN-BQA MEMU,MEMU,MEMU,Daily,DHN,DHANBAD JN,BQA,BANKURA,119,03:55,40
68089,MDN-ADRA MEMU,MEMU,MEMU,Daily,MDN,MIDNAPORE,ADRA,ADRA,155,02:50,42
68090,ADRA-MDN MEMU,MEMU,MEMU,Daily,ADRA,ADRA,MDN,MIDNAPORE,156,03:15,21
68091,KGP JGM MEMU ,MEMU,MEMU,"Mon,Tue,Wed,Thu,Fri,Sun",KGP,KHARAGPUR JN,JGM,JHARGRAM,38,00:50,6
68092,JGM-KGP MEMU,MEMU,MEMU,"Mon,Tue,Wed,Thu,Fri,Sun",JGM,JHARGRAM,KGP,KHARAGPUR JN,38,00:58,6
68093,KGP-JGM MEMU,MEMU,MEMU,"Mon,Tue,Wed,Thu,Fri,Sat",KGP,KHARAGPUR JN,JGM,JHARGRAM,38,00:50,6
68094,JGM-KGP MEMU,MEMU,MEMU,"Mon,Tue,Wed,Thu,Fri,Sat",JGM,JHARGRAM,KGP,KHARAGPUR JN,38,01:03,6
68095,JRBI-BQA MEMU,MEMU,MEMU,Daily,JRBI,JAYRAMBATI,BQA,BANKURA,68,01:50,10
68096,BQA-JRBI MEMU,MEMU,MEMU,Daily,BQA,BANKURA,JRBI,JAYRAMBATI,69,01:35,10
68097,GBA-ADRA MEMU,MEMU,MEMU,Daily,GBA,GARBETA,ADRA,ADRA,108,02:00,16
68098,ADRA-GBA MEMU,MEMU,MEMU,Daily,ADRA,ADRA,GBA,GARBETA,109,02:30,16
68101,KGP-ADRA MEMU,MEMU,MEMU,Daily,KGP,KHARAGPUR JN,ADRA,ADRA,168,04:05,23
68102,ADRA-KGP MEMU,MEMU,MEMU,Daily,ADRA,ADRA,KGP,KHARAGPUR JN,169,03:50,23
68103,MSAE-BQA MEMU,MEMU,MEMU,"Mon,Tue,Wed,Thu,Fri",MSAE,MASAGRAM,BQA,BANKURA,118,03:15,32
68104,BQA-MSAE MEMU,MEMU,MEMU,Daily,BQA,BANKURA,MSAE,MASAGRAM,118,03:20,32
68105,MSAE-BQA MEMU,MEMU,MEMU,Daily,MSAE,MASAGRAM,BQA,BANKURA,118,03:10,32
68106,BQA-MSAE MEMU,MEMU,MEMU,"Mon,Tue,Wed,Thu,Fri",BQA,BANKURA,MSAE,MASAGRAM,118,03:15,32
68107,MSAE-BQA MEMU,MEMU,MEMU,"Mon,Tue,Wed,Thu,Fri",MSAE,MASAGRAM,BQA,BANKURA,118,03:10,32
68108,BQA-MSAE MEMU,MEMU,MEMU,Daily,BQA,BANKURA,MSAE,MASAGRAM,118,03:10,32
68109,SONA-BQA MEMU,MEMU,MEMU,"Mon,Tue,Wed,Thu,Fri",SONA,SONAMUKHI PH,BQA,BANKURA,41,01:00,10
68110,BQA-SONA MEMU,MEMU,MEMU,"Mon,Tue,Wed,Thu,Fri",BQA,BANKURA,SONA,SONAMUKHI PH,41,01:00,10
68111,MSAE-BQA MEMU,MEMU,MEMU,Daily,MSAE,MASAGRAM,BQA,BANKURA,118,03:20,32
68112,BQA-MSAE MEMU,MEMU,MEMU,"Mon,Tue,Wed,Thu,Fri,Sun",BQA,BANKURA,MSAE,MASAGRAM,118,03:00,32
68113,MCA-DGHA EMU,EMU,EMU,Daily,MCA,MECHEDA,DGHA,DIGHA,133,03:00,23
68114,DGHA-PKU EMU,EMU,EMU,Daily,DGHA,DIGHA,PKU,PANSKURA,120,02:25,19
68115,PKU-DGHA MEMU,MEMU,MEMU,Daily,PKU,PANSKURA,DGHA,DIGHA,120,02:45,19
68116,DGHA-PKU MEMU,MEMU,MEMU,Daily,DGHA,DIGHA,PKU,PANSKURA,120,02:30,19
68117,PKU-DGHA EMU,EMU,EMU,Daily,PKU,PANSKURA,DGHA,DIGHA,120,02:35,19
68118,DGHA-MCA EMU,EMU,EMU,Daily,DGHA,DIGHA,MCA,MECHEDA,133,03:00,23
68119,PKU-DGHA EMU,EMU,EMU,"Mon,Tue,Wed,Thu",PKU,PANSKURA,DGHA,DIGHA,120,02:40,19
68120,DGHA-PKU EMU,EMU,EMU,"Mon,Tue,Wed,Thu",DGHA,DIGHA,PKU,PANSKURA,120,02:20,19
68121,HWH-PRR MEMU,MEMU,MEMU,"Mon,Tue,Wed,Thu,Sat,Sun",HWH,HOWRAH JN,PRR,PURULIA JN.,283,07:40,50
68122,PRR-HWH MEMU,MEMU,MEMU,"Mon,Tue,Wed,Thu,Fri,Sun",PRR,PURULIA JN.,HWH,HOWRAH JN,283,07:40,50
68123,KGP-TATA MEMU PASS,MEMU,MEMU,Daily,KGP,KHARAGPUR JN,TATA,TATANAGAR JN,134,03:05,19
68124,TATA-KGP MEMU PASS,MEMU,MEMU,Daily,TATA,TATANAGAR JN,KGP,KHARAGPUR JN,134,03:30,19
68125,TATA-BBN MEMU PASS,MEMU,MEMU,Daily,TATA,TATANAGAR JN,BBN,BARBIL,152,04:15,17
68126,BBN-TATA MEMU PASS,MEMU,MEMU,Daily,BBN,BARBIL,TATA,TATANAGAR JN,150,03:55,17
68127,CKU-TATA MEMU,MEMU,MEMU,"Mon,Tue,Wed,Thu,Fri,Sun",CKU,CHAKULIA,TATA,TATANAGAR JN,67,02:00,10
68128,TATA-CKU MEMU,MEMU,MEMU,"Mon,Tue,Wed,Thu,Fri,Sat",TATA,TATANAGAR JN,CKU,CHAKULIA,67,02:05,10
68129,TATA-BMPR MEMU,MEMU,MEMU,"Mon,Tue,Wed,Thu,Fri,Sat",TATA,TATANAGAR JN,BMPR,BADAMPAHAR,89,02:30,9
68130,BMPR-TATA MEMU,MEMU,MEMU,"Mon,Tue,Wed,Thu,Fri,Sat",BMPR,BADAMPAHAR,TATA,TATANAGAR JN,89,02:30,9
68131,TATA-BMPR MEMU,MEMU,MEMU,Daily,TATA,TATANAGAR JN,BMPR,BADAMPAHAR,109,03:20,11
68132,BMPR-TATA MEMU,MEMU,MEMU,Daily,BMPR,BADAMPAHAR,TATA,TATANAGAR JN,109,03:15,11
68133,TATA-BMPR MEMU,MEMU,MEMU,"Mon,Tue,Wed,Thu,Fri,Sat",TATA,TATANAGAR JN,BMPR,BADAMPAHAR,89,02:30,9
68134,BMPR-TATA MEMU,MEMU,MEMU,"Mon,Tue,Wed,Thu,Fri,Sat",BMPR,BADAMPAHAR,TATA,TATANAGAR JN,89,02:20,9
68135,TATA-BMPR MEMU,MEMU,MEMU,Daily,TATA,TATANAGAR JN,BMPR,BADAMPAHAR,109,02:50,11
68136,BMPR-TATA MEMU,MEMU,MEMU,Daily,BMPR,BADAMPAHAR,TATA,TATANAGAR JN,89,02:10,9
68137,TATA-CBSA MEMU,MEMU,MEMU,Daily,TATA,TATANAGAR JN,CBSA,CHAIBASA,64,02:05,9
68138,CBSA-TATA MEMU,MEMU,MEMU,Daily,CBSA,CHAIBASA,TATA,TATANAGAR JN,62,02:25,9
68173,ROP-VZR MEMU,MEMU,MEMU,"Mon,Tue,Wed,Thu,Fri,Sun",ROP,RUPSA JN,VZR,BHANJPUR,55,01:35,9
68174,VZR-ROP MEMU,MEMU,MEMU,"Mon,Tue,Wed,Thu,Fri,Sat",VZR,BHANJPUR,ROP,RUPSA JN,55,01:25,5
68175,ROP-VZR MEMU,MEMU,MEMU,"Mon,Tue,Wed,Thu,Fri,Sat",ROP,RUPSA JN,VZR,BHANJPUR,55,01:20,9
68176,VZR-ROP MEMU,MEMU,MEMU,"Mon,Tue,Wed,Thu,Fri,Sat",VZR,BHANJPUR,ROP,RUPSA JN,55,01:25,9
68177,ROP-BPO MEMU,MEMU,MEMU,"Mon,Tue,Wed,Thu,Fri,Sat",ROP,RUPSA JN,BPO,BARIPADA,52,01:05,8
68178,BGY-BPO MEMU,MEMU,MEMU,"Mon,Tue,Wed,Thu,Fri,Sat",BGY,BANGRIPOSI,BPO,BARIPADA,37,00:48,6
68179,BPO-BGY MEMU,MEMU,MEMU,"Mon,Tue,Wed,Thu,Fri,Sat",BPO,BARIPADA,BGY,BANGRIPOSI,37,00:55,6
68180,BPO-BLS MEMU,MEMU,MEMU,"Mon,Tue,Wed,Thu,Fri,Sat",BPO,BARIPADA,BLS,BALASORE,69,01:55,11
68181,BLS-BPO MEMU,MEMU,MEMU,"Mon,Tue,Wed,Thu,Fri,Sun",BLS,BALASORE,BPO,BARIPADA,69,01:30,11
68182,BGY-BPO MEMU,MEMU,MEMU,"Mon,Tue,Wed,Thu,Fri,Sun",BGY,BANGRIPOSI,BPO,BARIPADA,37,00:50,6
68183,BPO-BGY MEMU,MEMU,MEMU,"Mon,Tue,Wed,Thu,Fri,Sun",BPO,BARIPADA,BGY,BANGRIPOSI,37,00:45,6
68184,BPO-ROP MEMU,MEMU,MEMU,"Mon,Tue,Wed,Thu,Fri,Sun",BPO,BARIPADA,ROP,RUPSA JN,52,01:10,8
68185,BLS-GPNB MEMU,MEMU,MEMU,Daily,BLS,BALASORE,GPNB,GOPINATHPUR NILGIRI,16,00:40,3
68186,GPNB-BLS MEMU,MEMU,MEMU,Daily,GPNB,GOPINATHPUR NILGIRI,BLS,BALASORE,16,00:50,3
68187,BLS-GPNB MEMU,MEMU,MEMU,Daily,BLS,BALASORE,GPNB,GOPINATHPUR NILGIRI,16,00:40,3
68188,GPNB-BLS MEMU,MEMU,MEMU,Daily,GPNB,GOPINATHPUR NILGIRI,BLS,BALASORE,16,00:45,3
68189,BLS-GPNB MEMU,MEMU,MEMU,Daily,BLS,BALASORE,GPNB,GOPINATHPUR NILGIRI,16,00:40,3
68190,GPNB-BLS MEMU,MEMU,MEMU,Daily,GPNB,GOPINATHPUR NILGIRI,BLS,BALASORE,16,00:40,3
68199,MSAE-BQA MEMU,MEMU,MEMU,Fri,MSAE,MASAGRAM,BQA,BANKURA,118,03:00,32
68401,CTC-PRDP MEMU,MEMU,MEMU,Daily,CTC,CUTTACK,PRDP,PARADEEP,83,01:55,14
68402,PRDP-CTC MEMU,MEMU,MEMU,Daily,PRDP,PARADEEP,CTC,CUTTACK,83,01:50,14
68403,KUR-PURI MEMU,MEMU,MEMU,Daily,KUR,KHURDA ROAD JN,PURI,PURI,44,01:35,11
68404,PURI-KUR MEMU,MEMU,MEMU,Daily,PURI,PURI,KUR,KHURDA ROAD JN,44,01:15,11
68407,BLS-BBS MEMU,MEMU,MEMU,Daily,BLS,BALASORE,BBS,BHUBANESWAR,202,05:05,40
68408,BBS-BLS MEMU,MEMU,MEMU,Daily,BBS,BHUBANESWAR,BLS,BALASORE,202,04:35,40
68409,KUR-PURI MEMU,MEMU,MEMU,Daily,KUR,KHURDA ROAD JN,PURI,PURI,44,01:35,11
68410,PURI-KUR MEMU,MEMU,MEMU,Daily,PURI,PURI,KUR,KHURDA ROAD JN,44,01:10,11
68411,BBS-BAM MEMU,MEMU,MEMU,Daily,BBS,BHUBANESWAR,BAM,BRAHMAPUR,166,03:30,27
68412,BAM-BBS MEMU,MEMU,MEMU,Daily,BAM,BRAHMAPUR,BBS,BHUBANESWAR,166,03:45,27
68413,TLHR-PURI MEMU,MEMU,MEMU,Daily,TLHR,TALCHER,PURI,PURI,202,05:20,43
68414,PURI-TLHR MEMU,MEMU,MEMU,Daily,PURI,PURI,TLHR,TALCHER,202,04:25,43
68415,CTC-PURI MEMU,MEMU,MEMU,Daily,CTC,CUTTACK,PURI,PURI,90,02:50,22
68416,PURI-CTC MEMU,MEMU,MEMU,Daily,PURI,PURI,CTC,CUTTACK,90,02:55,22
68419,BBS-PSA MEMU,MEMU,MEMU,Daily,BBS,BHUBANESWAR,PSA,PALASA,240,06:05,34
68420,PSA-BBS MEMU,MEMU,MEMU,Daily,PSA,PALASA,BBS,BHUBANESWAR,240,05:30,34
68421,ANGL-PURI MEMU,MEMU,MEMU,Daily,ANGL,ANGUL,PURI,PURI,197,05:40,32
68422,PURI-ANGL MEMU,MEMU,MEMU,Daily,PURI,PURI,ANGL,ANGUL,197,04:30,64
68423,BHC-CTC MEMU,MEMU,MEMU,Daily,BHC,BHADRAKH,CTC,CUTTACK,116,03:00,23
68424,CTC-BHC MEMU,MEMU,MEMU,Daily,CTC,CUTTACK,BHC,BHADRAKH,116,03:25,23
68425,KDJR-KUR MEMU,MEMU,MEMU,Daily,KDJR,KENDUJHAR,KUR,KHURDA ROAD JN,233,05:10,29
68426,KUR-KDJR MEMU,MEMU,MEMU,Daily,KUR,KHURDA ROAD JN,KDJR,KENDUJHAR,233,05:40,29
68429,BBS-DSPL MEMU,MEMU,MEMU,Daily,BBS,BHUBANESWAR,DSPL,DASPALLA,125,03:25,16
68430,DSPL-BBS MEMU,MEMU,MEMU,Daily,DSPL,DASPALLA,BBS,BHUBANESWAR,125,02:45,16
68433,CTC-GNPR MEMU,MEMU,MEMU,Daily,CTC,CUTTACK,GNPR,GUNUPUR,382,08:45,43
68434,GNPR-CTC MEMU,MEMU,MEMU,Daily,GNPR,GUNUPUR,CTC,CUTTACK,382,08:35,43
68435,CTC-PRDP MEMU,MEMU,MEMU,Daily,CTC,CUTTACK,PRDP,PARADEEP,83,01:30,14
68436,PRDP-CTC MEMU,MEMU,MEMU,Daily,PRDP,PARADEEP,CTC,CUTTACK,83,01:30,14
68437,BHC-CTC MEMU,MEMU,MEMU,Daily,BHC,BHADRAKH,CTC,CUTTACK,116,03:40,23
68438,CTC-BHC MEMU,MEMU,MEMU,Daily,CTC,CUTTACK,BHC,BHADRAKH,116,02:25,23
68441,JER-PURI MEMU,MEMU,MEMU,Daily,JER,JALESWAR,PURI,PURI,312,07:45,61
68442,PURI-JER MEMU,MEMU,MEMU,Daily,PURI,PURI,JER,JALESWAR,312,08:20,122
68443,BHC-DSPL MEMU,MEMU,MEMU,Daily,BHC,BHADRAKH,DSPL,DASPALLA,268,06:50,46
68444,DSPL-BHC MEMU,MEMU,MEMU,Daily,DSPL,DASPALLA,BHC,BHADRAKH,267,06:30,46
68445,CTC-PSA PASSENGER,MEMU,MEMU,Daily,CTC,CUTTACK,PSA,PALASA,267,08:05,44
68446,PSA-CTC PASSENGER,MEMU,MEMU,Daily,PSA,PALASA,CTC,CUTTACK,267,06:15,44
68447,KDJR PRDP PASS,MEMU,MEMU,Daily,KDJR,KENDUJHAR,PRDP,PARADEEP,239,05:50,28
68448,PRDP-KDJR MEMU SPLECIAL,MEMU,MEMU,Daily,PRDP,PARADEEP,KDJR,KENDUJHAR,239,06:30,28
68449,PURI-DSPL MEMU,MEMU,MEMU,Daily,PURI,PURI,DSPL,DASPALLA,150,04:30,23
68450,DSPL-PURI MEMU,MEMU,MEMU,Daily,DSPL,DASPALLA,PURI,PURI,150,03:45,23
68701,R-DURG MEMU,MEMU,MEMU,Daily,R,RAIPUR JN.,DURG,DURG,37,00:55,9
68702,DURG-R MEMU,MEMU,MEMU,Daily,DURG,DURG,R,RAIPUR JN.,36,00:55,10
68703,R-DURG MEMU,MEMU,MEMU,Daily,R,RAIPUR JN.,DURG,DURG,37,01:20,10
68704,DURG-R MEMU,MEMU,MEMU,Daily,DURG,DURG,R,RAIPUR JN.,36,01:00,10
68705,R-DGG MEMU,MEMU,MEMU,Daily,R,RAIPUR JN.,DGG,DONGARGARH,99,02:20,18
68706,DGG-BSP MEMU,MEMU,MEMU,Daily,DGG,DONGARGARH,BSP,BILASPUR JN.,214,06:05,32
68707,R-DURG MEMU,MEMU,MEMU,Daily,R,RAIPUR JN.,DURG,DURG,37,00:55,9
68708,DURG-R MEMU,MEMU,MEMU,Daily,DURG,DURG,R,RAIPUR JN.,36,01:05,10
68709,R-DGG MEMU,MEMU,MEMU,Daily,R,RAIPUR JN.,DGG,DONGARGARH,99,02:15,18
68710,DGG-R MEMU,MEMU,MEMU,Daily,DGG,DONGARGARH,R,RAIPUR JN.,98,02:25,17
68711,DGG-G MEMU,MEMU,MEMU,Daily,DGG,DONGARGARH,G,GONDIA JN,73,01:30,9
68712,G-DGG MEMU,MEMU,MEMU,Daily,G,GONDIA JN,DGG,DONGARGARH,73,01:20,9
68713,G-NITR MEMU,MEMU,MEMU,Daily,G,GONDIA JN,NITR,NETAJI SUBHASH,126,02:30,17
68714,NITR BTC MEMU,MEMU,MEMU,Daily,NITR,NETAJI SUBHASH,BTC,BALAGHAT JN,187,03:45,29
68715,BTC-NITR MEMU,MEMU,MEMU,Daily,BTC,BALAGHAT JN,NITR,NETAJI SUBHASH,185,03:55,29
68716,NITR-G MEMU,MEMU,MEMU,Daily,NITR,NETAJI SUBHASH,G,GONDIA JN,126,02:35,17
68717,R-DURG MEMU,MEMU,MEMU,Daily,R,RAIPUR JN.,DURG,DURG,37,00:55,10
68718,DURG-R MEMU,MEMU,MEMU,Daily,DURG,DURG,R,RAIPUR JN.,36,00:50,7
68719,BSP-R MEMU,MEMU,MEMU,Daily,BSP,BILASPUR JN.,R,RAIPUR JN.,115,02:15,15
68723,R-G MEMU,MEMU,MEMU,Daily,R,RAIPUR JN.,G,GONDIA JN,172,04:15,25
68724,G-R MEMU,MEMU,MEMU,Daily,G,GONDIA JN,R,RAIPUR JN.,172,04:15,25
68725,R-DURG MEMU,MEMU,MEMU,Daily,R,RAIPUR JN.,DURG,DURG,37,01:05,9
68726,DURG-R MEMU,MEMU,MEMU,Daily,DURG,DURG,R,RAIPUR JN.,36,00:55,9
68727,BSP-R MEMU,MEMU,MEMU,Daily,BSP,BILASPUR JN.,R,RAIPUR JN.,115,02:15,15
68728,R-BSP MEMU,MEMU,MEMU,Daily,R,RAIPUR JN.,BSP,BILASPUR JN.,115,02:20,15
68729,R-DGG MEMU,MEMU,MEMU,Daily,R,RAIPUR JN.,DGG,DONGARGARH,99,02:10,17
68730,DGG-R MEMU,MEMU,MEMU,Daily,DGG,DONGARGARH,R,RAIPUR JN.,98,02:43,17
68731,KRBA-BSP MEMU,MEMU,MEMU,Daily,KRBA,KORBA,BSP,BILASPUR JN.,90,02:00,14
68732,BSP-KRBA MEMU,MEMU,MEMU,Daily,BSP,BILASPUR JN.,KRBA,KORBA,90,02:10,14
68733,GAD-BSP MEMU,MEMU,MEMU,Daily,GAD,GEVRA ROAD,BSP,BILASPUR JN.,97,02:30,15
68734,BSP-GAD MEMU,MEMU,MEMU,Daily,BSP,BILASPUR JN.,GAD,GEVRA ROAD,97,02:25,15
68735,RIG-BSP MEMU,MEMU,MEMU,Daily,RIG,RAIGARH,BSP,BILASPUR JN.,133,02:30,18
68736,BSP-RIG MEMU,MEMU,MEMU,Daily,BSP,BILASPUR JN.,RIG,RAIGARH,133,02:30,17
68737,RIG-BSP MEMU,MEMU,MEMU,Daily,RIG,RAIGARH,BSP,BILASPUR JN.,133,03:10,18
68738,BSP-RIG MEMU,MEMU,MEMU,Daily,BSP,BILASPUR JN.,RIG,RAIGARH,133,02:25,15
68739,SDL-BSP MEMU,MEMU,MEMU,Daily,SDL,SHAHDOL,BSP,BILASPUR JN.,192,04:50,24
68740,BSP-SDL MEMU,MEMU,MEMU,Daily,BSP,BILASPUR JN.,SDL,SHAHDOL,192,04:20,24
68741,DURG-G MEMU,MEMU,MEMU,Daily,DURG,DURG,G,GONDIA JN,135,03:05,17
68742,G-DURG MEMU,MEMU,MEMU,Daily,G,GONDIA JN,DURG,DURG,135,02:50,17
68743,G-NITR MEMU,MEMU,MEMU,Daily,G,GONDIA JN,NITR,NETAJI SUBHASH,126,02:45,17
68744,NITR-G MEMU,MEMU,MEMU,Daily,NITR,NETAJI SUBHASH,G,GONDIA JN,126,02:30,17
68745,GAD-R MEMU,MEMU,MEMU,Daily,GAD,GEVRA ROAD,R,RAIPUR JN.,212,04:55,29
68746,R-GAD MEMU,MEMU,MEMU,Daily,R,RAIPUR JN.,GAD,GEVRA ROAD,212,05:40,29
68747,BSP-KTE MEMU,MEMU,MEMU,Daily,BSP,BILASPUR JN.,KTE,KATNI,317,08:00,37
68748,KTE-BSP MEMU,MEMU,MEMU,Daily,KTE,KATNI,BSP,BILASPUR JN.,317,07:55,37
68749,SDL-ABKP MEMU,MEMU,MEMU,Daily,SDL,SHAHDOL,ABKP,AMBIKAPUR,217,04:50,25
68750,ABKP-SDL MEMU,MEMU,MEMU,Daily,ABKP,AMBIKAPUR,SDL,SHAHDOL,217,05:30,25
68751,RTK-NITR MEMU,MEMU,MEMU,Daily,RTK,RAMTEK,NITR,NETAJI SUBHASH,38,01:10,7
68754,NITR-RTK MEMU,MEMU,MEMU,Daily,NITR,NETAJI SUBHASH,RTK,RAMTEK,38,01:15,7
68755,RTK-NITR MEMU,MEMU,MEMU,Daily,RTK,RAMTEK,NITR,NETAJI SUBHASH,38,01:35,7
68756,NITR-RTK MEMU,MEMU,MEMU,Daily,NITR,NETAJI SUBHASH,RTK,RAMTEK,38,01:15,7
68757,MDGR-ABKP MEMU,MEMU,MEMU,Daily,MDGR,MANENDRAGARH,ABKP,AMBIKAPUR,146,03:50,15
68758,ABKP-APR MEMU,MEMU,MEMU,Daily,ABKP,AMBIKAPUR,APR,ANUPPUR JN,176,03:50,20
68759,APR-MDGR MEMU,MEMU,MEMU,Daily,APR,ANUPPUR JN,MDGR,MANENDRAGARH,64,01:40,9
68760,R-RIM MEMU,MEMU,MEMU,Daily,R,RAIPUR JN.,RIM,RAJIM,56,01:25,7
68761,RIM-R MEMU ,MEMU,MEMU,Daily,RIM,RAJIM,R,RAIPUR JN.,56,01:25,7
68762,R-RIM MEMU,MEMU,MEMU,Daily,R,RAIPUR JN.,RIM,RAJIM,56,01:30,7
68763,RIM-R MEMU,MEMU,MEMU,Daily,RIM,RAJIM,R,RAIPUR JN.,56,01:30,7
68764,R-TDOK MEMU,MEMU,MEMU,"Mon,Tue,Wed,Thu,Fri,Sat",R,RAIPUR JN.,TDOK,TADOKI,201,04:35,25
68765,TDOK-R MEMU,MEMU,MEMU,"Mon,Tue,Wed,Thu,Fri,Sat",TDOK,TADOKI,R,RAIPUR JN.,200,05:05,25
68766,R-RIM MEMU,MEMU,MEMU,Daily,R,RAIPUR JN.,RIM,RAJIM,56,01:25,7
68767,RIM-R MEMU,MEMU,MEMU,Daily,RIM,RAJIM,R,RAIPUR JN.,56,01:25,7
68801,BPQ-G,MEMU,MEMU,Daily,BPQ,BALHARSHAH,G,GONDIA JN,250,05:55,29
68802,G-BPQ,MEMU,MEMU,Daily,G,GONDIA JN,BPQ,BALHARSHAH,250,06:05,29
68803,BPQ-G,MEMU,MEMU,Daily,BPQ,BALHARSHAH,G,GONDIA JN,250,05:45,29
68804,G-BPQ,MEMU,MEMU,Daily,G,GONDIA JN,BPQ,BALHARSHAH,250,05:35,29
68805,CAF-G MEMU,MEMU,MEMU,Daily,CAF,CHANDA FORT,G,GONDIA JN,238,05:30,28
68806,G-WSA MEMU,MEMU,MEMU,Daily,G,GONDIA JN,WSA,WADSA,103,02:20,14
68808,WSA-CAF MEMU,MEMU,MEMU,Daily,WSA,WADSA,CAF,CHANDA FORT,135,02:40,15
68809,G-TRDI MEMU,MEMU,MEMU,Daily,G,GONDIA JN,TRDI,TIRODI,103,02:40,18
68810,TRDI-G MEMU,MEMU,MEMU,Daily,TRDI,TIRODI,G,GONDIA JN,103,02:45,18
68811,G-KGE MEMU,MEMU,MEMU,Daily,G,GONDIA JN,KGE,KATANGI,88,02:20,16
68812,KGE-G MEMU,MEMU,MEMU,Daily,KGE,KATANGI,G,GONDIA JN,88,02:20,16
68813,G-TRDI MEMU,MEMU,MEMU,Daily,G,GONDIA JN,TRDI,TIRODI,103,02:45,18
68814,TRDI-G MEMU,MEMU,MEMU,Daily,TRDI,TIRODI,G,GONDIA JN,103,02:40,18
68815,BPQ-G MEMU,MEMU,MEMU,Daily,BPQ,BALHARSHAH,G,GONDIA JN,250,06:45,29
68816,G-BPQ,MEMU,MEMU,Daily,G,GONDIA JN,BPQ,BALHARSHAH,250,05:40,29
68817,G-GGGS MEMU,MEMU,MEMU,Daily,G,GONDIA JN,GGGS,GARHA GOODS SHED,225,06:40,35
68818,GGGS-G MEMU,MEMU,MEMU,Daily,GGGS,GARHA GOODS SHED,G,GONDIA JN,225,07:15,35
68861,G-JSG,MEMU,MEMU,Daily,G,GONDIA JN,JSG,JHARSUGUDA JN,492,13:40,64
68862,JSG-G,MEMU,MEMU,Daily,JSG,JHARSUGUDA JN,G,GONDIA JN,492,14:25,64
69101,BRC-VTA MEMU,MEMU,MEMU,Daily,BRC,VADODARA JN,VTA,VATVA,90,02:35,18
69102,VTA-BRC MEMU,MEMU,MEMU,Daily,VTA,VATVA,BRC,VADODARA JN,90,02:50,18
69104,ANND-BRC MEMU,MEMU,MEMU,Daily,ANND,ANAND JN,BRC,VADODARA JN,34,01:15,8
69107,BRC-VTA MEMU,MEMU,MEMU,Daily,BRC,VADODARA JN,VTA,VATVA,90,02:55,18
69108,VTA-BRC MEMU,MEMU,MEMU,Daily,VTA,VATVA,BRC,VADODARA JN,90,02:50,18
69109,ST-BRC MEMU,MEMU,MEMU,Daily,ST,SURAT,BRC,VADODARA JN,129,03:35,23
69110,BRC-BH MEMU,MEMU,MEMU,Daily,BRC,VADODARA JN,BH,BHARUCH JN,70,01:35,13
69111,ST-BRC MEMU,MEMU,MEMU,Daily,ST,SURAT,BRC,VADODARA JN,129,03:55,23
69112,BRC-ST MEMU,MEMU,MEMU,Daily,BRC,VADODARA JN,ST,SURAT,129,03:30,23
69113,BRC-VTA MEMU,MEMU,MEMU,Daily,BRC,VADODARA JN,VTA,VATVA,90,03:05,36
69114,VTA-BRC MEMU,MEMU,MEMU,Daily,VTA,VATVA,BRC,VADODARA JN,90,03:00,18
69115,BRC- VTA MEMU,MEMU,MEMU,Daily,BRC,VADODARA JN,VTA,VATVA,90,02:50,18
69116,VTA - ANND MEMU,MEMU,MEMU,Daily,VTA,VATVA,ANND,ANAND JN,56,02:40,3
69117,BRC-DHD MEMU,MEMU,MEMU,Daily,BRC,VADODARA JN,DHD,DAHOD,144,03:10,19
69118,GDA-BRC MEMU,MEMU,MEMU,Daily,GDA,GODHRA JN,BRC,VADODARA JN,72,01:30,9
69119,BRC-DHD MEMU,MEMU,MEMU,Daily,BRC,VADODARA JN,DHD,DAHOD,144,03:50,19
69120,DHD-BRC MEMU,MEMU,MEMU,Daily,DHD,DAHOD,BRC,VADODARA JN,144,03:15,19
69121,BRC-GDA MEMU,MEMU,MEMU,Daily,BRC,VADODARA JN,GDA,GODHRA JN,72,02:00,7
69122,GDA-BRC MEMU,MEMU,MEMU,Daily,GDA,GODHRA JN,BRC,VADODARA JN,72,01:30,7
69123,ANND-GDA MEMU,MEMU,MEMU,Daily,ANND,ANAND JN,GDA,GODHRA JN,79,02:10,13
69124,GDA-ANND MEMU,MEMU,MEMU,Daily,GDA,GODHRA JN,ANND,ANAND JN,79,02:15,7
69125,ANND-GDA MEMU,MEMU,MEMU,Daily,ANND,ANAND JN,GDA,GODHRA JN,79,02:10,13
69126,GDA-ANND MEMU,MEMU,MEMU,Daily,GDA,GODHRA JN,ANND,ANAND JN,79,02:10,13
69129,ANND-VTA MEMU,MEMU,MEMU,Daily,ANND,ANAND JN,VTA,VATVA,56,01:30,11
69130,VTA-ANND MEMU,MEMU,MEMU,Daily,VTA,VATVA,ANND,ANAND JN,56,01:50,11
69133,ANND-DK MEMU,MEMU,MEMU,Daily,ANND,ANAND JN,DK,DAKOR,30,00:50,6
69134,DK-ANND MEMU,MEMU,MEMU,Daily,DK,DAKOR,ANND,ANAND JN,30,00:50,6
69135,ANND-DK MEMU,MEMU,MEMU,Daily,ANND,ANAND JN,DK,DAKOR,30,00:55,6
69136,DK-ANND MEMU,MEMU,MEMU,Daily,DK,DAKOR,ANND,ANAND JN,30,00:50,6
69139,BVI-BL MEMU,MEMU,MEMU,Daily,BVI,BORIVALI,BL,VALSAD,164,03:55,22
69140,ST-VR MEMU,MEMU,MEMU,Daily,ST,SURAT,VR,VIRAR,207,05:08,30
69141,VR-ST MEMU,MEMU,MEMU,Daily,VR,VIRAR,ST,SURAT,207,05:15,33
69142,ST-VR MEMU,MEMU,MEMU,Daily,ST,SURAT,VR,VIRAR,207,06:00,33
69145,ANND-GDA MEMU,MEMU,MEMU,Daily,ANND,ANAND JN,GDA,GODHRA JN,79,02:20,13
69146,GDA-ANND MEMU,MEMU,MEMU,Daily,GDA,GODHRA JN,ANND,ANAND JN,79,02:15,13
69147,ANND-GDA MEMU,MEMU,MEMU,Daily,ANND,ANAND JN,GDA,GODHRA JN,79,02:25,13
69148,GDA-ANND MEMU,MEMU,MEMU,Daily,GDA,GODHRA JN,ANND,ANAND JN,79,02:15,13
69150,BH-ST MEMU,MEMU,MEMU,Daily,BH,BHARUCH JN,ST,SURAT,59,02:02,11
69151,BL-ST MEMU,MEMU,MEMU,Daily,BL,VALSAD,ST,SURAT,69,01:40,12
69152,ST-BL MEMU,MEMU,MEMU,Daily,ST,SURAT,BL,VALSAD,69,02:30,12
69153,UBR-BL MEMU,MEMU,MEMU,Daily,UBR,UMBARGAM ROAD,BL,VALSAD,54,01:10,9
69154,BL-UBR MEMU,MEMU,MEMU,Daily,BL,VALSAD,UBR,UMBARGAM ROAD,54,01:30,9
69157,BXN-JAB MEMU,MEMU,MEMU,Daily,BXN,BAYANA JN,JAB,YAMUNA BRIDGE,86,03:25,16
69158,JAB-BXN MEMU,MEMU,MEMU,Daily,JAB,YAMUNA BRIDGE,BXN,BAYANA JN,86,03:15,16
69159,BAYANA - ALWAR JN MEMU,MEMU,MEMU,Daily,BXN,BAYANA JN,AWR,ALWAR JUNCTION,199,05:20,28
69160,DEEG - BAYANA MEMU,MEMU,MEMU,Daily,DEEG,DEEG,BXN,BAYANA JN,116,03:25,19
69161,PNVL-DRD MEMU,MEMU,MEMU,Daily,PNVL,PANVEL,DRD,DAHANU ROAD,136,03:27,20
69164,DRD-PNVL MEMU,MEMU,MEMU,Daily,DRD,DAHANU ROAD,PNVL,PANVEL,136,03:30,22
69165,PNVL-BSR MEMU,MEMU,MEMU,Daily,PNVL,PANVEL,BSR,VASAI ROAD,64,01:45,11
69166,BSR-PNVL MEMU,MEMU,MEMU,Daily,BSR,VASAI ROAD,PNVL,PANVEL,64,01:45,12
69167,PNVL-BSR MEMU,MEMU,MEMU,Daily,PNVL,PANVEL,BSR,VASAI ROAD,64,01:35,11
69168,BSR-PNVL MEMU,MEMU,MEMU,Daily,BSR,VASAI ROAD,PNVL,PANVEL,64,01:35,12
69169,ST-NDB MEMU,MEMU,MEMU,Daily,ST,SURAT,NDB,NANDURBAR,160,04:35,21
69170,NDB-ST MEMU,MEMU,MEMU,Daily,NDB,NANDURBAR,ST,SURAT,160,04:45,22
69171,ST-BH MEMU,MEMU,MEMU,Daily,ST,SURAT,BH,BHARUCH JN,59,01:40,11
69172,BH-ST MEMU,MEMU,MEMU,Daily,BH,BHARUCH JN,ST,SURAT,59,01:45,11
69173,VR-DRD MEMU,MEMU,MEMU,Daily,VR,VIRAR,DRD,DAHANU ROAD,64,01:25,8
69174,DRD-BVI MEMU,MEMU,MEMU,Daily,DRD,DAHANU ROAD,BVI,BORIVALI,90,01:55,10
69175,BH-ANND MEMU,MEMU,MEMU,Daily,BH,BHARUCH JN,ANND,ANAND JN,106,02:50,20
69176,ANND-BH MEMU,MEMU,MEMU,Daily,ANND,ANAND JN,BH,BHARUCH JN,106,02:55,20
69177,UDN-NDB MEMU,MEMU,MEMU,Daily,UDN,UDHNA JN,NDB,NANDURBAR,156,04:05,20
69178,NDB-UDN MEMU,MEMU,MEMU,Daily,NDB,NANDURBAR,UDN,UDHNA JN,156,04:15,20
69181,DHD-RTM MEMU,MEMU,MEMU,Daily,DHD,DAHOD,RTM,RATLAM JN,113,02:10,14
69182,RTM-DHD MEMU,MEMU,MEMU,Daily,RTM,RATLAM JN,DHD,DAHOD,113,02:25,14
69183,RTM-UJN MEMU,MEMU,MEMU,Daily,RTM,RATLAM JN,UJN,UJJAIN JN,96,02:30,13
69184,UJN-RTM MEMU,MEMU,MEMU,Daily,UJN,UJJAIN JN,RTM,RATLAM JN,96,02:35,13
69185,ADI-VG MEMU,MEMU,MEMU,"Mon,Tue,Wed,Thu,Fri,Sun",ADI,AHMEDABAD JN,VG,VIRAMGAM JN,65,01:40,8
69186,VG-ADI MEMU,MEMU,MEMU,"Mon,Tue,Wed,Thu,Fri,Sat",VG,VIRAMGAM JN,ADI,AHMEDABAD JN,65,02:05,8
69187,DHD-RTM MEMU,MEMU,MEMU,Daily,DHD,DAHOD,RTM,RATLAM JN,113,02:45,14
69188,RTM-DHD MEMU,MEMU,MEMU,Daily,RTM,RATLAM JN,DHD,DAHOD,113,03:30,14
69189,ANND-GDA MEMU,MEMU,MEMU,Daily,ANND,ANAND JN,GDA,GODHRA JN,79,02:15,13
69190,DHD-ANND MEMU,MEMU,MEMU,Daily,DHD,DAHOD,ANND,ANAND JN,151,03:50,23
69191,ANND-GNC MEMU,MEMU,MEMU,Daily,ANND,ANAND JN,GNC,GANDHINAGAR CAPITAL,97,03:00,16
69192,GNC-ANND MEMU,MEMU,MEMU,Daily,GNC,GANDHINAGAR CAPITAL,ANND,ANAND JN,97,03:05,16
69198,BH-ST MEMU,MEMU,MEMU,Daily,BH,BHARUCH JN,ST,SURAT,59,01:52,11
69201,PRTN-EKNR MEMU,MEMU,MEMU,Daily,PRTN,PRATAPNAGAR,EKNR,EKTA NAGAR,77,01:25,4
69202,EKNR-PRTN MEMU,MEMU,MEMU,Daily,EKNR,EKTA NAGAR,PRTN,PRATAPNAGAR,77,01:30,4
69203,PRTN-EKNR MEMU,MEMU,MEMU,Daily,PRTN,PRATAPNAGAR,EKNR,EKTA NAGAR,77,01:25,4
69204,EKNR-PRTN MEMU,MEMU,MEMU,Daily,EKNR,EKTA NAGAR,PRTN,PRATAPNAGAR,77,01:30,4
69205,PRTN-EKNR MEMU,MEMU,MEMU,Daily,PRTN,PRATAPNAGAR,EKNR,EKTA NAGAR,77,01:25,4
69206,EKNR-PRTN MEMU,MEMU,MEMU,Daily,EKNR,EKTA NAGAR,PRTN,PRATAPNAGAR,77,02:10,4
69207,GNC-VTDI MEMU,MEMU,MEMU,"Mon,Tue,Wed,Thu,Fri,Sun",GNC,GANDHINAGAR CAPITAL,VTDI,VARETHA,116,02:40,14
69208,VTDI-GNC MEMU,MEMU,MEMU,"Mon,Tue,Wed,Thu,Fri,Sat",VTDI,VARETHA,GNC,GANDHINAGAR CAPITAL,116,02:40,14
69211,UJN-INDB MEMU,MEMU,MEMU,Daily,UJN,UJJAIN JN,INDB,INDORE JN,62,01:55,8
69212,INDB-UJN MEMU,MEMU,MEMU,Daily,INDB,INDORE JN,UJN,UJJAIN JN,62,01:35,8
69213,UJN-INDB MEMU,MEMU,MEMU,Daily,UJN,UJJAIN JN,INDB,INDORE JN,62,01:40,8
69214,INDB-UJN MEMU,MEMU,MEMU,Daily,INDB,INDORE JN,UJN,UJJAIN JN,62,01:45,8
69215,ANND-CBY MEMU,MEMU,MEMU,Daily,ANND,ANAND JN,CBY,KHAMBHAT,52,01:40,13
69216,CBY-ANND MEMU,MEMU,MEMU,Daily,CBY,KHAMBHAT,ANND,ANAND JN,52,01:40,13
69217,ANND-CBY MEMU,MEMU,MEMU,Daily,ANND,ANAND JN,CBY,KHAMBHAT,52,01:45,13
69218,CBY-ANND MEMU,MEMU,MEMU,Daily,CBY,KHAMBHAT,ANND,ANAND JN,52,01:40,13
69219,ANND-CBY MEMU,MEMU,MEMU,Daily,ANND,ANAND JN,CBY,KHAMBHAT,52,01:50,13
69220,CBY-ANND MEMU,MEMU,MEMU,Daily,CBY,KHAMBHAT,ANND,ANAND JN,52,01:40,13
69221,ANND-CBY MEMU,MEMU,MEMU,Daily,ANND,ANAND JN,CBY,KHAMBHAT,52,01:50,13
69222,CBY-ANND MEMU,MEMU,MEMU,Daily,CBY,KHAMBHAT,ANND,ANAND JN,52,01:40,13
69223,ANND-CBY MEMU,MEMU,MEMU,Daily,ANND,ANAND JN,CBY,KHAMBHAT,52,01:45,13
69224,CBY-ANND MEMU,MEMU,MEMU,Daily,CBY,KHAMBHAT,ANND,ANAND JN,52,01:40,13
69225,ANND-CBY MEMU,MEMU,MEMU,Daily,ANND,ANAND JN,CBY,KHAMBHAT,52,01:50,13
69226,CBY-ANND MEMU,MEMU,MEMU,Daily,CBY,KHAMBHAT,ANND,ANAND JN,52,01:40,13
69227,ANND-CBY MEMU,MEMU,MEMU,Daily,ANND,ANAND JN,CBY,KHAMBHAT,52,01:45,13
69228,CBY-ANND MEMU,MEMU,MEMU,Daily,CBY,KHAMBHAT,ANND,ANAND JN,52,01:40,13
69229,ANND-CBY MEMU,MEMU,MEMU,Daily,ANND,ANAND JN,CBY,KHAMBHAT,52,01:45,13
69230,CBY-ANND MEMU,MEMU,MEMU,Daily,CBY,KHAMBHAT,ANND,ANAND JN,52,01:40,13
69231,UJN-COR MEMU,MEMU,MEMU,Daily,UJN,UJJAIN JN,COR,CHITTAURGARH JN.,291,06:15,9
69232,COR-UJN MEMU,MEMU,MEMU,Daily,COR,CHITTAURGARH JN.,UJN,UJJAIN JN,291,06:10,9
69233,BRC-DHD MEMU,MEMU,MEMU,Daily,BRC,VADODARA JN,DHD,DAHOD,144,04:00,19
69234,DHD-BRC MEMU,MEMU,MEMU,Daily,DHD,DAHOD,BRC,VADODARA JN,144,03:25,19
69243,ASV-COR MEMU,MEMU,MEMU,Daily,ASV,ASARVA JN,COR,CHITTAURGARH JN.,412,11:10,49
69244,COR-ASV MEMU,MEMU,MEMU,Daily,COR,CHITTAURGARH JN.,ASV,ASARVA JN,412,10:20,49
69245,ASV-HMT MEMU,MEMU,MEMU,"Mon,Tue,Wed,Thu,Fri,Sun",ASV,ASARVA JN,HMT,HIMMATNAGAR,85,02:25,16
69246,HMT-ASV MEMU,MEMU,MEMU,"Mon,Tue,Wed,Thu,Fri,Sat",HMT,HIMMATNAGAR,ASV,ASARVA JN,85,02:00,16
69249,SBIB-KTRD MEMU,MEMU,MEMU,"Mon,Tue,Wed,Thu,Fri,Sun",SBIB,SABARMATI BG,KTRD,KATOSAN ROAD,58,01:15,5
69250,KTRD-SBIB MEMU ,MEMU,MEMU,"Mon,Tue,Wed,Thu,Fri,Sun",KTRD,KATOSAN ROAD,SBIB,SABARMATI BG,58,01:30,5
69251,ASARVA - KHED BRAHMA MEMU,MEMU,MEMU,Daily,ASV,ASARVA JN,KDBM,,140,02:45,12
69252,KHED BRAHMA - ASARVA MEMU,MEMU,MEMU,Daily,KDBM,,ASV,ASARVA JN,140,02:45,12
70101,MAO-KAWR MEMU,MEMU,MEMU,Daily,MAO,MADGAON JUNCTION,KAWR,KARWAR,59,01:30,6
70102,KAWR-MAO MEMU,MEMU,MEMU,Daily,KAWR,KARWAR,MAO,MADGAON JUNCTION,59,01:15,6
71401,PUNE-DD DMU,DMU,DMU,Daily,PUNE,PUNE JN,DD,DAUND JN,75,01:25,5
71402,DD-PUNE DMU,DMU,DMU,Daily,DD,DAUND JN,PUNE,PUNE JN,75,01:35,11
71403,DD-BRMT MEMU,DMU,DMU,Daily,DD,DAUND JN,BRMT,BARAMATI,44,01:15,5
71404,DD-PUNE DEMU,DMU,DMU,Daily,DD,DAUND JN,PUNE,PUNE JN,75,01:38,11
71405,PUNE-DD DEMU,DMU,DMU,Daily,PUNE,PUNE JN,DD,DAUND JN,75,01:30,11
71406,BRMT-PUNE DEMU,DMU,DMU,Daily,BRMT,BARAMATI,PUNE,PUNE JN,119,02:50,15
71407,PUNE-DD DEMU,DMU,DMU,Daily,PUNE,PUNE JN,DD,DAUND JN,75,01:52,11
71408,DD-PUNE DEMU,DMU,DMU,Daily,DD,DAUND JN,PUNE,PUNE JN,75,01:30,11
71409,DD-BRMT DMU,DMU,DMU,Daily,DD,DAUND JN,BRMT,BARAMATI,44,01:15,5
71410,BRMT-PUNE DEMU,DMU,DMU,Daily,BRMT,BARAMATI,PUNE,PUNE JN,119,02:58,15
71411,PUNE-BRMT DEMU,DMU,DMU,Daily,PUNE,PUNE JN,BRMT,BARAMATI,119,03:05,15
71412,BRMT-DD DEMU,DMU,DMU,Daily,BRMT,BARAMATI,DD,DAUND JN,44,01:15,5
71413,PUNE-DD DEMU,DMU,DMU,Daily,PUNE,PUNE JN,DD,DAUND JN,75,01:30,11
71415,PUNE-PLLD DMU,DMU,DMU,"Mon,Tue,Wed,Thu,Fri,Sat",PUNE,PUNE JN,PLLD,PHALTAN,118,03:15,8
71416,PLLD-PUNE DMU,DMU,DMU,"Mon,Tue,Wed,Thu,Fri,Sat",PLLD,PHALTAN,PUNE,PUNE JN,118,03:15,8
71417,LNN-PLLD DMU,DMU,DMU,"Mon,Tue,Wed,Thu,Fri,Sat",LNN,LONAND,PLLD,PHALTAN,26,01:15,4
71418,PLLD-LNN DMU,DMU,DMU,"Mon,Tue,Wed,Thu,Fri,Sat",PLLD,PHALTAN,LNN,LONAND,26,01:15,4
71419,PUNE-STR DMU,DMU,DMU,Daily,PUNE,PUNE JN,STR,SATARA,145,04:00,17
71420,STR-PUNE DMU,DMU,DMU,Daily,STR,SATARA,PUNE,PUNE JN,145,03:40,17
71421,KWV-MRJ DMU,DMU,DMU,Daily,KWV,KURDUVADI JN.,MRJ,MIRAJ JN.,189,04:15,15
71422,MRJ-KWV DMU,DMU,DMU,Daily,MRJ,MIRAJ JN.,KWV,KURDUVADI JN.,189,04:05,15
71423,STR-KOP DMU,DMU,DMU,Daily,STR,SATARA,KOP,KOLHAPUR,181,04:10,24
71424,KOP-STR DMU,DMU,DMU,Daily,KOP,KOLHAPUR,STR,SATARA,181,04:40,24
71425,MRJ-KOP DMU,DMU,DMU,Daily,MRJ,MIRAJ JN.,KOP,KOLHAPUR,47,01:10,6
71426,KOP-MRJ DMU,DMU,DMU,Daily,KOP,KOLHAPUR,MRJ,MIRAJ JN.,47,01:10,6
71427,MRJ-KOP DMU,DMU,DMU,Daily,MRJ,MIRAJ JN.,KOP,KOLHAPUR,47,01:10,7
71428,KOP-MRJ DMU,DMU,DMU,Daily,KOP,KOLHAPUR,MRJ,MIRAJ JN.,47,01:10,6
71429,MRJ-KOP DMU,DMU,DMU,Daily,MRJ,MIRAJ JN.,KOP,KOLHAPUR,47,01:10,6
71430,KOP-SLI DMU,DMU,DMU,Daily,KOP,KOLHAPUR,SLI,SANGLI,54,01:40,9
71431,SLI - MRJ DMU,DMU,DMU,Daily,SLI,SANGLI,MRJ,MIRAJ JN.,7,00:15,3
71433,DD-SUR DEMU,DMU,DMU,Daily,DD,DAUND JN,SUR,SOLAPUR JN,188,06:30,9
71434,SUR-DD DMU ,DMU,DMU,Daily,SUR,SOLAPUR JN,DD,DAUND JN,188,06:25,9
71435,SUR-KLBG DEMU,DMU,DMU,Daily,SUR,SOLAPUR JN,KLBG,KALABURAGI,113,02:15,6
71436,KLBG-SUR DEMU,DMU,DMU,Daily,KLBG,KALABURAGI,SUR,SOLAPUR JN,113,02:40,6
71441,ANG-BEED DMU,DMU,DMU,"Mon,Tue,Wed,Thu,Fri,Sat",ANG,AHILYANAGAR,BEED,BEED,167,04:00,15
71442,BEED-ANG DMU,DMU,DMU,"Mon,Tue,Wed,Thu,Fri,Sat",BEED,BEED,ANG,AHILYANAGAR,167,04:00,15
71451,SUR-WADI DEMU,DMU,DMU,Daily,SUR,SOLAPUR JN,WADI,WADI JN.,150,03:40,11
71452,WADI-SUR DMU,DMU,DMU,Daily,WADI,WADI JN.,SUR,SOLAPUR JN,150,03:10,19
73401,GODA-BGP DEMU PGR,DMU,DMU,Daily,GODA,GODDA,BGP,BHAGALPUR,104,03:17,17
73402,BGP-GODA DEMU PGR,DMU,DMU,Daily,BGP,BHAGALPUR,GODA,GODDA,105,03:03,17
73411,GODA-HSDA DEMU PGR,DMU,DMU,Daily,GODA,GODDA,HSDA,HANSDIHA,32,00:45,5
73412,HSDA-GODA DEMU PGR,DMU,DMU,Daily,HSDA,HANSDIHA,GODA,GODDA,32,00:45,5
73419,SBG-BGP DEMU PGR,DMU,DMU,Daily,SBG,SAHIBGANJ JN,BGP,BHAGALPUR,75,02:05,14
73420,BGP-SBG DEMU PGR,DMU,DMU,Daily,BGP,BHAGALPUR,SBG,SAHIBGANJ JN,75,02:00,14
73421,JMP-KIUL DEMU PGR,DMU,DMU,Daily,JMP,JAMALPUR JN,KIUL,KIUL JN,45,01:25,13
73422,KIUL-JMP DEMU PGR,DMU,DMU,Daily,KIUL,KIUL JN,JMP,JAMALPUR JN,45,01:45,13
73425,JMP-KIUL DEMU PGR,DMU,DMU,Daily,JMP,JAMALPUR JN,KIUL,KIUL JN,45,01:25,10
73426,KIUL-JMP DEMU PGR,DMU,DMU,Daily,KIUL,KIUL JN,JMP,JAMALPUR JN,45,01:15,10
73427,JMP-KIUL DEMU PGR,DMU,DMU,Daily,JMP,JAMALPUR JN,KIUL,KIUL JN,45,01:30,11
73428,KIUL-JMP DEMU PGR,DMU,DMU,Daily,KIUL,KIUL JN,JMP,JAMALPUR JN,45,01:45,11
73429,BGP-JMP DEMU PGR,DMU,DMU,Daily,BGP,BHAGALPUR,JMP,JAMALPUR JN,53,02:40,14
73430,JMP-BGP DEMU PGR,DMU,DMU,Daily,JMP,JAMALPUR JN,BGP,BHAGALPUR,53,01:35,15
73435,BGP-JMP DEMU PGR,DMU,DMU,Daily,BGP,BHAGALPUR,JMP,JAMALPUR JN,53,02:05,18
73436,JMP-BGP DEMU PGR,DMU,DMU,Daily,JMP,JAMALPUR JN,BGP,BHAGALPUR,53,01:50,18
73441,HSDA-BGP DEMU PGR,DMU,DMU,Daily,HSDA,HANSDIHA,BGP,BHAGALPUR,72,02:23,19
73442,BGP-HSDA DEMU PGR,DMU,DMU,Daily,BGP,BHAGALPUR,HSDA,HANSDIHA,73,02:10,19
73443,HSDA-BGP DEMU PGR,DMU,DMU,Daily,HSDA,HANSDIHA,BGP,BHAGALPUR,72,02:25,19
73444,BGP-HSDA DEMU PGR,DMU,DMU,Daily,BGP,BHAGALPUR,HSDA,HANSDIHA,73,02:50,19
73445,HSDA-BGP DEMU PGR,DMU,DMU,Daily,HSDA,HANSDIHA,BGP,BHAGALPUR,72,02:20,19
73446,BGP-HSDA DEMU PGR,DMU,DMU,Daily,BGP,BHAGALPUR,HSDA,HANSDIHA,73,02:10,19
73447,BAKA-BGP DEMU PGR,DMU,DMU,Daily,BAKA,BANKA,BGP,BHAGALPUR,51,02:00,15
73448,BGP-BAKA DEMU PGR,DMU,DMU,Daily,BGP,BHAGALPUR,BAKA,BANKA,52,01:53,15
73449,BAKA-BGP DEMU PGR,DMU,DMU,Daily,BAKA,BANKA,BGP,BHAGALPUR,51,01:55,15
73450,BGP-BAKA DEMU PGR,DMU,DMU,Daily,BGP,BHAGALPUR,BAKA,BANKA,52,01:45,15
73451,TIL-JMP DMU PGR,DMU,DMU,Daily,TIL,TILRATH,JMP,JAMALPUR JN,54,01:40,10
73452,JMP-TIL DMU,DMU,DMU,Daily,JMP,JAMALPUR JN,TIL,TILRATH,54,01:55,10
73453,TIL-JMP DMU PGR,DMU,DMU,Daily,TIL,TILRATH,JMP,JAMALPUR JN,54,01:33,10
73454,JMP-TIL DMU PGR,DMU,DMU,Daily,JMP,JAMALPUR JN,TIL,TILRATH,54,01:50,10
73461,MSK-JMP DMU PGR,DMU,DMU,Daily,MSK,MAHES KHUNT,JMP,JAMALPUR JN,45,01:40,7
73462,JMP-MSK DMU,DMU,DMU,Daily,JMP,JAMALPUR JN,MSK,MAHES KHUNT,45,01:13,7
73463,KGG-JMP DMU PGR,DMU,DMU,Daily,KGG,KHAGARIA JN.,JMP,JAMALPUR JN,26,01:05,5
73464,JMP-KGG DMU PGR,DMU,DMU,Daily,JMP,JAMALPUR JN,KGG,KHAGARIA JN.,26,00:55,5
73471,DUMK-HSDA DEMU PGR,DMU,DMU,Daily,DUMK,DUMKA,HSDA,HANSDIHA,42,00:50,6
73472,HSDA-DUMK DEMU PGR,DMU,DMU,Daily,HSDA,HANSDIHA,DUMK,DUMKA,42,01:10,6
73481,DUMK-JSME DMU,DMU,DMU,Daily,DUMK,DUMKA,JSME,JASIDIH JN.,72,01:40,11
73482,JSME-DUMK DMU,DMU,DMU,Daily,JSME,JASIDIH JN.,DUMK,DUMKA,72,01:35,11
73483,DUMK-JSME DMU,DMU,DMU,Daily,DUMK,DUMKA,JSME,JASIDIH JN.,72,01:25,22
73484,JSME-DUMK DMU,DMU,DMU,Daily,JSME,JASIDIH JN.,DUMK,DUMKA,72,01:35,20
73491,DUMK-GODA DEMU PGR,DMU,DMU,Daily,DUMK,DUMKA,GODA,GODDA,74,02:00,20
73492,GODA-DUMK DEMU PGR,DMU,DMU,Daily,GODA,GODDA,DUMK,DUMKA,74,02:10,20
73493,DUMK-GODA DEMU PGR,DMU,DMU,Daily,DUMK,DUMKA,GODA,GODDA,74,01:35,20
73494,GODA-DUMK DEMU PGR,DMU,DMU,Daily,GODA,GODDA,DUMK,DUMKA,74,01:55,20
74001,DLI-RE DMU,DMU,DMU,"Mon,Tue,Wed,Thu,Fri",DLI,DELHI JN.,RE,REWARI JN.,82,02:25,18
74002,RE-DLI DMU,DMU,DMU,Daily,RE,REWARI JN.,DLI,DELHI JN.,82,02:25,18
74003,DLI-RE DMU,DMU,DMU,Daily,DLI,DELHI JN.,RE,REWARI JN.,82,02:25,18
74004,RE-DLI DMU,DMU,DMU,"Tue,Wed,Thu,Fri,Sat",RE,REWARI JN.,DLI,DELHI JN.,82,02:40,18
74009,SNP-JIND ,DMU,DMU,"Mon,Tue,Wed,Thu,Sat,Sun",SNP,SONIPAT,JIND,JIND JN,89,02:20,14
74010,JIND-SNP ,DMU,DMU,"Mon,Tue,Wed,Thu,Sat,Sun",JIND,JIND JN,SNP,SONIPAT,89,02:00,14
74011,DLI-ROK DMU,DMU,DMU,Daily,DLI,DELHI JN.,ROK,ROHTAK JN,70,02:00,17
74012,ROK-DLI DMU,DMU,DMU,Daily,ROK,ROHTAK JN,DLI,DELHI JN.,70,02:30,17
74013,ROK-HNS DMU,DMU,DMU,Daily,ROK,ROHTAK JN,HNS,HANSI,71,01:55,10
74014,HNS-ROK DMU,DMU,DMU,Daily,HNS,HANSI,ROK,ROHTAK JN,71,01:55,10
74015,RE-JIND DMU,DMU,DMU,"Mon,Tue,Wed,Thu,Fri,Sat",RE,REWARI JN.,JIND,JIND JN,138,02:55,17
74016,JIND-RE DMU,DMU,DMU,"Mon,Tue,Wed,Thu,Fri,Sat",JIND,JIND JN,RE,REWARI JN.,138,02:45,17
74017,RE-ROK DMU,DMU,DMU,"Mon,Tue,Wed,Thu,Fri,Sat",RE,REWARI JN.,ROK,ROHTAK JN,81,01:50,8
74018,ROK-RE DMU,DMU,DMU,"Mon,Tue,Wed,Thu,Fri,Sat",ROK,ROHTAK JN,RE,REWARI JN.,81,01:50,8
74019,SNP-JIND DMU,DMU,DMU,"Mon,Tue,Wed,Thu,Fri,Sat",SNP,SONIPAT,JIND,JIND JN,89,02:25,14
74020,JIND-SNP DMU,DMU,DMU,"Mon,Tue,Wed,Thu,Fri,Sat",JIND,JIND JN,SNP,SONIPAT,89,02:10,14
74021,DLI-SRE DMU,DMU,DMU,Daily,DLI,DELHI JN.,SRE,SAHARANPUR JN.,164,05:15,38
74022,SMQL-DLI DMU,DMU,DMU,Daily,SMQL,SHAMLI,DLI,DELHI JN.,93,02:55,25
74023,DLI-SMQL DMU,DMU,DMU,Daily,DLI,DELHI JN.,SMQL,SHAMLI,93,02:50,25
74024,SRE-DLI DMU,DMU,DMU,Daily,SRE,SAHARANPUR JN.,DLI,DELHI JN.,164,05:05,38
74029,SNP-JIND DMU,DMU,DMU,"Mon,Tue,Wed,Thu,Fri,Sat",SNP,SONIPAT,JIND,JIND JN,89,02:10,14
74030,JIND-SNP DMU,DMU,DMU,"Mon,Tue,Wed,Thu,Fri,Sat",JIND,JIND JN,SNP,SONIPAT,89,02:30,14
74031,GHH-FN DMU,DMU,DMU,"Mon,Tue,Wed,Thu,Fri,Sat",GHH,GARHI HARSARU,FN,FARUKHNAGAR,11,00:30,3
74032,FN-DEE DMU,DMU,DMU,"Mon,Tue,Wed,Thu,Fri,Sat",FN,FARUKHNAGAR,DEE,DELHI SARAI ROHILLA,48,01:35,11
74033,DEE-FN DMU,DMU,DMU,"Mon,Tue,Wed,Thu,Fri,Sat",DEE,DELHI SARAI ROHILLA,FN,FARUKHNAGAR,48,01:40,11
74036,FN-DEE DMU,DMU,DMU,"Mon,Tue,Wed,Thu,Fri,Sat",FN,FARUKHNAGAR,DEE,DELHI SARAI ROHILLA,48,01:45,11
74037,DEE-FN DMU,DMU,DMU,"Mon,Tue,Wed,Thu,Fri,Sat",DEE,DELHI SARAI ROHILLA,FN,FARUKHNAGAR,48,01:45,11
74038,FN-GHH DMU,DMU,DMU,"Mon,Tue,Wed,Thu,Fri,Sat",FN,FARUKHNAGAR,GHH,GARHI HARSARU,11,00:30,3
74039,SNP-JIND DMU,DMU,DMU,"Mon,Tue,Wed,Thu,Fri,Sat",SNP,SONIPAT,JIND,JIND JN,89,01:50,7
74040,JIND-SNP DMU,DMU,DMU,"Mon,Tue,Wed,Thu,Fri,Sat",JIND,JIND JN,SNP,SONIPAT,89,02:00,7
74041,DLI-RGS DMU,DMU,DMU,"Sat,Sun",DLI,DELHI JN.,RGS,RINGAS JN,231,05:40,25
74042,RGS-DLI DMU,DMU,DMU,"Mon,Sun",RGS,RINGAS JN,DLI,DELHI JN.,231,06:05,25
74301,SHTS-MB DMU,DMU,DMU,"Mon,Tue,Wed,Thu,Fri,Sun",SHTS,SAMBHAL HTM SAR,MB,MORADABAD,47,02:05,7
74302,MB-SHTS DMU,DMU,DMU,"Mon,Tue,Wed,Thu,Fri,Sun",MB,MORADABAD,SHTS,SAMBHAL HTM SAR,47,02:00,7
74303,SHTS-MB DMU,DMU,DMU,"Mon,Tue,Wed,Thu,Fri,Sun",SHTS,SAMBHAL HTM SAR,MB,MORADABAD,47,02:20,7
74304,MB-SHTS DMU,DMU,DMU,"Mon,Tue,Wed,Thu,Fri,Sun",MB,MORADABAD,SHTS,SAMBHAL HTM SAR,47,02:00,7
74601,BEAS-TTO DMU,DMU,DMU,"Mon,Tue,Wed,Thu,Fri,Sat",BEAS,BEAS,TTO,TARN TARAN,50,01:40,5
74602,TTO-BEAS DMU,DMU,DMU,"Mon,Tue,Wed,Thu,Fri,Sat",TTO,TARN TARAN,BEAS,BEAS,50,01:25,5
74603,BEAS-TTO DMU,DMU,DMU,"Mon,Tue,Wed,Thu,Fri,Sat",BEAS,BEAS,TTO,TARN TARAN,50,01:25,5
74604,TTO-BEAS DMU,DMU,DMU,"Mon,Tue,Wed,Thu,Fri,Sat",TTO,TARN TARAN,BEAS,BEAS,50,01:25,5
74605,BEAS-TTO DMU,DMU,DMU,"Mon,Tue,Wed,Thu,Fri,Sat",BEAS,BEAS,TTO,TARN TARAN,50,01:25,5
74606,TTO-BEAS DMU,DMU,DMU,"Mon,Tue,Wed,Thu,Fri,Sat",TTO,TARN TARAN,BEAS,BEAS,50,01:25,5
74607,BEAS-TTO DMU,DMU,DMU,"Mon,Tue,Wed,Thu,Fri,Sat",BEAS,BEAS,TTO,TARN TARAN,50,01:20,5
74608,TTO-BEAS MEMU,DMU,DMU,"Mon,Tue,Wed,Thu,Fri,Sat",TTO,TARN TARAN,BEAS,BEAS,50,01:25,5
74613,BDGM-BRML DMU,DMU,DMU,Daily,BDGM,BADGAM,BRML,BARAMULA,45,01:00,6
74614,BRML-BAHL DMU,DMU,DMU,Daily,BRML,BARAMULA,BAHL,BANIHAL,134,04:00,18
74615,BAHL-BRML DMU,DMU,DMU,Daily,BAHL,BANIHAL,BRML,BARAMULA,134,03:15,17
74617,BAHL-BDGM DMU,DMU,DMU,Daily,BAHL,BANIHAL,BDGM,BADGAM,90,02:15,13
74618,BRML-BDGM DMU,DMU,DMU,Daily,BRML,BARAMULA,BDGM,BADGAM,45,01:25,6
74619,BAHL-BDGM DMU,DMU,DMU,Daily,SGDN,SANGALDAN,BRML,BARAMULA,183,04:40,20
74620,BRML-BAHL DMU,DMU,DMU,Daily,BRML,BARAMULA,SGDN,SANGALDAN,183,04:15,21
74621,BDGM-BRML DMU,DMU,DMU,Daily,BDGM,BADGAM,BRML,BARAMULA,45,00:55,6
74622,BRML-BAHL DMU,DMU,DMU,Daily,BRML,BARAMULA,BAHL,BANIHAL,134,03:05,17
74623,BAHL-BRML,DMU,DMU,Daily,BAHL,BANIHAL,BRML,BARAMULA,134,03:10,17
74624,BRML-BDGM DMU,DMU,DMU,Daily,BRML,BARAMULA,BDGM,BADGAM,45,01:05,7
74625,BAHL-BRML DMU,DMU,DMU,Daily,BAHL,BANIHAL,BRML,BARAMULA,134,03:10,19
74626,BRML-SGDN DMU,DMU,DMU,Daily,BRML,BARAMULA,BAHL,BANIHAL,134,03:40,18
74628,BDGM-BAHL DMU,DMU,DMU,Daily,BDGM,BADGAM,BAHL,BANIHAL,90,02:20,13
74630,BRML-BAHL DMU,DMU,DMU,Daily,BRML,BARAMULA,BDGM,BADGAM,45,01:05,6
74631,SGDN-BRML-DMU ,DMU,DMU,Daily,BDGM,BADGAM,BRML,BARAMULA,45,01:10,6
74632,BRML-BDGM DMU,DMU,DMU,Daily,BRML,BARAMULA,BDGM,BADGAM,45,00:55,6
74641,JUC-ASR DMU,DMU,DMU,Daily,JUC,JALANDHAR CITY,ASR,AMRITSAR,79,01:45,11
74644,ASR-JUC DMU,DMU,DMU,Daily,ASR,AMRITSAR,JUC,JALANDHAR CITY,79,01:45,11
74645,UMB-JUC DMU,DMU,DMU,Daily,UMB,AMBALA CANT JN,JUC,JALANDHAR CITY,213,06:20,22
74646,JUC-UMB DMU,DMU,DMU,Daily,JUC,JALANDHAR CITY,UMB,AMBALA CANT JN,171,05:25,21
74651,ASR-DBNK DMU,DMU,DMU,Daily,ASR,AMRITSAR,DBNK,DERABABA NANAK,54,01:30,8
74652,DBNK-VKA DMU,DMU,DMU,Daily,DBNK,DERABABA NANAK,VKA,VERKA JN,45,01:20,7
74653,VKA-DBNK DMU,DMU,DMU,Daily,VKA,VERKA JN,DBNK,DERABABA NANAK,45,01:20,7
74654,DBNK-ASR DMU,DMU,DMU,Daily,DBNK,DERABABA NANAK,ASR,AMRITSAR,54,01:45,8
74655,ASR-DBNK DMU,DMU,DMU,Daily,ASR,AMRITSAR,DBNK,DERABABA NANAK,54,01:35,8
74656,DBNK-VKA DMU,DMU,DMU,Daily,DBNK,DERABABA NANAK,VKA,VERKA JN,45,01:20,7
74657,VKA-DBNK DMU,DMU,DMU,Daily,VKA,VERKA JN,DBNK,DERABABA NANAK,45,01:20,7
74658,DBNK-ASR DMU,DMU,DMU,Daily,DBNK,DERABABA NANAK,ASR,AMRITSAR,54,01:40,8
74661,ASR-ATT DMU,DMU,DMU,Daily,ASR,AMRITSAR,ATT,ATARI,25,00:40,4
74662,ATT-ASR DMU,DMU,DMU,Daily,ATT,ATARI,ASR,AMRITSAR,25,00:45,4
74663,ASR-ATT DMU,DMU,DMU,Daily,ASR,AMRITSAR,ATT,ATARI,25,00:40,4
74664,ATT-ASR DMU,DMU,DMU,Daily,ATT,ATARI,ASR,AMRITSAR,25,00:45,4
74671,ASR-PTK DMU,DMU,DMU,Daily,ASR,AMRITSAR,PTK,PATHANKOT,107,03:05,17
74672,PTK-ASR DMU,DMU,DMU,Daily,PTK,PATHANKOT,ASR,AMRITSAR,107,02:50,17
74673,VKA-PTK DMU,DMU,DMU,Daily,VKA,VERKA JN,PTK,PATHANKOT,99,03:00,16
74674,PTK-VKA DMU,DMU,DMU,Daily,PTK,PATHANKOT,VKA,VERKA JN,99,02:30,16
74675,ASR-PTK DMU,DMU,DMU,Daily,ASR,AMRITSAR,PTK,PATHANKOT,107,02:40,16
74676,PTK-ASR DMU,DMU,DMU,Daily,PTK,PATHANKOT,ASR,AMRITSAR,107,02:35,16
74681,KEMK-ASR DMU,DMU,DMU,Daily,KEMK,KHEM KARAN,ASR,AMRITSAR,77,02:00,22
74682,ASR-KEMK DMU,DMU,DMU,Daily,ASR,AMRITSAR,KEMK,KHEM KARAN,77,01:55,22
74683,KEMK-BGTN DMU,DMU,DMU,Daily,KEMK,KHEM KARAN,BGTN,BHAGTANWALA,73,01:40,20
74684,ASR-KEMK DMU,DMU,DMU,Daily,ASR,AMRITSAR,KEMK,KHEM KARAN,77,01:50,22
74685,KEMK-BGTN DMU,DMU,DMU,Daily,KEMK,KHEM KARAN,BGTN,BHAGTANWALA,73,01:40,20
74686,BGTN-KEMK DMU,DMU,DMU,Daily,BGTN,BHAGTANWALA,KEMK,KHEM KARAN,73,01:40,20
74687,KEMK-ASR DMU,DMU,DMU,Daily,KEMK,KHEM KARAN,ASR,AMRITSAR,77,02:00,22
74688,BGTN-KEMK DMU,DMU,DMU,Daily,BGTN,BHAGTANWALA,KEMK,KHEM KARAN,73,01:45,20
74691,ASR-QDN DMU,DMU,DMU,Daily,ASR,AMRITSAR,QDN,QADIAN,58,01:45,12
74692,QDN-ASR DMU,DMU,DMU,Daily,QDN,QADIAN,ASR,AMRITSAR,58,01:40,12
74801,MEC-MTD DMU,DMU,DMU,Daily,MEC,MERTA CITY,MTD,MERTA ROAD JN,15,01:05,2
74802,MTD-MEC DMU,DMU,DMU,Daily,MTD,MERTA ROAD JN,MEC,MERTA CITY,15,01:05,2
74811,MEC-MTD DMU,DMU,DMU,Daily,MEC,MERTA CITY,MTD,MERTA ROAD JN,15,01:05,4
74812,MTD-MEC DMU,DMU,DMU,Daily,MTD,MERTA ROAD JN,MEC,MERTA CITY,15,01:05,4
74827,MERTA ROAD - RATANGARH DE,PAS,Passenger,Daily,MTD,MERTA ROAD JN,RTGH,RATANGARH JN,197,04:25,21
74828,RATANGARH MERTA ROAD DMU,PAS,Passenger,Daily,RTGH,RATANGARH JN,MTD,MERTA ROAD JN,197,05:00,21
74829,RTGH-CUR DMU,DMU,DMU,Daily,RTGH,RATANGARH JN,CUR,CHURU,43,00:55,6
74830,CUR-RTGH DMU,DMU,DMU,Daily,CUR,CHURU,RTGH,RATANGARH JN,43,01:00,6
74831,BKN-CUR DMU,DMU,DMU,Daily,BKN,BIKANER JN,CUR,CHURU,180,04:15,19
74832,CUR-BKN DMU,DMU,DMU,Daily,CUR,CHURU,BKN,BIKANER JN,180,03:55,19
74833,SIKR-LHU PASSENGER,DMU,DMU,Daily,SIKR,SIKAR JN,LHU,LOHARU,122,02:30,10
74834,LHU-SIKR PASSENGER,DMU,DMU,Daily,LHU,LOHARU,SIKR,SIKAR JN,122,02:30,10
74835,SIKR-JP DMU,DMU,DMU,Daily,SIKR,SIKAR JN,JP,JAIPUR JN.,107,02:50,15
74836,JP-SIKR DMU PE,DMU,DMU,Daily,JP,JAIPUR JN.,SIKR,SIKAR JN,107,02:35,15
74839,BGKT-BME DMU,DMU,DMU,Daily,BGKT,BHAGAT KI KOTHI,BME,BARMER,205,05:30,23
74840,BME-BGKT DMU,DMU,DMU,Daily,BME,BARMER,BGKT,BHAGAT KI KOTHI,206,05:00,23
74841,BGKT-BLDI DMU,DMU,DMU,Daily,BGKT,BHAGAT KI KOTHI,BLDI,BHILDI JN.,300,07:15,35
74842,BLDI-BGKT DMU,DMU,DMU,Daily,BLDI,BHILDI JN.,BGKT,BHAGAT KI KOTHI,300,07:35,35
74843,JSM-BGKT DMU,DMU,DMU,Daily,JSM,JAISALMER,BGKT,BHAGAT KI KOTHI,301,07:05,23
74844,BGKT-JSM DMU,DMU,DMU,Daily,BGKT,BHAGAT KI KOTHI,JSM,JAISALMER,301,07:30,23
74845,PBC-MKN DMU,DMU,DMU,"Mon,Tue,Wed,Thu,Fri,Sat",PBC,PARVATSAR CITY,MKN,MAKRANA JN,21,00:35,3
74846,MKN-PBC DMU,DMU,DMU,"Mon,Tue,Wed,Thu,Fri,Sun",MKN,MAKRANA JN,PBC,PARVATSAR CITY,21,00:35,3
74849,RTGH-SRDR DMU,DMU,DMU,Daily,RTGH,RATANGARH JN,SRDR,SARDARSHAHR,48,01:20,8
74850,SRDR-RTGH DMU,DMU,DMU,Daily,SRDR,SARDARSHAHR,RTGH,RATANGARH JN,47,01:15,8
74851,RTGH-SRDR DMU,DMU,DMU,Daily,RTGH,RATANGARH JN,SRDR,SARDARSHAHR,48,01:20,8
74852,SRDR-RTGH DMU,DMU,DMU,Daily,SRDR,SARDARSHAHR,RTGH,RATANGARH JN,47,01:15,8
74853,RTGH-SRDR DMU,DMU,DMU,Daily,RTGH,RATANGARH JN,SRDR,SARDARSHAHR,48,01:15,8
74854,SRDR-RTGH DMU,DMU,DMU,Daily,SRDR,SARDARSHAHR,RTGH,RATANGARH JN,47,01:15,8
74855,BKN-RTGH DMU,DMU,DMU,Daily,BKN,BIKANER JN,RTGH,RATANGARH JN,137,03:15,14
74856,RTGH-BKN DMU,DMU,DMU,Daily,RTGH,RATANGARH JN,BKN,BIKANER JN,137,03:15,14
74857,SIKR-CUR DMU,DMU,DMU,Daily,SIKR,SIKAR JN,CUR,CHURU,90,01:55,9
74858,CUR-SIKR DMU,DMU,DMU,Daily,CUR,CHURU,SIKR,SIKAR JN,90,02:00,9
74859,SIKR-CUR DMU,DMU,DMU,Daily,SIKR,SIKAR JN,CUR,CHURU,90,02:05,9
74860,CUR-SIKR DMU,DMU,DMU,Daily,CUR,CHURU,SIKR,SIKAR JN,90,02:00,9
74861,JP-CUR DMU,DMU,DMU,Daily,JP,JAIPUR JN.,CUR,CHURU,198,04:55,23
74862,CUR-JP DMU,DMU,DMU,Daily,CUR,CHURU,JP,JAIPUR JN.,198,04:35,23
74901,JUC-PTK DMU,DMU,DMU,Daily,JUC,JALANDHAR CITY,PTK,PATHANKOT,116,03:20,18
74902,PTK-JUC DMU,DMU,DMU,Daily,PTK,PATHANKOT,JUC,JALANDHAR CITY,116,02:50,18
74903,JUC-PTK DMU,DMU,DMU,Daily,JUC,JALANDHAR CITY,PTK,PATHANKOT,116,03:00,18
74904,PTK-JUC DMU,DMU,DMU,Daily,PTK,PATHANKOT,JUC,JALANDHAR CITY,116,03:15,18
74906,MCTM-PTK DMU,DMU,DMU,Daily,MCTM,MARTYR CAPTAIN TUSHAR MAHAJAN,PTK,PATHANKOT,153,04:00,19
74907,PTK-MCTM DMU,DMU,DMU,Daily,PTK,PATHANKOT,MCTM,MARTYR CAPTAIN TUSHAR MAHAJAN,153,04:10,19
74909,PTK-MCTM DMU,DMU,DMU,Daily,PTK,PATHANKOT,MCTM,MARTYR CAPTAIN TUSHAR MAHAJAN,153,04:15,19
74910,MCTM-PTK DMU,DMU,DMU,Daily,MCTM,MARTYR CAPTAIN TUSHAR MAHAJAN,PTK,PATHANKOT,153,03:50,19
74913,HSX-JUC DMU,DMU,DMU,Daily,HSX,HOSHIARPUR,JUC,JALANDHAR CITY,43,01:05,7
74914,JUC-HSX DMU,DMU,DMU,Daily,JUC,JALANDHAR CITY,HSX,HOSHIARPUR,43,01:00,7
74915,HSX-JUC DMU,DMU,DMU,Daily,HSX,HOSHIARPUR,JUC,JALANDHAR CITY,43,01:05,7
74916,JUC-HSX DMU,DMU,DMU,Daily,JUC,JALANDHAR CITY,HSX,HOSHIARPUR,43,01:00,7
74917,HSX-JUC DMU,DMU,DMU,Daily,HSX,HOSHIARPUR,JUC,JALANDHAR CITY,43,01:05,7
74918,JUC-HSX DMU,DMU,DMU,Daily,JUC,JALANDHAR CITY,HSX,HOSHIARPUR,43,01:00,7
74919,HSX-JUC DMU,DMU,DMU,Daily,HSX,HOSHIARPUR,JUC,JALANDHAR CITY,43,01:05,7
74920,JUC-HSX DMU,DMU,DMU,Daily,JUC,JALANDHAR CITY,HSX,HOSHIARPUR,43,01:10,7
74923,HSX-JUC DMU,DMU,DMU,Daily,HSX,HOSHIARPUR,JUC,JALANDHAR CITY,43,01:00,7
74924,JUC-HSX DMU,DMU,DMU,Daily,JUC,JALANDHAR CITY,HSX,HOSHIARPUR,43,01:00,7
74931,JUC-FZR DMU,DMU,DMU,Daily,JUC,JALANDHAR CITY,FZR,FIROZPUR CANT,117,03:20,18
74932,FZR-JUC DMU,DMU,DMU,Daily,FZR,FIROZPUR CANT,JUC,JALANDHAR CITY,117,02:50,15
74933,JUC-FZR DMU,DMU,DMU,Daily,JUC,JALANDHAR CITY,FZR,FIROZPUR CANT,117,03:05,18
74934,FZR-JUC DMU,DMU,DMU,Daily,FZR,FIROZPUR CANT,JUC,JALANDHAR CITY,117,03:15,18
74935,JUC-FZR DMU,DMU,DMU,Daily,JUC,JALANDHAR CITY,FZR,FIROZPUR CANT,117,03:00,18
74936,FZR-JUC DMU,DMU,DMU,Daily,FZR,FIROZPUR CANT,JUC,JALANDHAR CITY,117,03:00,18
74937,JUC-FZR DMU,DMU,DMU,Daily,JUC,JALANDHAR CITY,FZR,FIROZPUR CANT,117,03:10,36
74938,FZR-JUC DMU,DMU,DMU,Daily,FZR,FIROZPUR CANT,JUC,JALANDHAR CITY,117,03:00,18
74939,JUC-FZR DMU,DMU,DMU,Daily,JUC,JALANDHAR CITY,FZR,FIROZPUR CANT,117,02:28,14
74940,FZR-JUC DMU,DMU,DMU,Daily,FZR,FIROZPUR CANT,JUC,JALANDHAR CITY,117,03:00,18
74941,NRO-JUC DMU,DMU,DMU,Daily,NRO,NAKODAR JN,JUC,JALANDHAR CITY,32,01:00,6
74942,JUC-NRO DMU,DMU,DMU,Daily,JUC,JALANDHAR CITY,NRO,NAKODAR JN,32,01:00,6
74943,NRO-JUC DMU,DMU,DMU,Daily,NRO,NAKODAR JN,JUC,JALANDHAR CITY,32,01:00,6
74944,JUC-NRO DMU,DMU,DMU,Daily,JUC,JALANDHAR CITY,NRO,NAKODAR JN,32,01:00,6
74945,NRO-JUC DMU,DMU,DMU,Daily,NRO,NAKODAR JN,JUC,JALANDHAR CITY,32,01:00,6
74946,JUC-NRO DMU,DMU,DMU,Daily,JUC,JALANDHAR CITY,NRO,NAKODAR JN,32,01:00,6
74947,NRO-JUC DMU,DMU,DMU,Daily,NRO,NAKODAR JN,JUC,JALANDHAR CITY,32,01:00,6
74948,JUC-NRO DMU,DMU,DMU,Daily,JUC,JALANDHAR CITY,NRO,NAKODAR JN,32,01:00,6
74951,JJJ-PGW DMU,DMU,DMU,"Mon,Tue,Wed,Fri,Sat",JJJ,JAIJON DOABA,PGW,PHAGWARA JN,81,03:15,15
74952,JUC-NSS DMU,DMU,DMU,Daily,JUC,JALANDHAR CITY,NSS,N S DOABA JN,57,01:45,11
74953,NSS-JUC DMU,DMU,DMU,Daily,NSS,N S DOABA JN,JUC,JALANDHAR CITY,57,01:45,11
74954,PGW-JJJ DMU,DMU,DMU,"Mon,Tue,Wed,Fri,Sat",PGW,PHAGWARA JN,JJJ,JAIJON DOABA,81,03:00,15
74961,LDH-FZR DMU,DMU,DMU,Daily,LDH,LUDHIANA JN,FZR,FIROZPUR CANT,124,03:00,19
74962,FZR-LDH DMU,DMU,DMU,Daily,FZR,FIROZPUR CANT,LDH,LUDHIANA JN,124,03:05,19
74963,LDH-FZR DMU,DMU,DMU,Daily,LDH,LUDHIANA JN,FZR,FIROZPUR CANT,124,03:15,19
74964,FZR-LDH DMU,DMU,DMU,Daily,FZR,FIROZPUR CANT,LDH,LUDHIANA JN,124,03:15,19
74965,LDH-LNK DMU,DMU,DMU,Daily,LDH,LUDHIANA JN,LNK,LOHIAN KHAS JN,77,02:05,14
74966,LNK-LDH DMU,DMU,DMU,Daily,LNK,LOHIAN KHAS JN,LDH,LUDHIANA JN,77,02:00,14
74967,LDH-LNK DMU,DMU,DMU,Daily,LDH,LUDHIANA JN,LNK,LOHIAN KHAS JN,77,02:10,14
74968,LNK-PHR DMU,DMU,DMU,Daily,LNK,LOHIAN KHAS JN,PHR,PHILLAUR JN,64,01:40,12
74969,PHR-LNK DMU,DMU,DMU,Daily,PHR,PHILLAUR JN,LNK,LOHIAN KHAS JN,64,01:50,12
74970,LNK-LDH DMU,DMU,DMU,Daily,LNK,LOHIAN KHAS JN,LDH,LUDHIANA JN,77,02:25,14
74971,FZR-FKA DMU,DMU,DMU,Daily,FZR,FIROZPUR CANT,FKA,FAZILKA,88,02:00,14
74972,FKA-FZR DMU,DMU,DMU,Daily,FKA,FAZILKA,FZR,FIROZPUR CANT,88,02:25,14
74973,FZR-FKA DMU,DMU,DMU,Daily,FZR,FIROZPUR CANT,FKA,FAZILKA,88,02:25,14
74974,FKA-FZR DMU,DMU,DMU,Daily,FKA,FAZILKA,FZR,FIROZPUR CANT,88,02:05,14
74975,FZR-FKA DMU,DMU,DMU,Daily,FZR,FIROZPUR CANT,FKA,FAZILKA,88,02:35,14
74976,FKA-FZR DMU,DMU,DMU,Daily,FKA,FAZILKA,FZR,FIROZPUR CANT,88,02:10,14
74977,FZR-FKA DMU,DMU,DMU,Daily,FZR,FIROZPUR CANT,FKA,FAZILKA,88,02:10,14
74978,FKA-FZR DMU,DMU,DMU,Daily,FKA,FAZILKA,FZR,FIROZPUR CANT,88,02:15,14
74981,KKP-FKA DMU,DMU,DMU,Daily,KKP,KOT KAPURA,FKA,FAZILKA,80,01:45,13
74982,FKA-KKP DMU,DMU,DMU,Daily,FKA,FAZILKA,KKP,KOT KAPURA,80,01:55,13
74983,KKP-FKA DMU,DMU,DMU,Daily,KKP,KOT KAPURA,FKA,FAZILKA,80,02:00,13
74984,FKA-KKP DMU,DMU,DMU,Daily,FKA,FAZILKA,KKP,KOT KAPURA,80,01:45,13
74985,BTI-FKA DMU,DMU,DMU,Daily,BTI,BATHINDA,FKA,FAZILKA,123,03:30,19
74986,FKA-BTI DMU,DMU,DMU,Daily,FKA,FAZILKA,BTI,BATHINDA,123,02:45,18
74987,BTI-FKA DMU,DMU,DMU,Daily,BTI,BATHINDA,FKA,FAZILKA,123,02:45,15
74988,FKA-BTI DMU,DMU,DMU,Daily,FKA,FAZILKA,BTI,BATHINDA,123,03:05,19
74991,UMB- DLPC DMU,DMU,DMU,Daily,UMB,AMBALA CANT JN,DLPC,DAULATPUR CHAUK,229,06:50,25
74992,DLPC-UMB DMU,DMU,DMU,Daily,DLPC,DAULATPUR CHAUK,UMB,AMBALA CANT JN,229,05:35,24
75101,CPR-ARJ DMU,DMU,DMU,Daily,CPR,CHHAPRA,ARJ,AUNRIHAR JN.,170,04:35,31
75102,ARJ-CPR DMU,DMU,DMU,Daily,ARJ,AUNRIHAR JN.,CPR,CHHAPRA,170,04:45,31
75103,CPR-THE DMU,DMU,DMU,Daily,CPR,CHHAPRA,THE,THAWE JN,89,02:10,14
75104,THE-CPR DMU,DMU,DMU,Daily,THE,THAWE JN,CPR,CHHAPRA,89,02:35,14
75105,THE-JEA DMU,DMU,DMU,Daily,THE,THAWE JN,JEA,NAKAHA JUNGLE,144,05:05,25
75106,GKP-THE DMU,DMU,DMU,Daily,GKP,GORAKHPUR JN,THE,THAWE JN,139,05:10,24
75107,JEA-GD DMU,DMU,DMU,Daily,JEA,NAKAHA JUNGLE,GD,GONDA JN,214,06:10,35
75108,GD-JEA DMU,DMU,DMU,Daily,GD,GONDA JN,JEA,NAKAHA JUNGLE,215,06:20,35
75109,GD-NPR DMU,DMU,DMU,Daily,GD,GONDA JN,NPR,NEPALGANJ ROAD,115,03:00,13
75110,NPR-GD DMU,DMU,DMU,Daily,NPR,NEPALGANJ ROAD,GD,GONDA JN,115,02:55,13
75111,GD-NPR DMU,DMU,DMU,Daily,GD,GONDA JN,NPR,NEPALGANJ ROAD,115,02:45,13
75112,NPR-GD DMU,DMU,DMU,Daily,NPR,NEPALGANJ ROAD,GD,GONDA JN,115,02:45,13
75113,GD-BRK DMU,DMU,DMU,Daily,GD,GONDA JN,BRK,BAHRAICH,60,01:30,8
75114,BRK-GD DMU,DMU,DMU,Daily,BRK,BAHRAICH,GD,GONDA JN,60,01:30,8
75115,JEA-NTV DMU,DMU,DMU,Daily,JEA,NAKAHA JUNGLE,NTV,NAUTANWA,76,02:35,18
75116,NTV-GKP DMU,DMU,DMU,Daily,NTV,NAUTANWA,GKP,GORAKHPUR JN,81,02:45,19
75117,GKP-BNY DMU,DMU,DMU,Daily,GKP,GORAKHPUR JN,BNY,BARHNI,113,03:40,22
75118,BNY-GKP DMU,DMU,DMU,Daily,BNY,BARHNI,GKP,GORAKHPUR JN,113,03:45,22
75201,FBG-SHC DMU,DMU,DMU,Daily,FBG,FORBESGANJ JN,SHC,SAHARSA JN,111,04:40,23
75202,SHC-FBG DMU,DMU,DMU,Daily,SHC,SAHARSA JN,FBG,FORBESGANJ JN,111,03:55,23
75203,SEE-PCDR DMU,DMU,DMU,Daily,SEE,SONPUR JN,PCDR,PANCHDEORI HALT,164,05:25,28
75204,PCDR-SEE DMU,DMU,DMU,Daily,PCDR,PANCHDEORI HALT,SEE,SONPUR JN,164,05:30,28
75205,LLP-SRGR-SHC DMU,DMU,DMU,Daily,LLP,LALITGRAM,SHC,SAHARSA JN,82,04:30,18
75206,SHC-SRGR-LLP  DMU,DMU,DMU,Daily,SHC,SAHARSA JN,LLP,LALITGRAM,82,03:15,18
75207,SPJ-MFP DMU,DMU,DMU,Daily,SPJ,SAMASTIPUR JN,MFP,MUZAFFARPUR JN,170,06:00,31
75208,MFP-SPJ DMU,DMU,DMU,Daily,MFP,MUZAFFARPUR JN,SPJ,SAMASTIPUR JN,170,05:40,31
75209,SPJ-JYG DMU,DMU,DMU,Daily,SPJ,SAMASTIPUR JN,JYG,JAYNAGAR,105,04:05,23
75210,JYG-SPJ DMU,DMU,DMU,Daily,JYG,JAYNAGAR,SPJ,SAMASTIPUR JN,105,04:05,21
75211,SPJ-SEE DMU,DMU,DMU,Daily,SPJ,SAMASTIPUR JN,SEE,SONPUR JN,111,04:43,20
75212,SEE-SPJ DMU,DMU,DMU,Daily,SEE,SONPUR JN,SPJ,SAMASTIPUR JN,111,04:35,20
75213,RXL-MAI DMU,DMU,DMU,Daily,RXL,RAXAUL JN,MAI,MEHSI,90,03:05,17
75214,MAI-RXL DMU,DMU,DMU,Daily,MAI,MEHSI,RXL,RAXAUL JN,90,03:55,17
75215,JYG-RXL DMU,DMU,DMU,Daily,JYG,JAYNAGAR,RXL,RAXAUL JN,221,06:45,13
75216,RXL-JYG DEMU,DMU,DMU,Daily,RXL,RAXAUL JN,JYG,JAYNAGAR,221,07:35,12
75217,DBG-FBG DMU,DMU,DMU,Daily,DBG,DARBHANGA JN,FBG,FORBESGANJ JN,154,05:10,29
75218,FBG-DBG DMU,DMU,DMU,Daily,FBG,FORBESGANJ JN,DBG,DARBHANGA JN,155,04:50,29
75219,DEIA-VSHI-SEE DMU,DMU,DMU,Daily,DEIA,DEORIA,SEE,SONPUR JN,69,03:10,10
75220,SEE-VSHI-DEIA DMU,DMU,DMU,Daily,SEE,SONPUR JN,DEIA,DEORIA,69,02:50,10
75221,DEIA-VSHI-SEE DMU,DMU,DMU,Daily,DEIA,DEORIA,SEE,SONPUR JN,69,02:50,10
75222,SEE-VSHI-DEIA DMU,DMU,DMU,Daily,SEE,SONPUR JN,DEIA,DEORIA,69,02:30,10
75223,BHGJ-PRNC DMU ,DMU,DMU,Daily,BHGJ,BIHARIGANJ,PRNC,PURNIA COURT,59,02:05,12
75224,PRNC-BHGJ DMU,DMU,DMU,Daily,PRNC,PURNIA COURT,BHGJ,BIHARIGANJ,59,01:55,12
75225,PRNC-SHC DMU,DMU,DMU,Daily,PRNC,PURNIA COURT,SHC,SAHARSA JN,95,03:00,17
75226,SHC-PRNC DMU,DMU,DMU,Daily,SHC,SAHARSA JN,PRNC,PURNIA COURT,95,03:00,17
75229,DBG-RXL DMU,DMU,DMU,Daily,DBG,DARBHANGA JN,RXL,RAXAUL JN,153,05:00,31
75230,RXL-DBG DMU,DMU,DMU,Daily,RXL,RAXAUL JN,DBG,DARBHANGA JN,153,05:10,31
75235,RXL-NKE DMU,DMU,DMU,Daily,RXL,RAXAUL JN,NKE,NARKATIAGANJ JN,88,03:30,15
75236,NKE-RXL DMU,DMU,DMU,Daily,NKE,NARKATIAGANJ JN,RXL,RAXAUL JN,88,02:30,15
75239,BJU-SPJ DMU,DMU,DMU,Daily,BJU,BARAUNI JN,SPJ,SAMASTIPUR JN,51,01:45,12
75240,SPJ-BJU DMU,DMU,DMU,Daily,SPJ,SAMASTIPUR JN,BJU,BARAUNI JN,51,02:00,10
75245,BJU-SEE DMU,DMU,DMU,Daily,BJU,BARAUNI JN,SEE,SONPUR JN,93,03:50,23
75246,SEE-BJU DMU,DMU,DMU,Daily,SEE,SONPUR JN,BJU,BARAUNI JN,93,03:50,24
75253,SPJ-DBG DMU,DMU,DMU,Daily,SPJ,SAMASTIPUR JN,DBG,DARBHANGA JN,37,02:00,8
75254,DBG-SPJ DMU,DMU,DMU,Daily,DBG,DARBHANGA JN,SPJ,SAMASTIPUR JN,37,02:10,8
75257,PRNA-SHC DMU,DMU,DMU,Daily,PRNA,PURNIA JN,SHC,SAHARSA JN,100,03:05,18
75258,SHC-PRNA DMU,DMU,DMU,Daily,SHC,SAHARSA JN,PRNA,PURNIA JN,100,03:05,18
75259,PRNA-SHC DMU,DMU,DMU,Daily,PRNA,PURNIA JN,SHC,SAHARSA JN,100,03:15,18
75260,SHC-PRNA DMU,DMU,DMU,Daily,SHC,SAHARSA JN,PRNA,PURNIA JN,100,03:00,18
75261,PRNA-SHC DMU,DMU,DMU,Daily,PRNA,PURNIA JN,SHC,SAHARSA JN,100,03:10,18
75262,SHC-PRNA DMU,DMU,DMU,Daily,SHC,SAHARSA JN,PRNA,PURNIA JN,100,02:40,18
75263,BHGJ-SHC DMU,DMU,DMU,Daily,BHGJ,BIHARIGANJ,SHC,SAHARSA JN,91,03:30,20
75264,SHC-BHGJ DMU,DMU,DMU,Daily,SHC,SAHARSA JN,BHGJ,BIHARIGANJ,91,03:35,20
75265,BHGJ-PRNC DMU,DMU,DMU,Daily,BHGJ,BIHARIGANJ,PRNC,PURNIA COURT,59,02:10,12
75266,PRNC-BHGJ DMU,DMU,DMU,Daily,PRNC,PURNIA COURT,BHGJ,BIHARIGANJ,59,02:50,12
75267,SEE-CPR DMU,DMU,DMU,Daily,SEE,SONPUR JN,CPR,CHHAPRA,54,02:00,13
75268,CPR-SEE DMU,DMU,DMU,Daily,CPR,CHHAPRA,SEE,SONPUR JN,54,01:55,12
75269,SEE-CPR DMU,DMU,DMU,Daily,SEE,SONPUR JN,CPR,CHHAPRA,54,02:45,12
75270,CPR-SEE DMU,DMU,DMU,Daily,CPR,CHHAPRA,SEE,SONPUR JN,54,02:55,13
75280,HRGR-DBG DMU,DMU,DMU,Daily,HRGR,HARNAGAR,DBG,DARBHANGA JN,63,02:50,13
75287,SHC-SPJ DMU,DMU,DMU,Daily,SHC,SAHARSA JN,SPJ,SAMASTIPUR JN,139,06:05,26
75288,SPJ-SHC DMU,DMU,DMU,Daily,SPJ,SAMASTIPUR JN,SHC,SAHARSA JN,139,05:53,26
75291,DBG-HRGR DMU,DMU,DMU,Daily,DBG,DARBHANGA JN,HRGR,HARNAGAR,63,03:05,13
75293,DBG-HRGR DMU,DMU,DMU,Daily,DBG,DARBHANGA JN,HRGR,HARNAGAR,63,02:50,13
75294,HRGR-DBG DMU,DMU,DMU,Daily,HRGR,HARNAGAR,DBG,DARBHANGA JN,63,03:33,13
75301,IZN-TPU DMU,DMU,DMU,Daily,IZN,IZZATNAGAR JN,TPU,TANAKPUR,114,03:30,15
75302,TPU-BC DMU,DMU,DMU,Daily,TPU,TANAKPUR,BC,BAREILLY CITY,119,04:05,16
75303,BC-PBE DMU,DMU,DMU,Daily,BC,BAREILLY CITY,PBE,PILIBHIT JN,56,02:00,10
75304,PBE-IZN DMU,DMU,DMU,Daily,PBE,PILIBHIT JN,IZN,IZZATNAGAR JN,51,01:40,6
75601,LMG-TSK EXPRESS,DMU,DMU,Daily,LMG,LUMDING JN,TSK,TINSUKIA JN.,336,11:45,44
75602,TSK-LMG EXPRESS,DMU,DMU,Daily,TSK,TINSUKIA JN.,LMG,LUMDING JN,336,11:25,44
75679,AGTL-KXJ MEMU,MEMU,MEMU,Daily,AGTL,AGARTALA,KXJ,KARIMGANJ JN.,205,06:30,26
75680,KXJ-AGTL MEMU,MEMU,MEMU,Daily,KXJ,KARIMGANJ JN.,AGTL,AGARTALA,205,06:15,26
75681,SBRM-AGTL DMU,DMU,DMU,Daily,SBRM,SABROOM,AGTL,AGARTALA,108,02:25,12
75682,AGTL-SBRM DMU,DMU,DMU,Daily,AGTL,AGARTALA,SBRM,SABROOM,109,02:25,12
75683,SBRM-AGTL DMU,DMU,DMU,Daily,SBRM,SABROOM,AGTL,AGARTALA,108,02:25,12
75684,AGTL-SBRM DMU,DMU,DMU,Daily,AGTL,AGARTALA,SBRM,SABROOM,109,02:25,12
75687,SBRM-AGTL DMU,DMU,DMU,Daily,SBRM,SABROOM,AGTL,AGARTALA,108,02:30,12
75688,AGTL-SBRM DMU,DMU,DMU,Daily,AGTL,AGARTALA,SBRM,SABROOM,109,02:15,12
75689,SBRM-AGTL DMU,DMU,DMU,Daily,SBRM,SABROOM,AGTL,AGARTALA,108,02:20,12
75690,AGTL-SBRM DMU,DMU,DMU,Daily,AGTL,AGARTALA,SBRM,SABROOM,109,02:25,12
75705,RDP-SGUJ IC EXPRESS,DMU,DMU,Daily,RDP,RADHIKAPUR,SGUJ,SILIGURI JN,218,05:30,16
75706,SGUJ-RDP IC EXPRESS,DMU,DMU,Daily,SGUJ,SILIGURI JN,RDP,RADHIKAPUR,217,04:55,16
75707,RDP-SGUJ DMU,DMU,DMU,Daily,RDP,RADHIKAPUR,SGUJ,SILIGURI JN,218,06:10,27
75708,SGUJ-RDP DMU,DMU,DMU,Daily,SGUJ,SILIGURI JN,RDP,RADHIKAPUR,217,05:15,27
75709,NJP-HDB DMU,DMU,DMU,Daily,NJP,NEW JALPAIGURI,HDB,HALDIBARI,57,01:45,10
75710,HDB-NJP DMU,DMU,DMU,Daily,HDB,HALDIBARI,NJP,NEW JALPAIGURI,57,02:00,10
75711,NJP-HDB DMU,DMU,DMU,Daily,NJP,NEW JALPAIGURI,HDB,HALDIBARI,57,01:45,10
75712,HDB-NJP DMU,DMU,DMU,Daily,HDB,HALDIBARI,NJP,NEW JALPAIGURI,57,01:45,10
75713,SGUJ-BXT DMU,DMU,DMU,"Mon,Tue,Wed,Thu,Fri,Sun",SGUJ,SILIGURI JN,BXT,BAMANHAT,231,06:10,30
75714,BXT-SGUJ DMU,DMU,DMU,"Mon,Tue,Wed,Thu,Fri,Sat",BXT,BAMANHAT,SGUJ,SILIGURI JN,231,06:30,30
75719,MLFC-SGUJ DMU,DMU,DMU,Daily,MLFC,MALDA COURT,SGUJ,SILIGURI JN,252,07:20,43
75720,SGUJ-MLFC DMU,DMU,DMU,Daily,SGUJ,SILIGURI JN,MLFC,MALDA COURT,252,07:45,43
75721,SGUJ-HDB DMU,DMU,DMU,Daily,SGUJ,SILIGURI JN,HDB,HALDIBARI,64,02:15,12
75722,HDB-SGUJ DMU,DMU,DMU,Daily,HDB,HALDIBARI,SGUJ,SILIGURI JN,64,02:45,12
75723,NBQ-GHY DMU,DMU,DMU,Daily,NBQ,NEW BONGAIGAON,GHY,GUWAHATI,182,05:00,19
75724,GHY-NBQ DMU,DMU,DMU,Daily,GHY,GUWAHATI,NBQ,NEW BONGAIGAON,182,05:20,19
75725,SGUJ-NBQ DMU,DMU,DMU,Daily,SGUJ,SILIGURI JN,NBQ,NEW BONGAIGAON,362,10:45,39
75726,NBQ-SGUJ DMU,DMU,DMU,Daily,NBQ,NEW BONGAIGAON,SGUJ,SILIGURI JN,362,10:25,39
75727,GHY-HBN DMU,DMU,DMU,Daily,GHY,GUWAHATI,HBN,HAIBARGAON,116,02:35,9
75728,HBN-GHY DMU,DMU,DMU,Daily,HBN,HAIBARGAON,GHY,GUWAHATI,116,03:00,9
75729,GHY-SHTT DMU,DMU,DMU,Daily,GHY,GUWAHATI,SHTT,SILGHAT TOWN,167,04:40,18
75730,SHTT-GHY DMU,DMU,DMU,Daily,SHTT,SILGHAT TOWN,GHY,GUWAHATI,167,04:45,18
75733,TNPR-KIR DMU,DMU,DMU,Daily,TNPR,TEJNARAYANPUR,KIR,KATIHAR JN,34,01:15,8
75734,KIR-TNPR DMU,DMU,DMU,Daily,KIR,KATIHAR JN,TNPR,TEJNARAYANPUR,34,01:15,8
75735,TNPR-KIR DMU,DMU,DMU,Daily,TNPR,TEJNARAYANPUR,KIR,KATIHAR JN,34,01:15,8
75736,KIR-TNPR DMU,DMU,DMU,Daily,KIR,KATIHAR JN,TNPR,TEJNARAYANPUR,34,01:15,8
75737,TNPR-KIR DMU,DMU,DMU,Daily,TNPR,TEJNARAYANPUR,KIR,KATIHAR JN,34,01:15,8
75738,KIR-TNPR DMU,DMU,DMU,Daily,KIR,KATIHAR JN,TNPR,TEJNARAYANPUR,34,01:15,8
75741,SGUJ-DBB IC EXPRESS,DMU,DMU,Daily,SGUJ,SILIGURI JN,DBB,DHUBRI,262,07:00,21
75742,DBB-SGUJ IC EXPRESS,DMU,DMU,Daily,DBB,DHUBRI,SGUJ,SILIGURI JN,262,08:40,21
75743,KIR-SGUJ DMU,DMU,DMU,Daily,KIR,KATIHAR JN,SGUJ,SILIGURI JN,205,05:55,32
75744,SGUJ-KIR DMU,DMU,DMU,Daily,SGUJ,SILIGURI JN,KIR,KATIHAR JN,205,06:00,32
75745,KIR-JBN DMU,DMU,DMU,Daily,KIR,KATIHAR JN,JBN,JOGBANI,108,03:30,19
75746,JBN-KIR DMU,DMU,DMU,Daily,JBN,JOGBANI,KIR,KATIHAR JN,108,03:25,19
75749,KIR-TETA DMU,DMU,DMU,Daily,KIR,KATIHAR JN,TETA,TELTA,62,02:10,14
75750,TETA-KIR DMU,DMU,DMU,Daily,TETA,TELTA,KIR,KATIHAR JN,62,02:15,14
75751,TETA-RDP DMU,DMU,DMU,Daily,TETA,TELTA,RDP,RADHIKAPUR,74,02:40,11
75752,RDP-TETA DMU,DMU,DMU,Daily,RDP,RADHIKAPUR,TETA,TELTA,74,01:50,11
75753,KIR-JBN DMU,DMU,DMU,Daily,KIR,KATIHAR JN,JBN,JOGBANI,108,03:15,19
75754,JBN-KIR DMU,DMU,DMU,Daily,JBN,JOGBANI,KIR,KATIHAR JN,108,03:05,19
75755,KIR-JBN DMU,DMU,DMU,Daily,KIR,KATIHAR JN,JBN,JOGBANI,108,03:00,15
75756,JBN-KIR DMU,DMU,DMU,Daily,JBN,JOGBANI,KIR,KATIHAR JN,108,02:45,15
75757,KIR-JBN DMU,DMU,DMU,Daily,KIR,KATIHAR JN,JBN,JOGBANI,108,02:45,15
75758,JBN-KIR DMU,DMU,DMU,Daily,JBN,JOGBANI,KIR,KATIHAR JN,108,02:55,19
75759,KIR-JBN DMU,DMU,DMU,Daily,KIR,KATIHAR JN,JBN,JOGBANI,108,03:00,19
75760,JBN-KIR DMU,DMU,DMU,Daily,JBN,JOGBANI,KIR,KATIHAR JN,108,03:10,15
75761,KIR-JBN DMU,DMU,DMU,Daily,KIR,KATIHAR JN,JBN,JOGBANI,108,03:00,19
75762,JBN-KIR DMU,DMU,DMU,Daily,JBN,JOGBANI,KIR,KATIHAR JN,108,03:15,15
75902,LEDO-NSBG DMU,DMU,DMU,"Mon,Tue,Wed,Thu,Fri,Sat",LEDO,LEDO,NSBG,NEW SISIBORGAON,138,04:30,17
75903,NSBG-LEDO DMU,DMU,DMU,"Mon,Tue,Wed,Thu,Fri,Sat",NSBG,NEW SISIBORGAON,LEDO,LEDO,138,04:30,17
75904,MJN-DNGI DMU,DMU,DMU,"Mon,Tue,Wed,Thu,Fri,Sat",MJN,MAKUM JN,DNGI,DANGARI,32,02:00,7
75905,DNGI-MJN DMU,DMU,DMU,"Mon,Tue,Wed,Thu,Fri,Sat",DNGI,DANGARI,MJN,MAKUM JN,31,02:00,7
76501,LWR-DED DEMU,DMU,DMU,"Mon,Tue,Wed,Fri,Sat,Sun",LWR,ALNAVAR JN,DED,DANDELI,26,00:45,2
76502,DED-LWR DEMU,DMU,DMU,"Mon,Tue,Wed,Fri,Sat,Sun",DED,DANDELI,LWR,ALNAVAR JN,26,00:45,2
76503,LWR-DED DEMU,DMU,DMU,"Mon,Tue,Wed,Fri,Sat,Sun",LWR,ALNAVAR JN,DED,DANDELI,26,00:45,2
76504,DED-LWR DEMU,DMU,DMU,"Mon,Tue,Wed,Fri,Sat,Sun",DED,DANDELI,LWR,ALNAVAR JN,26,00:45,2
76505,LWR-DED DEMU,DMU,DMU,"Mon,Tue,Wed,Fri,Sat,Sun",LWR,ALNAVAR JN,DED,DANDELI,26,00:45,2
76506,DED-LWR DEMU,DMU,DMU,"Mon,Tue,Wed,Fri,Sat,Sun",DED,DANDELI,LWR,ALNAVAR JN,26,00:45,2
76507,HPT-UBL DMU,DMU,DMU,Sat,HPT,HOSAPETE JUNCTION,UBL,SSS HUBBALLI JN,143,02:35,10
76508,UBL-HPT DMU,DMU,DMU,Sun,UBL,SSS HUBBALLI JN,HPT,HOSAPETE JUNCTION,143,02:35,10
76509,BAY-DVG DMU,DMU,DMU,"Mon,Tue,Wed,Thu,Fri,Sat",BAY,BALLARI JN.,DVG,DAVANGERE,210,05:40,20
76510,DVG-BAY DMU,DMU,DMU,"Mon,Tue,Wed,Thu,Fri,Sat",DVG,DAVANGERE,BAY,BALLARI JN.,210,05:30,20
76511,HPT-BAY DMU,DMU,DMU,"Mon,Tue,Wed,Thu,Fri,Sat",HPT,HOSAPETE JUNCTION,BAY,BALLARI JN.,66,01:40,7
76512,BAY-HPT DMU,DMU,DMU,"Mon,Tue,Wed,Thu,Fri,Sat",BAY,BALLARI JN.,HPT,HOSAPETE JUNCTION,66,01:40,7
76801,MQ-TPJ DMU,DMU,DMU,Daily,MQ,MANNARGUDI,TPJ,TIRUCHCHIRAPPALLI JN.,93,02:45,16
76802,TPJ-MQ DMU,DMU,DMU,Daily,TPJ,TIRUCHCHIRAPPALLI JN.,MQ,MANNARGUDI,93,02:25,14
76803,KIK-TJ DMU,DMU,DMU,Daily,KIK,KARAIKAL,TJ,THANJAVUR JN.,96,02:45,20
76804,TJ-KIK DMU,DMU,DMU,Daily,TJ,THANJAVUR JN.,KIK,KARAIKAL,96,02:40,20
76805,KIK-VLNK DMU,DMU,DMU,Daily,KIK,KARAIKAL,VLNK,VELLANKANNI,28,00:55,6
76806,VLNK-KIK DMU,DMU,DMU,Daily,VLNK,VELLANKANNI,KIK,KARAIKAL,28,01:00,6
76807,NGT-VLNK DMU,DMU,DMU,Daily,NGT,NAGAPPATTINAM JN,VLNK,VELLANKANNI,10,00:20,2
76808,VLNK-NGT DMU,DMU,DMU,Daily,VLNK,VELLANKANNI,NGT,NAGAPPATTINAM JN,10,00:20,2
76809,TPJ-KRR PASS,PAS,Passenger,Daily,TPJ,TIRUCHCHIRAPPALLI JN.,KRR,KARUR JN.,76,02:00,17
76810,KRR-TPJ PASS,PAS,Passenger,Daily,KRR,KARUR JN.,TPJ,TIRUCHCHIRAPPALLI JN.,76,02:15,17
76811,TDPR-TPJ DMU,DMU,DMU,Daily,TDPR,TIRUPPADIRIPULIYUR,TPJ,TIRUCHCHIRAPPALLI JN.,185,05:10,30
76812,TPJ-TDPR DMU,DMU,DMU,Daily,TPJ,TIRUCHCHIRAPPALLI JN.,TDPR,TIRUPPADIRIPULIYUR,185,05:05,30
76813,CUPJ-SA DMU,DMU,DMU,Daily,CUPJ,CUDDALORE PORT JN.,SA,SALEM JN,197,04:25,22
76814,SA-CUPJ DMU,DMU,DMU,Daily,SA,SALEM JN,CUPJ,CUDDALORE PORT JN.,197,04:30,22
76815,VRI-SA DMU,DMU,DMU,Daily,VRI,VRIDDHACHALAM JN,SA,SALEM JN,139,02:45,17
76816,SA-VRI DMU,DMU,DMU,Daily,SA,SALEM JN,VRI,VRIDDHACHALAM JN,139,02:45,17
76819,KIK-TPJ DMU,DMU,DMU,Daily,KIK,KARAIKAL,TPJ,TIRUCHCHIRAPPALLI JN.,146,03:50,29
76820,TPJ-KIK DMU,DMU,DMU,Daily,TPJ,TIRUCHCHIRAPPALLI JN.,KIK,KARAIKAL,146,05:00,58
76821,SA-KRR PASS,PAS,Passenger,"Mon,Tue,Wed,Thu,Fri,Sat",SA,SALEM JN,KRR,KARUR JN.,85,01:55,14
76822,KRR-SA PASS,PAS,Passenger,"Mon,Tue,Wed,Thu,Fri,Sat",KRR,KARUR JN.,SA,SALEM JN,85,02:15,14
76823,SA-KRR PASS,PAS,Passenger,"Mon,Tue,Wed,Thu,Fri,Sat",SA,SALEM JN,KRR,KARUR JN.,85,01:45,14
76824,KRR-SA PASS,PAS,Passenger,"Mon,Tue,Wed,Thu,Fri,Sun",KRR,KARUR JN.,SA,SALEM JN,85,01:35,14
76825,KIK-TPJ DMU,DMU,DMU,Daily,KIK,KARAIKAL,TPJ,TIRUCHCHIRAPPALLI JN.,145,04:45,58
76826,TPJ-KIK DMU,DMU,DMU,Daily,TPJ,TIRUCHCHIRAPPALLI JN.,KIK,KARAIKAL,145,04:35,58
76827,AGX-TVR  DMU,DMU,DMU,"Mon,Tue,Wed,Thu,Fri",AGX,AGASTIYAMPALLI,TVR,THIRUVARUR JN,62,01:55,28
76828,TTP-AGX DMU,DMU,DMU,"Mon,Tue,Wed,Thu,Fri",TTP,TIRUTURAIPUNDI JN,AGX,AGASTIYAMPALLI,37,00:55,7
76829,AGX-TTP DMU,DMU,DMU,"Mon,Tue,Wed,Thu,Fri",AGX,AGASTIYAMPALLI,TTP,TIRUTURAIPUNDI JN,37,00:55,7
76830,TVR-AGX  DMU,DMU,DMU,"Mon,Tue,Wed,Thu,Fri",TVR,THIRUVARUR JN,AGX,AGASTIYAMPALLI,62,01:45,14
76831,TVR-PKT DEMU ,DMU,DMU,"Mon,Tue,Wed,Thu,Fri",TVR,THIRUVARUR JN,PKT,PATTUKKOTTAI,76,01:40,12
76832,PKT-TVR DEMU,DMU,DMU,"Mon,Tue,Wed,Thu,Fri",PKT,PATTUKKOTTAI,TVR,THIRUVARUR JN,75,01:40,12
76835,TPJ-DG PASS,DMU,DMU,Daily,TPJ,TIRUCHCHIRAPPALLI JN.,DG,DINDIGUL JN,94,02:30,12
76836,DG-TPJ DMU PASS,DMU,DMU,Daily,DG,DINDIGUL JN,TPJ,TIRUCHCHIRAPPALLI JN.,94,02:15,12
77201,GTL-RC DMU,DMU,DMU,Daily,GTL,GUNTAKAL JN,RC,RAICHUR,122,03:00,11
77202,RC-GTL DMU,DMU,DMU,Daily,RC,RAICHUR,GTL,GUNTAKAL JN,122,02:50,11
77203,GTL-DHNE DMU,DMU,DMU,Daily,GTL,GUNTAKAL JN,DHNE,DHONE JN,71,01:35,8
77204,KRNT-GTL DMU,DMU,DMU,Daily,KRNT,KURNOOL CITY,GTL,GUNTAKAL JN,125,03:00,14
77205,DHNE-GY DMU,DMU,DMU,Daily,DHNE,DHONE JN,GY,GOOTY,54,01:15,6
77206,GY-DHNE DMU,DMU,DMU,Daily,GY,GOOTY,DHNE,DHONE JN,54,01:20,6
77207,DHNE-KRNT DMU,DMU,DMU,Daily,DHNE,DHONE JN,KRNT,KURNOOL CITY,54,01:05,7
77209,KRNT-NDL DMU,DMU,DMU,Daily,KRNT,KURNOOL CITY,NDL,NANDYAL,129,04:05,14
77210,NDL-KRNT DMU,DMU,DMU,Daily,NDL,NANDYAL,KRNT,KURNOOL CITY,129,03:05,14
77211,NDL-RU DMU,DMU,DMU,Daily,NDL,NANDYAL,RU,RENIGUNTA JN,288,06:30,19
77212,RU-NDL DMU,DMU,DMU,Daily,RU,RENIGUNTA JN,NDL,NANDYAL,288,07:00,19
77213,GTL-HUP PASSENGER DMU,DMU,DMU,Daily,GTL,GUNTAKAL JN,HUP,HINDUPUR,198,05:00,21
77214,HUP-GTL PASSENGER DMU,DMU,DMU,Daily,HUP,HINDUPUR,GTL,GUNTAKAL JN,198,05:10,21
77601,KCG-NZB PASSENGER DMU,DMU,DMU,Daily,KCG,KACHEGUDA,NZB,NIZAMABAD JN.,165,03:55,16
77602,NZB-KCG PASSENGER DMU,DMU,DMU,Daily,NZB,NIZAMABAD JN.,KCG,KACHEGUDA,165,03:55,14
77603,KCG-MDAK DMU,DMU,DMU,Daily,KCG,KACHEGUDA,MDAK,MEDAK,104,03:30,29
77604,MDAK-KCG PASSENGER DMU,DMU,DMU,Daily,MDAK,MEDAK,KCG,KACHEGUDA,104,03:10,29
77605,KCG-PAU PASSENGER,DMU,DMU,Daily,KCG,KACHEGUDA,PAU,PURNA JN,306,09:55,44
77606,NED-MED PASSENGER,PAS,Passenger,Daily,NED,NANDED,MED,MEDCHAL,244,06:45,33
77607,AK-AKOT PASSENGER,DMU,DMU,Daily,AK,AKOLA JN.,AKOT,AKOT,43,01:10,5
77608,AKOT-AKOLA PASSENGER,DMU,DMU,Daily,AKOT,AKOT,AK,AKOLA JN.,43,01:10,5
77609,AK-AKOT DMU,DMU,DMU,Daily,AK,AKOLA JN.,AKOT,AKOT,43,01:10,5
77610,AKOT-AK DMU,DMU,DMU,Daily,AKOT,AKOT,AK,AKOLA JN.,43,01:10,5
77611,AKOLA-AKOT PASSENGER,DMU,DMU,Daily,AK,AKOLA JN.,AKOT,AKOT,43,01:10,5
77612,AKOT-AKOLA PASSENGER,DMU,DMU,Daily,AKOT,AKOT,AK,AKOLA JN.,43,01:10,5
77613,PAU-AK PASSENGER DMU,DMU,DMU,Daily,PAU,PURNA JN,AK,AKOLA JN.,209,05:30,24
77614,AK-PRLI PASSENGER DMU,DMU,DMU,Daily,AK,AKOLA JN.,PRLI,PARLI VAIJNATH,301,08:05,34
77615,PRLI-ADB PASSENGER,DMU,DMU,Daily,PRLI,PARLI VAIJNATH,ADB,ADILABAD,318,08:00,41
77616,ADB-PAU PASSENGER,PAS,Passenger,Daily,ADB,ADILABAD,PAU,PURNA JN,226,05:21,30
77619,J-NSL PASSENGER,PAS,Passenger,"Mon,Tue,Thu",J,JALNA,NSL,NAGARSOL,151,03:30,14
77620,NSL-J PASSENGER,PAS,Passenger,"Mon,Tue,Thu",NSL,NAGARSOL,J,JALNA,151,03:10,14
77621,J-NSL DMU,DMU,DMU,"Wed,Fri,Sat,Sun",J,JALNA,NSL,NAGARSOL,151,03:30,14
77622,NSL-J DMU,DMU,DMU,"Wed,Fri,Sat,Sun",NSL,NAGARSOL,J,JALNA,151,03:10,14
77623,PAU-J,DMU,DMU,Daily,PAU,PURNA JN,J,JALNA,143,04:50,17
77624,J-NED,DMU,DMU,Daily,J,JALNA,NED,NANDED,173,05:40,21
77631,BIDR-KLBG DMU,DMU,DMU,"Mon,Tue,Wed,Thu,Fri,Sat",BIDR,BIDAR,KLBG,KALABURAGI,123,03:00,10
77632,KLBG-BIDR DMU,DMU,DMU,"Mon,Tue,Wed,Thu,Fri,Sat",KLBG,KALABURAGI,BIDR,BIDAR,123,02:55,10
77633,BIDR-KLBG DMU,DMU,DMU,"Mon,Tue,Wed,Thu,Fri,Sat",BIDR,BIDAR,KLBG,KALABURAGI,123,03:05,10
77634,KLBG-BIDR DMU,DMU,DMU,"Mon,Tue,Wed,Thu,Fri,Sat",KLBG,KALABURAGI,BIDR,BIDAR,123,02:45,10
77635,BIDR-KLBG,DMU,DMU,"Mon,Tue,Wed,Thu,Fri,Sat",BIDR,BIDAR,KLBG,KALABURAGI,123,03:00,10
77636,KLBG-BIDR DMU,DMU,DMU,"Mon,Tue,Wed,Thu,Fri,Sat",KLBG,KALABURAGI,BIDR,BIDAR,123,03:00,10
77637,BIDR-KLBG DMU,DMU,DMU,"Mon,Tue,Wed,Thu,Fri,Sat",BIDR,BIDAR,KLBG,KALABURAGI,123,02:50,10
77638,KLBG-BIDR MEX DMU,DMU,DMU,"Mon,Tue,Wed,Thu,Fri,Sat",KLBG,KALABURAGI,BIDR,BIDAR,123,02:35,10
77641,KCG-MBNR PASSENGER DMU,DMU,DMU,Daily,KCG,KACHEGUDA,MBNR,MAHBUBNAGAR,106,02:30,16
77642,MBNR-KCG PASSENGER  DMU,DMU,DMU,Daily,MBNR,MAHBUBNAGAR,KCG,KACHEGUDA,106,02:20,17
77643,KCG-NZB PASSENGER DMU,DMU,DMU,Daily,KCG,KACHEGUDA,NZB,NIZAMABAD JN.,165,04:55,11
77644,NZB-KCG DMU,DMU,DMU,Daily,NZB,NIZAMABAD JN.,KCG,KACHEGUDA,165,04:10,12
77645,NZB-NED PASSENGER,DMU,DMU,Daily,NZB,NIZAMABAD JN.,NED,NANDED,111,03:45,16
77646,NED-NZB PASSENGER,PAS,Passenger,Daily,NED,NANDED,NZB,NIZAMABAD JN.,111,03:00,16
77649,KCG-KRMR PASSENGER,DMU,DMU,Daily,KCG,KACHEGUDA,KRMR,KARIMNAGAR OA,309,08:30,31
77650,KRMR-KCG,DMU,DMU,Daily,KRMR,KARIMNAGAR OA,KCG,KACHEGUDA,309,09:05,29
77653,SC-SIPT DMU,DMU,DMU,"Mon,Tue,Thu,Fri,Sat,Sun",SC,SECUNDERABAD JN,SIPT,SIDDIPET,116,03:25,15
77654,SIPT-SC DMU,DMU,DMU,"Mon,Tue,Thu,Fri,Sat,Sun",SIPT,SIDDIPET,SC,SECUNDERABAD JN,116,03:15,15
77655,SC-SIPT DMU,DMU,DMU,"Mon,Tue,Thu,Fri,Sat,Sun",SC,SECUNDERABAD JN,SIPT,SIDDIPET,116,03:20,15
77656,SIPT-SC DMU,DMU,DMU,"Mon,Tue,Wed,Fri,Sat,Sun",SIPT,SIDDIPET,SC,SECUNDERABAD JN,116,03:30,15
78803,G-KGE DMU,DMU,DMU,Daily,G,GONDIA JN,KGE,KATANGI,88,02:35,16
78804,KGE-G DMU,DMU,DMU,Daily,KGE,KATANGI,G,GONDIA JN,88,02:40,16
78805,G-KGE DMU,DMU,DMU,Daily,G,GONDIA JN,KGE,KATANGI,88,02:20,16
78806,KGE-G DMU,DMU,DMU,Daily,KGE,KATANGI,G,GONDIA JN,88,02:35,16
78809,G-KGE DMU,DMU,DMU,Daily,G,GONDIA JN,KGE,KATANGI,88,02:15,16
78810,KGE-G DMU,DMU,DMU,Daily,KGE,KATANGI,G,GONDIA JN,88,02:20,16
78811,TMR-TRDI DMU,DMU,DMU,Daily,TMR,TUMSAR ROAD,TRDI,TIRODI,49,01:20,9
78812,TRDI-TMR DMU,DMU,DMU,Daily,TRDI,TIRODI,TMR,TUMSAR ROAD,47,01:20,9
78813,TMR-BTC DMU,DMU,DMU,Daily,TMR,TUMSAR ROAD,BTC,BALAGHAT JN,111,03:00,18
78814,BTC-TMR DMU,DMU,DMU,Daily,BTC,BALAGHAT JN,TMR,TUMSAR ROAD,109,02:30,18
78815,R-AAGH DMU,DMU,DMU,Daily,R,RAIPUR JN.,AAGH,ANTAGARH,183,04:10,24
78816,AAGH-R DMU,DMU,DMU,Daily,AAGH,ANTAGARH,R,RAIPUR JN.,182,04:10,24
78817,DURG-DRZ DMU,DMU,DMU,Daily,DURG,DURG,DRZ,DALLI RAJHARA,87,01:55,11
78818,AAGH-DURG DMU,DMU,DMU,Daily,AAGH,ANTAGARH,DURG,DURG,146,03:05,16
78823,DRZ-AAGH DMU,DMU,DMU,Daily,DRZ,DALLI RAJHARA,AAGH,ANTAGARH,59,01:05,6
78824,DURG-DRZ DMU,DMU,DMU,Daily,DURG,DURG,DRZ,DALLI RAJHARA,87,01:55,11
78825,DRZ-DURG DMU,DMU,DMU,Daily,DRZ,DALLI RAJHARA,DURG,DURG,87,01:55,11
78826,DRZ-DURG DMU,DMU,DMU,"Mon,Tue,Wed",DRZ,DALLI RAJHARA,DURG,DURG,87,02:00,11
78827,DURG-DRZ DMU,DMU,DMU,"Mon,Tue,Wed",DURG,DURG,DRZ,DALLI RAJHARA,87,02:00,11
79303,RTM-COR DMU,DMU,DMU,Daily,RTM,RATLAM JN,COR,CHITTAURGARH JN.,189,04:00,18
79304,COR-RTM DMU,DMU,DMU,Daily,COR,CHITTAURGARH JN.,RTM,RATLAM JN,189,04:05,18
79305,DADN-RTM PASSENGER,PAS,Passenger,Daily,DADN,DR. AMBEDKAR NAGAR,RTM,RATLAM JN,139,03:55,21
79306,RTM-DADN PASSENGER,PAS,Passenger,Daily,RTM,RATLAM JN,DADN,DR. AMBEDKAR NAGAR,139,03:35,21
79307,DADN-INDB DMU,DMU,DMU,Daily,DADN,DR. AMBEDKAR NAGAR,INDB,INDORE JN,21,00:50,7
79308,INDB-DADN DMU,DMU,DMU,Daily,INDB,INDORE JN,DADN,DR. AMBEDKAR NAGAR,21,00:50,7
79309,DADN-RTM DMU,DMU,DMU,Daily,DADN,DR. AMBEDKAR NAGAR,RTM,RATLAM JN,139,03:45,21
79310,RTM-DADN DMU,DMU,DMU,Daily,RTM,RATLAM JN,DADN,DR. AMBEDKAR NAGAR,139,03:45,21
79311,DADN-INDB DMU,DMU,DMU,Daily,DADN,DR. AMBEDKAR NAGAR,INDB,INDORE JN,21,00:50,7
79312,INDB-DADN DMU,DMU,DMU,Daily,INDB,INDORE JN,DADN,DR. AMBEDKAR NAGAR,21,00:50,7
79313,DADN-RTM DMU,DMU,DMU,Daily,DADN,DR. AMBEDKAR NAGAR,RTM,RATLAM JN,139,04:00,21
79314,RTM-DADN DMU,DMU,DMU,Daily,RTM,RATLAM JN,DADN,DR. AMBEDKAR NAGAR,139,03:45,21
79317,DADN-RTM DMU,DMU,DMU,Daily,DADN,DR. AMBEDKAR NAGAR,RTM,RATLAM JN,139,03:45,21
79318,RTM-DADN DMU,DMU,DMU,Daily,RTM,RATLAM JN,DADN,DR. AMBEDKAR NAGAR,139,03:55,21
79431,SBIB-MSH DMU,DMU,DMU,Daily,SBIB,SABARMATI BG,MSH,MAHESANA JN,62,01:18,9
79432,MSH-ADI DMU,DMU,DMU,Daily,MSH,MAHESANA JN,SBIB,SABARMATI BG,62,01:30,9
79433,SBIB-PTN DMU,DMU,DMU,Daily,SBIB,SABARMATI BG,PTN,PATAN,102,02:50,13
79434,PTN-SBIB DMU,DMU,DMU,Daily,PTN,PATAN,SBIB,SABARMATI BG,102,02:15,13
79435,SBIB-PTN DMU,DMU,DMU,"Mon,Tue,Wed,Thu,Fri,Sat",SBIB,SABARMATI BG,PTN,PATAN,102,02:25,13
79436,PTN-SBIB DMU,DMU,DMU,"Mon,Tue,Wed,Thu,Fri,Sat",PTN,PATAN,SBIB,SABARMATI BG,102,02:30,13
79437,MSH-ABR DMU,DMU,DMU,Daily,MSH,MAHESANA JN,ABR,ABU ROAD,118,02:45,14
79438,ABR - MSH DMU ,DMU,DMU,Daily,ABR,ABU ROAD,MSH,MAHESANA JN,118,02:40,14
79439,VADODARA - KATHANA DEMU,DMU,DMU,"Mon,Tue,Wed,Thu,Fri,Sun",PRTN,PRATAPNAGAR,KTNA,,69,04:25,9
79440,KATHANA - VADODARA DEMU,DMU,DMU,"Mon,Tue,Wed,Thu,Fri,Sun",KTNA,,PRTN,PRATAPNAGAR,69,04:35,9
79441,WKR-MVI DMU,DMU,DMU,Daily,WKR,WANKANER JN,MVI,MORBI,28,00:45,5
79442,MVI-WKR DMU,DMU,DMU,Daily,MVI,MORBI,WKR,WANKANER JN,28,00:45,5
79443,WKR-MVI DMU,DMU,DMU,Daily,WKR,WANKANER JN,MVI,MORBI,28,00:45,5
79444,MVI-WKR DMU,DMU,DMU,Daily,MVI,MORBI,WKR,WANKANER JN,28,00:45,5
79445,WKR-MVI DMU,DMU,DMU,Daily,WKR,WANKANER JN,MVI,MORBI,28,00:45,5
79446,MVI-WKR DMU,DMU,DMU,Daily,MVI,MORBI,WKR,WANKANER JN,28,00:45,5
79447,WKR-MVI DMU,DMU,DMU,Daily,WKR,WANKANER JN,MVI,MORBI,28,00:45,5
79448,MVI-WKR DMU,DMU,DMU,Daily,MVI,MORBI,WKR,WANKANER JN,28,00:45,5
79451,WKR-MVI DMU,DMU,DMU,Daily,WKR,WANKANER JN,MVI,MORBI,28,00:45,5
79452,MVI-WKR DMU,DMU,DMU,Daily,MVI,MORBI,WKR,WANKANER JN,28,00:45,5
79453,WKR-MVI DMU,DMU,DMU,Daily,WKR,WANKANER JN,MVI,MORBI,28,00:45,5
79454,MVI-WKR DMU,DMU,DMU,Daily,MVI,MORBI,WKR,WANKANER JN,28,00:45,5
79457,SUNR - DHG ONE WAY SPL ,DMU,DMU,Daily,SUNR,SURENDRANAGAR,DHG,DHRANGADHRA,36,01:00,2
79459,BTD-SUNN DMU,DMU,DMU,Daily,BTD,BOTAD JN,SUNR,SURENDRANAGAR,80,01:50,9
79460,DHG-BTD DMU,DMU,DMU,Daily,DHG,DHRANGADHRA,BTD,BOTAD JN,117,02:50,10
79461,MIYAGAM-PRATAP NAGAR DEMU,DMU,DMU,"Mon,Tue,Wed,Thu,Fri,Sun",MYG,MIYAGAM KARJAN,PRTN,PRATAPNAGAR,60,01:50,5
79462,PRATAP NAGAR-MIYAGAM DEMU,DMU,DMU,"Mon,Tue,Wed,Thu,Fri,Sun",PRTN,PRATAPNAGAR,MYG,MIYAGAM KARJAN,60,01:50,5
79601,AII-GGC DMU SPECIAL,DMU,DMU,"Mon,Tue,Wed,Thu,Fri,Sat",AII,AJMER JN,GGC,GANGAPUR CITY,292,07:30,32
79602,GGC-AII DEMU SPL,DMU,DMU,"Mon,Tue,Wed,Thu,Fri,Sat",GGC,GANGAPUR CITY JUNCTION,AII,AJMER JN,290,08:25,34
82501,IRCTC TEJAS EXP,TEJ,Tejas,"Mon,Wed,Thu,Fri,Sat,Sun",LJN,LUCKNOW,NDLS,NEW DELHI,515,06:30,5
82502,IRCTC TEJAS EXP,TEJ,Tejas,"Mon,Wed,Thu,Fri,Sat,Sun",NDLS,NEW DELHI,LJN,LUCKNOW,515,06:35,5
82901,IRCTC TEJAS EXP,TEJ,Tejas,"Mon,Tue,Wed,Fri,Sat,Sun",MMCT,MUMBAI CENTRAL,ADI,AHMEDABAD JN,491,06:35,8
82902,IRCTC TEJAS EXP,TEJ,Tejas,"Mon,Tue,Wed,Fri,Sat,Sun",ADI,AHMEDABAD JN,MMCT,MUMBAI CENTRAL,491,06:45,8
93001,VR - DRD LOCAL,SUB,Suburban,Daily,VR,VIRAR,DRD,DAHANU ROAD,64,01:25,9
93002,DRD - CCG LOCAL,SUB,Suburban,Daily,DRD,DAHANU ROAD,CCG,BMBY CHURCH GTE,124,02:30,20
93004,DRD - CCG LOCAL,SUB,Suburban,Daily,DRD,DAHANU ROAD,CCG,BMBY CHURCH GTE,124,02:31,20
93005,CCG - DRD LOCAL,SUB,Suburban,Daily,CCG,BMBY CHURCH GTE,DRD,DAHANU ROAD,124,02:35,20
93006,DRD - VR LOCAL,SUB,Suburban,Daily,DRD,DAHANU ROAD,VR,VIRAR,64,01:10,9
93007,CCG - DRD LOCAL,SUB,Suburban,Daily,CCG,BMBY CHURCH GTE,DRD,DAHANU ROAD,124,02:33,20
93009,CCG - DRD LOCAL,SUB,Suburban,Daily,CCG,BMBY CHURCH GTE,DRD,DAHANU ROAD,124,02:39,20
93010,DRD - BVI LOCAL,SUB,Suburban,Daily,DRD,DAHANU ROAD,BVI,BORIVALI,90,01:46,12
93011,CCG - DRD LOCAL,SUB,Suburban,Daily,CCG,BMBY CHURCH GTE,DRD,DAHANU ROAD,124,02:33,20
93012,DRD - VR LOCAL,SUB,Suburban,Daily,DRD,DAHANU ROAD,VR,VIRAR,64,01:18,9
93013,VR - DRD LOCAL,SUB,Suburban,Daily,VR,VIRAR,DRD,DAHANU ROAD,64,01:20,9
93014,DRD - VR LOCAL,SUB,Suburban,Daily,DRD,DAHANU ROAD,VR,VIRAR,64,01:08,9
93015,CCG - DRD LOCAL,SUB,Suburban,Daily,CCG,BMBY CHURCH GTE,DRD,DAHANU ROAD,124,02:36,20
93016,DRD - VR LOCAL,SUB,Suburban,Daily,DRD,DAHANU ROAD,VR,VIRAR,64,01:10,9
93017,BVI - DRD LOCAL,SUB,Suburban,Daily,BVI,BORIVALI,DRD,DAHANU ROAD,90,01:54,12
93018,DRD - VR LOCAL,SUB,Suburban,Daily,DRD,DAHANU ROAD,VR,VIRAR,64,01:23,9
93020,DRD - VR LOCAL,SUB,Suburban,Daily,DRD,DAHANU ROAD,VR,VIRAR,64,01:15,9
93021,VR - DRD LOCAL,SUB,Suburban,Daily,VR,VIRAR,DRD,DAHANU ROAD,64,01:34,9
93022,DRD - CCG LOCAL,SUB,Suburban,Daily,DRD,DAHANU ROAD,CCG,BMBY CHURCH GTE,124,02:17,20
93023,VR - DRD LOCAL,SUB,Suburban,Daily,VR,VIRAR,DRD,DAHANU ROAD,64,01:29,9
93025,VR - DRD LOCAL,SUB,Suburban,Daily,VR,VIRAR,DRD,DAHANU ROAD,64,01:06,9
93026,DRD - CCG LOCAL,SUB,Suburban,Daily,DRD,DAHANU ROAD,CCG,BMBY CHURCH GTE,124,02:42,20
93028,DRD - DDR LOCAL,SUB,Suburban,Daily,DRD,DAHANU ROAD,DDR,DADAR,114,02:28,15
93029,VR - DRD LOCAL,SUB,Suburban,Daily,VR,VIRAR,DRD,DAHANU ROAD,64,01:23,9
93030,DRD - VR LOCAL,SUB,Suburban,Daily,DRD,DAHANU ROAD,VR,VIRAR,64,01:10,9
93031,CCG - DRD LOCAL,SUB,Suburban,Daily,CCG,BMBY CHURCH GTE,DRD,DAHANU ROAD,124,02:42,20
93033,VR - DRD LOCAL,SUB,Suburban,Daily,VR,VIRAR,DRD,DAHANU ROAD,64,01:12,9
93034,DRD - CCG LOCAL,SUB,Suburban,Daily,DRD,DAHANU ROAD,CCG,BMBY CHURCH GTE,124,02:31,17
93035,DDR - DRD LOCAL,SUB,Suburban,Daily,DDR,DADAR,DRD,DAHANU ROAD,114,02:20,19
93036,DRD - CCG LOCAL,SUB,Suburban,Daily,DRD,DAHANU ROAD,CCG,BMBY CHURCH GTE,124,02:22,20
93038,DRD - CCG LOCAL,SUB,Suburban,Daily,DRD,DAHANU ROAD,CCG,BMBY CHURCH GTE,124,02:24,20
93039,VR - DRD LOCAL,SUB,Suburban,Daily,VR,VIRAR,DRD,DAHANU ROAD,64,01:11,9
93040,DRD - VR LOCAL,SUB,Suburban,Daily,DRD,DAHANU ROAD,VR,VIRAR,64,01:20,9
93041,CCG - DRD LOCAL,SUB,Suburban,Daily,CCG,BMBY CHURCH GTE,DRD,DAHANU ROAD,124,02:45,20
93201,VR - DRD LOCAL,SUB,Suburban,Daily,VR,VIRAR,DRD,DAHANU ROAD,64,01:15,9
93202,DRD - CCG LOCAL,SUB,Suburban,Daily,DRD,DAHANU ROAD,CCG,BMBY CHURCH GTE,124,02:39,20
93203,CCG - DRD LOCAL,SUB,Suburban,Daily,CCG,BMBY CHURCH GTE,DRD,DAHANU ROAD,124,02:37,20
93204,DRD - VR LOCAL,SUB,Suburban,Daily,DRD,DAHANU ROAD,VR,VIRAR,64,01:15,9
93205,VR - DRD LOCAL,SUB,Suburban,Daily,VR,VIRAR,DRD,DAHANU ROAD,64,01:20,9
93206,DRD - VR LOCAL,SUB,Suburban,Daily,DRD,DAHANU ROAD,VR,VIRAR,64,01:18,9
93207,VR - DRD LOCAL,SUB,Suburban,Daily,VR,VIRAR,DRD,DAHANU ROAD,64,01:25,9
93208,DRD - VR LOCAL,SUB,Suburban,Daily,DRD,DAHANU ROAD,VR,VIRAR,64,01:05,9
94801,NAMO BHARAT RAPID RAIL ,VNDM,Vande Bharat Metro,"Mon,Tue,Wed,Thu,Fri,Sun",ADI,AHMEDABAD JN,BHUJ,BHUJ,359,05:50,13
94802,NAMO BHARAT RAPID RAIL,VNDM,Vande Bharat Metro,"Mon,Tue,Wed,Thu,Fri,Sat",BHUJ,BHUJ,ADI,AHMEDABAD JN,359,05:35,13
94803,NAMO BHARAT RAPID RAIL,VNDM,Vande Bharat Metro,"Mon,Tue,Wed,Thu,Fri,Sat",JYG,JAYNAGAR,PNBE,PATNA JN,264,05:40,9
94804,NAMO BHARAT RAPID RAIL,VNDM,Vande Bharat Metro,"Mon,Tue,Wed,Thu,Fri,Sun",PNBE,PATNA JN,JYG,JAYNAGAR,264,05:50,9
95001,KP- ,SUB,Suburban,Daily,KYN,KALYAN JN,PDI,PALASDHARI,49,00:56,11
95002,KP ,SUB,Suburban,Daily,PDI,PALASDHARI,KYN,KALYAN JN,49,01:02,11
95003,KP ,SUB,Suburban,Daily,KYN,KALYAN JN,PDI,PALASDHARI,49,00:56,11
95004,KP ,SUB,Suburban,Daily,PDI,PALASDHARI,KYN,KALYAN JN,49,00:58,11
95005,KP ,SUB,Suburban,Daily,KYN,KALYAN JN,PDI,PALASDHARI,49,00:58,11
95006,KP ,SUB,Suburban,Daily,PDI,PALASDHARI,KYN,KALYAN JN,49,00:58,11
95007,KP ,SUB,Suburban,Daily,KYN,KALYAN JN,PDI,PALASDHARI,49,00:58,11
95008,KP ,SUB,Suburban,Daily,PDI,PALASDHARI,KYN,KALYAN JN,49,00:58,10
95009,KP ,SUB,Suburban,Daily,KYN,KALYAN JN,PDI,PALASDHARI,49,00:55,11
95010,KP  ,SUB,Suburban,Daily,PDI,PALASDHARI,KYN,KALYAN JN,49,01:00,11
95011,KP  ,SUB,Suburban,Daily,KYN,KALYAN JN,PDI,PALASDHARI,49,00:57,11
95012,KP  ,SUB,Suburban,Daily,PDI,PALASDHARI,KYN,KALYAN JN,49,00:59,11
95013,KP-  ,SUB,Suburban,Daily,KYN,KALYAN JN,PDI,PALASDHARI,49,00:57,11
95015,KP  ,SUB,Suburban,Daily,KYN,KALYAN JN,PDI,PALASDHARI,49,01:17,11
95101,S ,SUB,Suburban,Daily,KYN,KALYAN JN,KJT,KARJAT,46,00:53,10
95102,S ,SUB,Suburban,Daily,KJT,KARJAT,KYN,KALYAN JN,46,00:50,10
95103,S ,SUB,Suburban,Daily,KYN,KALYAN JN,KJT,KARJAT,46,00:53,10
95104,S  ,SUB,Suburban,Daily,KJT,KARJAT,KYN,KALYAN JN,46,00:50,10
95105,S ,SUB,Suburban,Daily,KYN,KALYAN JN,KJT,KARJAT,46,00:53,10
95106,S  ,SUB,Suburban,Daily,KJT,KARJAT,KYN,KALYAN JN,46,00:51,10
95107,S  ,SUB,Suburban,Daily,KYN,KALYAN JN,KJT,KARJAT,46,00:53,10
95108,S  ,SUB,Suburban,Daily,KJT,KARJAT,KYN,KALYAN JN,46,00:51,10
95109,S  ,SUB,Suburban,Daily,KYN,KALYAN JN,KJT,KARJAT,46,00:50,10
95110,S  ,SUB,Suburban,Daily,KJT,KARJAT,KYN,KALYAN JN,46,00:50,10
95111,S  ,SUB,Suburban,Daily,KYN,KALYAN JN,KJT,KARJAT,46,00:50,10
95112,S  ,SUB,Suburban,Daily,KJT,KARJAT,KYN,KALYAN JN,46,00:52,10
95113,S  ,SUB,Suburban,Daily,KYN,KALYAN JN,KJT,KARJAT,46,00:51,10
95114,S  ,SUB,Suburban,Daily,KJT,KARJAT,KYN,KALYAN JN,46,00:50,10
95115,S  ,SUB,Suburban,Daily,KYN,KALYAN JN,KJT,KARJAT,46,00:52,10
95116,S  ,SUB,Suburban,Daily,KJT,KARJAT,KYN,KALYAN JN,46,00:52,10
95117,S  ,SUB,Suburban,Daily,KYN,KALYAN JN,KJT,KARJAT,46,00:51,10
95118,S  ,SUB,Suburban,Daily,KJT,KARJAT,KYN,KALYAN JN,46,00:51,10
95119,S  ,SUB,Suburban,Daily,KYN,KALYAN JN,KJT,KARJAT,46,00:51,10
95120,S  ,SUB,Suburban,Daily,KJT,KARJAT,KYN,KALYAN JN,46,00:50,10
95121,S  ,SUB,Suburban,Daily,KYN,KALYAN JN,KJT,KARJAT,46,00:52,10
95122,S  ,SUB,Suburban,Daily,KJT,KARJAT,KYN,KALYAN JN,46,00:50,10
95123,S  ,SUB,Suburban,Daily,KYN,KALYAN JN,KJT,KARJAT,46,00:51,10
95124,S  ,SUB,Suburban,Daily,KJT,KARJAT,KYN,KALYAN JN,46,00:51,10
95125,S  ,SUB,Suburban,Daily,KYN,KALYAN JN,KJT,KARJAT,46,00:55,10
95126,S  ,SUB,Suburban,Daily,KJT,KARJAT,KYN,KALYAN JN,46,00:51,10
95127,S  ,SUB,Suburban,Daily,KYN,KALYAN JN,KJT,KARJAT,46,00:50,10
95128,S  ,SUB,Suburban,Daily,KJT,KARJAT,KYN,KALYAN JN,46,00:50,10
95129,S  ,SUB,Suburban,Daily,KYN,KALYAN JN,KJT,KARJAT,46,00:50,10
95130,S  ,SUB,Suburban,Daily,KJT,KARJAT,KYN,KALYAN JN,46,00:50,10
95131,S  ,SUB,Suburban,Daily,KYN,KALYAN JN,KJT,KARJAT,46,00:52,10
95132,S  ,SUB,Suburban,Daily,KJT,KARJAT,KYN,KALYAN JN,46,00:52,10
95133,S  ,SUB,Suburban,Daily,KYN,KALYAN JN,KJT,KARJAT,47,00:54,10
95134,S  ,SUB,Suburban,Daily,KJT,KARJAT,KYN,KALYAN JN,46,00:50,10
95135,S  ,SUB,Suburban,Daily,KYN,KALYAN JN,KJT,KARJAT,47,00:51,10
95136,S  ,SUB,Suburban,Daily,KJT,KARJAT,KYN,KALYAN JN,46,00:51,10
95138,S  ,SUB,Suburban,Daily,KJT,KARJAT,KYN,KALYAN JN,46,00:50,10
95140,S  ,SUB,Suburban,Daily,KJT,KARJAT,KYN,KALYAN JN,46,00:50,10
95142,S  ,SUB,Suburban,Daily,KJT,KARJAT,KYN,KALYAN JN,46,00:53,10
95144,S  ,SUB,Suburban,Daily,KJT,KARJAT,KYN,KALYAN JN,46,00:50,10
95146,S  ,SUB,Suburban,Daily,KJT,KARJAT,KYN,KALYAN JN,47,00:50,10
95201,BL ,SUB,Suburban,Daily,KYN,KALYAN JN,BUD,BADLAPUR,14,00:18,5
95202,BL  ,SUB,Suburban,Daily,BUD,BADLAPUR,KYN,KALYAN JN,14,00:19,5
95203,BL ,SUB,Suburban,Daily,KYN,KALYAN JN,BUD,BADLAPUR,14,00:23,5
95204,BL  ,SUB,Suburban,Daily,BUD,BADLAPUR,KYN,KALYAN JN,14,00:19,5
95205,BL ,SUB,Suburban,Daily,KYN,KALYAN JN,BUD,BADLAPUR,14,00:19,5
95206,BL  ,SUB,Suburban,Daily,BUD,BADLAPUR,KYN,KALYAN JN,14,00:20,5
95207,BL ,SUB,Suburban,Daily,KYN,KALYAN JN,BUD,BADLAPUR,14,00:21,5
95208,BL  ,SUB,Suburban,Daily,BUD,BADLAPUR,KYN,KALYAN JN,14,00:19,5
95209,BL ,SUB,Suburban,Daily,KYN,KALYAN JN,BUD,BADLAPUR,14,00:19,5
95210,BL  ,SUB,Suburban,"Mon,Tue,Wed,Thu,Fri,Sat",BUD,BADLAPUR,KYN,KALYAN JN,14,00:21,5
95211,BL  ,SUB,Suburban,Daily,KYN,KALYAN JN,BUD,BADLAPUR,14,00:20,5
95212,BL  ,SUB,Suburban,Daily,BUD,BADLAPUR,KYN,KALYAN JN,14,00:21,5
95213,BL  ,SUB,Suburban,Daily,KYN,KALYAN JN,BUD,BADLAPUR,14,00:19,5
95214,DBL ,SUB,Suburban,"Mon,Tue,Wed,Thu,Fri,Sat",BUD,BADLAPUR,KYN,KALYAN JN,14,00:20,5
95215,BL  ,SUB,Suburban,Daily,KYN,KALYAN JN,BUD,BADLAPUR,14,00:20,5
95216,BL  ,SUB,Suburban,Daily,BUD,BADLAPUR,KYN,KALYAN JN,14,00:20,5
95217,BL  ,SUB,Suburban,Daily,KYN,KALYAN JN,BUD,BADLAPUR,14,00:22,5
95218,DBL ,SUB,Suburban,Daily,BUD,BADLAPUR,KYN,KALYAN JN,14,00:20,5
95219,BL  ,SUB,Suburban,Daily,KYN,KALYAN JN,BUD,BADLAPUR,14,00:19,5
95220,BL  ,SUB,Suburban,Daily,BUD,BADLAPUR,KYN,KALYAN JN,14,00:19,10
95221,DBL ,SUB,Suburban,Daily,KYN,KALYAN JN,BUD,BADLAPUR,14,00:21,5
95222,BL  ,SUB,Suburban,Daily,BUD,BADLAPUR,KYN,KALYAN JN,14,00:19,5
95223,BL  ,SUB,Suburban,Daily,KYN,KALYAN JN,BUD,BADLAPUR,14,00:18,5
95224,BL  ,SUB,Suburban,Daily,BUD,BADLAPUR,KYN,KALYAN JN,14,00:19,5
95225,DBL  AC,SUB,Suburban,Daily,KYN,KALYAN JN,BUD,BADLAPUR,14,00:18,5
95226,BL  ,SUB,Suburban,Daily,BUD,BADLAPUR,KYN,KALYAN JN,14,00:19,5
95227,BL  ,SUB,Suburban,Daily,KYN,KALYAN JN,BUD,BADLAPUR,14,00:21,5
95228,BL  ,SUB,Suburban,Daily,BUD,BADLAPUR,KYN,KALYAN JN,14,00:19,5
95229,BL  ,SUB,Suburban,Daily,KYN,KALYAN JN,BUD,BADLAPUR,14,00:21,5
95230,BL  ,SUB,Suburban,Daily,BUD,BADLAPUR,KYN,KALYAN JN,14,00:21,5
95231,BL  ,SUB,Suburban,Daily,KYN,KALYAN JN,BUD,BADLAPUR,14,00:20,5
95232,BL  ,SUB,Suburban,Daily,BUD,BADLAPUR,KYN,KALYAN JN,14,00:19,5
95233,BL   ,SUB,Suburban,Daily,KYN,KALYAN JN,BUD,BADLAPUR,14,00:22,5
95234,BL  ,SUB,Suburban,Daily,BUD,BADLAPUR,KYN,KALYAN JN,14,00:19,5
95235,BL  ,SUB,Suburban,Daily,KYN,KALYAN JN,BUD,BADLAPUR,14,00:20,5
95236,BL  ,SUB,Suburban,Daily,BUD,BADLAPUR,KYN,KALYAN JN,14,00:19,5
95237,BL  ,SUB,Suburban,Daily,KYN,KALYAN JN,BUD,BADLAPUR,14,00:20,5
95238,BL  ,SUB,Suburban,Daily,BUD,BADLAPUR,KYN,KALYAN JN,14,00:19,5
95239,BL  ,SUB,Suburban,Daily,KYN,KALYAN JN,BUD,BADLAPUR,14,00:21,5
95240,BL  ,SUB,Suburban,Daily,BUD,BADLAPUR,KYN,KALYAN JN,14,00:20,5
95241,BL  ,SUB,Suburban,Daily,KYN,KALYAN JN,BUD,BADLAPUR,14,00:19,5
95242,BL  ,SUB,Suburban,Daily,BUD,BADLAPUR,KYN,KALYAN JN,14,00:19,5
95243,BL  ,SUB,Suburban,Daily,KYN,KALYAN JN,BUD,BADLAPUR,14,00:19,5
95244,BL  ,SUB,Suburban,Daily,BUD,BADLAPUR,KYN,KALYAN JN,14,00:21,5
95245,BL  ,SUB,Suburban,Daily,KYN,KALYAN JN,BUD,BADLAPUR,14,00:21,5
95246,BL  ,SUB,Suburban,Daily,BUD,BADLAPUR,KYN,KALYAN JN,14,00:19,5
95247,BL  ,SUB,Suburban,Daily,KYN,KALYAN JN,BUD,BADLAPUR,14,00:21,5
95248,BL-  ,SUB,Suburban,Daily,BUD,BADLAPUR,KYN,KALYAN JN,14,00:21,5
95301,DA ,SUB,Suburban,Daily,KYN,KALYAN JN,ABH,AMBARNATH,7,00:12,4
95302,A  ,SUB,Suburban,Daily,ABH,AMBARNATH,KYN,KALYAN JN,7,00:12,4
95303,A ,SUB,Suburban,Daily,KYN,KALYAN JN,ABH,AMBARNATH,7,00:13,4
95304,A  ,SUB,Suburban,Daily,ABH,AMBARNATH,KYN,KALYAN JN,7,00:13,4
95305,A  ,SUB,Suburban,Daily,KYN,KALYAN JN,ABH,AMBARNATH,7,00:12,4
95306,A  ,SUB,Suburban,Daily,ABH,AMBARNATH,KYN,KALYAN JN,7,00:12,4
95307,A  ,SUB,Suburban,"Mon,Tue,Wed,Thu,Fri,Sat",KYN,KALYAN JN,ABH,AMBARNATH,7,00:13,4
95308,A  ,SUB,Suburban,Daily,ABH,AMBARNATH,KYN,KALYAN JN,7,00:12,4
95309,A  ,SUB,Suburban,Daily,KYN,KALYAN JN,ABH,AMBARNATH,7,00:13,4
95310,A  ,SUB,Suburban,Daily,ABH,AMBARNATH,KYN,KALYAN JN,7,00:12,4
95311,A  ,SUB,Suburban,Daily,KYN,KALYAN JN,ABH,AMBARNATH,7,00:15,4
95312,A  ,SUB,Suburban,Daily,ABH,AMBARNATH,KYN,KALYAN JN,7,00:12,4
95313,A  ,SUB,Suburban,Daily,KYN,KALYAN JN,ABH,AMBARNATH,7,00:12,4
95314,A  ,SUB,Suburban,Daily,ABH,AMBARNATH,KYN,KALYAN JN,7,00:12,4
95315,A  ,SUB,Suburban,Daily,KYN,KALYAN JN,ABH,AMBARNATH,7,00:12,4
95316,A  ,SUB,Suburban,Daily,ABH,AMBARNATH,KYN,KALYAN JN,7,00:12,4
95317,DA ,SUB,Suburban,Daily,KYN,KALYAN JN,ABH,AMBARNATH,7,00:12,4
95318,DA ,SUB,Suburban,Daily,ABH,AMBARNATH,KYN,KALYAN JN,7,00:13,4
95319,A  ,SUB,Suburban,Daily,KYN,KALYAN JN,ABH,AMBARNATH,7,00:12,4
95320,A  ,SUB,Suburban,Daily,ABH,AMBARNATH,KYN,KALYAN JN,7,00:12,4
95321,A  ,SUB,Suburban,"Mon,Tue,Wed,Thu,Fri,Sat",KYN,KALYAN JN,ABH,AMBARNATH,7,00:13,4
95322,A  ,SUB,Suburban,Daily,ABH,AMBARNATH,KYN,KALYAN JN,7,00:12,4
95323,A  ,SUB,Suburban,Daily,KYN,KALYAN JN,ABH,AMBARNATH,7,00:11,4
95324,A   AC,SUB,Suburban,Daily,ABH,AMBARNATH,CSMT,C SHIVAJI MAH T,60,01:19,12
95325,A  ,SUB,Suburban,Daily,KYN,KALYAN JN,ABH,AMBARNATH,7,00:12,4
95326,A  ,SUB,Suburban,Daily,ABH,AMBARNATH,KYN,KALYAN JN,7,00:12,4
95327,A  ,SUB,Suburban,Daily,KYN,KALYAN JN,ABH,AMBARNATH,7,00:13,4
95328,DA ,SUB,Suburban,Daily,ABH,AMBARNATH,KYN,KALYAN JN,7,00:12,4
95329,DA ,SUB,Suburban,"Mon,Tue,Wed,Thu,Fri,Sat",KYN,KALYAN JN,ABH,AMBARNATH,7,00:14,4
95330,A  ,SUB,Suburban,Daily,ABH,AMBARNATH,KYN,KALYAN JN,7,00:12,4
95331,A  ,SUB,Suburban,Daily,KYN,KALYAN JN,ABH,AMBARNATH,7,00:12,4
95332,A  ,SUB,Suburban,Daily,ABH,AMBARNATH,KYN,KALYAN JN,7,00:15,4
95333,A  ,SUB,Suburban,Daily,KYN,KALYAN JN,ABH,AMBARNATH,7,00:13,4
95334,DA ,SUB,Suburban,"Mon,Tue,Wed,Thu,Fri,Sat",ABH,AMBARNATH,KYN,KALYAN JN,7,00:13,4
95335,A  ,SUB,Suburban,Daily,KYN,KALYAN JN,ABH,AMBARNATH,7,00:13,4
95336,DA ,SUB,Suburban,"Mon,Tue,Wed,Thu,Fri,Sat",ABH,AMBARNATH,KYN,KALYAN JN,7,00:12,4
95338,DA  ,SUB,Suburban,Daily,ABH,AMBARNATH,KYN,KALYAN JN,7,00:12,4
95340,A  ,SUB,Suburban,Daily,ABH,AMBARNATH,KYN,KALYAN JN,7,00:13,4
95342,A  ,SUB,Suburban,"Mon,Tue,Wed,Thu,Fri,Sat",ABH,AMBARNATH,KYN,KALYAN JN,7,00:13,4
95344,A  ,SUB,Suburban,Daily,ABH,AMBARNATH,KYN,KALYAN JN,7,00:13,4
95401,N ,SUB,Suburban,Daily,KYN,KALYAN JN,KSRA,KASARA,67,01:17,12
95402,N ,SUB,Suburban,Daily,KSRA,KASARA,KYN,KALYAN JN,67,01:10,12
95403,N ,SUB,Suburban,Daily,KYN,KALYAN JN,KSRA,KASARA,67,01:10,12
95404,N ,SUB,Suburban,Daily,KSRA,KASARA,KYN,KALYAN JN,67,01:15,12
95405,N  ,SUB,Suburban,Daily,KYN,KALYAN JN,KSRA,KASARA,67,01:14,12
95406,N  ,SUB,Suburban,Daily,KSRA,KASARA,KYN,KALYAN JN,67,01:12,12
95407,N  ,SUB,Suburban,Daily,KYN,KALYAN JN,KSRA,KASARA,67,01:13,12
95408,N  ,SUB,Suburban,Daily,KSRA,KASARA,KYN,KALYAN JN,67,01:12,12
95409,N  ,SUB,Suburban,Daily,KYN,KALYAN JN,KSRA,KASARA,67,01:11,12
95410,N  ,SUB,Suburban,Daily,KSRA,KASARA,KYN,KALYAN JN,67,01:11,12
95411,N  ,SUB,Suburban,Daily,KYN,KALYAN JN,KSRA,KASARA,67,01:10,12
95412,N  ,SUB,Suburban,Daily,KSRA,KASARA,KYN,KALYAN JN,67,01:10,12
95413,N  ,SUB,Suburban,Daily,KYN,KALYAN JN,KSRA,KASARA,67,01:15,12
95414,N  ,SUB,Suburban,Daily,KSRA,KASARA,KYN,KALYAN JN,67,01:11,12
95415,N  ,SUB,Suburban,Daily,KYN,KALYAN JN,KSRA,KASARA,67,01:11,12
95416,N  ,SUB,Suburban,Daily,KSRA,KASARA,KYN,KALYAN JN,67,01:11,12
95417,N  ,SUB,Suburban,Daily,KYN,KALYAN JN,KSRA,KASARA,67,01:12,12
95418,N  ,SUB,Suburban,Daily,KSRA,KASARA,KYN,KALYAN JN,67,01:12,12
95419,N  ,SUB,Suburban,Daily,KYN,KALYAN JN,KSRA,KASARA,67,01:11,12
95420,N  ,SUB,Suburban,Daily,KSRA,KASARA,KYN,KALYAN JN,67,01:11,12
95421,N  ,SUB,Suburban,Daily,KYN,KALYAN JN,KSRA,KASARA,67,01:12,12
95422,N  ,SUB,Suburban,Daily,KSRA,KASARA,KYN,KALYAN JN,67,01:12,12
95423,N  ,SUB,Suburban,Daily,KYN,KALYAN JN,KSRA,KASARA,67,01:11,12
95424,N  ,SUB,Suburban,Daily,KSRA,KASARA,KYN,KALYAN JN,67,01:10,12
95426,N  ,SUB,Suburban,Daily,KSRA,KASARA,KYN,KALYAN JN,67,01:10,12
95428,N  ,SUB,Suburban,Daily,KSRA,KASARA,KYN,KALYAN JN,67,01:10,12
95430,N  ,SUB,Suburban,Daily,KSRA,KASARA,KYN,KALYAN JN,67,01:10,12
95501,AN ,SUB,Suburban,Daily,KYN,KALYAN JN,ASO,ASANGAON,32,00:37,7
95502,AN ,SUB,Suburban,Daily,ASO,ASANGAON,KYN,KALYAN JN,32,00:38,7
95503,AN ,SUB,Suburban,Daily,KYN,KALYAN JN,ASO,ASANGAON,32,00:39,7
95504,AN ,SUB,Suburban,Daily,ASO,ASANGAON,KYN,KALYAN JN,32,00:37,7
95505,AN  ,SUB,Suburban,Daily,KYN,KALYAN JN,ASO,ASANGAON,32,00:35,7
95506,AN  ,SUB,Suburban,Daily,ASO,ASANGAON,KYN,KALYAN JN,32,00:37,7
95507,AN  ,SUB,Suburban,Daily,KYN,KALYAN JN,ASO,ASANGAON,32,00:37,7
95508,AN  ,SUB,Suburban,Daily,ASO,ASANGAON,KYN,KALYAN JN,32,00:36,7
95509,AN  ,SUB,Suburban,Daily,KYN,KALYAN JN,ASO,ASANGAON,32,00:37,7
95510,AN  ,SUB,Suburban,Daily,ASO,ASANGAON,KYN,KALYAN JN,32,00:35,7
95511,AN  ,SUB,Suburban,Daily,KYN,KALYAN JN,ASO,ASANGAON,32,00:36,7
95512,AN  ,SUB,Suburban,Daily,ASO,ASANGAON,KYN,KALYAN JN,32,00:36,7
95513,AN  ,SUB,Suburban,Daily,KYN,KALYAN JN,ASO,ASANGAON,32,00:39,7
95514,AN  ,SUB,Suburban,Daily,ASO,ASANGAON,KYN,KALYAN JN,32,00:36,7
95515,AN  ,SUB,Suburban,Daily,KYN,KALYAN JN,ASO,ASANGAON,32,00:38,7
95516,AN  ,SUB,Suburban,Daily,ASO,ASANGAON,KYN,KALYAN JN,32,00:37,7
95517,AN  ,SUB,Suburban,Daily,KYN,KALYAN JN,ASO,ASANGAON,32,00:35,7
95601,TL  ,SUB,Suburban,Daily,KYN,KALYAN JN,TLA,TITVALA,11,00:17,4
95602,TL  ,SUB,Suburban,Daily,TLA,TITVALA,KYN,KALYAN JN,11,00:15,4
95603,TL  ,SUB,Suburban,Daily,KYN,KALYAN JN,TLA,TITVALA,11,00:17,4
95604,TL  ,SUB,Suburban,Daily,TLA,TITVALA,KYN,KALYAN JN,11,00:14,4
95605,TL  ,SUB,Suburban,Daily,KYN,KALYAN JN,TLA,TITVALA,11,00:17,4
95606,TL  ,SUB,Suburban,"Mon,Tue,Wed,Thu,Fri,Sat",TLA,TITVALA,KYN,KALYAN JN,11,00:15,4
95607,TL  ,SUB,Suburban,Daily,KYN,KALYAN JN,TLA,TITVALA,11,00:15,4
95608,TL  ,SUB,Suburban,Daily,TLA,TITVALA,KYN,KALYAN JN,11,00:15,4
95609,TL  ,SUB,Suburban,Daily,KYN,KALYAN JN,TLA,TITVALA,11,00:16,4
95610,TL  ,SUB,Suburban,Daily,TLA,TITVALA,KYN,KALYAN JN,11,00:15,4
95611,TL  ,SUB,Suburban,Daily,KYN,KALYAN JN,TLA,TITVALA,11,00:15,4
95612,TL  ,SUB,Suburban,Daily,TLA,TITVALA,KYN,KALYAN JN,11,00:15,4
95613,TL  ,SUB,Suburban,Daily,KYN,KALYAN JN,TLA,TITVALA,11,00:15,4
95614,TL  ,SUB,Suburban,Daily,TLA,TITVALA,KYN,KALYAN JN,11,00:15,4
95615,TL  ,SUB,Suburban,Daily,KYN,KALYAN JN,TLA,TITVALA,11,00:18,4
95616,TL  ,SUB,Suburban,Daily,TLA,TITVALA,KYN,KALYAN JN,11,00:15,4
95617,TL  ,SUB,Suburban,Daily,KYN,KALYAN JN,TLA,TITVALA,11,00:15,4
95619,TL  ,SUB,Suburban,Daily,KYN,KALYAN JN,TLA,TITVALA,11,00:16,4
95621,TL   ,SUB,Suburban,Daily,KYN,KALYAN JN,TLA,TITVALA,11,00:16,4
95623,TL   ,SUB,Suburban,Daily,KYN,KALYAN JN,TLA,TITVALA,11,00:15,4
96001,SKP ,SUB,Suburban,Daily,KJT,KARJAT,PDI,PALASDHARI,3,00:05,2
96002,SKP ,SUB,Suburban,Daily,PDI,PALASDHARI,KJT,KARJAT,3,00:07,2
96003,SKP ,SUB,Suburban,Daily,KJT,KARJAT,PDI,PALASDHARI,3,00:05,2
96004,SKP ,SUB,Suburban,Daily,PDI,PALASDHARI,KJT,KARJAT,3,00:07,2
96005,SKP ,SUB,Suburban,Daily,KJT,KARJAT,PDI,PALASDHARI,3,00:05,2
96006,SKP ,SUB,Suburban,Daily,PDI,PALASDHARI,KJT,KARJAT,3,00:07,2
96007,SKP ,SUB,Suburban,Daily,KJT,KARJAT,PDI,PALASDHARI,3,00:05,2
96008,SKP ,SUB,Suburban,Daily,PDI,PALASDHARI,KJT,KARJAT,3,00:07,2
96009,SKP ,SUB,Suburban,Daily,KJT,KARJAT,PDI,PALASDHARI,3,00:05,2
96010,SKP  ,SUB,Suburban,Daily,PDI,PALASDHARI,KJT,KARJAT,3,00:07,2
96011,SKP  ,SUB,Suburban,Daily,KJT,KARJAT,PDI,PALASDHARI,3,00:05,2
96012,SKP  ,SUB,Suburban,Daily,PDI,PALASDHARI,KJT,KARJAT,3,00:07,2
96013,SKP  ,SUB,Suburban,Daily,KJT,KARJAT,PDI,PALASDHARI,3,00:05,2
96014,SKP  ,SUB,Suburban,Daily,PDI,PALASDHARI,KJT,KARJAT,3,00:07,2
96015,SKP  ,SUB,Suburban,Daily,KJT,KARJAT,PDI,PALASDHARI,3,00:05,2
96016,SKP  ,SUB,Suburban,Daily,PDI,PALASDHARI,KJT,KARJAT,3,00:07,2
96018,SKP  ,SUB,Suburban,Daily,PDI,PALASDHARI,KJT,KARJAT,3,00:07,2
96019,KP   ,SUB,Suburban,Daily,KYN,KALYAN JN,PDI,PALASDHARI,49,00:57,11
96020,KP  ,SUB,Suburban,Daily,PDI,PALASDHARI,KYN,KALYAN JN,49,01:01,11
96022,SKP  ,SUB,Suburban,Daily,PDI,PALASDHARI,KJT,KARJAT,3,00:07,2
96101,S ,SUB,Suburban,Daily,KYN,KALYAN JN,KJT,KARJAT,46,00:53,10
96102,S ,SUB,Suburban,Daily,KJT,KARJAT,KYN,KALYAN JN,46,00:51,10
96103,TS ,SUB,Suburban,Daily,KYN,KALYAN JN,KJT,KARJAT,46,00:51,10
96104,S ,SUB,Suburban,Daily,KJT,KARJAT,KYN,KALYAN JN,46,00:50,10
96105,TS ,SUB,Suburban,Daily,KYN,KALYAN JN,KJT,KARJAT,46,00:51,10
96106,S ,SUB,Suburban,Daily,KJT,KARJAT,KYN,KALYAN JN,46,00:51,10
96107,S ,SUB,Suburban,Daily,KYN,KALYAN JN,KJT,KARJAT,46,00:52,10
96108,TS ,SUB,Suburban,Daily,KJT,KARJAT,KYN,KALYAN JN,46,00:51,10
96109,TS ,SUB,Suburban,Daily,KYN,KALYAN JN,KJT,KARJAT,46,00:52,10
96110,S  ,SUB,Suburban,Daily,KJT,KARJAT,KYN,KALYAN JN,46,00:50,10
96111,TS ,SUB,Suburban,Daily,KYN,KALYAN JN,KJT,KARJAT,46,00:51,10
96113,TS ,SUB,Suburban,Daily,KYN,KALYAN JN,KJT,KARJAT,46,00:51,10
96115,S  ,SUB,Suburban,Daily,KYN,KALYAN JN,KJT,KARJAT,46,00:51,10
96201,CBL ,SUB,Suburban,Daily,KYN,KALYAN JN,BUD,BADLAPUR,14,00:20,5
96202,BL ,SUB,Suburban,Daily,BUD,BADLAPUR,KYN,KALYAN JN,14,00:18,5
96203,TBL ,SUB,Suburban,Daily,KYN,KALYAN JN,BUD,BADLAPUR,14,00:19,5
96204,BL ,SUB,Suburban,Daily,BUD,BADLAPUR,KYN,KALYAN JN,14,00:18,5
96205,BL  ,SUB,Suburban,Daily,KYN,KALYAN JN,BUD,BADLAPUR,14,00:21,5
96206,BL ,SUB,Suburban,Daily,BUD,BADLAPUR,KYN,KALYAN JN,14,00:18,5
96207,BL  ,SUB,Suburban,Daily,KYN,KALYAN JN,BUD,BADLAPUR,14,00:20,5
96208,TBL ,SUB,Suburban,Daily,BUD,BADLAPUR,KYN,KALYAN JN,14,00:20,5
96209,TBL ,SUB,Suburban,Daily,KYN,KALYAN JN,BUD,BADLAPUR,14,00:21,5
96210,BL  ,SUB,Suburban,Daily,BUD,BADLAPUR,KYN,KALYAN JN,14,00:20,5
96211,TBL ,SUB,Suburban,Daily,KYN,KALYAN JN,BUD,BADLAPUR,14,00:21,5
96212,BL  ,SUB,Suburban,Daily,BUD,BADLAPUR,KYN,KALYAN JN,14,00:20,5
96213,TBL ,SUB,Suburban,Daily,KYN,KALYAN JN,BUD,BADLAPUR,14,00:21,5
96214,BL  ,SUB,Suburban,Daily,BUD,BADLAPUR,KYN,KALYAN JN,14,00:25,5
96215,BL  ,SUB,Suburban,Daily,KYN,KALYAN JN,BUD,BADLAPUR,14,00:22,5
96216,BL  ,SUB,Suburban,Daily,BUD,BADLAPUR,KYN,KALYAN JN,14,00:21,5
96217,BL  ,SUB,Suburban,Daily,KYN,KALYAN JN,BUD,BADLAPUR,14,00:19,5
96218,BL  ,SUB,Suburban,Daily,BUD,BADLAPUR,KYN,KALYAN JN,14,00:19,5
96219,TBL ,SUB,Suburban,Daily,KYN,KALYAN JN,BUD,BADLAPUR,14,00:20,5
96220,BL  ,SUB,Suburban,Daily,BUD,BADLAPUR,KYN,KALYAN JN,14,00:19,5
96221,BL  ,SUB,Suburban,Daily,KYN,KALYAN JN,BUD,BADLAPUR,14,00:20,5
96222,BL  ,SUB,Suburban,Daily,BUD,BADLAPUR,KYN,KALYAN JN,14,00:22,5
96223,BL  ,SUB,Suburban,Daily,KYN,KALYAN JN,BUD,BADLAPUR,14,00:19,5
96224,BL  ,SUB,Suburban,Daily,BUD,BADLAPUR,KYN,KALYAN JN,14,00:20,5
96225,BL  ,SUB,Suburban,Daily,KYN,KALYAN JN,BUD,BADLAPUR,14,00:20,5
96226,PBL ,SUB,Suburban,Daily,BUD,BADLAPUR,KYN,KALYAN JN,14,00:19,5
96227,BL   ,SUB,Suburban,Daily,KYN,KALYAN JN,BUD,BADLAPUR,14,00:20,5
96228,TBL ,SUB,Suburban,Daily,BUD,BADLAPUR,KYN,KALYAN JN,14,00:21,5
96229,BL   ,SUB,Suburban,Daily,KYN,KALYAN JN,BUD,BADLAPUR,14,00:20,5
96230,BL  ,SUB,Suburban,Daily,BUD,BADLAPUR,KYN,KALYAN JN,14,00:20,5
96301,A ,SUB,Suburban,Daily,KYN,KALYAN JN,ABH,AMBARNATH,7,00:16,4
96302,A ,SUB,Suburban,Daily,ABH,AMBARNATH,KYN,KALYAN JN,7,00:13,4
96303,A ,SUB,Suburban,"Mon,Tue,Wed,Thu,Fri,Sat",KYN,KALYAN JN,ABH,AMBARNATH,7,00:13,4
96304,A ,SUB,Suburban,Daily,ABH,AMBARNATH,KYN,KALYAN JN,7,00:12,4
96305,A ,SUB,Suburban,Daily,KYN,KALYAN JN,ABH,AMBARNATH,7,00:14,4
96306,A ,SUB,Suburban,Daily,ABH,AMBARNATH,KYN,KALYAN JN,7,00:13,4
96307,CA ,SUB,Suburban,Daily,KYN,KALYAN JN,ABH,AMBARNATH,7,00:13,4
96308,A ,SUB,Suburban,Daily,ABH,AMBARNATH,KYN,KALYAN JN,7,00:12,4
96309,A ,SUB,Suburban,Daily,KYN,KALYAN JN,ABH,AMBARNATH,7,00:13,4
96310,A  ,SUB,Suburban,Daily,ABH,AMBARNATH,KYN,KALYAN JN,7,00:12,4
96311,A  ,SUB,Suburban,Daily,KYN,KALYAN JN,ABH,AMBARNATH,7,00:12,4
96312,A  ,SUB,Suburban,Daily,ABH,AMBARNATH,KYN,KALYAN JN,7,00:14,4
96313,A  ,SUB,Suburban,"Mon,Tue,Wed,Thu,Fri,Sat",KYN,KALYAN JN,ABH,AMBARNATH,7,00:16,4
96314,A  ,SUB,Suburban,"Mon,Tue,Wed,Thu,Fri,Sat",ABH,AMBARNATH,KYN,KALYAN JN,7,00:13,4
96315,A  ,SUB,Suburban,Daily,KYN,KALYAN JN,ABH,AMBARNATH,7,00:13,4
96316,A  ,SUB,Suburban,Daily,ABH,AMBARNATH,KYN,KALYAN JN,7,00:12,4
96317,A   AC,SUB,Suburban,Daily,CSMT,C SHIVAJI MAH T,ABH,AMBARNATH,60,01:47,29
96318,A  ,SUB,Suburban,Daily,ABH,AMBARNATH,KYN,KALYAN JN,7,00:12,4
96319,A  ,SUB,Suburban,Daily,KYN,KALYAN JN,ABH,AMBARNATH,7,00:13,4
96320,A  ,SUB,Suburban,Daily,ABH,AMBARNATH,KYN,KALYAN JN,7,00:13,4
96321,A  ,SUB,Suburban,Daily,KYN,KALYAN JN,ABH,AMBARNATH,7,00:13,4
96322,A  ,SUB,Suburban,Daily,ABH,AMBARNATH,KYN,KALYAN JN,7,00:12,4
96323,TA ,SUB,Suburban,Daily,KYN,KALYAN JN,ABH,AMBARNATH,7,00:13,4
96325,A  ,SUB,Suburban,Daily,KYN,KALYAN JN,ABH,AMBARNATH,7,00:13,4
96326,A  ,SUB,Suburban,Daily,ABH,AMBARNATH,KYN,KALYAN JN,7,00:12,4
96327,A  ,SUB,Suburban,"Mon,Tue,Wed,Thu,Fri,Sat",KYN,KALYAN JN,ABH,AMBARNATH,7,00:15,4
96328,A  ,SUB,Suburban,Daily,ABH,AMBARNATH,KYN,KALYAN JN,7,00:12,4
96329,TA ,SUB,Suburban,Daily,KYN,KALYAN JN,ABH,AMBARNATH,7,00:13,4
96330,A  ,SUB,Suburban,Daily,ABH,AMBARNATH,KYN,KALYAN JN,7,00:12,4
96331,A  ,SUB,Suburban,Daily,KYN,KALYAN JN,ABH,AMBARNATH,7,00:13,4
96332,A  ,SUB,Suburban,Daily,ABH,AMBARNATH,KYN,KALYAN JN,7,00:12,4
96333,A  ,SUB,Suburban,Daily,KYN,KALYAN JN,ABH,AMBARNATH,7,00:13,4
96335,A  ,SUB,Suburban,Daily,KYN,KALYAN JN,ABH,AMBARNATH,7,00:12,4
96337,PA ,SUB,Suburban,Daily,KYN,KALYAN JN,ABH,AMBARNATH,7,00:14,4
96339,PA  ,SUB,Suburban,Daily,KYN,KALYAN JN,ABH,AMBARNATH,7,00:14,4
96341,A   ,SUB,Suburban,Daily,KYN,KALYAN JN,ABH,AMBARNATH,7,00:14,4
96401,N ,SUB,Suburban,Daily,KYN,KALYAN JN,KSRA,KASARA,67,01:17,12
96402,N ,SUB,Suburban,Daily,KSRA,KASARA,KYN,KALYAN JN,67,01:10,12
96403,N ,SUB,Suburban,Daily,KYN,KALYAN JN,KSRA,KASARA,67,01:15,12
96404,N ,SUB,Suburban,Daily,KSRA,KASARA,KYN,KALYAN JN,67,01:10,12
96405,N ,SUB,Suburban,Daily,KYN,KALYAN JN,KSRA,KASARA,67,01:10,12
96406,N  ,SUB,Suburban,Daily,KSRA,KASARA,KYN,KALYAN JN,67,01:14,12
96407,N  ,SUB,Suburban,Daily,KYN,KALYAN JN,KSRA,KASARA,67,01:12,12
96409,N  ,SUB,Suburban,Daily,KYN,KALYAN JN,KSRA,KASARA,67,01:12,12
96411,N  ,SUB,Suburban,Daily,KYN,KALYAN JN,KSRA,KASARA,67,01:10,12
96501,KAN ,SUB,Suburban,Daily,KYN,KALYAN JN,ASO,ASANGAON,32,00:35,7
96502,AN ,SUB,Suburban,Daily,ASO,ASANGAON,KYN,KALYAN JN,32,00:38,7
96503,TAN ,SUB,Suburban,Daily,KYN,KALYAN JN,ASO,ASANGAON,32,00:38,7
96504,AN ,SUB,Suburban,Daily,ASO,ASANGAON,KYN,KALYAN JN,32,00:37,7
96505,AN ,SUB,Suburban,Daily,KYN,KALYAN JN,ASO,ASANGAON,32,00:37,7
96506,TAN ,SUB,Suburban,Daily,ASO,ASANGAON,KYN,KALYAN JN,32,00:37,7
96507,AN ,SUB,Suburban,Daily,KYN,KALYAN JN,ASO,ASANGAON,32,00:35,7
96508,AN  ,SUB,Suburban,Daily,ASO,ASANGAON,KYN,KALYAN JN,32,00:36,7
96509,KAN ,SUB,Suburban,Daily,KYN,KALYAN JN,ASO,ASANGAON,32,00:35,7
96510,AN  ,SUB,Suburban,Daily,ASO,ASANGAON,KYN,KALYAN JN,32,00:36,7
96511,AN ,SUB,Suburban,Daily,KYN,KALYAN JN,ASO,ASANGAON,32,00:35,7
96512,AN  ,SUB,Suburban,Daily,ASO,ASANGAON,KYN,KALYAN JN,32,00:36,7
96513,TAN ,SUB,Suburban,Daily,KYN,KALYAN JN,ASO,ASANGAON,32,00:36,7
96514,TAN ,SUB,Suburban,Daily,ASO,ASANGAON,KYN,KALYAN JN,32,00:35,7
96515,AN  ,SUB,Suburban,Daily,KYN,KALYAN JN,ASO,ASANGAON,32,00:35,7
96516,AN  ,SUB,Suburban,Daily,ASO,ASANGAON,KYN,KALYAN JN,32,00:37,7
96517,AN  ,SUB,Suburban,Daily,KYN,KALYAN JN,ASO,ASANGAON,32,00:35,7
96518,AN  ,SUB,Suburban,Daily,ASO,ASANGAON,KYN,KALYAN JN,32,00:37,7
96519,AN  ,SUB,Suburban,Daily,KYN,KALYAN JN,ASO,ASANGAON,32,00:35,7
96520,AN  ,SUB,Suburban,Daily,ASO,ASANGAON,KYN,KALYAN JN,32,00:40,7
96522,TAN ,SUB,Suburban,Daily,ASO,ASANGAON,KYN,KALYAN JN,32,00:34,7
96601,CTL ,SUB,Suburban,Daily,KYN,KALYAN JN,TLA,TITVALA,11,00:15,4
96602,TL ,SUB,Suburban,Daily,TLA,TITVALA,KYN,KALYAN JN,11,00:15,4
96603,TTL ,SUB,Suburban,Daily,KYN,KALYAN JN,TLA,TITVALA,11,00:15,4
96604,TL ,SUB,Suburban,Daily,TLA,TITVALA,KYN,KALYAN JN,11,00:15,4
96605,TL ,SUB,Suburban,Daily,KYN,KALYAN JN,TLA,TITVALA,11,00:15,4
96606,TL ,SUB,Suburban,Daily,TLA,TITVALA,KYN,KALYAN JN,11,00:15,4
96607,TL ,SUB,Suburban,Daily,KYN,KALYAN JN,TLA,TITVALA,11,00:15,4
96608,TL ,SUB,Suburban,Daily,TLA,TITVALA,KYN,KALYAN JN,11,00:15,4
96609,TL ,SUB,Suburban,Daily,KYN,KALYAN JN,TLA,TITVALA,11,00:15,4
96610,TL  ,SUB,Suburban,Daily,TLA,TITVALA,KYN,KALYAN JN,11,00:15,4
96611,TL ,SUB,Suburban,"Mon,Tue,Wed,Thu,Fri,Sat",KYN,KALYAN JN,TLA,TITVALA,11,00:14,4
96612,TL  ,SUB,Suburban,Daily,TLA,TITVALA,KYN,KALYAN JN,11,00:15,4
96613,TL ,SUB,Suburban,Daily,KYN,KALYAN JN,TLA,TITVALA,11,00:15,4
96614,TL  ,SUB,Suburban,Daily,TLA,TITVALA,KYN,KALYAN JN,11,00:15,4
96615,TTL ,SUB,Suburban,Daily,KYN,KALYAN JN,TLA,TITVALA,11,00:15,4
96616,PTL ,SUB,Suburban,Daily,TLA,TITVALA,KYN,KALYAN JN,11,00:15,4
96617,TTL ,SUB,Suburban,Daily,KYN,KALYAN JN,TLA,TITVALA,11,00:15,4
96618,TL  ,SUB,Suburban,"Mon,Tue,Wed,Thu,Fri,Sat",TLA,TITVALA,KYN,KALYAN JN,11,00:17,4
96619,TL  ,SUB,Suburban,Daily,KYN,KALYAN JN,TLA,TITVALA,11,00:17,4
96620,PTL ,SUB,Suburban,Daily,TLA,TITVALA,KYN,KALYAN JN,11,00:15,4
96621,TL  ,SUB,Suburban,Daily,KYN,KALYAN JN,TLA,TITVALA,11,00:15,4
96622,TL  ,SUB,Suburban,Daily,TLA,TITVALA,KYN,KALYAN JN,11,00:15,4
96623,TL  ,SUB,Suburban,Daily,KYN,KALYAN JN,TLA,TITVALA,11,00:15,4
96624,TL  ,SUB,Suburban,Daily,TLA,TITVALA,KYN,KALYAN JN,11,00:15,4
96625,TL  ,SUB,Suburban,Daily,KYN,KALYAN JN,TLA,TITVALA,11,00:15,4
96626,TL  ,SUB,Suburban,Daily,TLA,TITVALA,KYN,KALYAN JN,11,00:16,4
96627,TL  ,SUB,Suburban,Daily,KYN,KALYAN JN,TLA,TITVALA,11,00:15,4
96628,TL  ,SUB,Suburban,Daily,TLA,TITVALA,KYN,KALYAN JN,11,00:15,4
96629,TTL ,SUB,Suburban,Daily,KYN,KALYAN JN,TLA,TITVALA,11,00:16,4
96630,TL  ,SUB,Suburban,Daily,TLA,TITVALA,KYN,KALYAN JN,11,00:15,4
96631,TL  ,SUB,Suburban,Daily,KYN,KALYAN JN,TLA,TITVALA,11,00:14,4
96632,TL  ,SUB,Suburban,Daily,TLA,TITVALA,KYN,KALYAN JN,11,00:15,4
96633,TL  ,SUB,Suburban,Daily,KYN,KALYAN JN,TLA,TITVALA,11,00:15,4
96634,TL  ,SUB,Suburban,Daily,TLA,TITVALA,KYN,KALYAN JN,11,00:15,4
96635,TL  ,SUB,Suburban,Daily,KYN,KALYAN JN,TLA,TITVALA,11,00:15,4
96636,TL  ,SUB,Suburban,Daily,TLA,TITVALA,KYN,KALYAN JN,11,00:14,4
96637,TL  ,SUB,Suburban,Daily,KYN,KALYAN JN,TLA,TITVALA,11,00:15,4
96638,TL  ,SUB,Suburban,Daily,TLA,TITVALA,KYN,KALYAN JN,11,00:15,4
96639,TL  ,SUB,Suburban,Daily,KYN,KALYAN JN,TLA,TITVALA,11,00:15,4
96640,TL  ,SUB,Suburban,Daily,TLA,TITVALA,KYN,KALYAN JN,11,00:15,8
96641,TL  ,SUB,Suburban,Daily,KYN,KALYAN JN,TLA,TITVALA,11,00:15,4
96642,TL  ,SUB,Suburban,Daily,TLA,TITVALA,KYN,KALYAN JN,11,00:15,4
96643,TL  ,SUB,Suburban,Daily,KYN,KALYAN JN,TLA,TITVALA,11,00:15,8
96644,TL  ,SUB,Suburban,Daily,TLA,TITVALA,KYN,KALYAN JN,11,00:15,8
96645,TL  ,SUB,Suburban,Daily,KYN,KALYAN JN,TLA,TITVALA,11,00:15,8
96646,TTL ,SUB,Suburban,Daily,TLA,TITVALA,KYN,KALYAN JN,11,00:15,8
96647,TL  ,SUB,Suburban,Daily,KYN,KALYAN JN,TLA,TITVALA,11,00:15,4
96648,TL  ,SUB,Suburban,Daily,TLA,TITVALA,KYN,KALYAN JN,11,00:16,4
96649,TL  ,SUB,Suburban,Daily,KYN,KALYAN JN,TLA,TITVALA,11,00:15,4
96650,TL  ,SUB,Suburban,Daily,TLA,TITVALA,KYN,KALYAN JN,11,00:19,4
96651,TL  ,SUB,Suburban,Daily,KYN,KALYAN JN,TLA,TITVALA,11,00:15,4
96652,TL  ,SUB,Suburban,Daily,TLA,TITVALA,KYN,KALYAN JN,11,00:16,4
96653,TL  ,SUB,Suburban,Daily,KYN,KALYAN JN,TLA,TITVALA,11,00:15,4
96654,TL  ,SUB,Suburban,Daily,TLA,TITVALA,KYN,KALYAN JN,11,00:15,4
96655,TL  ,SUB,Suburban,Daily,KYN,KALYAN JN,TLA,TITVALA,11,00:15,4
96656,TL  ,SUB,Suburban,Daily,TLA,TITVALA,KYN,KALYAN JN,11,00:15,4
96658,TL  ,SUB,Suburban,Daily,TLA,TITVALA,KYN,KALYAN JN,11,00:15,4
96660,TTL ,SUB,Suburban,Daily,TLA,TITVALA,KYN,KALYAN JN,11,00:16,4
96662,TTL ,SUB,Suburban,Daily,TLA,TITVALA,KYN,KALYAN JN,11,00:15,4
97071,K  ,SUB,Suburban,Daily,CSMT,C SHIVAJI MAH T,KYN,KALYAN JN,53,01:29,26
97080,K  ,SUB,Suburban,Daily,KYN,KALYAN JN,CSMT,C SHIVAJI MAH T,53,01:29,26
98109,PL  ,SUB,Suburban,Daily,CSMT,C SHIVAJI MAH T,PNVL,PANVEL,49,01:21,25
98120,PL  ,SUB,Suburban,Daily,PNVL,PANVEL,CSMT,C SHIVAJI MAH T,49,01:22,25
99241,TNU  ,SUB,Suburban,Daily,TNA,THANE,NEU,NERUL,20,00:30,9
99242,TNU-  ,SUB,Suburban,Daily,NEU,NERUL,TNA,THANE,20,00:30,9
99801,LNL-PUNE SUBURBAN,SUB,Suburban,Daily,LNL,LONAVALA,PUNE,PUNE JN,64,01:20,17
99802,PUNE-LNL SUBURBAN,SUB,Suburban,Daily,PUNE,PUNE JN,LNL,LONAVALA,64,01:35,17
99803,LNL-SVJR SUBURBAN,SUB,Suburban,Daily,LNL,LONAVALA,SVJR,SHIVAJI NAGAR,62,01:25,16
99804,PUNE-LNL SUBURBAN,SUB,Suburban,Daily,PUNE,PUNE JN,LNL,LONAVALA,64,01:20,17
99805,LNL-PUNE SUBURBAN,SUB,Suburban,Daily,LNL,LONAVALA,PUNE,PUNE JN,64,01:23,17
99806,PUNE-LNL SUBURBAN,SUB,Suburban,Daily,PUNE,PUNE JN,LNL,LONAVALA,64,01:20,17
99807,LNL-PUNE SUBURBAN,SUB,Suburban,Daily,LNL,LONAVALA,PUNE,PUNE JN,64,01:25,17
99808,PUNE-LNL SUBURBAN,SUB,Suburban,Daily,PUNE,PUNE JN,LNL,LONAVALA,64,01:20,17
99809,LNL-SVJR SUBURBAN,SUB,Suburban,Daily,LNL,LONAVALA,SVJR,SHIVAJI NAGAR,62,01:20,16
99810,SVJR-LNL SUBURBAN,SUB,Suburban,Daily,SVJR,SHIVAJI NAGAR,LNL,LONAVALA,62,01:15,16
99811,LNL-SVJR SUB,SUB,Suburban,"Mon,Tue,Wed,Thu,Fri,Sat",LNL,LONAVALA,SVJR,SHIVAJI NAGAR,62,01:15,16
99812,PUNE-LNL SUBURBAN,SUB,Suburban,Daily,PUNE,PUNE JN,LNL,LONAVALA,64,01:23,17
99813,LNL-PUNE SUBURBAN,SUB,Suburban,Daily,LNL,LONAVALA,PUNE,PUNE JN,64,01:20,17
99814,PUNE-LNL SUBURBAN,SUB,Suburban,Daily,PUNE,PUNE JN,LNL,LONAVALA,64,01:20,17
99815,LNL-SVJR SUBURBAN,SUB,Suburban,Daily,LNL,LONAVALA,SVJR,SHIVAJI NAGAR,62,01:35,16
99816,SVJR-LNL SUBURBAN,SUB,Suburban,Daily,SVJR,SHIVAJI NAGAR,LNL,LONAVALA,62,01:15,16
99817,LNL-SVJR SUBURBAN,SUB,Suburban,Daily,LNL,LONAVALA,SVJR,SHIVAJI NAGAR,62,01:20,16
99818,PUNE-LNL SUBURBAN,SUB,Suburban,Daily,PUNE,PUNE JN,LNL,LONAVALA,64,01:20,17
99819,LNL-SVJR SUBURBAN,SUB,Suburban,Daily,LNL,LONAVALA,SVJR,SHIVAJI NAGAR,62,01:30,16
99820,PUNE-LNL SUBURBAN,SUB,Suburban,Daily,PUNE,PUNE JN,LNL,LONAVALA,64,01:20,17
99821,LNL-PUNE SUBURBAN,SUB,Suburban,Daily,LNL,LONAVALA,PUNE,PUNE JN,64,01:32,14
99822,SVJR-LNL SUBURBAN,SUB,Suburban,Daily,SVJR,SHIVAJI NAGAR,LNL,LONAVALA,62,01:18,16
99823,LNL-SVJR SUBURBAN,SUB,Suburban,Daily,LNL,LONAVALA,SVJR,SHIVAJI NAGAR,62,01:20,16
99824,PUNE-LNL SUBURBAN,SUB,Suburban,Daily,PUNE,PUNE JN,LNL,LONAVALA,64,01:25,17
99825,LNL-PUNE SUBURBAN,SUB,Suburban,Daily,LNL,LONAVALA,PUNE,PUNE JN,64,01:20,17
99826,SVJR-LNL SUBURBAN,SUB,Suburban,Daily,SVJR,SHIVAJI NAGAR,LNL,LONAVALA,62,01:20,16
99827,LNL-PUNE SUBURBAN,SUB,Suburban,Daily,LNL,LONAVALA,PUNE,PUNE JN,64,01:20,17
99828,SVJR-LNL SUBURBAN,SUB,Suburban,Daily,SVJR,SHIVAJI NAGAR,LNL,LONAVALA,62,01:25,16
99829,LNL-PUNE SUBURBAN,SUB,Suburban,Daily,LNL,LONAVALA,PUNE,PUNE JN,64,01:20,17
99830,PUNE-LNL SUBURBAN,SUB,Suburban,Daily,PUNE,PUNE JN,LNL,LONAVALA,64,01:20,34
99831,LNL-PUNE SUBURBAN,SUB,Suburban,Daily,LNL,LONAVALA,PUNE,PUNE JN,64,01:15,24
99832,SVJR-LNL SUBURBAN,SUB,Suburban,Daily,SVJR,SHIVAJI NAGAR,LNL,LONAVALA,62,01:15,32
99833,LNL-PUNE SUBURBAN,SUB,Suburban,Daily,LNL,LONAVALA,PUNE,PUNE JN,64,01:35,34
99834,PUNE-LNL SUBURBAN,SUB,Suburban,Daily,PUNE,PUNE JN,LNL,LONAVALA,64,01:20,34
99901,TGN-PUNE SUBURBAN,SUB,Suburban,Daily,TGN,TALEGAON,PUNE,PUNE JN,34,01:02,12
99902,PUNE-TGN SUBURBAN,SUB,Suburban,Daily,PUNE,PUNE JN,TGN,TALEGAON,34,00:50,12
99903,TGN-PUNE SUBURBAN,SUB,Suburban,Daily,TGN,TALEGAON,PUNE,PUNE JN,34,00:50,12
99904,PUNE-TGN SUBURBAN,SUB,Suburban,Daily,PUNE,PUNE JN,TGN,TALEGAON,34,00:50,12
99905,TGN-PUNE SUBURBAN,SUB,Suburban,Daily,TGN,TALEGAON,PUNE,PUNE JN,34,00:53,12
99906,SVJR-TGN SUBURBAN,SUB,Suburban,Daily,SVJR,SHIVAJI NAGAR,TGN,TALEGAON,32,00:45,11
99907,TGN-PUNE SUBURBAN,SUB,Suburban,Daily,TGN,TALEGAON,PUNE,PUNE JN,34,00:52,12
99908,PUNE-TGN SUBURBAN,SUB,Suburban,Daily,PUNE,PUNE JN,TGN,TALEGAON,34,00:50,12
